{
"type": "FeatureCollection",
"name": "roads_cut",
"crs": { "type": "name", "properties": { "name": "urn:ogc:def:crs:OGC:1.3:CRS84" } },
"features": [
{ "type": "Feature", "properties": { "name": "Morbi Bypass", "cls": "primary", "max_depth": 2.878000020980835, "flooded_km": 2.7329319100396687 }, "geometry": { "type": "LineString", "coordinates": [ [ 70.8108791, 22.7991924 ], [ 70.810849, 22.7995386 ], [ 70.8107711, 22.800432 ], [ 70.810668, 22.8016256 ], [ 70.810655, 22.8017747 ], [ 70.8105023, 22.8034532 ], [ 70.8104287, 22.8045457 ], [ 70.8104235, 22.8046445 ], [ 70.810414, 22.8047764 ], [ 70.8103739, 22.8059746 ], [ 70.810371, 22.8086328 ], [ 70.8103594, 22.8101199 ], [ 70.8103475, 22.8116448 ], [ 70.8103137, 22.8159528 ], [ 70.8103122, 22.8160948 ], [ 70.8103088, 22.8165282 ], [ 70.810306, 22.8180969 ], [ 70.8103179, 22.8219043 ], [ 70.8103162, 22.8224383 ], [ 70.8103167, 22.8257802 ], [ 70.8103219, 22.8291497 ], [ 70.8103223, 22.8293815 ] ] } },
{ "type": "Feature", "properties": { "name": "", "cls": "tertiary", "max_depth": 6.1770000457763672, "flooded_km": 0.87108782079154712 }, "geometry": { "type": "LineString", "coordinates": [ [ 70.8305907, 22.8113814 ], [ 70.8296311, 22.8116721 ], [ 70.828655, 22.8126114 ], [ 70.8285905, 22.8127433 ], [ 70.8285261, 22.8128121 ], [ 70.8284953, 22.8128521 ], [ 70.8284876, 22.8129046 ], [ 70.82849, 22.8129448 ], [ 70.8284892, 22.8130455 ], [ 70.8284388, 22.8136781 ], [ 70.828405, 22.8143019 ], [ 70.8283723, 22.8149069 ], [ 70.8283367, 22.8155588 ], [ 70.8283336, 22.8156215 ], [ 70.8283022, 22.8162014 ], [ 70.8282679, 22.8168334 ], [ 70.8282317, 22.817502 ], [ 70.828212, 22.817865 ], [ 70.8281947, 22.8181846 ] ] } },
{ "type": "Feature", "properties": { "name": "", "cls": "secondary", "max_depth": 5.2410001754760742, "flooded_km": 1.4847710378895653 }, "geometry": { "type": "LineString", "coordinates": [ [ 70.8408072, 22.719413 ], [ 70.8396494, 22.7204118 ], [ 70.8388414, 22.7209727 ], [ 70.8362592, 22.7213415 ], [ 70.8351264, 22.7215489 ], [ 70.8343851, 22.7217717 ], [ 70.8324693, 22.722348 ], [ 70.8314614, 22.7228243 ], [ 70.830262, 22.7233468 ], [ 70.8297539, 22.7234697 ], [ 70.8288793, 22.7235696 ], [ 70.8275632, 22.7242841 ], [ 70.8272967, 22.7247911 ], [ 70.8270551, 22.7276953 ], [ 70.8265637, 22.732543 ], [ 70.8263887, 22.7350398 ], [ 70.8262555, 22.7354162 ], [ 70.8257219, 22.7361212 ], [ 70.8249032, 22.7369795 ], [ 70.8241375, 22.7382452 ], [ 70.8240717, 22.7384314 ], [ 70.8236957, 22.7394946 ], [ 70.8236427, 22.739902 ], [ 70.8233129, 22.7426125 ], [ 70.822824, 22.7458554 ], [ 70.8222468, 22.7492176 ], [ 70.8220053, 22.7503637 ], [ 70.8212161, 22.752129 ], [ 70.8200322, 22.7550566 ], [ 70.8187777, 22.758348 ], [ 70.8180532, 22.7604281 ], [ 70.818012, 22.7612591 ], [ 70.8181062, 22.7623616 ], [ 70.8181093, 22.7626007 ], [ 70.818157, 22.7663178 ], [ 70.8180321, 22.7678462 ], [ 70.8183361, 22.7695398 ], [ 70.8183653, 22.7701158 ], [ 70.8184902, 22.7706726 ], [ 70.81889, 22.7714675 ], [ 70.8198313, 22.7726503 ], [ 70.8206059, 22.7736718 ], [ 70.8206267, 22.773906 ], [ 70.8205726, 22.7745857 ], [ 70.8203852, 22.7754344 ], [ 70.8203148, 22.7759774 ], [ 70.8203561, 22.7765977 ], [ 70.8204504, 22.7770601 ], [ 70.8205282, 22.7773421 ], [ 70.8210939, 22.7788444 ], [ 70.8214889, 22.7795547 ], [ 70.8217184, 22.7799066 ], [ 70.8220201, 22.7803692 ], [ 70.8220976, 22.7804881 ], [ 70.8223238, 22.7809771 ], [ 70.8226826, 22.7818142 ], [ 70.8228377, 22.7822196 ], [ 70.8232801, 22.7838257 ], [ 70.8237753, 22.7849842 ], [ 70.8237999, 22.7850397 ], [ 70.8243001, 22.7861668 ], [ 70.8243545, 22.7862711 ], [ 70.8247906, 22.7871078 ], [ 70.8248604, 22.7872703 ], [ 70.8250198, 22.7876411 ], [ 70.8251389, 22.7879181 ], [ 70.8252983, 22.7882889 ], [ 70.8254322, 22.7886005 ], [ 70.8260699, 22.790084 ], [ 70.8264418, 22.7909494 ], [ 70.8266571, 22.7914502 ], [ 70.8266451, 22.7915674 ], [ 70.8266116, 22.7918938 ], [ 70.8265801, 22.7922005 ], [ 70.8265334, 22.792655 ], [ 70.8264233, 22.7930759 ], [ 70.8262914, 22.7935803 ], [ 70.8261916, 22.7936834 ], [ 70.8261672, 22.79377 ], [ 70.8259354, 22.7944393 ], [ 70.825865, 22.7946551 ], [ 70.8257226, 22.7951835 ], [ 70.8257167, 22.7958662 ], [ 70.8257589, 22.7962127 ], [ 70.825823, 22.796412 ], [ 70.8258922, 22.7966194 ], [ 70.8260232, 22.797114 ], [ 70.8260662, 22.7977728 ], [ 70.8260357, 22.7980846 ], [ 70.8259812, 22.7986679 ], [ 70.8259593, 22.7987774 ] ] } },
{ "type": "Feature", "properties": { "name": "", "cls": "tertiary", "max_depth": 10.817000389099121, "flooded_km": 5.4416167303813232 }, "geometry": { "type": "LineString", "coordinates": [ [ 70.8506933, 22.7710016 ], [ 70.8506332, 22.7712587 ], [ 70.8505893, 22.7724157 ], [ 70.8486414, 22.7773587 ], [ 70.8479333, 22.7784468 ], [ 70.8475578, 22.7791788 ], [ 70.8471703, 22.7808096 ], [ 70.8471405, 22.7809351 ], [ 70.8468497, 22.7822552 ], [ 70.84656, 22.7832147 ], [ 70.8458948, 22.7841149 ], [ 70.8457389, 22.7844889 ], [ 70.8452594, 22.7896409 ], [ 70.8451009, 22.7907223 ], [ 70.8450365, 22.791118 ], [ 70.8442048, 22.7928292 ], [ 70.8417145, 22.7992708 ], [ 70.8409838, 22.8017699 ], [ 70.840615, 22.803031 ], [ 70.8405711, 22.8031812 ], [ 70.8395014, 22.8051193 ], [ 70.8392364, 22.8056022 ], [ 70.8387084, 22.8065644 ], [ 70.8385838, 22.8073527 ], [ 70.8384902, 22.8079446 ], [ 70.8383443, 22.8093181 ], [ 70.8382301, 22.8095361 ], [ 70.8378593, 22.8101015 ], [ 70.8371848, 22.8111298 ], [ 70.8369192, 22.8114821 ], [ 70.8362105, 22.8124223 ], [ 70.8357916, 22.8129779 ], [ 70.8357321, 22.8130569 ], [ 70.834991, 22.8140399 ], [ 70.8349407, 22.8141067 ], [ 70.833885, 22.815507 ], [ 70.8333599, 22.8162036 ], [ 70.8333189, 22.8162633 ], [ 70.83311, 22.8165677 ] ] } },
{ "type": "Feature", "properties": { "name": "", "cls": "tertiary", "max_depth": 4.4980001449584961, "flooded_km": 0.98075592293771763 }, "geometry": { "type": "LineString", "coordinates": [ [ 70.828651, 22.8174974 ], [ 70.8292029, 22.8174914 ], [ 70.8296674, 22.8174863 ], [ 70.8300213, 22.8174825 ], [ 70.8307481, 22.8174746 ], [ 70.831126, 22.8174704 ], [ 70.8315452, 22.8174659 ], [ 70.8321493, 22.8174593 ], [ 70.8325792, 22.8174546 ], [ 70.8331378, 22.8174641 ], [ 70.8335022, 22.8174631 ], [ 70.8337639, 22.8175 ], [ 70.833806, 22.8175078 ], [ 70.8345652, 22.8175422 ], [ 70.8350014, 22.817562 ], [ 70.8363397, 22.8176226 ], [ 70.836624, 22.8176355 ], [ 70.8370368, 22.8176542 ], [ 70.8379468, 22.8176954 ], [ 70.8382298, 22.8177082 ], [ 70.8399295, 22.8177853 ] ] } },
{ "type": "Feature", "properties": { "name": "", "cls": "tertiary", "max_depth": 8.6969995498657227, "flooded_km": 0.55433035649356566 }, "geometry": { "type": "LineString", "coordinates": [ [ 70.8399295, 22.8177853 ], [ 70.840179, 22.8177721 ], [ 70.8402707, 22.8177883 ], [ 70.8403373, 22.8178957 ], [ 70.8404982, 22.8179896 ], [ 70.8405965, 22.8182751 ], [ 70.8405423, 22.8185336 ], [ 70.8403212, 22.8186423 ], [ 70.8400305, 22.8187997 ], [ 70.8390715, 22.8197135 ], [ 70.8390121, 22.8198614 ], [ 70.8387026, 22.8206314 ], [ 70.8386704, 22.8207434 ], [ 70.8382292, 22.8222758 ] ] } },
{ "type": "Feature", "properties": { "name": "Morbi Bypass", "cls": "primary", "max_depth": 1.8669999837875366, "flooded_km": 0.47709147945146108 }, "geometry": { "type": "LineString", "coordinates": [ [ 70.8104954, 22.8336863 ], [ 70.8104914, 22.8334804 ], [ 70.8104779, 22.8326737 ], [ 70.8104678, 22.8318483 ], [ 70.8104458, 22.8310494 ], [ 70.8104221, 22.8301197 ], [ 70.8104148, 22.829379 ] ] } },
{ "type": "Feature", "properties": { "name": "", "cls": "secondary", "max_depth": 4.0770001411437988, "flooded_km": 2.193862469571414 }, "geometry": { "type": "LineString", "coordinates": [ [ 70.8294102, 22.8197648 ], [ 70.8288882, 22.8197769 ], [ 70.8286668, 22.8197795 ], [ 70.828414, 22.8197824 ], [ 70.8281962, 22.8197848 ], [ 70.8281395, 22.8197806 ], [ 70.8276974, 22.8197686 ], [ 70.8276724, 22.819774 ], [ 70.8276593, 22.8197834 ], [ 70.8276498, 22.8198006 ], [ 70.8276457, 22.8198191 ], [ 70.8275834, 22.8206424 ], [ 70.8275773, 22.8208438 ], [ 70.827572, 22.8211405 ], [ 70.8275704, 22.8211904 ], [ 70.8275592, 22.8212357 ], [ 70.8275303, 22.821274 ], [ 70.8274841, 22.8213086 ], [ 70.8272655, 22.8214303 ], [ 70.8265149, 22.8218138 ], [ 70.8260926, 22.8220296 ], [ 70.8260654, 22.8220435 ], [ 70.8257365, 22.8221818 ], [ 70.8254617, 22.8222973 ], [ 70.825153, 22.8224271 ], [ 70.8248301, 22.8225629 ], [ 70.8244776, 22.8227111 ], [ 70.8241807, 22.8228189 ], [ 70.8232516, 22.8231019 ], [ 70.8228384, 22.8232278 ], [ 70.8226786, 22.8232765 ], [ 70.8224627, 22.8233429 ], [ 70.8222806, 22.8233988 ], [ 70.8220012, 22.8234847 ], [ 70.8217173, 22.823572 ], [ 70.821602, 22.8236091 ], [ 70.8213848, 22.8236659 ], [ 70.8210844, 22.8237252 ], [ 70.8207411, 22.8237895 ], [ 70.8201333, 22.8239044 ], [ 70.8195018, 22.824023 ], [ 70.8181768, 22.8242286 ], [ 70.8176887, 22.8243062 ], [ 70.8163208, 22.8245818 ], [ 70.8152104, 22.8248292 ], [ 70.8148725, 22.8248927 ], [ 70.8143092, 22.8249985 ], [ 70.8140464, 22.8250478 ], [ 70.8139605, 22.825064 ], [ 70.8136279, 22.8251265 ], [ 70.8135582, 22.8251396 ], [ 70.8132739, 22.825193 ], [ 70.8103969, 22.8257663 ], [ 70.8103167, 22.8257802 ] ] } },
{ "type": "Feature", "properties": { "name": "", "cls": "primary", "max_depth": 0.52300000190734863, "flooded_km": 0.014998819362278249 }, "geometry": { "type": "LineString", "coordinates": [ [ 70.8534337, 22.8367356 ], [ 70.8534277, 22.836637 ], [ 70.8525689, 22.8350952 ], [ 70.851866, 22.833821 ], [ 70.8517095, 22.8335492 ], [ 70.8513841, 22.8329397 ], [ 70.8512915, 22.8327362 ], [ 70.8511882, 22.832494 ], [ 70.8511822, 22.8324485 ], [ 70.8511015, 22.831833 ], [ 70.8510675, 22.8316155 ], [ 70.8509355, 22.8307688 ], [ 70.8508028, 22.8296794 ], [ 70.8507358, 22.8294719 ], [ 70.8506081, 22.8292444 ], [ 70.8505, 22.8291258 ], [ 70.8503839, 22.8289984 ], [ 70.8502417, 22.8288776 ], [ 70.8500746, 22.8287356 ], [ 70.8498382, 22.8285241 ], [ 70.8497169, 22.8283727 ], [ 70.8496333, 22.8282364 ], [ 70.8495395, 22.8280836 ], [ 70.8494951, 22.8279436 ], [ 70.8494553, 22.8278262 ], [ 70.8494197, 22.8277213 ], [ 70.8492563, 22.8270577 ], [ 70.8490978, 22.8264145 ], [ 70.84901, 22.8260551 ], [ 70.8489882, 22.8259057 ], [ 70.8489902, 22.8256698 ], [ 70.8490231, 22.8254505 ], [ 70.849073, 22.8252742 ] ] } },
{ "type": "Feature", "properties": { "name": "Mayur Bridge", "cls": "primary", "max_depth": 13.043000221252441, "flooded_km": 0.51755054556187852 }, "geometry": { "type": "LineString", "coordinates": [ [ 70.8431874, 22.8235167 ], [ 70.8381928, 22.8228813 ] ] } },
{ "type": "Feature", "properties": { "name": "", "cls": "primary", "max_depth": 4.7329998016357422, "flooded_km": 0.48860161748923664 }, "geometry": { "type": "LineString", "coordinates": [ [ 70.828655, 22.8126114 ], [ 70.8285381, 22.8124707 ], [ 70.8283821, 22.8123091 ], [ 70.8280424, 22.8120163 ], [ 70.8279975, 22.8119817 ], [ 70.8276459, 22.8116725 ], [ 70.8276028, 22.8116346 ], [ 70.8273036, 22.8114028 ], [ 70.8272557, 22.8113657 ], [ 70.8269457, 22.8110669 ], [ 70.826631, 22.8107637 ], [ 70.8265561, 22.8106915 ], [ 70.8262546, 22.8104009 ], [ 70.8262042, 22.8103523 ], [ 70.8259493, 22.8101033 ], [ 70.8254669, 22.8095753 ], [ 70.8253492, 22.8094472 ] ] } },
{ "type": "Feature", "properties": { "name": "", "cls": "trunk", "max_depth": 2.2829999923706055, "flooded_km": 0.039312111745692352 }, "geometry": { "type": "LineString", "coordinates": [ [ 70.8508923, 22.8388696 ], [ 70.8506839, 22.8383104 ] ] } },
{ "type": "Feature", "properties": { "name": "", "cls": "trunk", "max_depth": 2.0720000267028809, "flooded_km": 0.024295419631714769 }, "geometry": { "type": "LineString", "coordinates": [ [ 70.8505481, 22.8383452 ], [ 70.8507486, 22.8388612 ] ] } },
{ "type": "Feature", "properties": { "name": "", "cls": "trunk", "max_depth": 2.002000093460083, "flooded_km": 0.012371043479637217 }, "geometry": { "type": "LineString", "coordinates": [ [ 70.8524645, 22.8527489 ], [ 70.8526103, 22.8531748 ] ] } },
{ "type": "Feature", "properties": { "name": "", "cls": "primary", "max_depth": 3.5439999103546143, "flooded_km": 0.036381288433345982 }, "geometry": { "type": "LineString", "coordinates": [ [ 70.8045727, 22.8365407 ], [ 70.8042533, 22.8366831 ] ] } },
{ "type": "Feature", "properties": { "name": "", "cls": "primary", "max_depth": 5.0489997863769531, "flooded_km": 0.084173605551340264 }, "geometry": { "type": "LineString", "coordinates": [ [ 70.8077012, 22.8262889 ], [ 70.8068897, 22.8263978 ] ] } },
{ "type": "Feature", "properties": { "name": "", "cls": "primary", "max_depth": 1.3990000486373901, "flooded_km": 0.054847705347322098 }, "geometry": { "type": "LineString", "coordinates": [ [ 70.8536526, 22.8371537 ], [ 70.8539577, 22.8377044 ] ] } },
{ "type": "Feature", "properties": { "name": "", "cls": "secondary", "max_depth": 3.9040000438690186, "flooded_km": 1.9079336675132164 }, "geometry": { "type": "LineString", "coordinates": [ [ 70.8083973, 22.8157444 ], [ 70.8087542, 22.8157649 ], [ 70.8090276, 22.8157825 ], [ 70.8096224, 22.8158367 ], [ 70.8103137, 22.8159528 ], [ 70.8104128, 22.8159702 ], [ 70.8124101, 22.8163489 ], [ 70.8130587, 22.8164719 ], [ 70.8142078, 22.816557 ], [ 70.8146725, 22.8165914 ], [ 70.8149164, 22.816608 ], [ 70.8153136, 22.816635 ], [ 70.8154313, 22.816643 ], [ 70.815598, 22.8166544 ], [ 70.81614, 22.8166913 ], [ 70.8164549, 22.8167127 ], [ 70.8167957, 22.8167359 ], [ 70.8171941, 22.8168079 ], [ 70.8175993, 22.8169498 ], [ 70.817928, 22.8170649 ], [ 70.8183718, 22.8172203 ], [ 70.8185509, 22.8172733 ], [ 70.8188296, 22.8173588 ], [ 70.8193516, 22.8175188 ], [ 70.8196029, 22.8175959 ], [ 70.8198439, 22.8176868 ], [ 70.8202847, 22.8178532 ], [ 70.8207437, 22.8180264 ], [ 70.8208098, 22.8180494 ], [ 70.8210144, 22.8181204 ], [ 70.8214328, 22.8182658 ], [ 70.8218315, 22.8184044 ], [ 70.8221956, 22.8185309 ], [ 70.8223347, 22.8185792 ], [ 70.8241089, 22.819608 ], [ 70.8244801, 22.8198052 ], [ 70.8249858, 22.8200739 ], [ 70.8250335, 22.8200993 ], [ 70.8256665, 22.8202759 ], [ 70.8262329, 22.8202913 ], [ 70.8267243, 22.8201761 ], [ 70.8268017, 22.8201421 ], [ 70.8270742, 22.8200226 ], [ 70.8273675, 22.8197963 ], [ 70.8275579, 22.8197879 ], [ 70.8276593, 22.8197834 ] ] } },
{ "type": "Feature", "properties": { "name": "", "cls": "secondary", "max_depth": 19.985000610351562, "flooded_km": 0.25962961156950415 }, "geometry": { "type": "LineString", "coordinates": [ [ 70.8613266, 22.7696686 ], [ 70.8591428, 22.7684876 ] ] } },
{ "type": "Feature", "properties": { "name": "", "cls": "secondary", "max_depth": 2.1670000553131104, "flooded_km": 0.056386214885306221 }, "geometry": { "type": "LineString", "coordinates": [ [ 70.8078496, 22.8157064 ], [ 70.8083973, 22.8157444 ] ] } },
{ "type": "Feature", "properties": { "name": "", "cls": "secondary", "max_depth": 1.781000018119812, "flooded_km": 0.37490644985496935 }, "geometry": { "type": "LineString", "coordinates": [ [ 70.7600035, 22.7993163 ], [ 70.7621963, 22.8010895 ], [ 70.7627544, 22.8014734 ], [ 70.765753, 22.802487 ], [ 70.7699678, 22.8039766 ], [ 70.7725333, 22.8054816 ], [ 70.77609, 22.8073398 ], [ 70.777606, 22.8083072 ], [ 70.7787638, 22.8090827 ], [ 70.7815208, 22.8102268 ], [ 70.7825954, 22.8104878 ], [ 70.7871683, 22.8114169 ], [ 70.7881595, 22.8116242 ], [ 70.7898501, 22.8122698 ], [ 70.790657, 22.812487 ], [ 70.7918173, 22.8126282 ], [ 70.7928716, 22.8126499 ], [ 70.7941144, 22.8128127 ], [ 70.7948447, 22.8130788 ], [ 70.7980312, 22.8140452 ], [ 70.8020539, 22.8152395 ], [ 70.8024545, 22.8152993 ], [ 70.8029151, 22.8153207 ], [ 70.8035029, 22.8153481 ], [ 70.8047443, 22.8154361 ], [ 70.8057475, 22.8155073 ], [ 70.8063269, 22.8155484 ], [ 70.8067953, 22.8155816 ], [ 70.8078496, 22.8157064 ] ] } },
{ "type": "Feature", "properties": { "name": "Morbi Bypass", "cls": "primary", "max_depth": 20.489999771118164, "flooded_km": 0.38901403347273061 }, "geometry": { "type": "LineString", "coordinates": [ [ 70.8257585, 22.8598141 ], [ 70.8233768, 22.8570815 ] ] } },
{ "type": "Feature", "properties": { "name": "Morbi Bypass", "cls": "primary", "max_depth": 9.4849996566772461, "flooded_km": 0.98944583699892386 }, "geometry": { "type": "LineString", "coordinates": [ [ 70.8414358, 22.8774656 ], [ 70.8414137, 22.8773566 ], [ 70.8411553, 22.8770709 ], [ 70.837951, 22.8734406 ], [ 70.837384, 22.8727982 ], [ 70.8366186, 22.871931 ], [ 70.8349173, 22.8700034 ], [ 70.8345768, 22.8696177 ], [ 70.832924, 22.8677451 ], [ 70.832234, 22.8669633 ], [ 70.8318899, 22.8665734 ], [ 70.8279022, 22.8620551 ], [ 70.8273869, 22.8614846 ], [ 70.8257585, 22.8598141 ] ] } },
{ "type": "Feature", "properties": { "name": "", "cls": "tertiary", "max_depth": 2.0799999237060547, "flooded_km": 0.13027193441228085 }, "geometry": { "type": "LineString", "coordinates": [ [ 70.8318222, 22.8197434 ], [ 70.8317846, 22.8202885 ], [ 70.8317637, 22.8205915 ], [ 70.8317331, 22.8210363 ], [ 70.8317238, 22.821171 ], [ 70.8317098, 22.8213083 ] ] } },
{ "type": "Feature", "properties": { "name": "", "cls": "unclassified", "max_depth": 2.3829998970031738, "flooded_km": 0.054071433661608333 }, "geometry": { "type": "LineString", "coordinates": [ [ 70.8331765, 22.8210461 ], [ 70.8332098, 22.8206935 ], [ 70.8332407, 22.8204224 ], [ 70.8332861, 22.820075 ] ] } },
{ "type": "Feature", "properties": { "name": "", "cls": "unclassified", "max_depth": 1.9140000343322754, "flooded_km": 0.10246880858966669 }, "geometry": { "type": "LineString", "coordinates": [ [ 70.832607, 22.8210532 ], [ 70.8326136, 22.8206569 ], [ 70.8326186, 22.8203623 ], [ 70.8326244, 22.8200195 ], [ 70.8326634, 22.8197338 ] ] } },
{ "type": "Feature", "properties": { "name": "", "cls": "secondary", "max_depth": 4.5850000381469727, "flooded_km": 0.82378413246287452 }, "geometry": { "type": "LineString", "coordinates": [ [ 70.828655, 22.8126114 ], [ 70.8288054, 22.8132098 ], [ 70.8288078, 22.8145797 ], [ 70.8287634, 22.8154145 ], [ 70.828756, 22.8155533 ], [ 70.8287522, 22.815624 ], [ 70.8286974, 22.8166524 ], [ 70.828651, 22.8174974 ], [ 70.8286045, 22.8181199 ], [ 70.828592, 22.8181812 ], [ 70.8285919, 22.8184887 ], [ 70.8285919, 22.8186378 ], [ 70.8286094, 22.8187877 ], [ 70.8286849, 22.8189163 ], [ 70.8287752, 22.81907 ], [ 70.8288684, 22.8191846 ], [ 70.8293822, 22.8196875 ], [ 70.8294102, 22.8197648 ] ] } },
{ "type": "Feature", "properties": { "name": "", "cls": "unclassified", "max_depth": 3.1960000991821289, "flooded_km": 0.18638435606306206 }, "geometry": { "type": "LineString", "coordinates": [ [ 70.8317637, 22.8205915 ], [ 70.8326136, 22.8206569 ], [ 70.8332098, 22.8206935 ], [ 70.8338529, 22.820733 ] ] } },
{ "type": "Feature", "properties": { "name": "", "cls": "tertiary", "max_depth": 4.3340001106262207, "flooded_km": 0.20049583674945404 }, "geometry": { "type": "LineString", "coordinates": [ [ 70.8325646, 22.8163401 ], [ 70.8325792, 22.8174546 ], [ 70.8326257, 22.8181491 ] ] } },
{ "type": "Feature", "properties": { "name": "", "cls": "tertiary", "max_depth": 4.935999870300293, "flooded_km": 0.45492720600525294 }, "geometry": { "type": "LineString", "coordinates": [ [ 70.8326257, 22.8181491 ], [ 70.8321666, 22.8181611 ], [ 70.8313519, 22.8181657 ], [ 70.8310971, 22.8181671 ], [ 70.830765, 22.818169 ], [ 70.8298352, 22.8181742 ], [ 70.8293124, 22.8181772 ], [ 70.8292031, 22.8181778 ], [ 70.8288542, 22.8181797 ], [ 70.828592, 22.8181812 ], [ 70.8284757, 22.8181819 ], [ 70.8281947, 22.8181846 ] ] } },
{ "type": "Feature", "properties": { "name": "", "cls": "unclassified", "max_depth": 2.4089999198913574, "flooded_km": 0.26952775392964173 }, "geometry": { "type": "LineString", "coordinates": [ [ 70.8349087, 22.8216188 ], [ 70.8341818, 22.8212009 ], [ 70.8338969, 22.8210371 ], [ 70.8331765, 22.8210461 ], [ 70.832607, 22.8210532 ], [ 70.8317331, 22.8210363 ] ] } },
{ "type": "Feature", "properties": { "name": "", "cls": "unclassified", "max_depth": 2.628000020980835, "flooded_km": 0.23846914703819272 }, "geometry": { "type": "LineString", "coordinates": [ [ 70.8339457, 22.8231961 ], [ 70.8339733, 22.8225758 ], [ 70.8338969, 22.8210371 ], [ 70.8338529, 22.820733 ], [ 70.8337923, 22.8203141 ], [ 70.8337691, 22.8201748 ], [ 70.8337629, 22.8201149 ], [ 70.8337789, 22.8199338 ], [ 70.833788, 22.8197083 ] ] } },
{ "type": "Feature", "properties": { "name": "", "cls": "tertiary", "max_depth": 5.9130001068115234, "flooded_km": 0.28507117944694571 }, "geometry": { "type": "LineString", "coordinates": [ [ 70.8321106, 22.8155879 ], [ 70.8321346, 22.8159599 ], [ 70.8321384, 22.8163455 ], [ 70.8321493, 22.8174593 ], [ 70.8321666, 22.8181611 ] ] } },
{ "type": "Feature", "properties": { "name": "", "cls": "tertiary", "max_depth": 8.0780000686645508, "flooded_km": 1.3013537823232142 }, "geometry": { "type": "LineString", "coordinates": [ [ 70.8294102, 22.8197648 ], [ 70.8294945, 22.8194382 ], [ 70.8295499, 22.8192639 ], [ 70.8295868, 22.8190708 ], [ 70.829603, 22.8189859 ], [ 70.8296736, 22.8187679 ], [ 70.8297773, 22.8184878 ], [ 70.8298352, 22.8181742 ], [ 70.8300213, 22.8174825 ], [ 70.8300262, 22.8169948 ], [ 70.8300283, 22.8167861 ], [ 70.8300296, 22.8166524 ], [ 70.8300313, 22.8164918 ], [ 70.8300387, 22.8157456 ], [ 70.8300329, 22.8155903 ], [ 70.8300329, 22.8153724 ], [ 70.8300329, 22.8152422 ], [ 70.8300288, 22.8149817 ], [ 70.8300213, 22.8144977 ], [ 70.8300387, 22.8143745 ], [ 70.8300736, 22.8142353 ], [ 70.8303149, 22.8139763 ], [ 70.830492, 22.8137211 ], [ 70.8305855, 22.8136349 ], [ 70.8310033, 22.8132498 ], [ 70.8312544, 22.8130883 ], [ 70.8314189, 22.813051 ], [ 70.8324908, 22.8126981 ], [ 70.832682, 22.8126344 ], [ 70.8332461, 22.8124464 ], [ 70.8336409, 22.8122833 ], [ 70.8337516, 22.8122375 ], [ 70.8340305, 22.8121893 ], [ 70.8340656, 22.8121934 ], [ 70.8342165, 22.8122107 ], [ 70.834334, 22.8122673 ], [ 70.8345783, 22.8124051 ], [ 70.8348227, 22.8125239 ], [ 70.8350256, 22.8126428 ], [ 70.8352372, 22.8127697 ], [ 70.8354779, 22.8129079 ], [ 70.8357321, 22.8130569 ] ] } },
{ "type": "Feature", "properties": { "name": "", "cls": "unclassified", "max_depth": 3.3429999351501465, "flooded_km": 0.25285417287592832 }, "geometry": { "type": "LineString", "coordinates": [ [ 70.8306952, 22.8197563 ], [ 70.8307395, 22.818704 ], [ 70.8307418, 22.8186485 ], [ 70.830765, 22.818169 ], [ 70.8307481, 22.8174746 ] ] } },
{ "type": "Feature", "properties": { "name": "", "cls": "residential", "max_depth": 7.3819999694824219, "flooded_km": 0.28387216160402357 }, "geometry": { "type": "LineString", "coordinates": [ [ 70.832682, 22.8126344 ], [ 70.8327452, 22.8126679 ], [ 70.8329639, 22.8127839 ], [ 70.8332109, 22.8129149 ], [ 70.8334235, 22.8130441 ], [ 70.8336467, 22.8131927 ], [ 70.8338644, 22.8133556 ], [ 70.8341001, 22.8134987 ], [ 70.8343066, 22.8136242 ], [ 70.8345217, 22.8137548 ], [ 70.8347538, 22.8138958 ], [ 70.834991, 22.8140399 ] ] } },
{ "type": "Feature", "properties": { "name": "", "cls": "residential", "max_depth": 9.7650003433227539, "flooded_km": 0.74974022701706311 }, "geometry": { "type": "LineString", "coordinates": [ [ 70.8364342, 22.8106641 ], [ 70.836256, 22.8109393 ], [ 70.8362313, 22.8110529 ], [ 70.8361492, 22.8111324 ], [ 70.8360752, 22.8112195 ], [ 70.835993, 22.8112612 ], [ 70.8358657, 22.8113332 ], [ 70.8353275, 22.811568 ], [ 70.8351795, 22.8116058 ], [ 70.8351138, 22.8116437 ], [ 70.8350809, 22.8116854 ], [ 70.8350111, 22.8117573 ], [ 70.8348755, 22.8119353 ], [ 70.8346331, 22.8122913 ], [ 70.8345783, 22.8124051 ], [ 70.8338644, 22.8133556 ], [ 70.8337574, 22.8134908 ], [ 70.8332229, 22.8141924 ], [ 70.8330061, 22.8140551 ], [ 70.8327723, 22.8139069 ], [ 70.8325558, 22.8137697 ], [ 70.8324531, 22.8137046 ], [ 70.8323516, 22.8136403 ], [ 70.8322586, 22.8135814 ], [ 70.8321462, 22.8135101 ], [ 70.8321073, 22.8134855 ], [ 70.8320558, 22.813453 ], [ 70.8319468, 22.8133842 ], [ 70.8314189, 22.813051 ] ] } },
{ "type": "Feature", "properties": { "name": "", "cls": "residential", "max_depth": 4.6510000228881836, "flooded_km": 0.2528764450921972 }, "geometry": { "type": "LineString", "coordinates": [ [ 70.8337528, 22.8152726 ], [ 70.8328361, 22.8147209 ], [ 70.8323638, 22.8144367 ], [ 70.8322755, 22.8144443 ], [ 70.8322015, 22.8144216 ], [ 70.8320356, 22.8143293 ], [ 70.8318582, 22.8142307 ], [ 70.8316569, 22.8141093 ] ] } },
{ "type": "Feature", "properties": { "name": "", "cls": "residential", "max_depth": 4.8810000419616699, "flooded_km": 0.083426077018801864 }, "geometry": { "type": "LineString", "coordinates": [ [ 70.8320558, 22.813453 ], [ 70.8316569, 22.8141093 ] ] } },
{ "type": "Feature", "properties": { "name": "", "cls": "residential", "max_depth": 5.9070000648498535, "flooded_km": 0.082827880810606824 }, "geometry": { "type": "LineString", "coordinates": [ [ 70.8318582, 22.8142307 ], [ 70.8322586, 22.8135814 ] ] } },
{ "type": "Feature", "properties": { "name": "", "cls": "residential", "max_depth": 4.9000000953674316, "flooded_km": 0.081384878327153298 }, "geometry": { "type": "LineString", "coordinates": [ [ 70.8320356, 22.8143293 ], [ 70.8324531, 22.8137046 ] ] } },
{ "type": "Feature", "properties": { "name": "", "cls": "residential", "max_depth": 4.8810000419616699, "flooded_km": 0.067404030419004279 }, "geometry": { "type": "LineString", "coordinates": [ [ 70.8319468, 22.8133842 ], [ 70.8315609, 22.8138766 ] ] } },
{ "type": "Feature", "properties": { "name": "", "cls": "residential", "max_depth": 7.3819999694824219, "flooded_km": 0.11171933576550869 }, "geometry": { "type": "LineString", "coordinates": [ [ 70.8321462, 22.8135101 ], [ 70.8327452, 22.8126679 ] ] } },
{ "type": "Feature", "properties": { "name": "", "cls": "residential", "max_depth": 6.6479997634887695, "flooded_km": 0.11378417781370685 }, "geometry": { "type": "LineString", "coordinates": [ [ 70.8323516, 22.8136403 ], [ 70.8329639, 22.8127839 ] ] } },
{ "type": "Feature", "properties": { "name": "", "cls": "residential", "max_depth": 9.0760002136230469, "flooded_km": 0.52306837961603525 }, "geometry": { "type": "LineString", "coordinates": [ [ 70.8327723, 22.8139069 ], [ 70.8334235, 22.8130441 ], [ 70.8340656, 22.8121934 ], [ 70.8342041, 22.8117628 ], [ 70.8343054, 22.8114478 ], [ 70.8343054, 22.8113179 ], [ 70.8343054, 22.8112657 ], [ 70.8340498, 22.8112121 ], [ 70.8336546, 22.8112228 ], [ 70.8336314, 22.8113621 ], [ 70.8336309, 22.8117372 ], [ 70.8336409, 22.8122833 ] ] } },
{ "type": "Feature", "properties": { "name": "", "cls": "residential", "max_depth": 7.4609999656677246, "flooded_km": 0.24038858359967991 }, "geometry": { "type": "LineString", "coordinates": [ [ 70.8330061, 22.8140551 ], [ 70.8336467, 22.8131927 ], [ 70.834334, 22.8122673 ] ] } },
{ "type": "Feature", "properties": { "name": "", "cls": "residential", "max_depth": 8.8360004425048828, "flooded_km": 0.29078030119491377 }, "geometry": { "type": "LineString", "coordinates": [ [ 70.8388222, 22.8115894 ], [ 70.838738, 22.8105663 ], [ 70.8386998, 22.8101015 ], [ 70.8386761, 22.8098138 ], [ 70.838647, 22.8092568 ], [ 70.8383443, 22.8093181 ] ] } },
{ "type": "Feature", "properties": { "name": "", "cls": "residential", "max_depth": 18.579000473022461, "flooded_km": 0.13850801675237848 }, "geometry": { "type": "LineString", "coordinates": [ [ 70.8404018, 22.811817 ], [ 70.8400923, 22.8118539 ], [ 70.8399079, 22.8118759 ], [ 70.8390712, 22.8120205 ] ] } },
{ "type": "Feature", "properties": { "name": "", "cls": "residential", "max_depth": 6.749000072479248, "flooded_km": 0.16395094324968573 }, "geometry": { "type": "LineString", "coordinates": [ [ 70.8400358, 22.8114638 ], [ 70.8400923, 22.8118539 ], [ 70.8402856, 22.8127222 ], [ 70.8403695, 22.8129067 ] ] } },
{ "type": "Feature", "properties": { "name": "", "cls": "residential", "max_depth": 6.1230001449584961, "flooded_km": 0.27288330361656388 }, "geometry": { "type": "LineString", "coordinates": [ [ 70.8336971, 22.8145011 ], [ 70.8339025, 22.8146299 ], [ 70.8345217, 22.8137548 ], [ 70.8352372, 22.8127697 ] ] } },
{ "type": "Feature", "properties": { "name": "", "cls": "residential", "max_depth": 5.2979998588562012, "flooded_km": 0.27916638276320371 }, "geometry": { "type": "LineString", "coordinates": [ [ 70.8334423, 22.8143307 ], [ 70.8336971, 22.8145011 ], [ 70.8343066, 22.8136242 ], [ 70.8350256, 22.8126428 ] ] } },
{ "type": "Feature", "properties": { "name": "", "cls": "residential", "max_depth": 5.9109997749328613, "flooded_km": 0.27246694112591374 }, "geometry": { "type": "LineString", "coordinates": [ [ 70.8348227, 22.8125239 ], [ 70.8341001, 22.8134987 ], [ 70.8334423, 22.8143307 ], [ 70.8332229, 22.8141924 ] ] } },
{ "type": "Feature", "properties": { "name": "", "cls": "residential", "max_depth": 8.116999626159668, "flooded_km": 0.74144588644051213 }, "geometry": { "type": "LineString", "coordinates": [ [ 70.8349407, 22.8141067 ], [ 70.8352428, 22.8142999 ], [ 70.8353855, 22.8143911 ], [ 70.8355493, 22.8144958 ], [ 70.8356939, 22.8145882 ], [ 70.8357596, 22.8146375 ], [ 70.8360109, 22.8143093 ], [ 70.8364992, 22.8136717 ], [ 70.8366113, 22.8136022 ], [ 70.8367375, 22.813524 ], [ 70.8370826, 22.8133498 ], [ 70.8372469, 22.8133006 ], [ 70.8373209, 22.8133309 ], [ 70.8373771, 22.8133406 ], [ 70.8375386, 22.8133687 ], [ 70.8375853, 22.8133919 ], [ 70.8376455, 22.8134218 ], [ 70.8378922, 22.8135213 ], [ 70.8380399, 22.8135808 ], [ 70.8382371, 22.8136338 ], [ 70.8383727, 22.8136982 ], [ 70.8384631, 22.8137172 ], [ 70.8386151, 22.8137475 ], [ 70.8390054, 22.8138497 ], [ 70.8391985, 22.8139293 ], [ 70.839445, 22.8139065 ], [ 70.8395198, 22.8138676 ], [ 70.8397285, 22.8137588 ], [ 70.8402134, 22.8134861 ], [ 70.8403284, 22.8131756 ], [ 70.840353, 22.8129446 ], [ 70.8403695, 22.8129067 ], [ 70.8404681, 22.8128764 ], [ 70.8405822, 22.8128326 ] ] } },
{ "type": "Feature", "properties": { "name": "", "cls": "residential", "max_depth": 7.2389998435974121, "flooded_km": 0.19895439180368837 }, "geometry": { "type": "LineString", "coordinates": [ [ 70.8336409, 22.8122833 ], [ 70.8334275, 22.8126307 ], [ 70.8332109, 22.8129149 ], [ 70.8325749, 22.8137498 ], [ 70.8325558, 22.8137697 ] ] } },
{ "type": "Feature", "properties": { "name": "", "cls": "tertiary", "max_depth": 19.471000671386719, "flooded_km": 2.2181493075137291 }, "geometry": { "type": "LineString", "coordinates": [ [ 70.8399295, 22.8177853 ], [ 70.8399703, 22.8174278 ], [ 70.8403588, 22.8171744 ], [ 70.8406481, 22.8169772 ], [ 70.8409541, 22.816817 ], [ 70.841158, 22.8167867 ], [ 70.8418221, 22.816688 ], [ 70.841939, 22.8166181 ], [ 70.8419086, 22.8162824 ], [ 70.8418938, 22.8161182 ], [ 70.8417862, 22.8157578 ], [ 70.8417444, 22.8154322 ], [ 70.8417294, 22.8153154 ], [ 70.8416144, 22.8150995 ], [ 70.8413726, 22.8144435 ], [ 70.8411378, 22.8138611 ], [ 70.8410638, 22.8137058 ], [ 70.8410597, 22.8136338 ], [ 70.8410721, 22.8134937 ], [ 70.8409858, 22.8133763 ], [ 70.8408913, 22.8132286 ], [ 70.840805, 22.8131226 ], [ 70.84069, 22.8129711 ], [ 70.8405822, 22.8128326 ], [ 70.8405616, 22.8127469 ], [ 70.8404018, 22.811817 ], [ 70.8403786, 22.811667 ], [ 70.8402768, 22.8114986 ], [ 70.8401926, 22.8114581 ], [ 70.8400358, 22.8114638 ], [ 70.8398963, 22.8114689 ], [ 70.8395186, 22.8115278 ], [ 70.8392106, 22.811555 ], [ 70.8388222, 22.8115894 ], [ 70.8386674, 22.8116031 ], [ 70.8384902, 22.8116188 ], [ 70.8378517, 22.8116161 ], [ 70.8377354, 22.81161 ], [ 70.8374336, 22.8115734 ], [ 70.8371848, 22.8111298 ], [ 70.8364342, 22.8106641 ], [ 70.8360874, 22.810524 ], [ 70.8358504, 22.8104308 ], [ 70.8357776, 22.8103926 ], [ 70.8353722, 22.8101951 ], [ 70.8352131, 22.8101177 ], [ 70.8350865, 22.810056 ], [ 70.8349429, 22.8099266 ], [ 70.8348382, 22.8098324 ], [ 70.8347029, 22.8097105 ], [ 70.8345126, 22.8095391 ], [ 70.8340823, 22.8093949 ], [ 70.8337688, 22.8094957 ], [ 70.8331998, 22.8096787 ], [ 70.8327279, 22.8098305 ], [ 70.8322753, 22.809976 ], [ 70.8317974, 22.8101297 ], [ 70.830971, 22.8103954 ], [ 70.8306975, 22.8104834 ], [ 70.8302922, 22.8106138 ], [ 70.8289376, 22.8110718 ], [ 70.8279975, 22.8119817 ] ] } },
{ "type": "Feature", "properties": { "name": "", "cls": "residential", "max_depth": 5.4920001029968262, "flooded_km": 0.27304308901734153 }, "geometry": { "type": "LineString", "coordinates": [ [ 70.8354779, 22.8129079 ], [ 70.8347538, 22.8138958 ], [ 70.8339888, 22.8149366 ], [ 70.8337528, 22.8152726 ] ] } },
{ "type": "Feature", "properties": { "name": "", "cls": "residential", "max_depth": 7.3819999694824219, "flooded_km": 0.44632145870050433 }, "geometry": { "type": "LineString", "coordinates": [ [ 70.8312927, 22.8088176 ], [ 70.8314029, 22.809171 ], [ 70.8315491, 22.8095355 ], [ 70.8317974, 22.8101297 ], [ 70.8319336, 22.8105444 ], [ 70.8320507, 22.8109008 ], [ 70.83222, 22.8113321 ], [ 70.8323435, 22.8116469 ], [ 70.8325103, 22.8121336 ], [ 70.832682, 22.8126344 ] ] } },
{ "type": "Feature", "properties": { "name": "", "cls": "residential", "max_depth": 5.9219999313354492, "flooded_km": 0.41639395483799241 }, "geometry": { "type": "LineString", "coordinates": [ [ 70.8334502, 22.8076496 ], [ 70.833126, 22.8077527 ], [ 70.8325428, 22.8079382 ], [ 70.8320721, 22.8080879 ], [ 70.8315718, 22.808247 ], [ 70.8311224, 22.8083899 ], [ 70.8302901, 22.8086546 ], [ 70.8300436, 22.808733 ], [ 70.829614, 22.8088696 ] ] } },
{ "type": "Feature", "properties": { "name": "", "cls": "residential", "max_depth": 5.8340001106262207, "flooded_km": 0.41437572723454352 }, "geometry": { "type": "LineString", "coordinates": [ [ 70.8337271, 22.8084143 ], [ 70.8334148, 22.808516 ], [ 70.8328288, 22.8087068 ], [ 70.832363, 22.8088585 ], [ 70.8318724, 22.8090182 ], [ 70.8314029, 22.809171 ], [ 70.8305955, 22.8094339 ], [ 70.830335, 22.8095187 ], [ 70.8299191, 22.8096541 ] ] } },
{ "type": "Feature", "properties": { "name": "", "cls": "residential", "max_depth": 6.0539999008178711, "flooded_km": 0.13174532947128939 }, "geometry": { "type": "LineString", "coordinates": [ [ 70.8271262, 22.8095249 ], [ 70.8266738, 22.8099309 ], [ 70.8262042, 22.8103523 ] ] } },
{ "type": "Feature", "properties": { "name": "", "cls": "residential", "max_depth": 4.685999870300293, "flooded_km": 0.10429154016924706 }, "geometry": { "type": "LineString", "coordinates": [ [ 70.8314177, 22.8135083 ], [ 70.8306532, 22.813799 ], [ 70.8305855, 22.8136349 ] ] } },
{ "type": "Feature", "properties": { "name": "", "cls": "residential", "max_depth": 4.4260001182556152, "flooded_km": 0.19660256170307314 }, "geometry": { "type": "LineString", "coordinates": [ [ 70.8278792, 22.8094094 ], [ 70.827484, 22.8098305 ], [ 70.8270386, 22.8102438 ], [ 70.8265561, 22.8106915 ] ] } },
{ "type": "Feature", "properties": { "name": "", "cls": "residential", "max_depth": 4.2410001754760742, "flooded_km": 0.091543369287706747 }, "geometry": { "type": "LineString", "coordinates": [ [ 70.8316778, 22.8141771 ], [ 70.8309088, 22.8144256 ], [ 70.8308316, 22.8144223 ] ] } },
{ "type": "Feature", "properties": { "name": "", "cls": "residential", "max_depth": 6.0419998168945312, "flooded_km": 0.19198490396616122 }, "geometry": { "type": "LineString", "coordinates": [ [ 70.8298088, 22.8135395 ], [ 70.8303113, 22.8130671 ], [ 70.8307577, 22.8126475 ], [ 70.8311876, 22.8129164 ] ] } },
{ "type": "Feature", "properties": { "name": "", "cls": "residential", "max_depth": 3.7939999103546143, "flooded_km": 0.10778692401017417 }, "geometry": { "type": "LineString", "coordinates": [ [ 70.8305802, 22.8142053 ], [ 70.8308333, 22.8140668 ], [ 70.8315609, 22.8138766 ] ] } },
{ "type": "Feature", "properties": { "name": "", "cls": "residential", "max_depth": 4.4330000877380371, "flooded_km": 0.18420837973777787 }, "geometry": { "type": "LineString", "coordinates": [ [ 70.829614, 22.8088696 ], [ 70.8287925, 22.8091458 ], [ 70.8280152, 22.8094071 ], [ 70.8279537, 22.8094724 ] ] } },
{ "type": "Feature", "properties": { "name": "", "cls": "residential", "max_depth": 5.8039999008178711, "flooded_km": 0.62580223081873543 }, "geometry": { "type": "LineString", "coordinates": [ [ 70.8332896, 22.8072062 ], [ 70.8329573, 22.8073163 ], [ 70.8323638, 22.8075129 ], [ 70.8319275, 22.8076575 ], [ 70.8314145, 22.8078274 ], [ 70.8309679, 22.8079754 ], [ 70.8301297, 22.8082531 ], [ 70.8298789, 22.8083362 ], [ 70.8294605, 22.8084748 ], [ 70.8286268, 22.8087466 ], [ 70.827899, 22.8089839 ], [ 70.8275758, 22.8091579 ] ] } },
{ "type": "Feature", "properties": { "name": "", "cls": "residential", "max_depth": 5.6880002021789551, "flooded_km": 0.84809595916651181 }, "geometry": { "type": "LineString", "coordinates": [ [ 70.8276028, 22.8116346 ], [ 70.8281047, 22.811169 ], [ 70.8285585, 22.8107481 ], [ 70.8289623, 22.8103444 ], [ 70.8292276, 22.8102684 ], [ 70.8300646, 22.8100285 ], [ 70.8304719, 22.8098933 ], [ 70.8307403, 22.8098041 ], [ 70.8315491, 22.8095355 ], [ 70.8320291, 22.8093761 ], [ 70.8324909, 22.8092227 ], [ 70.8329542, 22.8090688 ], [ 70.8335346, 22.8088761 ], [ 70.8338558, 22.8087694 ], [ 70.834919, 22.8091344 ] ] } },
{ "type": "Feature", "properties": { "name": "", "cls": "residential", "max_depth": 5.5289998054504395, "flooded_km": 0.77800924146673656 }, "geometry": { "type": "LineString", "coordinates": [ [ 70.8335933, 22.8080448 ], [ 70.8332737, 22.8081522 ], [ 70.8327027, 22.808344 ], [ 70.83224, 22.8084994 ], [ 70.8317433, 22.8086663 ], [ 70.8312927, 22.8088176 ], [ 70.8304896, 22.8090874 ], [ 70.8301882, 22.8091887 ], [ 70.8297901, 22.8093224 ], [ 70.8289701, 22.809599 ], [ 70.8285567, 22.8097384 ], [ 70.8282881, 22.8097554 ], [ 70.8278897, 22.8101769 ], [ 70.8269457, 22.8110669 ] ] } },
{ "type": "Feature", "properties": { "name": "", "cls": "residential", "max_depth": 5.3060002326965332, "flooded_km": 0.36450127833277407 }, "geometry": { "type": "LineString", "coordinates": [ [ 70.8289376, 22.8110718 ], [ 70.8293516, 22.8106122 ], [ 70.8289623, 22.8103444 ], [ 70.8286965, 22.8101039 ], [ 70.8286485, 22.8100605 ], [ 70.8282402, 22.8104762 ], [ 70.8277966, 22.810877 ], [ 70.8272557, 22.8113657 ] ] } },
{ "type": "Feature", "properties": { "name": "", "cls": "residential", "max_depth": 5.054999828338623, "flooded_km": 0.21920998441566689 }, "geometry": { "type": "LineString", "coordinates": [ [ 70.8286485, 22.8100605 ], [ 70.8282881, 22.8097554 ], [ 70.8279537, 22.8094724 ], [ 70.8278792, 22.8094094 ], [ 70.827655, 22.8092196 ], [ 70.8275758, 22.8091579 ], [ 70.8275039, 22.8091018 ], [ 70.8271262, 22.8095249 ] ] } },
{ "type": "Feature", "properties": { "name": "", "cls": "residential", "max_depth": 7.5069999694824219, "flooded_km": 0.79385735931236867 }, "geometry": { "type": "LineString", "coordinates": [ [ 70.8293219, 22.8081184 ], [ 70.8297301, 22.8079902 ], [ 70.8308972, 22.8076235 ], [ 70.8322217, 22.8071546 ], [ 70.832818, 22.8069435 ], [ 70.8331517, 22.8068254 ], [ 70.8332307, 22.8070438 ], [ 70.8332896, 22.8072062 ], [ 70.8334502, 22.8076496 ], [ 70.8335933, 22.8080448 ], [ 70.8337271, 22.8084143 ], [ 70.8338558, 22.8087694 ], [ 70.833984, 22.8091236 ], [ 70.8340823, 22.8093949 ], [ 70.8342756, 22.8100493 ] ] } },
{ "type": "Feature", "properties": { "name": "", "cls": "residential", "max_depth": 6.0539999008178711, "flooded_km": 0.81657006551863609 }, "geometry": { "type": "LineString", "coordinates": [ [ 70.8307577, 22.8126475 ], [ 70.8303706, 22.8123123 ], [ 70.8300242, 22.8120125 ], [ 70.8296311, 22.8116721 ], [ 70.8292815, 22.8113695 ], [ 70.8289376, 22.8110718 ], [ 70.8285585, 22.8107481 ], [ 70.8282402, 22.8104762 ], [ 70.8278897, 22.8101769 ], [ 70.827484, 22.8098305 ], [ 70.8271262, 22.8095249 ], [ 70.8268124, 22.8093053 ], [ 70.827025, 22.8089928 ], [ 70.8270565, 22.8089465 ], [ 70.8271299, 22.8089118 ], [ 70.8275885, 22.8086948 ], [ 70.8284648, 22.8084034 ], [ 70.8293219, 22.8081184 ] ] } },
{ "type": "Feature", "properties": { "name": "", "cls": "residential", "max_depth": 5.6100001335144043, "flooded_km": 0.50581884732305893 }, "geometry": { "type": "LineString", "coordinates": [ [ 70.8301882, 22.8091887 ], [ 70.830335, 22.8095187 ], [ 70.8304719, 22.8098933 ], [ 70.8306975, 22.8104834 ], [ 70.8308333, 22.8108746 ], [ 70.8305079, 22.8109818 ], [ 70.8304448, 22.8110063 ], [ 70.8294969, 22.8113085 ], [ 70.8292815, 22.8113695 ], [ 70.8286978, 22.8119867 ], [ 70.8283821, 22.8123091 ] ] } },
{ "type": "Feature", "properties": { "name": "", "cls": "residential", "max_depth": 3.9909999370574951, "flooded_km": 0.7925148499308674 }, "geometry": { "type": "LineString", "coordinates": [ [ 70.8216586, 22.8107782 ], [ 70.8216702, 22.8108532 ], [ 70.8216469, 22.8110728 ], [ 70.8215598, 22.8113781 ], [ 70.8214552, 22.8120637 ], [ 70.8216004, 22.8121065 ], [ 70.8217108, 22.8121601 ], [ 70.8217225, 22.8122833 ], [ 70.8217399, 22.8124386 ], [ 70.8216745, 22.8126726 ], [ 70.8215946, 22.8129581 ], [ 70.8215133, 22.8131938 ], [ 70.8214339, 22.813567 ], [ 70.8212833, 22.8142747 ], [ 70.8211007, 22.8151326 ], [ 70.8215178, 22.8152331 ], [ 70.8217107, 22.8152796 ], [ 70.8221183, 22.8153778 ], [ 70.8226493, 22.8155057 ], [ 70.822838, 22.8155512 ], [ 70.8231642, 22.8156298 ], [ 70.8233894, 22.8156841 ], [ 70.8237678, 22.8157753 ] ] } },
{ "type": "Feature", "properties": { "name": "", "cls": "residential", "max_depth": 5.9219999313354492, "flooded_km": 0.099057378363809026 }, "geometry": { "type": "LineString", "coordinates": [ [ 70.8309679, 22.8079754 ], [ 70.8311224, 22.8083899 ], [ 70.8312927, 22.8088176 ] ] } },
{ "type": "Feature", "properties": { "name": "", "cls": "residential", "max_depth": 4.7899999618530273, "flooded_km": 0.099539678990270691 }, "geometry": { "type": "LineString", "coordinates": [ [ 70.8301297, 22.8082531 ], [ 70.8302901, 22.8086546 ], [ 70.8304896, 22.8090874 ] ] } },
{ "type": "Feature", "properties": { "name": "", "cls": "residential", "max_depth": 2.1949999332427979, "flooded_km": 0.27169309686583271 }, "geometry": { "type": "LineString", "coordinates": [ [ 70.8206533, 22.8128028 ], [ 70.8207785, 22.812277 ], [ 70.8210141, 22.811288 ], [ 70.8210717, 22.811046 ], [ 70.8211007, 22.8109228 ], [ 70.8216469, 22.8110728 ] ] } },
{ "type": "Feature", "properties": { "name": "", "cls": "residential", "max_depth": 4.9159998893737793, "flooded_km": 0.16829272657693523 }, "geometry": { "type": "LineString", "coordinates": [ [ 70.8300242, 22.8120125 ], [ 70.8290977, 22.8129257 ], [ 70.8288054, 22.8132098 ] ] } },
{ "type": "Feature", "properties": { "name": "", "cls": "residential", "max_depth": 4.5460000038146973, "flooded_km": 0.14094112827751007 }, "geometry": { "type": "LineString", "coordinates": [ [ 70.8297301, 22.8079902 ], [ 70.8298789, 22.8083362 ], [ 70.8300436, 22.808733 ], [ 70.8301882, 22.8091887 ] ] } },
{ "type": "Feature", "properties": { "name": "", "cls": "residential", "max_depth": 2.7130000591278076, "flooded_km": 0.14142432225382098 }, "geometry": { "type": "LineString", "coordinates": [ [ 70.8214552, 22.8120637 ], [ 70.8213623, 22.8123957 ], [ 70.8213098, 22.8125836 ], [ 70.821217, 22.8129153 ], [ 70.8212925, 22.8130331 ], [ 70.8214029, 22.8131134 ], [ 70.8215133, 22.8131938 ] ] } },
{ "type": "Feature", "properties": { "name": "", "cls": "residential", "max_depth": 5.4910001754760742, "flooded_km": 0.25436362238948929 }, "geometry": { "type": "LineString", "coordinates": [ [ 70.8319275, 22.8076575 ], [ 70.8320721, 22.8080879 ], [ 70.83224, 22.8084994 ], [ 70.832363, 22.8088585 ], [ 70.8324909, 22.8092227 ], [ 70.8327279, 22.8098305 ] ] } },
{ "type": "Feature", "properties": { "name": "", "cls": "residential", "max_depth": 5.8520002365112305, "flooded_km": 0.25387971823653516 }, "geometry": { "type": "LineString", "coordinates": [ [ 70.8314145, 22.8078274 ], [ 70.8315718, 22.808247 ], [ 70.8317433, 22.8086663 ], [ 70.8318724, 22.8090182 ], [ 70.8320291, 22.8093761 ], [ 70.8322753, 22.809976 ] ] } },
{ "type": "Feature", "properties": { "name": "", "cls": "residential", "max_depth": 6.0390000343322754, "flooded_km": 0.29709743419985402 }, "geometry": { "type": "LineString", "coordinates": [ [ 70.8331998, 22.8096787 ], [ 70.8329542, 22.8090688 ], [ 70.8328288, 22.8087068 ], [ 70.8327027, 22.808344 ], [ 70.8325428, 22.8079382 ], [ 70.8323638, 22.8075129 ], [ 70.8322217, 22.8071546 ] ] } },
{ "type": "Feature", "properties": { "name": "", "cls": "residential", "max_depth": 4.4939999580383301, "flooded_km": 0.70798960274367895 }, "geometry": { "type": "LineString", "coordinates": [ [ 70.8259493, 22.8101033 ], [ 70.8256271, 22.8103605 ], [ 70.8251987, 22.8107799 ], [ 70.8249526, 22.8110225 ], [ 70.8246783, 22.8112918 ], [ 70.8245522, 22.8114156 ], [ 70.8243726, 22.811584 ], [ 70.824221, 22.8117262 ], [ 70.8240176, 22.8120422 ], [ 70.8239624, 22.8130042 ], [ 70.8239595, 22.8130545 ], [ 70.823915, 22.8135876 ], [ 70.8238956, 22.8138204 ], [ 70.8238762, 22.8142519 ], [ 70.8238487, 22.8149035 ], [ 70.8238397, 22.8150658 ], [ 70.8238259, 22.8153736 ], [ 70.8238155, 22.8155516 ], [ 70.8237678, 22.8157753 ] ] } },
{ "type": "Feature", "properties": { "name": "", "cls": "residential", "max_depth": 3.1749999523162842, "flooded_km": 0.41583243044254142 }, "geometry": { "type": "LineString", "coordinates": [ [ 70.8309469, 22.8212116 ], [ 70.8310216, 22.8206478 ], [ 70.8310681, 22.8203639 ], [ 70.8311262, 22.8200265 ], [ 70.831103, 22.8197517 ], [ 70.8310797, 22.8189233 ], [ 70.8310913, 22.8185055 ], [ 70.8310971, 22.8181671 ], [ 70.8311088, 22.8177611 ], [ 70.831126, 22.8174704 ] ] } },
{ "type": "Feature", "properties": { "name": "", "cls": "residential", "max_depth": 6.9050002098083496, "flooded_km": 0.39031119765935024 }, "geometry": { "type": "LineString", "coordinates": [ [ 70.8342756, 22.8100493 ], [ 70.8339823, 22.8100075 ], [ 70.8338566, 22.8096895 ], [ 70.8337688, 22.8094957 ], [ 70.8335346, 22.8088761 ], [ 70.8334148, 22.808516 ], [ 70.8332737, 22.8081522 ], [ 70.833126, 22.8077527 ], [ 70.8329573, 22.8073163 ], [ 70.832818, 22.8069435 ] ] } },
{ "type": "Feature", "properties": { "name": "", "cls": "residential", "max_depth": 3.375, "flooded_km": 0.60456987490765868 }, "geometry": { "type": "LineString", "coordinates": [ [ 70.8352632, 22.8294629 ], [ 70.8355575, 22.829584 ], [ 70.8365125, 22.829977 ], [ 70.8365997, 22.8306357 ], [ 70.8363208, 22.8315354 ], [ 70.8361871, 22.8318406 ], [ 70.8360709, 22.8323279 ], [ 70.8359663, 22.8324511 ], [ 70.8357688, 22.8325475 ], [ 70.8356293, 22.8325422 ], [ 70.8354259, 22.8324672 ], [ 70.8351498, 22.8323669 ], [ 70.8348978, 22.8322754 ], [ 70.8346242, 22.832176 ], [ 70.8344382, 22.8321084 ], [ 70.8343453, 22.8320689 ], [ 70.8340605, 22.8319477 ], [ 70.8339849, 22.8318781 ] ] } },
{ "type": "Feature", "properties": { "name": "", "cls": "residential", "max_depth": 5.3979997634887695, "flooded_km": 0.77867749607137882 }, "geometry": { "type": "LineString", "coordinates": [ [ 70.8349669, 22.8150671 ], [ 70.8351993, 22.8151796 ], [ 70.8345985, 22.8159268 ], [ 70.834014, 22.8166792 ], [ 70.833706, 22.8170755 ], [ 70.8336131, 22.8171505 ], [ 70.8335375, 22.8172791 ], [ 70.8335022, 22.8174631 ], [ 70.8335433, 22.8183395 ], [ 70.8335666, 22.8185269 ], [ 70.8336305, 22.8189179 ], [ 70.8337177, 22.8192392 ], [ 70.8338164, 22.8194213 ], [ 70.8339617, 22.8195606 ], [ 70.8345759, 22.8201158 ], [ 70.83539, 22.8207834 ] ] } },
{ "type": "Feature", "properties": { "name": "", "cls": "tertiary", "max_depth": 3.9249999523162842, "flooded_km": 0.97725966764969074 }, "geometry": { "type": "LineString", "coordinates": [ [ 70.8355746, 22.8226633 ], [ 70.8355358, 22.8229115 ], [ 70.8354478, 22.8233039 ], [ 70.8354201, 22.8234273 ], [ 70.8353608, 22.8238575 ], [ 70.8352786, 22.8244539 ], [ 70.8352429, 22.8247128 ], [ 70.8352046, 22.8249909 ], [ 70.8351463, 22.825414 ], [ 70.8349727, 22.8266728 ], [ 70.8349362, 22.8269676 ], [ 70.8348628, 22.827561 ], [ 70.8348506, 22.8276599 ], [ 70.8347906, 22.8281445 ], [ 70.8347752, 22.8282687 ], [ 70.8347473, 22.828629 ], [ 70.8346911, 22.8293537 ], [ 70.8346819, 22.8294721 ], [ 70.8346706, 22.8296182 ], [ 70.8346155, 22.8298207 ], [ 70.8345401, 22.8300976 ], [ 70.8344527, 22.830419 ], [ 70.8343047, 22.8309629 ], [ 70.8341999, 22.8313479 ], [ 70.8339849, 22.8318781 ] ] } },
{ "type": "Feature", "properties": { "name": "", "cls": "residential", "max_depth": 4.8619999885559082, "flooded_km": 0.79698276640647014 }, "geometry": { "type": "LineString", "coordinates": [ [ 70.8365125, 22.829977 ], [ 70.8364869, 22.8294443 ], [ 70.8364413, 22.8287675 ], [ 70.8364355, 22.8286686 ], [ 70.8364218, 22.8284362 ], [ 70.8363498, 22.8272137 ], [ 70.8362776, 22.8251662 ], [ 70.8362743, 22.8250715 ], [ 70.8362685, 22.8246591 ], [ 70.836214, 22.8245137 ], [ 70.8361581, 22.8243646 ], [ 70.8361116, 22.823995 ], [ 70.8361054, 22.8239367 ], [ 70.8360883, 22.8237755 ], [ 70.8360825, 22.8235773 ], [ 70.8360477, 22.8234381 ], [ 70.8360186, 22.8233524 ], [ 70.8358443, 22.8232988 ], [ 70.8354478, 22.8233039 ] ] } },
{ "type": "Feature", "properties": { "name": "", "cls": "residential", "max_depth": 9.7650003433227539, "flooded_km": 0.44361935587765045 }, "geometry": { "type": "LineString", "coordinates": [ [ 70.836256, 22.8109393 ], [ 70.8360218, 22.8111249 ], [ 70.835915, 22.8111665 ], [ 70.8358041, 22.8111892 ], [ 70.8357013, 22.8111589 ], [ 70.8356561, 22.8111211 ], [ 70.835565, 22.8110698 ], [ 70.8351919, 22.8108598 ], [ 70.8347235, 22.8106552 ], [ 70.8344729, 22.8105037 ], [ 70.8342839, 22.8104166 ], [ 70.834251, 22.8102424 ], [ 70.8342756, 22.8100493 ], [ 70.834543, 22.8100626 ], [ 70.8347317, 22.810072 ], [ 70.834796, 22.8100865 ], [ 70.8349495, 22.8101212 ], [ 70.835085, 22.8101856 ], [ 70.8358504, 22.8104308 ] ] } },
{ "type": "Feature", "properties": { "name": "", "cls": "residential", "max_depth": 1.8669999837875366, "flooded_km": 0.38752378040391389 }, "geometry": { "type": "LineString", "coordinates": [ [ 70.8363397, 22.8176226 ], [ 70.8362137, 22.8182915 ], [ 70.8362047, 22.8183395 ], [ 70.8361899, 22.818418 ], [ 70.8361666, 22.8187394 ], [ 70.8361085, 22.818959 ], [ 70.8360795, 22.8191411 ], [ 70.8360272, 22.8192803 ], [ 70.8359516, 22.819441 ], [ 70.8358703, 22.8195909 ], [ 70.8357425, 22.819757 ], [ 70.835686, 22.8199251 ], [ 70.8356669, 22.8199819 ], [ 70.8356611, 22.8201533 ], [ 70.8356785, 22.8202872 ], [ 70.8356379, 22.8205282 ], [ 70.8355886, 22.8206769 ], [ 70.83539, 22.8207834 ], [ 70.8352864, 22.8208388 ] ] } },
{ "type": "Feature", "properties": { "name": "", "cls": "residential", "max_depth": 7.7080001831054688, "flooded_km": 0.021561742932853296 }, "geometry": { "type": "LineString", "coordinates": [ [ 70.8349495, 22.8101212 ], [ 70.8349429, 22.8099266 ] ] } },
{ "type": "Feature", "properties": { "name": "", "cls": "residential", "max_depth": 4.2859997749328613, "flooded_km": 0.1096566508356626 }, "geometry": { "type": "LineString", "coordinates": [ [ 70.8296736, 22.8187679 ], [ 70.8301341, 22.8187403 ], [ 70.8307395, 22.818704 ] ] } },
{ "type": "Feature", "properties": { "name": "", "cls": "residential", "max_depth": 6.1659998893737793, "flooded_km": 0.47359804271905598 }, "geometry": { "type": "LineString", "coordinates": [ [ 70.8336251, 22.8164241 ], [ 70.8342004, 22.8156629 ], [ 70.8352428, 22.8142999 ], [ 70.835941, 22.8133113 ], [ 70.8360575, 22.8131508 ], [ 70.8358986, 22.8130461 ], [ 70.8357916, 22.8129779 ] ] } },
{ "type": "Feature", "properties": { "name": "", "cls": "residential", "max_depth": 3.5079998970031738, "flooded_km": 0.076941463658035905 }, "geometry": { "type": "LineString", "coordinates": [ [ 70.8353608, 22.8238575 ], [ 70.8361054, 22.8239367 ] ] } },
{ "type": "Feature", "properties": { "name": "", "cls": "residential", "max_depth": 2.7369999885559082, "flooded_km": 0.055643391796185791 }, "geometry": { "type": "LineString", "coordinates": [ [ 70.8295499, 22.8192639 ], [ 70.8300919, 22.819266 ] ] } },
{ "type": "Feature", "properties": { "name": "", "cls": "residential", "max_depth": 2.5739998817443848, "flooded_km": 0.084353258736546699 }, "geometry": { "type": "LineString", "coordinates": [ [ 70.8320501, 22.8189822 ], [ 70.8319865, 22.8197416 ] ] } },
{ "type": "Feature", "properties": { "name": "", "cls": "residential", "max_depth": 2.9560000896453857, "flooded_km": 0.059137060867335611 }, "geometry": { "type": "LineString", "coordinates": [ [ 70.8357018, 22.8251822 ], [ 70.8362776, 22.8251662 ] ] } },
{ "type": "Feature", "properties": { "name": "", "cls": "residential", "max_depth": 3.3929998874664307, "flooded_km": 0.84195559784904772 }, "geometry": { "type": "LineString", "coordinates": [ [ 70.833806, 22.8175078 ], [ 70.8338192, 22.8179307 ], [ 70.8338889, 22.8182895 ], [ 70.8338889, 22.8184716 ], [ 70.8338831, 22.8186483 ], [ 70.8338947, 22.8187876 ], [ 70.8338947, 22.8189375 ], [ 70.8339063, 22.8191196 ], [ 70.8339586, 22.8192857 ], [ 70.834042, 22.8194317 ], [ 70.8340748, 22.8194892 ], [ 70.8343654, 22.8197034 ], [ 70.8347489, 22.8200837 ], [ 70.8351672, 22.8203568 ], [ 70.835295, 22.8204264 ], [ 70.8354926, 22.8204693 ], [ 70.8356379, 22.8205282 ], [ 70.8361201, 22.820571 ], [ 70.8362712, 22.8205978 ], [ 70.8365152, 22.8206085 ], [ 70.8366954, 22.8205978 ], [ 70.8368348, 22.820571 ], [ 70.8369685, 22.8204853 ], [ 70.8369568, 22.8203889 ], [ 70.8368834, 22.8202083 ], [ 70.8368523, 22.8201319 ], [ 70.8367941, 22.8199123 ], [ 70.8367535, 22.8197998 ], [ 70.8367128, 22.8196713 ], [ 70.8366431, 22.8194303 ], [ 70.8366082, 22.8190339 ], [ 70.836492, 22.8185466 ], [ 70.8364868, 22.8183216 ], [ 70.8364862, 22.8182949 ], [ 70.8362137, 22.8182915 ] ] } },
{ "type": "Feature", "properties": { "name": "", "cls": "residential", "max_depth": 3.2219998836517334, "flooded_km": 0.63080385982185183 }, "geometry": { "type": "LineString", "coordinates": [ [ 70.8346911, 22.8293537 ], [ 70.8331329, 22.8290045 ], [ 70.8330095, 22.8289769 ], [ 70.8327647, 22.828922 ], [ 70.8326233, 22.8288995 ], [ 70.8322156, 22.8288348 ], [ 70.8320559, 22.8288095 ], [ 70.8319048, 22.8287721 ], [ 70.8317653, 22.8288792 ], [ 70.8316764, 22.8290889 ], [ 70.8312803, 22.8300234 ], [ 70.8312258, 22.830152 ], [ 70.831132, 22.8303733 ], [ 70.8310595, 22.8305228 ], [ 70.8308365, 22.8309827 ], [ 70.8305684, 22.8315354 ] ] } },
{ "type": "Feature", "properties": { "name": "", "cls": "residential", "max_depth": 5.3979997634887695, "flooded_km": 0.61877206024983333 }, "geometry": { "type": "LineString", "coordinates": [ [ 70.8363397, 22.8176226 ], [ 70.836399, 22.8174433 ], [ 70.8364513, 22.8172719 ], [ 70.8365327, 22.817063 ], [ 70.8365792, 22.8168434 ], [ 70.8366489, 22.8165917 ], [ 70.836736, 22.816431 ], [ 70.8367373, 22.8163555 ], [ 70.8367419, 22.8160829 ], [ 70.8366024, 22.8160294 ], [ 70.8364746, 22.8159383 ], [ 70.8364339, 22.8158526 ], [ 70.83637, 22.8157937 ], [ 70.8362363, 22.8157776 ], [ 70.8361862, 22.8157727 ], [ 70.8360736, 22.8157616 ], [ 70.8359516, 22.8157509 ], [ 70.8356785, 22.8157401 ], [ 70.8354345, 22.8157294 ], [ 70.8353009, 22.815708 ], [ 70.835173, 22.8156437 ], [ 70.835022, 22.8156009 ], [ 70.834703, 22.8159855 ], [ 70.8341008, 22.8167619 ], [ 70.8339877, 22.8170148 ], [ 70.8338541, 22.8172558 ], [ 70.8337639, 22.8175 ] ] } },
{ "type": "Feature", "properties": { "name": "", "cls": "residential", "max_depth": 3.1600000858306885, "flooded_km": 0.070645853643712661 }, "geometry": { "type": "LineString", "coordinates": [ [ 70.8302195, 22.8197617 ], [ 70.8302023, 22.8201497 ], [ 70.8301395, 22.8203924 ] ] } },
{ "type": "Feature", "properties": { "name": "", "cls": "residential", "max_depth": 2.871999979019165, "flooded_km": 0.11078918291184314 }, "geometry": { "type": "LineString", "coordinates": [ [ 70.8360109, 22.8143093 ], [ 70.8364924, 22.8143992 ], [ 70.8370752, 22.8144712 ] ] } },
{ "type": "Feature", "properties": { "name": "", "cls": "residential", "max_depth": 3.0550000667572021, "flooded_km": 0.048597228473127127 }, "geometry": { "type": "LineString", "coordinates": [ [ 70.8338889, 22.8182895 ], [ 70.8340284, 22.8184609 ], [ 70.8341969, 22.8186216 ] ] } },
{ "type": "Feature", "properties": { "name": "", "cls": "residential", "max_depth": 3.621999979019165, "flooded_km": 0.048637947190080612 }, "geometry": { "type": "LineString", "coordinates": [ [ 70.8299272, 22.8202 ], [ 70.8299757, 22.8199141 ], [ 70.8299643, 22.8197647 ] ] } },
{ "type": "Feature", "properties": { "name": "", "cls": "residential", "max_depth": 3.5910000801086426, "flooded_km": 0.061704002811004112 }, "geometry": { "type": "LineString", "coordinates": [ [ 70.8365617, 22.8140316 ], [ 70.8366663, 22.8140102 ], [ 70.8371526, 22.8140902 ] ] } },
{ "type": "Feature", "properties": { "name": "", "cls": "residential", "max_depth": 3.2799999713897705, "flooded_km": 0.088571313794429951 }, "geometry": { "type": "LineString", "coordinates": [ [ 70.8294945, 22.8194382 ], [ 70.8300106, 22.8194481 ], [ 70.830005, 22.8197693 ] ] } },
{ "type": "Feature", "properties": { "name": "", "cls": "residential", "max_depth": 4.1659998893737793, "flooded_km": 0.15571333681470476 }, "geometry": { "type": "LineString", "coordinates": [ [ 70.8307777, 22.8167764 ], [ 70.8307953, 22.8164623 ], [ 70.8307576, 22.8158223 ], [ 70.8307311, 22.8153724 ] ] } },
{ "type": "Feature", "properties": { "name": "", "cls": "residential", "max_depth": 3.4130001068115234, "flooded_km": 0.084988733646927356 }, "geometry": { "type": "LineString", "coordinates": [ [ 70.8355623, 22.8250269 ], [ 70.8354984, 22.8254606 ], [ 70.8351463, 22.825414 ] ] } },
{ "type": "Feature", "properties": { "name": "", "cls": "residential", "max_depth": 3.1619999408721924, "flooded_km": 0.05815775453217454 }, "geometry": { "type": "LineString", "coordinates": [ [ 70.8315736, 22.8167703 ], [ 70.8315633, 22.8164593 ], [ 70.8315562, 22.8162454 ] ] } },
{ "type": "Feature", "properties": { "name": "", "cls": "residential", "max_depth": 6.5710000991821289, "flooded_km": 0.19619625283242692 }, "geometry": { "type": "LineString", "coordinates": [ [ 70.8362105, 22.8124223 ], [ 70.8366714, 22.8126451 ], [ 70.8369165, 22.8127868 ], [ 70.8370776, 22.8128682 ], [ 70.8366113, 22.8136022 ] ] } },
{ "type": "Feature", "properties": { "name": "", "cls": "residential", "max_depth": 3.0480000972747803, "flooded_km": 0.099820608728079754 }, "geometry": { "type": "LineString", "coordinates": [ [ 70.8303442, 22.8206337 ], [ 70.8304406, 22.8204978 ], [ 70.8304112, 22.8197596 ] ] } },
{ "type": "Feature", "properties": { "name": "", "cls": "residential", "max_depth": 5.2430000305175781, "flooded_km": 0.13083467686237996 }, "geometry": { "type": "LineString", "coordinates": [ [ 70.835022, 22.8156009 ], [ 70.835316, 22.8152169 ], [ 70.8354696, 22.8150163 ], [ 70.8357596, 22.8146375 ] ] } },
{ "type": "Feature", "properties": { "name": "", "cls": "residential", "max_depth": 3.0610001087188721, "flooded_km": 0.15598979475713701 }, "geometry": { "type": "LineString", "coordinates": [ [ 70.8357134, 22.8239611 ], [ 70.8356327, 22.8244911 ], [ 70.8355623, 22.8250269 ], [ 70.8352046, 22.8249909 ] ] } },
{ "type": "Feature", "properties": { "name": "", "cls": "secondary", "max_depth": 3.6549999713897705, "flooded_km": 0.88463281178905806 }, "geometry": { "type": "LineString", "coordinates": [ [ 70.8355746, 22.8226633 ], [ 70.8345825, 22.8229383 ], [ 70.8339457, 22.8231961 ], [ 70.8337226, 22.8232865 ], [ 70.8334611, 22.8233882 ], [ 70.8332461, 22.8234739 ], [ 70.8330718, 22.8235007 ], [ 70.8314431, 22.8235242 ], [ 70.8314795, 22.8232441 ], [ 70.8315685, 22.8225603 ], [ 70.8316308, 22.8220815 ], [ 70.8317098, 22.8213083 ], [ 70.8313334, 22.8212606 ], [ 70.8309469, 22.8212116 ], [ 70.8306304, 22.821169 ], [ 70.8305356, 22.821106 ], [ 70.8304936, 22.8209514 ], [ 70.8304048, 22.8207051 ], [ 70.8303442, 22.8206337 ], [ 70.8301395, 22.8203924 ], [ 70.8299272, 22.8202 ], [ 70.8298877, 22.8201641 ], [ 70.8294102, 22.8197648 ] ] } },
{ "type": "Feature", "properties": { "name": "", "cls": "residential", "max_depth": 3.7730000019073486, "flooded_km": 0.14901336704654672 }, "geometry": { "type": "LineString", "coordinates": [ [ 70.8358145, 22.8245102 ], [ 70.8357018, 22.8251822 ], [ 70.8356146, 22.8254981 ], [ 70.8355391, 22.8258302 ] ] } },
{ "type": "Feature", "properties": { "name": "", "cls": "residential", "max_depth": 3.0920000076293945, "flooded_km": 0.1368052687367057 }, "geometry": { "type": "LineString", "coordinates": [ [ 70.8286974, 22.8166524 ], [ 70.8292668, 22.8166524 ], [ 70.8296155, 22.8166417 ], [ 70.8300296, 22.8166524 ] ] } },
{ "type": "Feature", "properties": { "name": "", "cls": "residential", "max_depth": 2.6809999942779541, "flooded_km": 0.15089895863061051 }, "geometry": { "type": "LineString", "coordinates": [ [ 70.8305356, 22.821106 ], [ 70.8306555, 22.8205996 ], [ 70.830673, 22.8201658 ], [ 70.8306952, 22.8197563 ] ] } },
{ "type": "Feature", "properties": { "name": "", "cls": "residential", "max_depth": 4.5850000381469727, "flooded_km": 0.13172395111473675 }, "geometry": { "type": "LineString", "coordinates": [ [ 70.8287522, 22.815624 ], [ 70.8292388, 22.815608 ], [ 70.829666, 22.8156233 ], [ 70.8300329, 22.8155903 ] ] } },
{ "type": "Feature", "properties": { "name": "", "cls": "residential", "max_depth": 5.2039999961853027, "flooded_km": 0.054000065518972705 }, "geometry": { "type": "LineString", "coordinates": [ [ 70.8374336, 22.8115734 ], [ 70.837137, 22.8114983 ], [ 70.8369859, 22.8114875 ], [ 70.8369192, 22.8114821 ] ] } },
{ "type": "Feature", "properties": { "name": "", "cls": "residential", "max_depth": 4.7989997863769531, "flooded_km": 0.13290927991886747 }, "geometry": { "type": "LineString", "coordinates": [ [ 70.836419, 22.8147884 ], [ 70.8364924, 22.8143992 ], [ 70.8365617, 22.8140316 ], [ 70.8366113, 22.8136022 ] ] } },
{ "type": "Feature", "properties": { "name": "", "cls": "residential", "max_depth": 4.1729998588562012, "flooded_km": 0.27479210101148971 }, "geometry": { "type": "LineString", "coordinates": [ [ 70.8333189, 22.8162633 ], [ 70.8336251, 22.8164241 ], [ 70.8338048, 22.8165185 ], [ 70.8343882, 22.8157877 ], [ 70.8349669, 22.8150671 ], [ 70.8350773, 22.8149493 ] ] } },
{ "type": "Feature", "properties": { "name": "", "cls": "residential", "max_depth": 2.1050000190734863, "flooded_km": 0.30926273534540227 }, "geometry": { "type": "LineString", "coordinates": [ [ 70.8313334, 22.8212606 ], [ 70.8315331, 22.8197467 ], [ 70.831588, 22.8192857 ], [ 70.8315763, 22.8186698 ], [ 70.8315822, 22.8184823 ] ] } },
{ "type": "Feature", "properties": { "name": "", "cls": "residential", "max_depth": 3.5220000743865967, "flooded_km": 0.20474793108197628 }, "geometry": { "type": "LineString", "coordinates": [ [ 70.8303302, 22.816781 ], [ 70.8307777, 22.8167764 ], [ 70.8308589, 22.8167756 ], [ 70.8310353, 22.8167743 ], [ 70.8315736, 22.8167703 ], [ 70.8315452, 22.8174659 ] ] } },
{ "type": "Feature", "properties": { "name": "", "cls": "residential", "max_depth": 3.996999979019165, "flooded_km": 0.15745120622438824 }, "geometry": { "type": "LineString", "coordinates": [ [ 70.8300313, 22.8164918 ], [ 70.8303295, 22.816465 ], [ 70.8307953, 22.8164623 ], [ 70.8310311, 22.8164677 ], [ 70.831254, 22.8164596 ], [ 70.8315633, 22.8164593 ] ] } },
{ "type": "Feature", "properties": { "name": "", "cls": "residential", "max_depth": 2.8329999446868896, "flooded_km": 0.096482171645005624 }, "geometry": { "type": "LineString", "coordinates": [ [ 70.8352786, 22.8244539 ], [ 70.8356327, 22.8244911 ], [ 70.8358145, 22.8245102 ], [ 70.83594, 22.8245234 ], [ 70.836214, 22.8245137 ] ] } },
{ "type": "Feature", "properties": { "name": "", "cls": "residential", "max_depth": 2.5150001049041748, "flooded_km": 0.14276000099096134 }, "geometry": { "type": "LineString", "coordinates": [ [ 70.8370847, 22.8164203 ], [ 70.8369045, 22.8169184 ], [ 70.8368058, 22.8171219 ], [ 70.8367651, 22.8172398 ], [ 70.8367186, 22.817379 ], [ 70.836624, 22.8176355 ] ] } },
{ "type": "Feature", "properties": { "name": "", "cls": "residential", "max_depth": 4.4549999237060547, "flooded_km": 0.21175080716768568 }, "geometry": { "type": "LineString", "coordinates": [ [ 70.8360883, 22.8237755 ], [ 70.8372183, 22.8238968 ], [ 70.8373694, 22.8237255 ], [ 70.8374101, 22.8235648 ], [ 70.8374391, 22.8233559 ], [ 70.8374856, 22.8230989 ] ] } },
{ "type": "Feature", "properties": { "name": "", "cls": "residential", "max_depth": 3.6909999847412109, "flooded_km": 0.10524757725467392 }, "geometry": { "type": "LineString", "coordinates": [ [ 70.8336131, 22.8171505 ], [ 70.8335608, 22.816947 ], [ 70.8335898, 22.8168345 ], [ 70.8336944, 22.8166846 ], [ 70.8338048, 22.8165185 ], [ 70.834014, 22.8166792 ] ] } },
{ "type": "Feature", "properties": { "name": "", "cls": "residential", "max_depth": 4.1830000877380371, "flooded_km": 0.20210806514238441 }, "geometry": { "type": "LineString", "coordinates": [ [ 70.8287634, 22.8154145 ], [ 70.8292324, 22.8153993 ], [ 70.8296628, 22.8153856 ], [ 70.8300329, 22.8153724 ], [ 70.83036, 22.8153669 ], [ 70.8305956, 22.8153704 ], [ 70.8307311, 22.8153724 ] ] } },
{ "type": "Feature", "properties": { "name": "", "cls": "residential", "max_depth": 3.3190000057220459, "flooded_km": 0.17824953738062102 }, "geometry": { "type": "LineString", "coordinates": [ [ 70.8368755, 22.8156437 ], [ 70.8370742, 22.8156963 ], [ 70.8372327, 22.8157383 ], [ 70.8374624, 22.8157991 ], [ 70.8373926, 22.8159276 ], [ 70.8371312, 22.8163079 ], [ 70.8370847, 22.8164203 ], [ 70.8367373, 22.8163555 ] ] } },
{ "type": "Feature", "properties": { "name": "", "cls": "residential", "max_depth": 4.9840002059936523, "flooded_km": 0.34957426362825439 }, "geometry": { "type": "LineString", "coordinates": [ [ 70.8296155, 22.8166417 ], [ 70.8296532, 22.8158817 ], [ 70.829666, 22.8156233 ], [ 70.8296628, 22.8153856 ], [ 70.8296501, 22.8149867 ], [ 70.8296445, 22.81481 ], [ 70.8296418, 22.8147592 ], [ 70.8296302, 22.8145417 ], [ 70.8296199, 22.8143136 ], [ 70.8296092, 22.8140917 ], [ 70.8296071, 22.8138479 ], [ 70.8298088, 22.8135395 ] ] } },
{ "type": "Feature", "properties": { "name": "", "cls": "residential", "max_depth": 4.439000129699707, "flooded_km": 0.28892310738256249 }, "geometry": { "type": "LineString", "coordinates": [ [ 70.8303649, 22.8144526 ], [ 70.8303621, 22.8149718 ], [ 70.83036, 22.8153669 ], [ 70.8303592, 22.8155063 ], [ 70.8303482, 22.8158619 ], [ 70.8303295, 22.816465 ], [ 70.8303243, 22.816631 ], [ 70.8303302, 22.816781 ], [ 70.8300283, 22.8167861 ] ] } },
{ "type": "Feature", "properties": { "name": "", "cls": "residential", "max_depth": 4.0450000762939453, "flooded_km": 0.21927223491487371 }, "geometry": { "type": "LineString", "coordinates": [ [ 70.835316, 22.8152169 ], [ 70.8357425, 22.8154242 ], [ 70.8358204, 22.8154501 ], [ 70.836033, 22.8155206 ], [ 70.8362422, 22.8155634 ], [ 70.836614, 22.8156116 ], [ 70.8368755, 22.8156437 ], [ 70.8367419, 22.8160829 ] ] } },
{ "type": "Feature", "properties": { "name": "", "cls": "residential", "max_depth": 5.1640000343322754, "flooded_km": 0.29299399944807114 }, "geometry": { "type": "LineString", "coordinates": [ [ 70.8370742, 22.8156963 ], [ 70.8372541, 22.8149422 ], [ 70.8372822, 22.8148243 ], [ 70.8374101, 22.8141816 ], [ 70.8374791, 22.813795 ], [ 70.8374914, 22.8137263 ], [ 70.8372299, 22.8137103 ], [ 70.8373171, 22.8134639 ], [ 70.8373771, 22.8133406 ] ] } },
{ "type": "Feature", "properties": { "name": "", "cls": "residential", "max_depth": 4.6880002021789551, "flooded_km": 0.33854540327346405 }, "geometry": { "type": "LineString", "coordinates": [ [ 70.8291855, 22.8134978 ], [ 70.8296071, 22.8138479 ], [ 70.8300736, 22.8142353 ], [ 70.8303649, 22.8144526 ], [ 70.8306788, 22.8146868 ], [ 70.8308822, 22.8148743 ], [ 70.8316554, 22.8153019 ], [ 70.831796, 22.8152895 ] ] } },
{ "type": "Feature", "properties": { "name": "", "cls": "residential", "max_depth": 4.0669999122619629, "flooded_km": 0.25561808727746266 }, "geometry": { "type": "LineString", "coordinates": [ [ 70.8372299, 22.8137103 ], [ 70.8371526, 22.8140902 ], [ 70.8370752, 22.8144712 ], [ 70.8370033, 22.8148243 ], [ 70.8365443, 22.8148082 ], [ 70.836419, 22.8147884 ], [ 70.8361376, 22.814744 ], [ 70.8359599, 22.8146939 ], [ 70.8357596, 22.8146375 ] ] } },
{ "type": "Feature", "properties": { "name": "", "cls": "residential", "max_depth": 4.7960000038146973, "flooded_km": 0.56902432750876686 }, "geometry": { "type": "LineString", "coordinates": [ [ 70.8292031, 22.8181778 ], [ 70.8292029, 22.8174914 ], [ 70.8292668, 22.8166524 ], [ 70.8292469, 22.8158915 ], [ 70.8292436, 22.8157634 ], [ 70.8292388, 22.815608 ], [ 70.8292324, 22.8153993 ], [ 70.8292198, 22.8149867 ], [ 70.8292131, 22.8147691 ], [ 70.8292067, 22.8145614 ], [ 70.8291996, 22.814329 ], [ 70.8291971, 22.8142476 ], [ 70.8291948, 22.8141016 ], [ 70.8291917, 22.8138988 ], [ 70.8291855, 22.8134978 ], [ 70.8288054, 22.8132098 ] ] } },
{ "type": "Feature", "properties": { "name": "", "cls": "residential", "max_depth": 8.4139995574951172, "flooded_km": 0.33287282186741263 }, "geometry": { "type": "LineString", "coordinates": [ [ 70.834825, 22.8056138 ], [ 70.8346328, 22.8057679 ], [ 70.8345107, 22.8059072 ], [ 70.8343829, 22.8059661 ], [ 70.8342839, 22.8060396 ], [ 70.8341737, 22.8061214 ], [ 70.8340136, 22.8061997 ], [ 70.8337947, 22.8063068 ], [ 70.8341688, 22.8064437 ], [ 70.8341729, 22.8065952 ], [ 70.8341387, 22.8066353 ], [ 70.8340661, 22.8067202 ], [ 70.8340289, 22.8068167 ], [ 70.8339346, 22.8070611 ], [ 70.8339045, 22.807099 ], [ 70.8338566, 22.8071595 ], [ 70.8337497, 22.8072239 ], [ 70.8336511, 22.8072353 ], [ 70.8332307, 22.8070438 ] ] } },
{ "type": "Feature", "properties": { "name": "", "cls": "residential", "max_depth": 5.5809998512268066, "flooded_km": 0.19332726918406093 }, "geometry": { "type": "LineString", "coordinates": [ [ 70.8339346, 22.8070611 ], [ 70.8347317, 22.8072618 ], [ 70.8348015, 22.8070421 ], [ 70.8340289, 22.8068167 ] ] } },
{ "type": "Feature", "properties": { "name": "", "cls": "residential", "max_depth": 6.5450000762939453, "flooded_km": 0.16237435046457904 }, "geometry": { "type": "LineString", "coordinates": [ [ 70.8332503, 22.806042 ], [ 70.8338525, 22.8062506 ], [ 70.8337947, 22.8063068 ], [ 70.8337087, 22.8063907 ], [ 70.83338, 22.8065763 ], [ 70.8330689, 22.8067149 ] ] } },
{ "type": "Feature", "properties": { "name": "", "cls": "residential", "max_depth": 6.6640000343322754, "flooded_km": 0.19845988937071118 }, "geometry": { "type": "LineString", "coordinates": [ [ 70.8339045, 22.807099 ], [ 70.8331517, 22.8068254 ], [ 70.8330431, 22.8067959 ], [ 70.8330689, 22.8067149 ], [ 70.8331207, 22.806553 ], [ 70.8332503, 22.806042 ], [ 70.8332896, 22.805887 ] ] } },
{ "type": "Feature", "properties": { "name": "", "cls": "residential", "max_depth": 4.7329998016357422, "flooded_km": 1.1176115856267557 }, "geometry": { "type": "LineString", "coordinates": [ [ 70.8262546, 22.8104009 ], [ 70.8245776, 22.8120623 ], [ 70.8245333, 22.8130487 ], [ 70.8245079, 22.8136151 ], [ 70.8244509, 22.8142543 ], [ 70.8244176, 22.8149258 ], [ 70.8243873, 22.8155538 ], [ 70.8243608, 22.8161686 ], [ 70.8243402, 22.8170359 ], [ 70.8242945, 22.8177904 ], [ 70.8242905, 22.8178574 ], [ 70.8246507, 22.8178467 ], [ 70.8246933, 22.8170415 ], [ 70.8247329, 22.8161681 ] ] } },
{ "type": "Feature", "properties": { "name": "", "cls": "residential", "max_depth": 4.370999813079834, "flooded_km": 0.33759220646828231 }, "geometry": { "type": "LineString", "coordinates": [ [ 70.82357, 22.8178895 ], [ 70.823542, 22.8180816 ], [ 70.8230613, 22.8180513 ], [ 70.8230613, 22.8177975 ], [ 70.8231018, 22.8175785 ], [ 70.8232092, 22.8169985 ], [ 70.8233078, 22.8167826 ], [ 70.8233639, 22.8165118 ], [ 70.8234166, 22.8162574 ], [ 70.8233934, 22.8159789 ], [ 70.8233894, 22.8156841 ] ] } },
{ "type": "Feature", "properties": { "name": "", "cls": "residential", "max_depth": 4.2230000495910645, "flooded_km": 0.67631695483187571 }, "geometry": { "type": "LineString", "coordinates": [ [ 70.8268805, 22.812145 ], [ 70.8268794, 22.8130251 ], [ 70.8268452, 22.8136517 ], [ 70.8267634, 22.8142964 ], [ 70.826775, 22.8149197 ], [ 70.8267285, 22.8155188 ], [ 70.8266704, 22.8161631 ], [ 70.8267197, 22.8164762 ], [ 70.8267133, 22.8166481 ], [ 70.826723, 22.8168067 ], [ 70.8269101, 22.8168087 ], [ 70.827533, 22.8168155 ], [ 70.8279346, 22.8168253 ], [ 70.8282679, 22.8168334 ] ] } },
{ "type": "Feature", "properties": { "name": "", "cls": "residential", "max_depth": 5.5139999389648438, "flooded_km": 0.12806818967974964 }, "geometry": { "type": "LineString", "coordinates": [ [ 70.8390663, 22.8126447 ], [ 70.838865, 22.8123455 ], [ 70.838754, 22.8122016 ], [ 70.8386965, 22.8121107 ], [ 70.8386513, 22.812016 ], [ 70.8386419, 22.8119638 ], [ 70.8386349, 22.8119251 ], [ 70.8386431, 22.8118418 ], [ 70.8386431, 22.8117623 ], [ 70.8386431, 22.8116752 ], [ 70.8386674, 22.8116031 ] ] } },
{ "type": "Feature", "properties": { "name": "", "cls": "residential", "max_depth": 4.3379998207092285, "flooded_km": 0.12684582110628381 }, "geometry": { "type": "LineString", "coordinates": [ [ 70.8397285, 22.8137588 ], [ 70.8396415, 22.8137241 ], [ 70.8395963, 22.8136218 ], [ 70.839584, 22.8134892 ], [ 70.8396086, 22.8133264 ], [ 70.839621, 22.8132241 ], [ 70.8396497, 22.8131181 ], [ 70.8396785, 22.8130007 ], [ 70.8397114, 22.8129098 ], [ 70.8397401, 22.8127924 ], [ 70.8397649, 22.8126944 ] ] } },
{ "type": "Feature", "properties": { "name": "", "cls": "residential", "max_depth": 5.0139999389648438, "flooded_km": 0.12970000304777216 }, "geometry": { "type": "LineString", "coordinates": [ [ 70.8402856, 22.8127222 ], [ 70.8402003, 22.8126523 ], [ 70.8400729, 22.8126409 ], [ 70.8399168, 22.8126674 ], [ 70.8398182, 22.8126826 ], [ 70.8397649, 22.8126944 ], [ 70.8397155, 22.8127053 ], [ 70.8395799, 22.8127129 ], [ 70.8394525, 22.8127015 ], [ 70.8392142, 22.812675 ], [ 70.8391074, 22.8126636 ], [ 70.8390663, 22.8126447 ] ] } },
{ "type": "Feature", "properties": { "name": "", "cls": "residential", "max_depth": 4.3080000877380371, "flooded_km": 0.87519169161907173 }, "geometry": { "type": "LineString", "coordinates": [ [ 70.8277512, 22.8121762 ], [ 70.8278, 22.8123837 ], [ 70.8277582, 22.8130331 ], [ 70.8277175, 22.813665 ], [ 70.8276764, 22.8143031 ], [ 70.8276369, 22.8149173 ], [ 70.8275965, 22.8155581 ], [ 70.8275559, 22.8161757 ], [ 70.8272641, 22.8161715 ], [ 70.8266704, 22.8161631 ], [ 70.826398, 22.8161593 ], [ 70.8261001, 22.8161551 ], [ 70.825762, 22.8161815 ], [ 70.8254367, 22.8161836 ], [ 70.8250956, 22.8161765 ], [ 70.8247329, 22.8161681 ], [ 70.8243608, 22.8161686 ], [ 70.8240722, 22.8161654 ], [ 70.8237705, 22.8161561 ], [ 70.8237678, 22.8157753 ] ] } },
{ "type": "Feature", "properties": { "name": "", "cls": "residential", "max_depth": 3.440000057220459, "flooded_km": 0.3629134674108126 }, "geometry": { "type": "LineString", "coordinates": [ [ 70.8255316, 22.8044955 ], [ 70.8253922, 22.8046026 ], [ 70.825183, 22.8047205 ], [ 70.825146, 22.8047251 ], [ 70.8249245, 22.8048021 ], [ 70.8247183, 22.8049275 ], [ 70.8245405, 22.8050378 ], [ 70.8244122, 22.8051222 ], [ 70.8243658, 22.8051654 ], [ 70.8243218, 22.8052141 ], [ 70.8242785, 22.8052691 ], [ 70.8242419, 22.805328 ], [ 70.824185, 22.805444 ], [ 70.824084, 22.8057475 ], [ 70.824023, 22.8059089 ], [ 70.8239461, 22.8059865 ], [ 70.8238036, 22.8060247 ], [ 70.823698, 22.8060488 ], [ 70.8236232, 22.8060687 ], [ 70.82359, 22.8060865 ], [ 70.8235663, 22.8061171 ], [ 70.8235253, 22.8061786 ], [ 70.8234863, 22.8062309 ], [ 70.8233934, 22.8064023 ], [ 70.8232977, 22.806567 ], [ 70.8231169, 22.8068121 ], [ 70.8228577, 22.806939 ], [ 70.8227894, 22.8069728 ], [ 70.822739, 22.8070085 ] ] } },
{ "type": "Feature", "properties": { "name": "", "cls": "residential", "max_depth": 4.9869999885559082, "flooded_km": 0.2056757912343552 }, "geometry": { "type": "LineString", "coordinates": [ [ 70.8386419, 22.8119638 ], [ 70.8384747, 22.8121183 ], [ 70.8384171, 22.8122016 ], [ 70.838335, 22.8123038 ], [ 70.8382117, 22.8124099 ], [ 70.8381419, 22.8124553 ], [ 70.8380433, 22.8125159 ], [ 70.8379652, 22.8125689 ], [ 70.837883, 22.8126333 ], [ 70.8377844, 22.8127204 ], [ 70.8377146, 22.8128038 ], [ 70.8376488, 22.8128719 ], [ 70.837542, 22.8129704 ], [ 70.8374886, 22.8130575 ], [ 70.837427, 22.8131484 ], [ 70.8373859, 22.8132204 ], [ 70.8373489, 22.8132809 ], [ 70.8373209, 22.8133309 ] ] } },
{ "type": "Feature", "properties": { "name": "", "cls": "residential", "max_depth": 4.9520001411437988, "flooded_km": 0.10892867764945402 }, "geometry": { "type": "LineString", "coordinates": [ [ 70.8375976, 22.8120092 ], [ 70.8386431, 22.8118418 ] ] } },
{ "type": "Feature", "properties": { "name": "", "cls": "residential", "max_depth": 5.5980000495910645, "flooded_km": 0.100105440928002 }, "geometry": { "type": "LineString", "coordinates": [ [ 70.8363512, 22.8135233 ], [ 70.8369165, 22.8127868 ] ] } },
{ "type": "Feature", "properties": { "name": "", "cls": "residential", "max_depth": 3.6800000667572021, "flooded_km": 0.036948888775322562 }, "geometry": { "type": "LineString", "coordinates": [ [ 70.8233639, 22.8165118 ], [ 70.8237238, 22.8165127 ] ] } },
{ "type": "Feature", "properties": { "name": "", "cls": "residential", "max_depth": 5.8530001640319824, "flooded_km": 0.10299302370540363 }, "geometry": { "type": "LineString", "coordinates": [ [ 70.8366714, 22.8126451 ], [ 70.837242, 22.8118802 ] ] } },
{ "type": "Feature", "properties": { "name": "", "cls": "residential", "max_depth": 3.4010000228881836, "flooded_km": 0.30753719733703866 }, "geometry": { "type": "LineString", "coordinates": [ [ 70.8395198, 22.8138676 ], [ 70.8395388, 22.8141066 ], [ 70.8396456, 22.814205 ], [ 70.8397607, 22.8143035 ], [ 70.8398141, 22.8144171 ], [ 70.8398469, 22.8144929 ], [ 70.8399045, 22.8146027 ], [ 70.8399332, 22.8147049 ], [ 70.839925, 22.8148261 ], [ 70.8399003, 22.8150041 ], [ 70.839888, 22.8151632 ], [ 70.8399003, 22.8152957 ], [ 70.8399187, 22.8154618 ], [ 70.8399361, 22.81562 ], [ 70.8399455, 22.8157047 ], [ 70.839925, 22.815913 ], [ 70.8399127, 22.816038 ], [ 70.8398921, 22.8162236 ], [ 70.8398757, 22.8163372 ], [ 70.8398634, 22.8164546 ], [ 70.839888, 22.8167008 ], [ 70.8399455, 22.8169015 ], [ 70.8399784, 22.8170416 ], [ 70.8399907, 22.8171893 ], [ 70.8399907, 22.8173143 ], [ 70.8399703, 22.8174278 ] ] } },
{ "type": "Feature", "properties": { "name": "", "cls": "residential", "max_depth": 9.8280000686645508, "flooded_km": 1.6490462888929376 }, "geometry": { "type": "LineString", "coordinates": [ [ 70.8347029, 22.8097105 ], [ 70.8348285, 22.8093756 ], [ 70.834919, 22.8091344 ], [ 70.8350286, 22.8088423 ], [ 70.8351203, 22.8085979 ], [ 70.8352002, 22.808385 ], [ 70.8352906, 22.808144 ], [ 70.8353653, 22.8079449 ], [ 70.8354549, 22.8077061 ], [ 70.835514, 22.8075486 ], [ 70.8355376, 22.807497 ], [ 70.835645, 22.8072624 ], [ 70.8357482, 22.8070369 ], [ 70.8358278, 22.806863 ], [ 70.835607, 22.8066059 ], [ 70.8352816, 22.8063059 ], [ 70.835084, 22.806022 ], [ 70.8348865, 22.8057649 ], [ 70.834825, 22.8056138 ], [ 70.8347819, 22.8055078 ], [ 70.8346328, 22.8052375 ], [ 70.834441, 22.8048895 ], [ 70.8342589, 22.8046562 ], [ 70.8338871, 22.8040777 ], [ 70.8331782, 22.8028779 ], [ 70.832969, 22.8025458 ], [ 70.8329595, 22.802452 ], [ 70.8329341, 22.802203 ], [ 70.8327133, 22.8017424 ], [ 70.8326556, 22.8016559 ], [ 70.8324344, 22.8013246 ], [ 70.8320567, 22.8008952 ], [ 70.8316829, 22.8004792 ], [ 70.831528, 22.8003068 ], [ 70.8313626, 22.8002415 ], [ 70.831284, 22.8002104 ], [ 70.8309925, 22.7999753 ], [ 70.8307262, 22.7997605 ], [ 70.830648, 22.7996993 ], [ 70.8304205, 22.7995212 ], [ 70.8301103, 22.7992784 ], [ 70.8300759, 22.7992282 ], [ 70.8298659, 22.7989216 ], [ 70.8298314, 22.7988713 ], [ 70.8296865, 22.7986497 ], [ 70.8295875, 22.7984984 ], [ 70.8295614, 22.7984585 ], [ 70.8293765, 22.7982127 ], [ 70.8292386, 22.7980365 ], [ 70.8291735, 22.7979533 ], [ 70.8289732, 22.7977646 ], [ 70.8285259, 22.7973625 ] ] } },
{ "type": "Feature", "properties": { "name": "", "cls": "residential", "max_depth": 4.3159999847412109, "flooded_km": 0.080185994059135554 }, "geometry": { "type": "LineString", "coordinates": [ [ 70.8378922, 22.8135213 ], [ 70.8381076, 22.8130759 ], [ 70.8382117, 22.8128606 ] ] } },
{ "type": "Feature", "properties": { "name": "", "cls": "residential", "max_depth": 3.8420000076293945, "flooded_km": 0.19307088352706916 }, "geometry": { "type": "LineString", "coordinates": [ [ 70.8237705, 22.8161561 ], [ 70.8237238, 22.8165127 ], [ 70.82357, 22.8178895 ] ] } },
{ "type": "Feature", "properties": { "name": "", "cls": "residential", "max_depth": 1.968999981880188, "flooded_km": 0.10385943101013764 }, "geometry": { "type": "LineString", "coordinates": [ [ 70.8260931, 22.8037193 ], [ 70.8258406, 22.8040299 ], [ 70.8256711, 22.8042384 ], [ 70.825629, 22.804316 ], [ 70.8255316, 22.8044955 ] ] } },
{ "type": "Feature", "properties": { "name": "", "cls": "residential", "max_depth": 4.5409998893737793, "flooded_km": 0.17067314132339009 }, "geometry": { "type": "LineString", "coordinates": [ [ 70.825659, 22.8121011 ], [ 70.825648, 22.8130375 ], [ 70.825589, 22.8136397 ] ] } },
{ "type": "Feature", "properties": { "name": "", "cls": "residential", "max_depth": 3.9010000228881836, "flooded_km": 0.29379245726216285 }, "geometry": { "type": "LineString", "coordinates": [ [ 70.8246405, 22.8185134 ], [ 70.8246507, 22.8178467 ], [ 70.8249993, 22.8178359 ], [ 70.8250756, 22.8170472 ], [ 70.8250956, 22.8161765 ] ] } },
{ "type": "Feature", "properties": { "name": "", "cls": "residential", "max_depth": 3.8420000076293945, "flooded_km": 0.085172388276623115 }, "geometry": { "type": "LineString", "coordinates": [ [ 70.8242945, 22.8177904 ], [ 70.8239857, 22.8177938 ], [ 70.8239611, 22.8179112 ], [ 70.82357, 22.8178895 ] ] } },
{ "type": "Feature", "properties": { "name": "", "cls": "residential", "max_depth": 6.6430001258850098, "flooded_km": 0.26586202169707052 }, "geometry": { "type": "LineString", "coordinates": [ [ 70.8303706, 22.8123123 ], [ 70.8308737, 22.8121093 ], [ 70.8315343, 22.8119015 ], [ 70.8323435, 22.8116469 ], [ 70.8328063, 22.8115013 ] ] } },
{ "type": "Feature", "properties": { "name": "", "cls": "residential", "max_depth": 4.6180000305175781, "flooded_km": 0.35942362504118963 }, "geometry": { "type": "LineString", "coordinates": [ [ 70.8255315, 22.8149231 ], [ 70.8254851, 22.8155215 ], [ 70.8254367, 22.8161836 ], [ 70.8253956, 22.8170434 ], [ 70.8253573, 22.817832 ], [ 70.8249993, 22.8178359 ] ] } },
{ "type": "Feature", "properties": { "name": "", "cls": "residential", "max_depth": 1.6770000457763672, "flooded_km": 0.082056342577538813 }, "geometry": { "type": "LineString", "coordinates": [ [ 70.8241631, 22.8033018 ], [ 70.824204, 22.8033042 ], [ 70.8243017, 22.8033572 ], [ 70.8243573, 22.8033395 ], [ 70.8243827, 22.8033029 ], [ 70.824511, 22.8030114 ], [ 70.8246555, 22.8027576 ], [ 70.8247459, 22.8026391 ] ] } },
{ "type": "Feature", "properties": { "name": "", "cls": "residential", "max_depth": 4.5529999732971191, "flooded_km": 0.33731464525752908 }, "geometry": { "type": "LineString", "coordinates": [ [ 70.828212, 22.817865 ], [ 70.8274955, 22.8178641 ], [ 70.8275083, 22.8175055 ], [ 70.8275159, 22.817293 ], [ 70.8275228, 22.8171002 ], [ 70.827533, 22.8168155 ], [ 70.8275559, 22.8161757 ], [ 70.8279561, 22.8161895 ], [ 70.8283022, 22.8162014 ] ] } },
{ "type": "Feature", "properties": { "name": "", "cls": "residential", "max_depth": 5.5749998092651367, "flooded_km": 0.076726585368531483 }, "geometry": { "type": "LineString", "coordinates": [ [ 70.8396497, 22.8131181 ], [ 70.8398469, 22.8130992 ], [ 70.8401058, 22.8130461 ], [ 70.8402824, 22.8130158 ], [ 70.840353, 22.8129446 ] ] } },
{ "type": "Feature", "properties": { "name": "", "cls": "residential", "max_depth": 4.3480000495910645, "flooded_km": 0.46464535565344645 }, "geometry": { "type": "LineString", "coordinates": [ [ 70.8238155, 22.8155516 ], [ 70.8241067, 22.8155478 ], [ 70.8243873, 22.8155538 ], [ 70.8247622, 22.8155491 ], [ 70.8251178, 22.8155453 ], [ 70.8254851, 22.8155215 ], [ 70.8258048, 22.8155208 ], [ 70.8261269, 22.8155201 ], [ 70.8264314, 22.8155194 ], [ 70.8267285, 22.8155188 ], [ 70.8270442, 22.8155181 ], [ 70.8273231, 22.8155175 ], [ 70.8275965, 22.8155581 ], [ 70.8280044, 22.8155641 ], [ 70.8283367, 22.8155588 ] ] } },
{ "type": "Feature", "properties": { "name": "", "cls": "residential", "max_depth": 6.4190001487731934, "flooded_km": 0.30118990322420963 }, "geometry": { "type": "LineString", "coordinates": [ [ 70.8353855, 22.8143911 ], [ 70.8361088, 22.8133698 ], [ 70.8363512, 22.8135233 ], [ 70.8361439, 22.8137837 ], [ 70.8356584, 22.8143971 ], [ 70.8355493, 22.8144958 ] ] } },
{ "type": "Feature", "properties": { "name": "", "cls": "residential", "max_depth": 4.8730001449584961, "flooded_km": 0.46502377827072078 }, "geometry": { "type": "LineString", "coordinates": [ [ 70.8238762, 22.8142519 ], [ 70.8241904, 22.8142532 ], [ 70.8244509, 22.8142543 ], [ 70.824829, 22.8142668 ], [ 70.8251584, 22.8142776 ], [ 70.825427, 22.8142864 ], [ 70.8265036, 22.8142945 ], [ 70.8267634, 22.8142964 ], [ 70.8270633, 22.8142986 ], [ 70.8273875, 22.814301 ], [ 70.8276764, 22.8143031 ], [ 70.8280256, 22.8143025 ], [ 70.828405, 22.8143019 ] ] } },
{ "type": "Feature", "properties": { "name": "", "cls": "residential", "max_depth": 3.9419999122619629, "flooded_km": 0.27431889374750523 }, "geometry": { "type": "LineString", "coordinates": [ [ 70.8374624, 22.8157991 ], [ 70.837805, 22.8153147 ], [ 70.8381747, 22.8149284 ], [ 70.8389102, 22.8141634 ], [ 70.8390458, 22.814046 ], [ 70.8391279, 22.8139702 ], [ 70.8391985, 22.8139293 ] ] } },
{ "type": "Feature", "properties": { "name": "", "cls": "residential", "max_depth": 3.9440000057220459, "flooded_km": 0.46509233983565024 }, "geometry": { "type": "LineString", "coordinates": [ [ 70.8239595, 22.8130545 ], [ 70.8242655, 22.8130514 ], [ 70.8245333, 22.8130487 ], [ 70.8249023, 22.813045 ], [ 70.825311, 22.8130409 ], [ 70.825648, 22.8130375 ], [ 70.8259642, 22.8130343 ], [ 70.8262337, 22.8130316 ], [ 70.8265577, 22.8130283 ], [ 70.8268794, 22.8130251 ], [ 70.8271469, 22.8130224 ], [ 70.8274465, 22.8130276 ], [ 70.8277582, 22.8130331 ], [ 70.8281185, 22.8130393 ], [ 70.8284892, 22.8130455 ] ] } },
{ "type": "Feature", "properties": { "name": "", "cls": "residential", "max_depth": 4.1840000152587891, "flooded_km": 0.46448988919755313 }, "geometry": { "type": "LineString", "coordinates": [ [ 70.8238487, 22.8149035 ], [ 70.8241366, 22.8149199 ], [ 70.8244176, 22.8149258 ], [ 70.8247966, 22.8149251 ], [ 70.8251715, 22.8149241 ], [ 70.8255315, 22.8149231 ], [ 70.8258378, 22.8149223 ], [ 70.8261537, 22.8149214 ], [ 70.8264644, 22.8149205 ], [ 70.826775, 22.8149197 ], [ 70.8270549, 22.8149189 ], [ 70.8273499, 22.8149181 ], [ 70.8276369, 22.8149173 ], [ 70.8280258, 22.8149118 ], [ 70.8283723, 22.8149069 ] ] } },
{ "type": "Feature", "properties": { "name": "", "cls": "residential", "max_depth": 4.7800002098083496, "flooded_km": 0.65186813537688937 }, "geometry": { "type": "LineString", "coordinates": [ [ 70.826631, 22.8107637 ], [ 70.8253364, 22.8120896 ], [ 70.825311, 22.8130409 ], [ 70.8252296, 22.8136362 ], [ 70.8251584, 22.8142776 ], [ 70.8251715, 22.8149241 ], [ 70.8251178, 22.8155453 ], [ 70.8250956, 22.8161765 ] ] } },
{ "type": "Feature", "properties": { "name": "", "cls": "residential", "max_depth": 2.7630000114440918, "flooded_km": 0.26426832981977783 }, "geometry": { "type": "LineString", "coordinates": [ [ 70.8224391, 22.8067292 ], [ 70.8224986, 22.8066751 ], [ 70.8226324, 22.8065183 ], [ 70.8227098, 22.806372 ], [ 70.8228339, 22.8061968 ], [ 70.8229558, 22.8060151 ], [ 70.8232455, 22.8054565 ], [ 70.8235968, 22.8055131 ], [ 70.8237772, 22.8054975 ], [ 70.8239585, 22.8054069 ], [ 70.824185, 22.805444 ] ] } },
{ "type": "Feature", "properties": { "name": "", "cls": "residential", "max_depth": 2.6180000305175781, "flooded_km": 0.36613708273765588 }, "geometry": { "type": "LineString", "coordinates": [ [ 70.8232455, 22.8054565 ], [ 70.8234911, 22.8046778 ], [ 70.8235212, 22.8045491 ], [ 70.8235444, 22.8043884 ], [ 70.8237769, 22.8040027 ], [ 70.8238582, 22.8038206 ], [ 70.8239628, 22.8035635 ], [ 70.8240133, 22.8036002 ], [ 70.8242432, 22.8037674 ], [ 70.8253922, 22.8046026 ] ] } },
{ "type": "Feature", "properties": { "name": "", "cls": "residential", "max_depth": 4.1030001640319824, "flooded_km": 0.46460528183916894 }, "geometry": { "type": "LineString", "coordinates": [ [ 70.823915, 22.8135876 ], [ 70.8242387, 22.8136026 ], [ 70.8245079, 22.8136151 ], [ 70.8248925, 22.813633 ], [ 70.8252296, 22.8136362 ], [ 70.825589, 22.8136397 ], [ 70.8259255, 22.8136429 ], [ 70.8262171, 22.8136457 ], [ 70.8265578, 22.813649 ], [ 70.8268452, 22.8136517 ], [ 70.8271353, 22.8136544 ], [ 70.8274197, 22.8136596 ], [ 70.8277175, 22.813665 ], [ 70.8280531, 22.8136711 ], [ 70.8284388, 22.8136781 ] ] } },
{ "type": "Feature", "properties": { "name": "", "cls": "residential", "max_depth": 4.7800002098083496, "flooded_km": 0.49017513447067113 }, "geometry": { "type": "LineString", "coordinates": [ [ 70.8240176, 22.8120422 ], [ 70.8243084, 22.8120526 ], [ 70.8245776, 22.8120623 ], [ 70.8249393, 22.8120753 ], [ 70.8253364, 22.8120896 ], [ 70.825659, 22.8121011 ], [ 70.8259803, 22.8121126 ], [ 70.8262881, 22.8121237 ], [ 70.8265963, 22.8121434 ], [ 70.8268805, 22.812145 ], [ 70.8271899, 22.8121561 ], [ 70.8274834, 22.8121703 ], [ 70.8277512, 22.8121762 ], [ 70.8278278, 22.8122177 ], [ 70.8279434, 22.8123142 ], [ 70.8281508, 22.8124687 ], [ 70.8285261, 22.8128121 ] ] } },
{ "type": "Feature", "properties": { "name": "", "cls": "residential", "max_depth": 4.4660000801086426, "flooded_km": 0.17263976194380565 }, "geometry": { "type": "LineString", "coordinates": [ [ 70.8381076, 22.8130759 ], [ 70.8385733, 22.8131484 ], [ 70.8387951, 22.8132052 ], [ 70.838902, 22.8132128 ], [ 70.8390416, 22.8131976 ], [ 70.8391567, 22.8131635 ], [ 70.839206, 22.8131446 ], [ 70.8390992, 22.8127394 ], [ 70.8390663, 22.8126447 ] ] } },
{ "type": "Feature", "properties": { "name": "", "cls": "residential", "max_depth": 9.9569997787475586, "flooded_km": 0.29021782828834125 }, "geometry": { "type": "LineString", "coordinates": [ [ 70.8358994, 22.8069142 ], [ 70.836341, 22.8071445 ], [ 70.8365793, 22.8071873 ], [ 70.8366572, 22.8071971 ], [ 70.8368349, 22.8072195 ], [ 70.8374102, 22.807257 ], [ 70.8378982, 22.8072944 ], [ 70.8380144, 22.8074176 ], [ 70.8381655, 22.807423 ], [ 70.838305, 22.8073962 ], [ 70.8385838, 22.8073527 ] ] } },
{ "type": "Feature", "properties": { "name": "", "cls": "residential", "max_depth": 6.380000114440918, "flooded_km": 0.37560585893078074 }, "geometry": { "type": "LineString", "coordinates": [ [ 70.8339346, 22.8070611 ], [ 70.8338563, 22.8072895 ], [ 70.8338235, 22.8073852 ], [ 70.8338013, 22.8075262 ], [ 70.8337906, 22.8075935 ], [ 70.8337783, 22.8077678 ], [ 70.8342334, 22.8078699 ], [ 70.8345548, 22.807942 ], [ 70.8352906, 22.808144 ], [ 70.8365516, 22.8084722 ] ] } },
{ "type": "Feature", "properties": { "name": "", "cls": "residential", "max_depth": 2.6059999465942383, "flooded_km": 0.30138826298598775 }, "geometry": { "type": "LineString", "coordinates": [ [ 70.8379468, 22.8176954 ], [ 70.8380141, 22.8175208 ], [ 70.8380946, 22.8173561 ], [ 70.8381482, 22.8172078 ], [ 70.8382152, 22.8170472 ], [ 70.8382029, 22.8169412 ], [ 70.8382111, 22.8167367 ], [ 70.838244, 22.816608 ], [ 70.8382851, 22.8164489 ], [ 70.8383837, 22.8161308 ], [ 70.8384166, 22.8159793 ], [ 70.8385152, 22.8157824 ], [ 70.8385727, 22.8156157 ], [ 70.838622, 22.8154718 ], [ 70.8386502, 22.8154025 ], [ 70.838696, 22.81529 ], [ 70.8387535, 22.8150855 ], [ 70.8388603, 22.814862 ] ] } },
{ "type": "Feature", "properties": { "name": "", "cls": "secondary", "max_depth": 3.003000020980835, "flooded_km": 1.4374561814253093 }, "geometry": { "type": "LineString", "coordinates": [ [ 70.8101642, 22.8340479 ], [ 70.8102529, 22.834072 ], [ 70.8103134, 22.8340448 ], [ 70.8105601, 22.8339341 ], [ 70.8119734, 22.8333132 ], [ 70.8134101, 22.8326821 ], [ 70.813908, 22.8324633 ], [ 70.8172897, 22.8309536 ], [ 70.8181725, 22.8305546 ], [ 70.8198873, 22.8297913 ], [ 70.8205744, 22.829487 ], [ 70.8217114, 22.8289677 ], [ 70.8226452, 22.8285185 ], [ 70.8227477, 22.8284228 ] ] } },
{ "type": "Feature", "properties": { "name": "", "cls": "residential", "max_depth": 0.7839999794960022, "flooded_km": 0.11508150561087173 }, "geometry": { "type": "LineString", "coordinates": [ [ 70.8370368, 22.8176542 ], [ 70.8370032, 22.8180622 ], [ 70.8370772, 22.8181682 ], [ 70.8372908, 22.8183803 ], [ 70.8373648, 22.8185394 ], [ 70.8374552, 22.818653 ], [ 70.8376195, 22.8189181 ], [ 70.8376649, 22.8190185 ], [ 70.8377017, 22.8190999 ], [ 70.8378496, 22.8193271 ], [ 70.838129, 22.8194861 ], [ 70.8382769, 22.8195619 ], [ 70.8384166, 22.8195922 ], [ 70.8385645, 22.8196452 ], [ 70.8387042, 22.8197058 ], [ 70.8388603, 22.8197739 ], [ 70.8390121, 22.8198614 ] ] } },
{ "type": "Feature", "properties": { "name": "", "cls": "residential", "max_depth": 7.7080001831054688, "flooded_km": 0.063376324963961173 }, "geometry": { "type": "LineString", "coordinates": [ [ 70.8354382, 22.8095857 ], [ 70.8350865, 22.810056 ] ] } },
{ "type": "Feature", "properties": { "name": "", "cls": "residential", "max_depth": 7.5989999771118164, "flooded_km": 0.048910223330585478 }, "geometry": { "type": "LineString", "coordinates": [ [ 70.8350309, 22.8094285 ], [ 70.8348382, 22.8098324 ] ] } },
{ "type": "Feature", "properties": { "name": "", "cls": "residential", "max_depth": 6.6090002059936523, "flooded_km": 0.0092839901021191974 }, "geometry": { "type": "LineString", "coordinates": [ [ 70.8358278, 22.806863 ], [ 70.8358994, 22.8069142 ] ] } },
{ "type": "Feature", "properties": { "name": "", "cls": "residential", "max_depth": 8.9209995269775391, "flooded_km": 0.063419352379602043 }, "geometry": { "type": "LineString", "coordinates": [ [ 70.8347235, 22.8106552 ], [ 70.834796, 22.8100865 ] ] } },
{ "type": "Feature", "properties": { "name": "", "cls": "primary_link", "max_depth": 1.8860000371932983, "flooded_km": 0.055701239539071926 }, "geometry": { "type": "LineString", "coordinates": [ [ 70.8331944, 22.8190932 ], [ 70.8331912, 22.8197219 ] ] } },
{ "type": "Feature", "properties": { "name": "", "cls": "residential", "max_depth": 5.2230000495910645, "flooded_km": 0.031687697300443907 }, "geometry": { "type": "LineString", "coordinates": [ [ 70.8338251, 22.8058643 ], [ 70.8341181, 22.8059542 ] ] } },
{ "type": "Feature", "properties": { "name": "", "cls": "residential", "max_depth": 6.6090002059936523, "flooded_km": 0.062019281011716047 }, "geometry": { "type": "LineString", "coordinates": [ [ 70.836341, 22.8071445 ], [ 70.8357482, 22.8070369 ] ] } },
{ "type": "Feature", "properties": { "name": "", "cls": "residential", "max_depth": 7.8010001182556152, "flooded_km": 0.095780148639275781 }, "geometry": { "type": "LineString", "coordinates": [ [ 70.8342839, 22.8060396 ], [ 70.8346328, 22.8052375 ] ] } },
{ "type": "Feature", "properties": { "name": "", "cls": "residential", "max_depth": 7.8179998397827148, "flooded_km": 0.062923420133909808 }, "geometry": { "type": "LineString", "coordinates": [ [ 70.8355943, 22.8096728 ], [ 70.8352131, 22.8101177 ] ] } },
{ "type": "Feature", "properties": { "name": "", "cls": "residential", "max_depth": 5.9460000991821289, "flooded_km": 0.038367267770758169 }, "geometry": { "type": "LineString", "coordinates": [ [ 70.833552, 22.8057947 ], [ 70.8336915, 22.8054733 ] ] } },
{ "type": "Feature", "properties": { "name": "", "cls": "residential", "max_depth": 6.6090002059936523, "flooded_km": 0.092850239161063761 }, "geometry": { "type": "LineString", "coordinates": [ [ 70.8348712, 22.8068323 ], [ 70.8357482, 22.8070369 ] ] } },
{ "type": "Feature", "properties": { "name": "", "cls": "residential", "max_depth": 6.7930002212524414, "flooded_km": 0.1421288246465468 }, "geometry": { "type": "LineString", "coordinates": [ [ 70.8350286, 22.8088423 ], [ 70.8358472, 22.8090069 ], [ 70.8362394, 22.8090858 ], [ 70.8363601, 22.8091609 ] ] } },
{ "type": "Feature", "properties": { "name": "", "cls": "residential", "max_depth": 5.5630002021789551, "flooded_km": 0.107867955994932 }, "geometry": { "type": "LineString", "coordinates": [ [ 70.8338013, 22.8075262 ], [ 70.8345877, 22.8077261 ], [ 70.8345548, 22.807942 ] ] } },
{ "type": "Feature", "properties": { "name": "", "cls": "residential", "max_depth": 4.9479999542236328, "flooded_km": 0.096682694324233528 }, "geometry": { "type": "LineString", "coordinates": [ [ 70.8342334, 22.8078699 ], [ 70.834181, 22.8083056 ], [ 70.8337271, 22.8084143 ] ] } },
{ "type": "Feature", "properties": { "name": "", "cls": "residential", "max_depth": 5.880000114440918, "flooded_km": 0.088505495241059204 }, "geometry": { "type": "LineString", "coordinates": [ [ 70.8329826, 22.810594 ], [ 70.8328583, 22.8102213 ], [ 70.8328266, 22.8101262 ], [ 70.8327279, 22.8098305 ] ] } },
{ "type": "Feature", "properties": { "name": "", "cls": "residential", "max_depth": 7.4419999122619629, "flooded_km": 0.15321820836675254 }, "geometry": { "type": "LineString", "coordinates": [ [ 70.8352002, 22.808385 ], [ 70.8364448, 22.8086729 ], [ 70.8366426, 22.8087371 ] ] } },
{ "type": "Feature", "properties": { "name": "", "cls": "residential", "max_depth": 9.2729997634887695, "flooded_km": 0.076673547406696935 }, "geometry": { "type": "LineString", "coordinates": [ [ 70.835565, 22.8110698 ], [ 70.8356806, 22.8108506 ], [ 70.8358504, 22.8104308 ] ] } },
{ "type": "Feature", "properties": { "name": "", "cls": "residential", "max_depth": 5.874000072479248, "flooded_km": 0.088812720460553066 }, "geometry": { "type": "LineString", "coordinates": [ [ 70.8325469, 22.8107374 ], [ 70.8324254, 22.8103967 ], [ 70.8322753, 22.809976 ] ] } },
{ "type": "Feature", "properties": { "name": "", "cls": "residential", "max_depth": 7.7430000305175781, "flooded_km": 0.050259861991399743 }, "geometry": { "type": "LineString", "coordinates": [ [ 70.8344729, 22.8105037 ], [ 70.8345466, 22.8102977 ], [ 70.834559, 22.81015 ], [ 70.834543, 22.8100626 ] ] } },
{ "type": "Feature", "properties": { "name": "", "cls": "residential", "max_depth": 6.0089998245239258, "flooded_km": 0.22031837510956501 }, "geometry": { "type": "LineString", "coordinates": [ [ 70.8328583, 22.8102213 ], [ 70.8324254, 22.8103967 ], [ 70.8319336, 22.8105444 ], [ 70.8308333, 22.8108746 ] ] } },
{ "type": "Feature", "properties": { "name": "", "cls": "residential", "max_depth": 9.5260000228881836, "flooded_km": 0.26814766207301099 }, "geometry": { "type": "LineString", "coordinates": [ [ 70.8369871, 22.8078927 ], [ 70.8367645, 22.8078143 ], [ 70.8364818, 22.8077147 ], [ 70.8355376, 22.807497 ], [ 70.8347317, 22.8072618 ], [ 70.8346617, 22.8074875 ] ] } },
{ "type": "Feature", "properties": { "name": "", "cls": "residential", "max_depth": 8.5959997177124023, "flooded_km": 0.29184264931433862 }, "geometry": { "type": "LineString", "coordinates": [ [ 70.8341387, 22.8066353 ], [ 70.8348712, 22.8068323 ], [ 70.8348015, 22.8070421 ], [ 70.835645, 22.8072624 ], [ 70.8365763, 22.8075026 ] ] } },
{ "type": "Feature", "properties": { "name": "", "cls": "residential", "max_depth": 8.5959997177124023, "flooded_km": 0.23609836847466018 }, "geometry": { "type": "LineString", "coordinates": [ [ 70.8346617, 22.8074875 ], [ 70.8354549, 22.8077061 ], [ 70.8363709, 22.807942 ], [ 70.8364818, 22.8077564 ], [ 70.8364818, 22.8077147 ], [ 70.8365763, 22.8075026 ] ] } },
{ "type": "Feature", "properties": { "name": "", "cls": "residential", "max_depth": 8.4770002365112305, "flooded_km": 0.10981499584497563 }, "geometry": { "type": "LineString", "coordinates": [ [ 70.8360874, 22.810524 ], [ 70.8364656, 22.8099542 ], [ 70.8361736, 22.8097788 ] ] } },
{ "type": "Feature", "properties": { "name": "", "cls": "residential", "max_depth": 7.4549999237060547, "flooded_km": 0.38125052014637795 }, "geometry": { "type": "LineString", "coordinates": [ [ 70.8300242, 22.8120125 ], [ 70.8307583, 22.8118124 ], [ 70.8314055, 22.8115997 ], [ 70.83222, 22.8113321 ], [ 70.8330565, 22.8110572 ], [ 70.8330414, 22.8107502 ], [ 70.8329826, 22.810594 ] ] } },
{ "type": "Feature", "properties": { "name": "", "cls": "residential", "max_depth": 7.8179998397827148, "flooded_km": 0.12619339031041185 }, "geometry": { "type": "LineString", "coordinates": [ [ 70.8353722, 22.8101951 ], [ 70.8357012, 22.8097675 ], [ 70.8358326, 22.8095667 ], [ 70.8357628, 22.8094986 ], [ 70.8356847, 22.8094796 ], [ 70.8355943, 22.8096728 ] ] } },
{ "type": "Feature", "properties": { "name": "", "cls": "residential", "max_depth": 6.7930002212524414, "flooded_km": 0.24953710470841931 }, "geometry": { "type": "LineString", "coordinates": [ [ 70.834181, 22.8083056 ], [ 70.8344525, 22.8083901 ], [ 70.8351203, 22.8085979 ], [ 70.8362517, 22.8088396 ], [ 70.8363339, 22.8089191 ], [ 70.8364078, 22.808957 ], [ 70.8364682, 22.8089988 ] ] } },
{ "type": "Feature", "properties": { "name": "", "cls": "residential", "max_depth": 4.2140002250671387, "flooded_km": 0.18059848594079855 }, "geometry": { "type": "LineString", "coordinates": [ [ 70.8378576, 22.8218076 ], [ 70.8378762, 22.8217349 ], [ 70.8378637, 22.8215837 ], [ 70.8377921, 22.8214327 ], [ 70.8375902, 22.8211119 ], [ 70.8372251, 22.820857 ], [ 70.8371429, 22.8207283 ], [ 70.8370772, 22.8205995 ], [ 70.8370117, 22.8205307 ], [ 70.8369685, 22.8204853 ] ] } },
{ "type": "Feature", "properties": { "name": "", "cls": "residential", "max_depth": 0.77499997615814209, "flooded_km": 0.05686050913243277 }, "geometry": { "type": "LineString", "coordinates": [ [ 70.8384166, 22.8159793 ], [ 70.8388685, 22.8161535 ], [ 70.8389671, 22.8161535 ], [ 70.8391561, 22.8161383 ], [ 70.8393123, 22.8161838 ], [ 70.8395341, 22.8162065 ], [ 70.8398921, 22.8162236 ] ] } },
{ "type": "Feature", "properties": { "name": "", "cls": "residential", "max_depth": 8.8620004653930664, "flooded_km": 0.37024702304955481 }, "geometry": { "type": "LineString", "coordinates": [ [ 70.8338563, 22.8072895 ], [ 70.8346617, 22.8074875 ], [ 70.8345877, 22.8077261 ], [ 70.8353653, 22.8079449 ], [ 70.8366358, 22.8082528 ], [ 70.8368064, 22.8082942 ], [ 70.8369091, 22.8083813 ], [ 70.8368639, 22.808423 ] ] } },
{ "type": "Feature", "properties": { "name": "", "cls": "residential", "max_depth": 6.2340002059936523, "flooded_km": 0.17698441770038326 }, "geometry": { "type": "LineString", "coordinates": [ [ 70.833984, 22.8091236 ], [ 70.8348285, 22.8093756 ], [ 70.8350309, 22.8094285 ], [ 70.8352122, 22.8094758 ], [ 70.8353848, 22.8095516 ], [ 70.8354382, 22.8095857 ], [ 70.8355943, 22.8096728 ] ] } },
{ "type": "Feature", "properties": { "name": "", "cls": "residential", "max_depth": 5.9380002021789551, "flooded_km": 0.24772472520491912 }, "geometry": { "type": "LineString", "coordinates": [ [ 70.8340136, 22.8061997 ], [ 70.8341181, 22.8059542 ], [ 70.8342202, 22.8057144 ], [ 70.8343655, 22.8053769 ], [ 70.8340924, 22.8052859 ], [ 70.8338251, 22.8058643 ], [ 70.833552, 22.8057947 ], [ 70.8333544, 22.8057411 ] ] } },
{ "type": "Feature", "properties": { "name": "", "cls": "residential", "max_depth": 7.7350001335144043, "flooded_km": 0.17417449847366401 }, "geometry": { "type": "LineString", "coordinates": [ [ 70.8361736, 22.8097788 ], [ 70.8361367, 22.809741 ], [ 70.8361038, 22.809669 ], [ 70.8361326, 22.8095024 ], [ 70.836193, 22.8094084 ], [ 70.8363601, 22.8091609 ], [ 70.8364682, 22.8089988 ], [ 70.8366426, 22.8087371 ], [ 70.8367283, 22.8086085 ], [ 70.8367719, 22.8085489 ], [ 70.8368639, 22.808423 ] ] } },
{ "type": "Feature", "properties": { "name": "", "cls": "residential", "max_depth": 3.8420000076293945, "flooded_km": 0.29383127954021876 }, "geometry": { "type": "LineString", "coordinates": [ [ 70.8275704, 22.8211904 ], [ 70.8277508, 22.8211035 ], [ 70.8279424, 22.8209773 ], [ 70.8279747, 22.820956 ], [ 70.8282016, 22.8208029 ], [ 70.8284319, 22.8206474 ], [ 70.8286665, 22.8204892 ], [ 70.8289037, 22.820329 ], [ 70.8288882, 22.8197769 ], [ 70.8288684, 22.8191846 ] ] } },
{ "type": "Feature", "properties": { "name": "", "cls": "residential", "max_depth": 4.1040000915527344, "flooded_km": 0.4497717156825311 }, "geometry": { "type": "LineString", "coordinates": [ [ 70.8280382, 22.8236864 ], [ 70.8269636, 22.822934 ], [ 70.8272122, 22.8226716 ], [ 70.8275133, 22.8223539 ], [ 70.8269636, 22.82206 ], [ 70.8266044, 22.8222166 ], [ 70.826249, 22.8223715 ], [ 70.8259466, 22.8225034 ], [ 70.8258916, 22.822511 ], [ 70.8257365, 22.8221818 ] ] } },
{ "type": "Feature", "properties": { "name": "", "cls": "residential", "max_depth": 4.0590000152587891, "flooded_km": 0.36468640604118274 }, "geometry": { "type": "LineString", "coordinates": [ [ 70.828574, 22.8210602 ], [ 70.8284917, 22.8217442 ], [ 70.8282751, 22.8217164 ], [ 70.8280986, 22.8216937 ], [ 70.8278977, 22.8216679 ], [ 70.8276832, 22.8216403 ], [ 70.8274927, 22.8216045 ], [ 70.8273139, 22.8215615 ], [ 70.8272655, 22.8214303 ], [ 70.8270891, 22.8209372 ], [ 70.827024, 22.8207554 ], [ 70.8268017, 22.8201421 ] ] } },
{ "type": "Feature", "properties": { "name": "", "cls": "residential", "max_depth": 4.1040000915527344, "flooded_km": 0.19637191199988197 }, "geometry": { "type": "LineString", "coordinates": [ [ 70.8284807, 22.8221994 ], [ 70.8282498, 22.822706 ], [ 70.8283186, 22.8227896 ], [ 70.8282004, 22.8229138 ], [ 70.8280104, 22.8231636 ], [ 70.8279365, 22.8232608 ], [ 70.8279228, 22.8233394 ], [ 70.8279475, 22.8234306 ], [ 70.8279613, 22.8234888 ], [ 70.8279942, 22.8235547 ], [ 70.8280382, 22.8236864 ], [ 70.8281213, 22.8237203 ] ] } },
{ "type": "Feature", "properties": { "name": "", "cls": "residential", "max_depth": 3.1570000648498535, "flooded_km": 0.25693068894628063 }, "geometry": { "type": "LineString", "coordinates": [ [ 70.8279747, 22.820956 ], [ 70.8281723, 22.8209904 ], [ 70.8283918, 22.8210286 ], [ 70.828574, 22.8210602 ], [ 70.8287668, 22.8210938 ], [ 70.8289171, 22.8211199 ], [ 70.8291068, 22.8211529 ], [ 70.8293098, 22.8211882 ], [ 70.8294799, 22.8212178 ], [ 70.8298487, 22.821282 ], [ 70.8298792, 22.8212873 ], [ 70.8300901, 22.8213239 ], [ 70.8304345, 22.8213838 ] ] } },
{ "type": "Feature", "properties": { "name": "", "cls": "residential", "max_depth": 2.937999963760376, "flooded_km": 0.18646455911441498 }, "geometry": { "type": "LineString", "coordinates": [ [ 70.8288325, 22.8218042 ], [ 70.8289486, 22.821835 ], [ 70.8289824, 22.8218439 ], [ 70.8290332, 22.8218574 ], [ 70.8290963, 22.8218758 ], [ 70.8291318, 22.8218862 ], [ 70.8292063, 22.821908 ], [ 70.8292801, 22.8219272 ], [ 70.8293524, 22.8219459 ], [ 70.8295389, 22.8219942 ], [ 70.8295679, 22.8220024 ], [ 70.8296401, 22.8220228 ], [ 70.829798, 22.8220674 ], [ 70.8298683, 22.8220872 ], [ 70.8300403, 22.8221358 ], [ 70.8303146, 22.822241 ], [ 70.8305515, 22.8223397 ] ] } },
{ "type": "Feature", "properties": { "name": "", "cls": "residential", "max_depth": 1.9340000152587891, "flooded_km": 0.052193958393481225 }, "geometry": { "type": "LineString", "coordinates": [ [ 70.8286051, 22.8222328 ], [ 70.828787, 22.8217927 ] ] } },
{ "type": "Feature", "properties": { "name": "", "cls": "residential", "max_depth": 2.6670000553131104, "flooded_km": 0.052156463226916222 }, "geometry": { "type": "LineString", "coordinates": [ [ 70.8287896, 22.8222823 ], [ 70.8289486, 22.821835 ] ] } },
{ "type": "Feature", "properties": { "name": "", "cls": "residential", "max_depth": 2.9430000782012939, "flooded_km": 0.085856216709218419 }, "geometry": { "type": "LineString", "coordinates": [ [ 70.8287668, 22.8210938 ], [ 70.8289037, 22.820329 ] ] } },
{ "type": "Feature", "properties": { "name": "", "cls": "residential", "max_depth": 3.1099998950958252, "flooded_km": 0.078596013282119986 }, "geometry": { "type": "LineString", "coordinates": [ [ 70.8286665, 22.8204892 ], [ 70.8286668, 22.8197795 ] ] } },
{ "type": "Feature", "properties": { "name": "", "cls": "residential", "max_depth": 2.3900001049041748, "flooded_km": 0.079360520163500564 }, "geometry": { "type": "LineString", "coordinates": [ [ 70.82421, 22.8220388 ], [ 70.8244776, 22.8227111 ] ] } },
{ "type": "Feature", "properties": { "name": "", "cls": "residential", "max_depth": 3.3229999542236328, "flooded_km": 0.059401704232980287 }, "geometry": { "type": "LineString", "coordinates": [ [ 70.8275685, 22.8193938 ], [ 70.8281469, 22.8194084 ] ] } },
{ "type": "Feature", "properties": { "name": "", "cls": "residential", "max_depth": 2.7799999713897705, "flooded_km": 0.089006300335074645 }, "geometry": { "type": "LineString", "coordinates": [ [ 70.8301203, 22.8205153 ], [ 70.8298792, 22.8212873 ] ] } },
{ "type": "Feature", "properties": { "name": "", "cls": "residential", "max_depth": 2.1779999732971191, "flooded_km": 0.059208838495997333 }, "geometry": { "type": "LineString", "coordinates": [ [ 70.8275786, 22.8190431 ], [ 70.828155, 22.8190613 ] ] } },
{ "type": "Feature", "properties": { "name": "", "cls": "residential", "max_depth": 3.1670000553131104, "flooded_km": 0.087545073966754927 }, "geometry": { "type": "LineString", "coordinates": [ [ 70.8298683, 22.8220872 ], [ 70.8300901, 22.8213239 ] ] } },
{ "type": "Feature", "properties": { "name": "", "cls": "residential", "max_depth": 3.4000000953674316, "flooded_km": 0.095812381161820823 }, "geometry": { "type": "LineString", "coordinates": [ [ 70.8284319, 22.8206474 ], [ 70.828414, 22.8197824 ] ] } },
{ "type": "Feature", "properties": { "name": "", "cls": "residential", "max_depth": 3.8680000305175781, "flooded_km": 0.033365453243040091 }, "geometry": { "type": "LineString", "coordinates": [ [ 70.8258807, 22.8211379 ], [ 70.8258092, 22.820844 ] ] } },
{ "type": "Feature", "properties": { "name": "", "cls": "residential", "max_depth": 3.0669999122619629, "flooded_km": 0.084789164296842218 }, "geometry": { "type": "LineString", "coordinates": [ [ 70.8296401, 22.8220228 ], [ 70.8298487, 22.821282 ] ] } },
{ "type": "Feature", "properties": { "name": "", "cls": "residential", "max_depth": 2.4000000953674316, "flooded_km": 0.10153660400129494 }, "geometry": { "type": "LineString", "coordinates": [ [ 70.8291068, 22.8211529 ], [ 70.8292626, 22.8202475 ] ] } },
{ "type": "Feature", "properties": { "name": "", "cls": "residential", "max_depth": 3.0889999866485596, "flooded_km": 0.077828499837766851 }, "geometry": { "type": "LineString", "coordinates": [ [ 70.823913, 22.8221614 ], [ 70.8241807, 22.8228189 ] ] } },
{ "type": "Feature", "properties": { "name": "", "cls": "residential", "max_depth": 4.1030001640319824, "flooded_km": 0.071134125832338108 }, "geometry": { "type": "LineString", "coordinates": [ [ 70.8271899, 22.8121561 ], [ 70.8276459, 22.8116725 ] ] } },
{ "type": "Feature", "properties": { "name": "", "cls": "residential", "max_depth": 3.8640000820159912, "flooded_km": 0.086629299997186049 }, "geometry": { "type": "LineString", "coordinates": [ [ 70.8265238, 22.8230759 ], [ 70.8258847, 22.8225651 ] ] } },
{ "type": "Feature", "properties": { "name": "", "cls": "residential", "max_depth": 3.8680000305175781, "flooded_km": 0.02051929094853893 }, "geometry": { "type": "LineString", "coordinates": [ [ 70.8255728, 22.8210188 ], [ 70.825626, 22.8211974 ] ] } },
{ "type": "Feature", "properties": { "name": "", "cls": "residential", "max_depth": 3.8340001106262207, "flooded_km": 0.068465719472346059 }, "geometry": { "type": "LineString", "coordinates": [ [ 70.8273036, 22.8114028 ], [ 70.8265963, 22.8121434 ] ] } },
{ "type": "Feature", "properties": { "name": "", "cls": "residential", "max_depth": 2.6930000782012939, "flooded_km": 0.096292525175369736 }, "geometry": { "type": "LineString", "coordinates": [ [ 70.8294799, 22.8212178 ], [ 70.8296951, 22.8203715 ] ] } },
{ "type": "Feature", "properties": { "name": "", "cls": "residential", "max_depth": 3.1099998950958252, "flooded_km": 0.064444787190262295 }, "geometry": { "type": "LineString", "coordinates": [ [ 70.8286668, 22.8197795 ], [ 70.8286496, 22.8191978 ] ] } },
{ "type": "Feature", "properties": { "name": "", "cls": "residential", "max_depth": 3.4360001087188721, "flooded_km": 0.11275122714753315 }, "geometry": { "type": "LineString", "coordinates": [ [ 70.8282016, 22.8208029 ], [ 70.8281962, 22.8197848 ] ] } },
{ "type": "Feature", "properties": { "name": "", "cls": "residential", "max_depth": 2.3389999866485596, "flooded_km": 0.031351249541156888 }, "geometry": { "type": "LineString", "coordinates": [ [ 70.8278278, 22.8122177 ], [ 70.8280424, 22.8120163 ] ] } },
{ "type": "Feature", "properties": { "name": "", "cls": "residential", "max_depth": 2.8650000095367432, "flooded_km": 0.052016776674543588 }, "geometry": { "type": "LineString", "coordinates": [ [ 70.8289479, 22.8223249 ], [ 70.8290963, 22.8218758 ] ] } },
{ "type": "Feature", "properties": { "name": "", "cls": "residential", "max_depth": 3.6860001087188721, "flooded_km": 0.032066685891628609 }, "geometry": { "type": "LineString", "coordinates": [ [ 70.8262907, 22.8210698 ], [ 70.8262462, 22.8207832 ] ] } },
{ "type": "Feature", "properties": { "name": "", "cls": "residential", "max_depth": 2.8380000591278076, "flooded_km": 0.077596550602125447 }, "geometry": { "type": "LineString", "coordinates": [ [ 70.8289824, 22.8218439 ], [ 70.8290304, 22.8216142 ], [ 70.8291068, 22.8211529 ] ] } },
{ "type": "Feature", "properties": { "name": "", "cls": "residential", "max_depth": 3.8680000305175781, "flooded_km": 0.10126665232985303 }, "geometry": { "type": "LineString", "coordinates": [ [ 70.8260926, 22.8220296 ], [ 70.8258834, 22.8212114 ], [ 70.8258807, 22.8211379 ] ] } },
{ "type": "Feature", "properties": { "name": "", "cls": "residential", "max_depth": 2.7850000858306885, "flooded_km": 0.079443896298816846 }, "geometry": { "type": "LineString", "coordinates": [ [ 70.8291318, 22.8218862 ], [ 70.8292558, 22.8214267 ], [ 70.8293098, 22.8211882 ] ] } },
{ "type": "Feature", "properties": { "name": "", "cls": "residential", "max_depth": 3.8420000076293945, "flooded_km": 0.059928777086365799 }, "geometry": { "type": "LineString", "coordinates": [ [ 70.8277508, 22.8211035 ], [ 70.8277337, 22.8213573 ], [ 70.8276832, 22.8216403 ] ] } },
{ "type": "Feature", "properties": { "name": "", "cls": "residential", "max_depth": 3.8599998950958252, "flooded_km": 0.04780235414911576 }, "geometry": { "type": "LineString", "coordinates": [ [ 70.8260318, 22.8235978 ], [ 70.8263351, 22.8236956 ], [ 70.8264716, 22.8237396 ] ] } },
{ "type": "Feature", "properties": { "name": "", "cls": "residential", "max_depth": 3.7369999885559082, "flooded_km": 0.08527580583959192 }, "geometry": { "type": "LineString", "coordinates": [ [ 70.826328, 22.8210636 ], [ 70.8264798, 22.8216902 ], [ 70.8265149, 22.8218138 ] ] } },
{ "type": "Feature", "properties": { "name": "", "cls": "residential", "max_depth": 3.1570000648498535, "flooded_km": 0.078259003184174808 }, "geometry": { "type": "LineString", "coordinates": [ [ 70.8280986, 22.8216937 ], [ 70.8281457, 22.8212856 ], [ 70.8281723, 22.8209904 ] ] } },
{ "type": "Feature", "properties": { "name": "", "cls": "residential", "max_depth": 3.3570001125335693, "flooded_km": 0.16873050350702032 }, "geometry": { "type": "LineString", "coordinates": [ [ 70.8262171, 22.8136457 ], [ 70.8262337, 22.8130316 ], [ 70.8262881, 22.8121237 ] ] } },
{ "type": "Feature", "properties": { "name": "", "cls": "residential", "max_depth": 2.7850000858306885, "flooded_km": 0.081242666758553586 }, "geometry": { "type": "LineString", "coordinates": [ [ 70.8292801, 22.8219272 ], [ 70.829418, 22.821485 ], [ 70.8294799, 22.8212178 ] ] } },
{ "type": "Feature", "properties": { "name": "", "cls": "residential", "max_depth": 2.9460000991821289, "flooded_km": 0.12737838504783466 }, "geometry": { "type": "LineString", "coordinates": [ [ 70.8257608, 22.8160702 ], [ 70.8258048, 22.8155208 ], [ 70.8258378, 22.8149223 ] ] } },
{ "type": "Feature", "properties": { "name": "", "cls": "residential", "max_depth": 2.8829998970031738, "flooded_km": 0.077213090899729289 }, "geometry": { "type": "LineString", "coordinates": [ [ 70.8282751, 22.8217164 ], [ 70.8283828, 22.8211781 ], [ 70.8283918, 22.8210286 ] ] } },
{ "type": "Feature", "properties": { "name": "", "cls": "residential", "max_depth": 4.1189999580383301, "flooded_km": 0.082688348283677701 }, "geometry": { "type": "LineString", "coordinates": [ [ 70.8257092, 22.8234884 ], [ 70.8260318, 22.8235978 ], [ 70.8261637, 22.8231874 ] ] } },
{ "type": "Feature", "properties": { "name": "", "cls": "residential", "max_depth": 3.4000000953674316, "flooded_km": 0.10882312957931353 }, "geometry": { "type": "LineString", "coordinates": [ [ 70.828414, 22.8197824 ], [ 70.8284256, 22.8192112 ], [ 70.8286496, 22.8191978 ], [ 70.8288684, 22.8191846 ] ] } },
{ "type": "Feature", "properties": { "name": "", "cls": "residential", "max_depth": 2.7409999370574951, "flooded_km": 0.21996431324705204 }, "geometry": { "type": "LineString", "coordinates": [ [ 70.829798, 22.8220674 ], [ 70.829352, 22.8228732 ], [ 70.8291459, 22.8227744 ], [ 70.8295679, 22.8220024 ] ] } },
{ "type": "Feature", "properties": { "name": "", "cls": "residential", "max_depth": 5.25, "flooded_km": 0.32203388056461413 }, "geometry": { "type": "LineString", "coordinates": [ [ 70.8259255, 22.8136429 ], [ 70.8259642, 22.8130343 ], [ 70.8259803, 22.8121126 ], [ 70.8269457, 22.8110669 ] ] } },
{ "type": "Feature", "properties": { "name": "", "cls": "residential", "max_depth": 3.1359999179840088, "flooded_km": 0.11216721847862493 }, "geometry": { "type": "LineString", "coordinates": [ [ 70.8291459, 22.8227744 ], [ 70.8289535, 22.8226503 ], [ 70.8291127, 22.8223691 ], [ 70.8293524, 22.8219459 ] ] } },
{ "type": "Feature", "properties": { "name": "", "cls": "residential", "max_depth": 4.1449999809265137, "flooded_km": 0.23776522100340725 }, "geometry": { "type": "LineString", "coordinates": [ [ 70.8271899, 22.8121561 ], [ 70.8271469, 22.8130224 ], [ 70.8271353, 22.8136544 ], [ 70.8270633, 22.8142986 ] ] } },
{ "type": "Feature", "properties": { "name": "", "cls": "residential", "max_depth": 3.8420000076293945, "flooded_km": 0.076902624603855371 }, "geometry": { "type": "LineString", "coordinates": [ [ 70.8278977, 22.8216679 ], [ 70.8279358, 22.8213394 ], [ 70.8279592, 22.8211208 ], [ 70.8279424, 22.8209773 ] ] } },
{ "type": "Feature", "properties": { "name": "", "cls": "residential", "max_depth": 4.1189999580383301, "flooded_km": 0.11674387847725419 }, "geometry": { "type": "LineString", "coordinates": [ [ 70.8263351, 22.8236956 ], [ 70.8264661, 22.8232988 ], [ 70.8261637, 22.8231874 ], [ 70.8258191, 22.8230783 ] ] } },
{ "type": "Feature", "properties": { "name": "", "cls": "residential", "max_depth": 2.7699999809265137, "flooded_km": 0.16997852150244594 }, "geometry": { "type": "LineString", "coordinates": [ [ 70.8244874, 22.821022 ], [ 70.8245009, 22.8210619 ], [ 70.8248427, 22.8217776 ], [ 70.825153, 22.8224271 ] ] } },
{ "type": "Feature", "properties": { "name": "", "cls": "residential", "max_depth": 4.5749998092651367, "flooded_km": 0.23315275767497909 }, "geometry": { "type": "LineString", "coordinates": [ [ 70.8280256, 22.8143025 ], [ 70.8280531, 22.8136711 ], [ 70.8281185, 22.8130393 ], [ 70.8281508, 22.8124687 ], [ 70.8283821, 22.8123091 ] ] } },
{ "type": "Feature", "properties": { "name": "", "cls": "unclassified", "max_depth": 3.3229999542236328, "flooded_km": 0.17940037308358553 }, "geometry": { "type": "LineString", "coordinates": [ [ 70.8276093, 22.8181687 ], [ 70.8275938, 22.8185162 ], [ 70.8275786, 22.8190431 ], [ 70.8275685, 22.8193938 ], [ 70.8275588, 22.8197307 ], [ 70.8275579, 22.8197879 ] ] } },
{ "type": "Feature", "properties": { "name": "", "cls": "residential", "max_depth": 3.3849999904632568, "flooded_km": 0.17966148098261689 }, "geometry": { "type": "LineString", "coordinates": [ [ 70.8279365, 22.8232608 ], [ 70.8278348, 22.8231772 ], [ 70.8277881, 22.8231038 ], [ 70.8272122, 22.8226716 ], [ 70.8266044, 22.8222166 ] ] } },
{ "type": "Feature", "properties": { "name": "", "cls": "residential", "max_depth": 3.0850000381469727, "flooded_km": 0.093765105560989437 }, "geometry": { "type": "LineString", "coordinates": [ [ 70.8294984, 22.8203326 ], [ 70.8296951, 22.8203715 ], [ 70.8298249, 22.8203971 ], [ 70.8301203, 22.8205153 ], [ 70.8303442, 22.8206337 ] ] } },
{ "type": "Feature", "properties": { "name": "", "cls": "residential", "max_depth": 2.6930000782012939, "flooded_km": 0.092277081531263058 }, "geometry": { "type": "LineString", "coordinates": [ [ 70.8284917, 22.8217442 ], [ 70.8286195, 22.8217569 ], [ 70.8286621, 22.8217611 ], [ 70.8287226, 22.8213634 ], [ 70.8287473, 22.8212291 ], [ 70.8287668, 22.8210938 ] ] } },
{ "type": "Feature", "properties": { "name": "", "cls": "residential", "max_depth": 2.8380000591278076, "flooded_km": 0.094424489869307543 }, "geometry": { "type": "LineString", "coordinates": [ [ 70.8286621, 22.8217611 ], [ 70.828787, 22.8217927 ], [ 70.8288325, 22.8218042 ], [ 70.8288573, 22.8215559 ], [ 70.8288957, 22.8212924 ], [ 70.8289171, 22.8211199 ] ] } },
{ "type": "Feature", "properties": { "name": "", "cls": "residential", "max_depth": 2.8650000095367432, "flooded_km": 0.11858254826802243 }, "geometry": { "type": "LineString", "coordinates": [ [ 70.8291127, 22.8223691 ], [ 70.8289479, 22.8223249 ], [ 70.8287896, 22.8222823 ], [ 70.8286051, 22.8222328 ], [ 70.8284807, 22.8221994 ], [ 70.8286195, 22.8217569 ] ] } },
{ "type": "Feature", "properties": { "name": "", "cls": "residential", "max_depth": 2.8829998970031738, "flooded_km": 0.16132371138474469 }, "geometry": { "type": "LineString", "coordinates": [ [ 70.8293098, 22.8211882 ], [ 70.8294984, 22.8203326 ], [ 70.8293002, 22.820261 ], [ 70.8292626, 22.8202475 ], [ 70.8292302, 22.8202359 ], [ 70.8289037, 22.820329 ] ] } },
{ "type": "Feature", "properties": { "name": "", "cls": "residential", "max_depth": 3.8010001182556152, "flooded_km": 0.22978030517355369 }, "geometry": { "type": "LineString", "coordinates": [ [ 70.8258407, 22.8229096 ], [ 70.8265238, 22.8230759 ], [ 70.8267244, 22.8231848 ], [ 70.8268399, 22.8230455 ], [ 70.8269636, 22.822934 ], [ 70.826249, 22.8223715 ] ] } },
{ "type": "Feature", "properties": { "name": "", "cls": "residential", "max_depth": 2.2100000381469727, "flooded_km": 0.17433643866017237 }, "geometry": { "type": "LineString", "coordinates": [ [ 70.8251491, 22.8216611 ], [ 70.8248427, 22.8217776 ], [ 70.8245263, 22.8219082 ], [ 70.82421, 22.8220388 ], [ 70.823913, 22.8221614 ], [ 70.8235939, 22.8222931 ] ] } },
{ "type": "Feature", "properties": { "name": "", "cls": "residential", "max_depth": 4.5570001602172852, "flooded_km": 0.4453259948143426 }, "geometry": { "type": "LineString", "coordinates": [ [ 70.8265963, 22.8121434 ], [ 70.8265577, 22.8130283 ], [ 70.8265578, 22.813649 ], [ 70.8265036, 22.8142945 ], [ 70.8264974, 22.8143678 ], [ 70.8264644, 22.8149205 ], [ 70.8264314, 22.8155194 ], [ 70.826398, 22.8161593 ] ] } },
{ "type": "Feature", "properties": { "name": "", "cls": "residential", "max_depth": 4.0590000152587891, "flooded_km": 0.095485474220916827 }, "geometry": { "type": "LineString", "coordinates": [ [ 70.8273139, 22.8215615 ], [ 70.8274466, 22.8218548 ], [ 70.8274803, 22.8219638 ], [ 70.8275188, 22.822055 ], [ 70.82756, 22.8221411 ], [ 70.8275875, 22.8222424 ], [ 70.827549, 22.822326 ], [ 70.8275133, 22.8223539 ] ] } },
{ "type": "Feature", "properties": { "name": "", "cls": "residential", "max_depth": 3.4800000190734863, "flooded_km": 0.27339880874829292 }, "geometry": { "type": "LineString", "coordinates": [ [ 70.8249858, 22.8200739 ], [ 70.8249132, 22.8206388 ], [ 70.8248665, 22.8208314 ], [ 70.824762, 22.8208288 ], [ 70.8248001, 22.8209123 ], [ 70.8250451, 22.8214495 ], [ 70.8251491, 22.8216611 ], [ 70.8254617, 22.8222973 ] ] } },
{ "type": "Feature", "properties": { "name": "", "cls": "residential", "max_depth": 4.0710000991821289, "flooded_km": 0.16815144204841773 }, "geometry": { "type": "LineString", "coordinates": [ [ 70.8258916, 22.822511 ], [ 70.8258847, 22.8225651 ], [ 70.8258407, 22.8229096 ], [ 70.8258191, 22.8230783 ], [ 70.8258119, 22.8231342 ], [ 70.8257092, 22.8234884 ], [ 70.8256113, 22.8238258 ], [ 70.8255288, 22.8239828 ] ] } },
{ "type": "Feature", "properties": { "name": "", "cls": "residential", "max_depth": 3.0989999771118164, "flooded_km": 0.089941383205355413 }, "geometry": { "type": "LineString", "coordinates": [ [ 70.8280104, 22.8231636 ], [ 70.827931, 22.8230024 ], [ 70.8278596, 22.8228758 ], [ 70.8278266, 22.8227871 ], [ 70.8277991, 22.822701 ], [ 70.8277909, 22.8225287 ], [ 70.8278073, 22.8224502 ], [ 70.8278128, 22.8223944 ] ] } },
{ "type": "Feature", "properties": { "name": "", "cls": "residential", "max_depth": 3.4460000991821289, "flooded_km": 0.23558263563824455 }, "geometry": { "type": "LineString", "coordinates": [ [ 70.8248001, 22.8209123 ], [ 70.8245889, 22.820996 ], [ 70.8244874, 22.821022 ], [ 70.824391, 22.8210467 ], [ 70.82427, 22.8210872 ], [ 70.8242316, 22.821143 ], [ 70.8242123, 22.8212114 ], [ 70.8245263, 22.8219082 ], [ 70.8248301, 22.8225629 ] ] } },
{ "type": "Feature", "properties": { "name": "", "cls": "residential", "max_depth": 3.8680000305175781, "flooded_km": 0.29250905850587333 }, "geometry": { "type": "LineString", "coordinates": [ [ 70.8270891, 22.8209372 ], [ 70.826328, 22.8210636 ], [ 70.8262907, 22.8210698 ], [ 70.8258807, 22.8211379 ], [ 70.825626, 22.8211974 ], [ 70.8254794, 22.8212316 ], [ 70.8253282, 22.8212924 ], [ 70.8254591, 22.8215537 ], [ 70.8256415, 22.8219562 ], [ 70.8257365, 22.8221818 ] ] } },
{ "type": "Feature", "properties": { "name": "", "cls": "residential", "max_depth": 3.3949999809265137, "flooded_km": 0.14360248165872735 }, "geometry": { "type": "LineString", "coordinates": [ [ 70.8210144, 22.8181204 ], [ 70.8211553, 22.8168303 ] ] } },
{ "type": "Feature", "properties": { "name": "", "cls": "residential", "max_depth": 3.9140000343322754, "flooded_km": 0.14441461402858352 }, "geometry": { "type": "LineString", "coordinates": [ [ 70.8224476, 22.816804 ], [ 70.8226934, 22.8160152 ], [ 70.822838, 22.8155512 ] ] } },
{ "type": "Feature", "properties": { "name": "", "cls": "residential", "max_depth": 3.3010001182556152, "flooded_km": 0.031209803888221314 }, "geometry": { "type": "LineString", "coordinates": [ [ 70.8221436, 22.8168035 ], [ 70.8224476, 22.816804 ] ] } },
{ "type": "Feature", "properties": { "name": "", "cls": "residential", "max_depth": 3.6940000057220459, "flooded_km": 0.18055585454102904 }, "geometry": { "type": "LineString", "coordinates": [ [ 70.8240722, 22.8161654 ], [ 70.8239857, 22.8177938 ] ] } },
{ "type": "Feature", "properties": { "name": "", "cls": "residential", "max_depth": 3.2260000705718994, "flooded_km": 0.19612280739915094 }, "geometry": { "type": "LineString", "coordinates": [ [ 70.8218315, 22.8184044 ], [ 70.8221436, 22.8168035 ], [ 70.8221713, 22.8166617 ] ] } },
{ "type": "Feature", "properties": { "name": "", "cls": "residential", "max_depth": 2.994999885559082, "flooded_km": 0.31282449119210776 }, "geometry": { "type": "LineString", "coordinates": [ [ 70.8211007, 22.8151326 ], [ 70.8207507, 22.8161685 ], [ 70.8202847, 22.8178532 ] ] } },
{ "type": "Feature", "properties": { "name": "", "cls": "residential", "max_depth": 3.3880000114440918, "flooded_km": 0.20229307520502249 }, "geometry": { "type": "LineString", "coordinates": [ [ 70.8224476, 22.816804 ], [ 70.8225939, 22.8169389 ], [ 70.8224273, 22.8174783 ], [ 70.8221956, 22.8185309 ] ] } },
{ "type": "Feature", "properties": { "name": "", "cls": "residential", "max_depth": 3.3039999008178711, "flooded_km": 0.22803807186242006 }, "geometry": { "type": "LineString", "coordinates": [ [ 70.8214328, 22.8182658 ], [ 70.8215373, 22.8178005 ], [ 70.8215942, 22.8170663 ], [ 70.8216139, 22.8167816 ], [ 70.8216186, 22.8167141 ], [ 70.8221436, 22.8168035 ] ] } },
{ "type": "Feature", "properties": { "name": "", "cls": "residential", "max_depth": 4.255000114440918, "flooded_km": 0.20993593263439234 }, "geometry": { "type": "LineString", "coordinates": [ [ 70.8199111, 22.8147897 ], [ 70.8200893, 22.8141752 ], [ 70.8201583, 22.8138785 ], [ 70.8202675, 22.8130044 ], [ 70.8202847, 22.8129302 ] ] } },
{ "type": "Feature", "properties": { "name": "", "cls": "residential", "max_depth": 2.7599999904632568, "flooded_km": 0.37673108697967089 }, "geometry": { "type": "LineString", "coordinates": [ [ 70.8196029, 22.8175959 ], [ 70.8198148, 22.8168962 ], [ 70.8200817, 22.8160152 ], [ 70.820123, 22.8158788 ], [ 70.8202681, 22.8154518 ], [ 70.82044, 22.814946 ], [ 70.8211007, 22.8151326 ] ] } },
{ "type": "Feature", "properties": { "name": "", "cls": "residential", "max_depth": 4.3689999580383301, "flooded_km": 0.45386664770269169 }, "geometry": { "type": "LineString", "coordinates": [ [ 70.8247329, 22.8161681 ], [ 70.8247622, 22.8155491 ], [ 70.8247966, 22.8149251 ], [ 70.824829, 22.8142668 ], [ 70.8248925, 22.813633 ], [ 70.8249023, 22.813045 ], [ 70.8249393, 22.8120753 ] ] } },
{ "type": "Feature", "properties": { "name": "", "cls": "residential", "max_depth": 2.3159999847412109, "flooded_km": 0.35155008921586645 }, "geometry": { "type": "LineString", "coordinates": [ [ 70.8185509, 22.8172733 ], [ 70.8186755, 22.8168399 ], [ 70.8187699, 22.8165452 ], [ 70.8188249, 22.8163737 ], [ 70.8189801, 22.8160876 ], [ 70.8194686, 22.8161936 ], [ 70.819733, 22.815293 ], [ 70.8202681, 22.8154518 ] ] } },
{ "type": "Feature", "properties": { "name": "", "cls": "residential", "max_depth": 3.2939999103546143, "flooded_km": 0.93850143492440452 }, "geometry": { "type": "LineString", "coordinates": [ [ 70.82044, 22.814946 ], [ 70.8199111, 22.8147897 ], [ 70.8196566, 22.814659 ], [ 70.8195605, 22.8146096 ], [ 70.8193077, 22.8144719 ], [ 70.8189973, 22.8142706 ], [ 70.8187847, 22.8141063 ], [ 70.8186007, 22.8140269 ], [ 70.8182329, 22.8138308 ], [ 70.8179226, 22.8136825 ], [ 70.8174278, 22.8134941 ], [ 70.8170663, 22.8133514 ], [ 70.8166927, 22.8132345 ], [ 70.8164881, 22.8131711 ], [ 70.8163868, 22.8131444 ], [ 70.8161132, 22.8130724 ], [ 70.8159876, 22.8130393 ], [ 70.8158938, 22.8129651 ], [ 70.8159117, 22.8128457 ], [ 70.8158491, 22.8127056 ], [ 70.8156346, 22.8126356 ], [ 70.8151834, 22.8125738 ], [ 70.8147767, 22.8141513 ], [ 70.8146212, 22.8147456 ], [ 70.8144103, 22.8155517 ], [ 70.8143903, 22.815642 ], [ 70.8142539, 22.816256 ], [ 70.8142078, 22.816557 ] ] } },
{ "type": "Feature", "properties": { "name": "", "cls": "residential", "max_depth": 3.6370000839233398, "flooded_km": 0.05905510637575713 }, "geometry": { "type": "LineString", "coordinates": [ [ 70.8230613, 22.8180513 ], [ 70.8230147, 22.8185828 ] ] } },
{ "type": "Feature", "properties": { "name": "", "cls": "residential", "max_depth": 5.0749998092651367, "flooded_km": 0.045092101401502965 }, "geometry": { "type": "LineString", "coordinates": [ [ 70.8239611, 22.8179112 ], [ 70.82394, 22.8183179 ] ] } },
{ "type": "Feature", "properties": { "name": "", "cls": "residential", "max_depth": 2.437999963760376, "flooded_km": 0.2361198013730603 }, "geometry": { "type": "LineString", "coordinates": [ [ 70.8215178, 22.8152331 ], [ 70.8217416, 22.8143291 ], [ 70.8219227, 22.8135977 ], [ 70.8214339, 22.813567 ] ] } },
{ "type": "Feature", "properties": { "name": "", "cls": "residential", "max_depth": 3.2599999904632568, "flooded_km": 0.18883096667008498 }, "geometry": { "type": "LineString", "coordinates": [ [ 70.8219227, 22.8135977 ], [ 70.8225434, 22.8136825 ], [ 70.8226296, 22.8135236 ], [ 70.8226986, 22.8131845 ], [ 70.8227449, 22.8129078 ], [ 70.8228308, 22.8123952 ], [ 70.8228595, 22.8123369 ] ] } },
{ "type": "Feature", "properties": { "name": "", "cls": "residential", "max_depth": 2.9619998931884766, "flooded_km": 0.43286928462259655 }, "geometry": { "type": "LineString", "coordinates": [ [ 70.8160859, 22.8065768 ], [ 70.8156604, 22.8065975 ], [ 70.8153445, 22.8066202 ], [ 70.8151785, 22.80663 ], [ 70.8151029, 22.8066344 ], [ 70.8149958, 22.8066392 ], [ 70.8146427, 22.806655 ], [ 70.814513, 22.8066308 ], [ 70.814312, 22.8065932 ], [ 70.8140409, 22.8064777 ], [ 70.8137222, 22.806342 ], [ 70.8133603, 22.8062349 ], [ 70.8130296, 22.8062019 ], [ 70.8115417, 22.806136 ], [ 70.8106525, 22.8060166 ], [ 70.8105024, 22.8059881 ], [ 70.8103739, 22.8059746 ] ] } },
{ "type": "Feature", "properties": { "name": "", "cls": "residential", "max_depth": 3.9010000228881836, "flooded_km": 0.053678096319519503 }, "geometry": { "type": "LineString", "coordinates": [ [ 70.8274955, 22.8178641 ], [ 70.8270604, 22.8178492 ], [ 70.826973, 22.8178462 ] ] } },
{ "type": "Feature", "properties": { "name": "", "cls": "residential", "max_depth": 4.5120000839233398, "flooded_km": 1.583849620691103 }, "geometry": { "type": "LineString", "coordinates": [ [ 70.8151834, 22.8125738 ], [ 70.8155257, 22.8111855 ], [ 70.8158313, 22.809946 ], [ 70.8162736, 22.8083072 ], [ 70.8163004, 22.8082079 ], [ 70.8164255, 22.8078083 ], [ 70.8164479, 22.8076848 ], [ 70.8164613, 22.8075818 ], [ 70.8163396, 22.8072537 ], [ 70.8161664, 22.8067868 ], [ 70.8160859, 22.8065768 ], [ 70.8169751, 22.806515 ], [ 70.8171226, 22.806515 ], [ 70.8171952, 22.806515 ], [ 70.8173505, 22.806515 ], [ 70.8175024, 22.8065315 ], [ 70.8178107, 22.8065562 ], [ 70.817973, 22.8065816 ], [ 70.8180475, 22.8065932 ], [ 70.8184497, 22.8067045 ], [ 70.8187803, 22.8068486 ], [ 70.8191344, 22.8070987 ], [ 70.819475, 22.8073459 ], [ 70.8196204, 22.80745 ], [ 70.8198929, 22.8076024 ], [ 70.8201208, 22.807726 ], [ 70.8202207, 22.8077609 ], [ 70.82038, 22.8078166 ], [ 70.8204519, 22.8078386 ], [ 70.8206766, 22.8079074 ], [ 70.8213099, 22.8081323 ], [ 70.8216586, 22.8082769 ], [ 70.8219142, 22.8084108 ], [ 70.8221931, 22.808534 ], [ 70.8227219, 22.8087858 ], [ 70.8229427, 22.8088554 ], [ 70.8231765, 22.8089371 ], [ 70.8232797, 22.8089732 ], [ 70.8233794, 22.8090016 ], [ 70.8235811, 22.8090535 ], [ 70.8238649, 22.8091248 ], [ 70.8240967, 22.809233 ], [ 70.8243672, 22.8093531 ], [ 70.8244301, 22.8093857 ], [ 70.8248543, 22.8095731 ], [ 70.825119, 22.8096592 ], [ 70.8252696, 22.8096637 ], [ 70.8253772, 22.8096267 ], [ 70.8254669, 22.8095753 ] ] } },
{ "type": "Feature", "properties": { "name": "", "cls": "residential", "max_depth": 3.6129999160766602, "flooded_km": 0.11131726933889927 }, "geometry": { "type": "LineString", "coordinates": [ [ 70.8288684, 22.8191846 ], [ 70.8288681, 22.8191301 ], [ 70.8288641, 22.8184887 ], [ 70.8288631, 22.8183157 ], [ 70.8288542, 22.8181797 ] ] } },
{ "type": "Feature", "properties": { "name": "", "cls": "residential", "max_depth": 3.7820000648498535, "flooded_km": 0.11279148963158524 }, "geometry": { "type": "LineString", "coordinates": [ [ 70.8285919, 22.8184887 ], [ 70.8288641, 22.8184887 ], [ 70.8294529, 22.8184599 ], [ 70.8296897, 22.818464 ] ] } },
{ "type": "Feature", "properties": { "name": "", "cls": "residential", "max_depth": 0.94700002670288086, "flooded_km": 0.13458288810435803 }, "geometry": { "type": "LineString", "coordinates": [ [ 70.8149164, 22.816608 ], [ 70.8150493, 22.8161242 ], [ 70.8151185, 22.8158166 ], [ 70.8153414, 22.8148939 ], [ 70.8154336, 22.8144726 ], [ 70.8153934, 22.814349 ], [ 70.8155855, 22.813863 ] ] } },
{ "type": "Feature", "properties": { "name": "", "cls": "residential", "max_depth": 3.3020000457763672, "flooded_km": 0.096554869143684774 }, "geometry": { "type": "LineString", "coordinates": [ [ 70.8350014, 22.817562 ], [ 70.8351768, 22.8172161 ], [ 70.8352349, 22.8171419 ], [ 70.8352661, 22.816903 ], [ 70.8352661, 22.8168413 ], [ 70.8352661, 22.8167877 ], [ 70.8352572, 22.8167465 ] ] } },
{ "type": "Feature", "properties": { "name": "", "cls": "residential", "max_depth": 2.3159999847412109, "flooded_km": 0.37098234699391813 }, "geometry": { "type": "LineString", "coordinates": [ [ 70.8175993, 22.8169498 ], [ 70.817766, 22.8162889 ], [ 70.8179984, 22.8154775 ], [ 70.8182084, 22.8148185 ], [ 70.818052, 22.8147568 ], [ 70.8179805, 22.8146867 ], [ 70.8180565, 22.8145385 ], [ 70.8182329, 22.8138308 ] ] } },
{ "type": "Feature", "properties": { "name": "", "cls": "residential", "max_depth": 0.65200001001358032, "flooded_km": 0.014281773502283501 }, "geometry": { "type": "LineString", "coordinates": [ [ 70.8152906, 22.8137065 ], [ 70.8151119, 22.8142296 ], [ 70.8151655, 22.8142955 ], [ 70.8150806, 22.814592 ], [ 70.8149997, 22.8148222 ], [ 70.8147499, 22.8157205 ], [ 70.8143903, 22.815642 ] ] } },
{ "type": "Feature", "properties": { "name": "", "cls": "residential", "max_depth": 1.9249999523162842, "flooded_km": 0.13277338599072117 }, "geometry": { "type": "LineString", "coordinates": [ [ 70.835686, 22.8199251 ], [ 70.8358738, 22.819992 ], [ 70.8361106, 22.8201114 ], [ 70.836276, 22.8201856 ], [ 70.8363743, 22.8202391 ], [ 70.8364815, 22.8202679 ], [ 70.8366826, 22.8202679 ], [ 70.8368032, 22.8202432 ], [ 70.8368834, 22.8202083 ] ] } },
{ "type": "Feature", "properties": { "name": "", "cls": "residential", "max_depth": 3.312000036239624, "flooded_km": 0.43643310954768078 }, "geometry": { "type": "LineString", "coordinates": [ [ 70.8215673, 22.8059137 ], [ 70.8216337, 22.8058596 ], [ 70.8216533, 22.8058434 ], [ 70.8219815, 22.8055447 ], [ 70.8222781, 22.805124 ], [ 70.8224369, 22.804905 ], [ 70.8225445, 22.804692 ], [ 70.8227143, 22.8043831 ], [ 70.8227634, 22.8042884 ], [ 70.8228528, 22.8042678 ], [ 70.8228841, 22.8041112 ], [ 70.8231879, 22.8033904 ], [ 70.8232505, 22.8032916 ], [ 70.823246, 22.8032256 ], [ 70.8235543, 22.8033121 ], [ 70.8236434, 22.8033793 ], [ 70.8236968, 22.8034196 ], [ 70.8237509, 22.8034604 ], [ 70.8239628, 22.8035635 ] ] } },
{ "type": "Feature", "properties": { "name": "", "cls": "residential", "max_depth": 0.80500000715255737, "flooded_km": 0.025996600695492339 }, "geometry": { "type": "LineString", "coordinates": [ [ 70.8236434, 22.8033793 ], [ 70.8237777, 22.8031803 ] ] } },
{ "type": "Feature", "properties": { "name": "", "cls": "residential", "max_depth": 2.3020000457763672, "flooded_km": 0.13575489670105859 }, "geometry": { "type": "LineString", "coordinates": [ [ 70.8255512, 22.8012502 ], [ 70.8242782, 22.800919 ] ] } },
{ "type": "Feature", "properties": { "name": "", "cls": "residential", "max_depth": 3.2420001029968262, "flooded_km": 0.24838038533418719 }, "geometry": { "type": "LineString", "coordinates": [ [ 70.8204519, 22.8078386 ], [ 70.82056, 22.8075467 ], [ 70.8207035, 22.8071593 ], [ 70.8211811, 22.8066998 ], [ 70.8217586, 22.8061476 ], [ 70.8217879, 22.806125 ], [ 70.8218503, 22.8060669 ] ] } },
{ "type": "Feature", "properties": { "name": "", "cls": "residential", "max_depth": 2.2330000400543213, "flooded_km": 0.12551536710665068 }, "geometry": { "type": "LineString", "coordinates": [ [ 70.8227449, 22.8129078 ], [ 70.8236839, 22.8129669 ], [ 70.8239624, 22.8130042 ] ] } },
{ "type": "Feature", "properties": { "name": "", "cls": "residential", "max_depth": 4.5170001983642578, "flooded_km": 0.10985310514211978 }, "geometry": { "type": "LineString", "coordinates": [ [ 70.825119, 22.8096592 ], [ 70.8250378, 22.8098572 ], [ 70.8248233, 22.810162 ], [ 70.8247116, 22.8103432 ], [ 70.8246177, 22.8105368 ], [ 70.8246043, 22.8106019 ], [ 70.8245686, 22.8107757 ] ] } },
{ "type": "Feature", "properties": { "name": "", "cls": "residential", "max_depth": 3.7599999904632568, "flooded_km": 0.14144741457180399 }, "geometry": { "type": "LineString", "coordinates": [ [ 70.8233794, 22.8090016 ], [ 70.8232996, 22.8092434 ], [ 70.8232951, 22.8093629 ], [ 70.8233532, 22.8095153 ], [ 70.8233532, 22.8096677 ], [ 70.8232225, 22.8102459 ] ] } },
{ "type": "Feature", "properties": { "name": "", "cls": "residential", "max_depth": 2.7690000534057617, "flooded_km": 0.086959407028478181 }, "geometry": { "type": "LineString", "coordinates": [ [ 70.8241573, 22.8022969 ], [ 70.823952, 22.802719 ], [ 70.8238799, 22.8028384 ], [ 70.823733, 22.8030815 ], [ 70.8238269, 22.8031268 ], [ 70.8237777, 22.8031803 ] ] } },
{ "type": "Feature", "properties": { "name": "", "cls": "residential", "max_depth": 1.5039999485015869, "flooded_km": 0.15469926290427707 }, "geometry": { "type": "LineString", "coordinates": [ [ 70.8456299, 22.8257 ], [ 70.8459106, 22.825856 ], [ 70.8462076, 22.8259375 ], [ 70.8465299, 22.8259987 ], [ 70.8464635, 22.8258677 ], [ 70.8463593, 22.8257424 ], [ 70.8462076, 22.8256434 ], [ 70.8459138, 22.8256289 ], [ 70.8457431, 22.8256551 ], [ 70.8456347, 22.8256682 ] ] } },
{ "type": "Feature", "properties": { "name": "", "cls": "residential", "max_depth": 1.6100000143051147, "flooded_km": 0.16134279749580177 }, "geometry": { "type": "LineString", "coordinates": [ [ 70.84483, 22.8275217 ], [ 70.8453953, 22.8277381 ], [ 70.8459469, 22.8279493 ], [ 70.8463444, 22.8281015 ], [ 70.8467026, 22.8282386 ], [ 70.8472646, 22.8284538 ], [ 70.8474999, 22.8285439 ], [ 70.8477455, 22.8286513 ], [ 70.8481586, 22.8288319 ], [ 70.8482979, 22.8288928 ], [ 70.8486057, 22.8290273 ], [ 70.8488302, 22.8291132 ], [ 70.8491899, 22.8292508 ], [ 70.8493134, 22.8292981 ], [ 70.8495093, 22.8292719 ], [ 70.8496199, 22.8292166 ], [ 70.8497082, 22.8291318 ], [ 70.8497716, 22.829071 ], [ 70.84986, 22.8289603 ], [ 70.84989, 22.8289102 ], [ 70.8499426, 22.8288472 ] ] } },
{ "type": "Feature", "properties": { "name": "", "cls": "residential", "max_depth": 1.190000057220459, "flooded_km": 0.014622582484878471 }, "geometry": { "type": "LineString", "coordinates": [ [ 70.8463213, 22.8267355 ], [ 70.8465393, 22.8262346 ], [ 70.8465299, 22.8259987 ], [ 70.8465931, 22.8259055 ], [ 70.8467194, 22.8259201 ], [ 70.847068, 22.8260208 ], [ 70.8472534, 22.8260744 ], [ 70.8474422, 22.8261473 ], [ 70.8477728, 22.8262749 ], [ 70.8480307, 22.8263744 ], [ 70.8481033, 22.8263278 ], [ 70.8483403, 22.8256725 ], [ 70.8483972, 22.8255531 ], [ 70.8481476, 22.8254687 ], [ 70.848088, 22.8254482 ], [ 70.8477084, 22.8253173 ], [ 70.8475396, 22.8258435 ], [ 70.8474422, 22.8261473 ] ] } },
{ "type": "Feature", "properties": { "name": "", "cls": "residential", "max_depth": 0.58399999141693115, "flooded_km": 0.014576771221791157 }, "geometry": { "type": "LineString", "coordinates": [ [ 70.8494868, 22.8332968 ], [ 70.8477305, 22.8326382 ], [ 70.8476072, 22.8325966 ], [ 70.8466823, 22.8322852 ], [ 70.8465017, 22.8322244 ], [ 70.8464656, 22.8322122 ], [ 70.8461685, 22.8321314 ] ] } },
{ "type": "Feature", "properties": { "name": "", "cls": "residential", "max_depth": 0.86599999666213989, "flooded_km": 0.058065301630792585 }, "geometry": { "type": "LineString", "coordinates": [ [ 70.847563, 22.8277955 ], [ 70.8474771, 22.8279849 ], [ 70.8474485, 22.8280481 ], [ 70.8472646, 22.8284538 ], [ 70.847171, 22.8286581 ], [ 70.8470634, 22.8288931 ], [ 70.847059, 22.8289026 ], [ 70.8468926, 22.829266 ], [ 70.8468805, 22.8292924 ], [ 70.846772, 22.8295294 ], [ 70.8467447, 22.829589 ], [ 70.8465866, 22.829934 ], [ 70.8464604, 22.8302096 ] ] } },
{ "type": "Feature", "properties": { "name": "", "cls": "residential", "max_depth": 1.4850000143051147, "flooded_km": 0.20263106558981051 }, "geometry": { "type": "LineString", "coordinates": [ [ 70.8438524, 22.8264056 ], [ 70.8446531, 22.826718 ], [ 70.8451041, 22.8269025 ], [ 70.8456629, 22.8271342 ] ] } },
{ "type": "Feature", "properties": { "name": "", "cls": "residential", "max_depth": 1.4529999494552612, "flooded_km": 0.24671834342064006 }, "geometry": { "type": "LineString", "coordinates": [ [ 70.8439124, 22.8260889 ], [ 70.8448269, 22.8264472 ], [ 70.845274, 22.8266132 ], [ 70.845799, 22.8268356 ], [ 70.8465046, 22.8271344 ] ] } },
{ "type": "Feature", "properties": { "name": "", "cls": "residential", "max_depth": 1.7990000247955322, "flooded_km": 0.18291602074147323 }, "geometry": { "type": "LineString", "coordinates": [ [ 70.8439261, 22.8271742 ], [ 70.84483, 22.8275217 ], [ 70.8451041, 22.8269025 ], [ 70.845274, 22.8266132 ] ] } },
{ "type": "Feature", "properties": { "name": "", "cls": "residential", "max_depth": 0.41800001263618469, "flooded_km": 0.014896781170567377 }, "geometry": { "type": "LineString", "coordinates": [ [ 70.8477728, 22.8262749 ], [ 70.8478875, 22.8259741 ], [ 70.848088, 22.8254482 ], [ 70.848195, 22.825195 ], [ 70.8475536, 22.8249824 ], [ 70.8474683, 22.8249853 ], [ 70.8471839, 22.8257208 ], [ 70.847068, 22.8260208 ] ] } },
{ "type": "Feature", "properties": { "name": "", "cls": "residential", "max_depth": 0.5820000171661377, "flooded_km": 0.059340523524424274 }, "geometry": { "type": "LineString", "coordinates": [ [ 70.848402, 22.8263579 ], [ 70.848795, 22.827801 ], [ 70.8488785, 22.8281074 ], [ 70.8489257, 22.8283248 ], [ 70.8490171, 22.8286164 ], [ 70.8490898, 22.8288832 ], [ 70.8491899, 22.8292508 ], [ 70.8491884, 22.829422 ], [ 70.8491125, 22.8296279 ], [ 70.8487997, 22.8303197 ], [ 70.8485866, 22.8302367 ], [ 70.8483415, 22.8301412 ], [ 70.8482972, 22.8301239 ], [ 70.8480976, 22.8300461 ], [ 70.8478291, 22.8299414 ], [ 70.846772, 22.8295294 ] ] } },
{ "type": "Feature", "properties": { "name": "", "cls": "residential", "max_depth": 1.8519999980926514, "flooded_km": 0.2999272694776422 }, "geometry": { "type": "LineString", "coordinates": [ [ 70.8509782, 22.8317144 ], [ 70.8504773, 22.8317799 ], [ 70.8501433, 22.8317441 ], [ 70.8497894, 22.8316211 ], [ 70.8494956, 22.8315017 ], [ 70.8482465, 22.8309749 ], [ 70.8480801, 22.8309047 ], [ 70.8480053, 22.830874 ], [ 70.8477688, 22.8307768 ], [ 70.8475232, 22.8306759 ], [ 70.8466267, 22.8303077 ], [ 70.8464604, 22.8302096 ], [ 70.8462151, 22.8301477 ], [ 70.8461328, 22.8301269 ], [ 70.8457561, 22.8299797 ], [ 70.8457073, 22.8299612 ], [ 70.8449159, 22.8295681 ], [ 70.8446194, 22.8294208 ], [ 70.844279, 22.8292518 ] ] } },
{ "type": "Feature", "properties": { "name": "", "cls": "residential", "max_depth": 1.8519999980926514, "flooded_km": 0.076088953918872243 }, "geometry": { "type": "LineString", "coordinates": [ [ 70.8440611, 22.8291866 ], [ 70.8440639, 22.8292284 ], [ 70.8440838, 22.829266 ], [ 70.8441177, 22.8292938 ], [ 70.844206, 22.8293049 ], [ 70.8442468, 22.8292866 ], [ 70.844279, 22.8292518 ], [ 70.8442918, 22.8292157 ], [ 70.8442891, 22.8291739 ], [ 70.8442692, 22.8291363 ], [ 70.8442352, 22.8291085 ], [ 70.8441726, 22.8290728 ], [ 70.8441061, 22.8291157 ], [ 70.844076, 22.829147 ], [ 70.8440611, 22.8291866 ] ] } },
{ "type": "Feature", "properties": { "name": "", "cls": "tertiary", "max_depth": 2.8489999771118164, "flooded_km": 0.50115983113862472 }, "geometry": { "type": "LineString", "coordinates": [ [ 70.8460596, 22.8243067 ], [ 70.8453791, 22.8241769 ], [ 70.8449723, 22.8240501 ], [ 70.8446458, 22.8240375 ], [ 70.844539, 22.8242008 ], [ 70.8444898, 22.8243202 ], [ 70.8441386, 22.8253959 ], [ 70.8439124, 22.8260889 ], [ 70.8438955, 22.8261406 ], [ 70.8438464, 22.8263135 ], [ 70.8438524, 22.8264056 ], [ 70.8438553, 22.8264494 ], [ 70.8438598, 22.8267089 ], [ 70.8439261, 22.8271742 ], [ 70.8440653, 22.8281503 ], [ 70.8441524, 22.8288994 ], [ 70.8441726, 22.8290728 ] ] } },
{ "type": "Feature", "properties": { "name": "", "cls": "residential", "max_depth": 0.62400001287460327, "flooded_km": 0.029069721622902573 }, "geometry": { "type": "LineString", "coordinates": [ [ 70.8476072, 22.8325966 ], [ 70.8477919, 22.8321976 ], [ 70.8479664, 22.8318482 ], [ 70.8473729, 22.8316548 ], [ 70.8470905, 22.8315628 ], [ 70.8467689, 22.831458 ], [ 70.8465319, 22.8313735 ] ] } },
{ "type": "Feature", "properties": { "name": "", "cls": "tertiary", "max_depth": 8.3389997482299805, "flooded_km": 2.4036443044342124 }, "geometry": { "type": "LineString", "coordinates": [ [ 70.8441177, 22.8292938 ], [ 70.843401, 22.8312073 ], [ 70.8433861, 22.8312472 ], [ 70.8431225, 22.8318691 ], [ 70.8430465, 22.8320544 ], [ 70.8426265, 22.8326062 ], [ 70.8420814, 22.8332363 ], [ 70.841219, 22.8342288 ], [ 70.8402762, 22.8353118 ], [ 70.8392842, 22.8364402 ], [ 70.8392376, 22.8364947 ], [ 70.8391189, 22.8366337 ], [ 70.8389268, 22.8368479 ], [ 70.8386766, 22.8372926 ], [ 70.8381971, 22.8380423 ], [ 70.8381648, 22.8380927 ], [ 70.8379259, 22.8384662 ], [ 70.8373852, 22.8392734 ], [ 70.8373182, 22.8394381 ], [ 70.8373021, 22.8394834 ], [ 70.8372422, 22.8396522 ], [ 70.837211, 22.8398664 ], [ 70.8371395, 22.840414 ], [ 70.8370456, 22.8407064 ], [ 70.8368848, 22.8408505 ], [ 70.8367239, 22.8409576 ], [ 70.8364156, 22.8411182 ], [ 70.8361296, 22.8414518 ], [ 70.8359018, 22.84195 ], [ 70.8355622, 22.8428148 ], [ 70.8351153, 22.8440172 ], [ 70.8347713, 22.8450343 ], [ 70.8347377, 22.8451372 ], [ 70.834673, 22.8453349 ], [ 70.8345613, 22.845969 ], [ 70.8344391, 22.8468671 ], [ 70.8343813, 22.8472924 ], [ 70.8343647, 22.8474143 ], [ 70.8342952, 22.8478659 ], [ 70.8342602, 22.8480934 ], [ 70.8342245, 22.8483251 ], [ 70.8341993, 22.8484891 ], [ 70.8338687, 22.8505396 ], [ 70.8337927, 22.8507579 ], [ 70.8336631, 22.8512479 ], [ 70.8336465, 22.8514108 ], [ 70.8336229, 22.8516432 ], [ 70.8336676, 22.8518161 ], [ 70.8337699, 22.8519508 ] ] } },
{ "type": "Feature", "properties": { "name": "", "cls": "residential", "max_depth": 1.0540000200271606, "flooded_km": 0.069107614359873559 }, "geometry": { "type": "LineString", "coordinates": [ [ 70.8456177, 22.8294391 ], [ 70.8459109, 22.8288994 ], [ 70.8460868, 22.8285757 ], [ 70.8463444, 22.8281015 ] ] } },
{ "type": "Feature", "properties": { "name": "", "cls": "residential", "max_depth": 0.9440000057220459, "flooded_km": 0.049208553432478569 }, "geometry": { "type": "LineString", "coordinates": [ [ 70.8460225, 22.8296103 ], [ 70.8457561, 22.8299797 ] ] } },
{ "type": "Feature", "properties": { "name": "", "cls": "residential", "max_depth": 1.503000020980835, "flooded_km": 0.10215199695100072 }, "geometry": { "type": "LineString", "coordinates": [ [ 70.8441524, 22.8288994 ], [ 70.84442, 22.8289448 ], [ 70.8447819, 22.8290683 ], [ 70.8450813, 22.8292125 ] ] } },
{ "type": "Feature", "properties": { "name": "", "cls": "residential", "max_depth": 1.7239999771118164, "flooded_km": 0.27496324818763912 }, "geometry": { "type": "LineString", "coordinates": [ [ 70.8456629, 22.8271342 ], [ 70.8453953, 22.8277381 ], [ 70.8447819, 22.8290683 ], [ 70.8446194, 22.8294208 ] ] } },
{ "type": "Feature", "properties": { "name": "", "cls": "residential", "max_depth": 1.0089999437332153, "flooded_km": 0.10559230124210027 }, "geometry": { "type": "LineString", "coordinates": [ [ 70.8452243, 22.8292661 ], [ 70.8456177, 22.8294391 ], [ 70.8458141, 22.8295255 ], [ 70.8460225, 22.8296103 ], [ 70.8461582, 22.8296655 ] ] } },
{ "type": "Feature", "properties": { "name": "", "cls": "residential", "max_depth": 1.1749999523162842, "flooded_km": 0.21982346842120248 }, "geometry": { "type": "LineString", "coordinates": [ [ 70.8459469, 22.8279493 ], [ 70.8454299, 22.8289984 ], [ 70.845336, 22.828949 ], [ 70.8452243, 22.8292661 ], [ 70.8450813, 22.8292125 ], [ 70.8449159, 22.8295681 ] ] } },
{ "type": "Feature", "properties": { "name": "", "cls": "residential", "max_depth": 0.33399999141693115, "flooded_km": 0.014890569029214602 }, "geometry": { "type": "LineString", "coordinates": [ [ 70.8474771, 22.8279849 ], [ 70.847244, 22.8278741 ], [ 70.8472351, 22.8279235 ], [ 70.8471502, 22.8281006 ], [ 70.8464849, 22.8278109 ], [ 70.846261, 22.8277094 ], [ 70.8463625, 22.8274699 ], [ 70.8465046, 22.8271344 ] ] } },
{ "type": "Feature", "properties": { "name": "", "cls": "residential", "max_depth": 0.69199997186660767, "flooded_km": 0.043991132782142381 }, "geometry": { "type": "LineString", "coordinates": [ [ 70.8514882, 22.8210083 ], [ 70.8510757, 22.8205652 ], [ 70.8504531, 22.8199126 ] ] } },
{ "type": "Feature", "properties": { "name": "", "cls": "residential", "max_depth": 1.2899999618530273, "flooded_km": 0.014596382308269521 }, "geometry": { "type": "LineString", "coordinates": [ [ 70.8512512, 22.821235 ], [ 70.8510333, 22.8211419 ], [ 70.8506741, 22.8209903 ], [ 70.8498649, 22.8205666 ] ] } },
{ "type": "Feature", "properties": { "name": "", "cls": "residential", "max_depth": 0.43999999761581421, "flooded_km": 0.027598520674120681 }, "geometry": { "type": "LineString", "coordinates": [ [ 70.8499233, 22.8209022 ], [ 70.8498948, 22.8213247 ], [ 70.8498645, 22.8217731 ], [ 70.849837, 22.8223952 ] ] } },
{ "type": "Feature", "properties": { "name": "", "cls": "residential", "max_depth": 0.59600001573562622, "flooded_km": 0.0145787644603072 }, "geometry": { "type": "LineString", "coordinates": [ [ 70.851065, 22.8218324 ], [ 70.8498645, 22.8217731 ], [ 70.8493618, 22.8217483 ], [ 70.8490003, 22.821542 ] ] } },
{ "type": "Feature", "properties": { "name": "", "cls": "service", "max_depth": 3.1960000991821289, "flooded_km": 0.93503391938303493 }, "geometry": { "type": "LineString", "coordinates": [ [ 70.8229058, 22.8283317 ], [ 70.8236539, 22.8279857 ], [ 70.8244333, 22.8276237 ], [ 70.8254455, 22.8272649 ], [ 70.8272434, 22.8265473 ], [ 70.8302588, 22.8251837 ], [ 70.831094, 22.8247858 ], [ 70.8311577, 22.8247727 ] ] } },
{ "type": "Feature", "properties": { "name": "", "cls": "residential", "max_depth": 3.7579998970031738, "flooded_km": 0.68992774736795293 }, "geometry": { "type": "LineString", "coordinates": [ [ 70.8248301, 22.8225629 ], [ 70.8250828, 22.8230018 ], [ 70.8250745, 22.8230579 ], [ 70.8250265, 22.8233827 ], [ 70.8248812, 22.8244923 ], [ 70.8246966, 22.8256174 ], [ 70.8242782, 22.8254815 ], [ 70.8244396, 22.8244112 ], [ 70.8246, 22.823348 ], [ 70.8250745, 22.8230579 ] ] } },
{ "type": "Feature", "properties": { "name": "", "cls": "residential", "max_depth": 3.3289999961853027, "flooded_km": 0.05324623891133097 }, "geometry": { "type": "LineString", "coordinates": [ [ 70.8250745, 22.8230579 ], [ 70.8255388, 22.8228436 ] ] } },
{ "type": "Feature", "properties": { "name": "", "cls": "tertiary", "max_depth": 6.1880002021789551, "flooded_km": 1.2591576039990831 }, "geometry": { "type": "LineString", "coordinates": [ [ 70.7219047, 22.8970248 ], [ 70.7219359, 22.8971388 ], [ 70.7219199, 22.8973156 ], [ 70.7217696, 22.8976692 ], [ 70.7216032, 22.8979138 ], [ 70.7211778, 22.8984501 ], [ 70.7210114, 22.8986741 ], [ 70.7207907, 22.8989599 ], [ 70.7206531, 22.8991839 ], [ 70.7206243, 22.8993342 ], [ 70.7206627, 22.8995051 ], [ 70.7209922, 22.9001858 ], [ 70.7214721, 22.9013115 ], [ 70.7217919, 22.9020334 ], [ 70.7220894, 22.9027112 ], [ 70.722259, 22.903053 ], [ 70.7225277, 22.9034449 ], [ 70.7229627, 22.9039223 ], [ 70.7238168, 22.9044527 ], [ 70.7247477, 22.904989 ], [ 70.7250452, 22.9052158 ], [ 70.725557, 22.9056726 ], [ 70.7261936, 22.9062383 ], [ 70.7267438, 22.9067422 ], [ 70.7271757, 22.9071371 ], [ 70.7278283, 22.9077028 ], [ 70.7286728, 22.9084542 ], [ 70.7289223, 22.9087105 ], [ 70.7291686, 22.9090818 ], [ 70.7294981, 22.9097654 ], [ 70.7298212, 22.910558 ], [ 70.7300515, 22.9113153 ], [ 70.7301635, 22.9117072 ], [ 70.7304578, 22.9128062 ], [ 70.7305377, 22.9131127 ], [ 70.7306401, 22.913313 ], [ 70.7309088, 22.9136254 ], [ 70.7312671, 22.9139789 ], [ 70.7314494, 22.9142117 ], [ 70.7316861, 22.9144798 ], [ 70.7317053, 22.9146272 ], [ 70.7316286, 22.9149601 ], [ 70.7316254, 22.9153373 ], [ 70.7316637, 22.9159207 ], [ 70.7317085, 22.9162566 ], [ 70.7317629, 22.9164216 ], [ 70.7320284, 22.9166838 ], [ 70.7325338, 22.9170992 ], [ 70.7329369, 22.9173467 ], [ 70.7333496, 22.9175117 ], [ 70.7338998, 22.9175736 ], [ 70.7348754, 22.917771 ], [ 70.7360302, 22.9179949 ], [ 70.7366892, 22.9181275 ], [ 70.7376585, 22.9182454 ], [ 70.7378952, 22.9182336 ], [ 70.7383494, 22.9181599 ], [ 70.7386725, 22.9180598 ], [ 70.738938, 22.9179154 ], [ 70.7398913, 22.917332 ], [ 70.7406559, 22.9169077 ], [ 70.7410813, 22.9166632 ], [ 70.7413436, 22.9165895 ], [ 70.7422841, 22.9167132 ], [ 70.7431606, 22.9168576 ], [ 70.7437588, 22.9168753 ], [ 70.7450319, 22.9168488 ], [ 70.7463275, 22.9168812 ], [ 70.7470473, 22.9168871 ], [ 70.7475783, 22.9168694 ], [ 70.7482756, 22.9167692 ], [ 70.7487139, 22.9167427 ], [ 70.7494304, 22.9167427 ], [ 70.7504189, 22.9167339 ], [ 70.7508731, 22.9166985 ], [ 70.7512858, 22.9167457 ], [ 70.7525526, 22.9170639 ], [ 70.7532339, 22.9172524 ], [ 70.7539281, 22.9174233 ], [ 70.7549613, 22.9177209 ], [ 70.755873, 22.9179183 ], [ 70.7569958, 22.9181305 ], [ 70.758333, 22.9183897 ], [ 70.7597117, 22.9186932 ], [ 70.7613591, 22.9190409 ], [ 70.7626515, 22.9193002 ], [ 70.7648715, 22.9197598 ], [ 70.7662982, 22.9200456 ], [ 70.7669284, 22.9202401 ], [ 70.7682016, 22.9206967 ], [ 70.768723, 22.9209118 ], [ 70.7691548, 22.9211181 ], [ 70.7697754, 22.9214156 ], [ 70.7701657, 22.9215423 ], [ 70.7717236, 22.9217987 ], [ 70.7722898, 22.9219165 ], [ 70.7739244, 22.9222082 ], [ 70.7747881, 22.9223909 ], [ 70.7755782, 22.9225647 ], [ 70.7771628, 22.9226826 ], [ 70.7785692, 22.9228031 ], [ 70.7790579, 22.9228742 ] ] } },
{ "type": "Feature", "properties": { "name": "", "cls": "tertiary", "max_depth": 8.5139999389648438, "flooded_km": 3.2150149796515231 }, "geometry": { "type": "LineString", "coordinates": [ [ 70.7790579, 22.9228742 ], [ 70.7789006, 22.9230775 ], [ 70.7785385, 22.9235238 ], [ 70.7782601, 22.9238701 ], [ 70.7781403, 22.9239804 ], [ 70.7779537, 22.9240342 ], [ 70.7775834, 22.9240471 ], [ 70.7773522, 22.9241112 ], [ 70.7770236, 22.9242779 ], [ 70.7763775, 22.9246267 ], [ 70.7759654, 22.9248114 ], [ 70.7755282, 22.9250499 ], [ 70.7751634, 22.9252474 ], [ 70.7748403, 22.9253859 ], [ 70.7746649, 22.9255219 ], [ 70.7744727, 22.9258373 ], [ 70.7741692, 22.926594 ], [ 70.774016, 22.9271121 ], [ 70.7738072, 22.927802 ], [ 70.7736373, 22.9281918 ], [ 70.7735148, 22.9283585 ], [ 70.7732586, 22.9285637 ], [ 70.7730358, 22.9286432 ], [ 70.772515, 22.9287715 ], [ 70.7723284, 22.928833 ], [ 70.7721474, 22.9289305 ], [ 70.7719803, 22.9290895 ], [ 70.7717659, 22.9294511 ], [ 70.7716072, 22.929682 ], [ 70.7713899, 22.9299667 ], [ 70.7709945, 22.9303821 ], [ 70.7708107, 22.9305694 ], [ 70.7705322, 22.9309182 ], [ 70.7703234, 22.9311746 ], [ 70.7702315, 22.9312747 ], [ 70.7699864, 22.9313901 ], [ 70.7695826, 22.9314747 ], [ 70.7690981, 22.931644 ], [ 70.7686302, 22.9319389 ], [ 70.7682348, 22.9323621 ], [ 70.7678477, 22.9328135 ], [ 70.7677251, 22.9331161 ], [ 70.7675525, 22.9335034 ], [ 70.7673102, 22.9338984 ], [ 70.7670763, 22.9342549 ], [ 70.7666307, 22.9350089 ], [ 70.7664302, 22.9353833 ], [ 70.7660459, 22.9359988 ], [ 70.7658593, 22.9362886 ], [ 70.7657786, 22.9364681 ], [ 70.765773, 22.936622 ], [ 70.765851, 22.9368041 ], [ 70.7659819, 22.9370195 ], [ 70.7660292, 22.9371965 ], [ 70.7659791, 22.9374478 ], [ 70.7658927, 22.9377043 ], [ 70.7657646, 22.9380095 ], [ 70.7656895, 22.9383095 ], [ 70.7656477, 22.9387942 ], [ 70.7655836, 22.9390815 ], [ 70.76545, 22.9394918 ], [ 70.765333, 22.9400201 ], [ 70.7652327, 22.9403971 ], [ 70.7651687, 22.9407843 ], [ 70.7650879, 22.9410664 ], [ 70.7649125, 22.9415665 ], [ 70.7647148, 22.9421205 ], [ 70.7645143, 22.942618 ], [ 70.7644001, 22.9429103 ], [ 70.7640938, 22.9436028 ], [ 70.7639573, 22.9439541 ], [ 70.7638487, 22.9443439 ], [ 70.7637457, 22.9447183 ], [ 70.7636649, 22.9449901 ], [ 70.7635368, 22.9453235 ], [ 70.7634143, 22.9455646 ], [ 70.7632333, 22.9459185 ], [ 70.7630717, 22.9460929 ], [ 70.7629325, 22.9462852 ], [ 70.7627125, 22.9466622 ], [ 70.762473, 22.9470545 ], [ 70.7622224, 22.9474905 ], [ 70.7620553, 22.9478033 ], [ 70.7618659, 22.9481162 ], [ 70.7617685, 22.9482572 ], [ 70.7617072, 22.9484906 ], [ 70.761709, 22.9485633 ], [ 70.7617155, 22.9488317 ], [ 70.7616042, 22.9492291 ], [ 70.7615373, 22.9494728 ], [ 70.7614092, 22.9495984 ], [ 70.7611669, 22.9497215 ], [ 70.7607715, 22.9497369 ], [ 70.7602535, 22.94966 ], [ 70.7600669, 22.9496394 ], [ 70.760013, 22.9496445 ] ] } },
{ "type": "Feature", "properties": { "name": "", "cls": "tertiary", "max_depth": 8.9350004196166992, "flooded_km": 6.6567059004458473 }, "geometry": { "type": "LineString", "coordinates": [ [ 70.7790579, 22.9228742 ], [ 70.7791763, 22.9228749 ], [ 70.7796441, 22.9228852 ], [ 70.7799616, 22.9228647 ], [ 70.7802011, 22.9228134 ], [ 70.7805046, 22.9226107 ], [ 70.7806606, 22.9222978 ], [ 70.7808778, 22.9217699 ], [ 70.7810087, 22.9214672 ], [ 70.7811813, 22.9210799 ], [ 70.7814459, 22.9206259 ], [ 70.7818859, 22.9198154 ], [ 70.782273, 22.9191742 ], [ 70.7824456, 22.9187663 ], [ 70.7825125, 22.918338 ], [ 70.7825793, 22.9177788 ], [ 70.7827018, 22.9172068 ], [ 70.7827436, 22.9169401 ], [ 70.7827854, 22.9162937 ], [ 70.7827826, 22.9160859 ], [ 70.7827102, 22.9159474 ], [ 70.782571, 22.9158448 ], [ 70.7822507, 22.9157243 ], [ 70.781975, 22.9156499 ], [ 70.7814793, 22.9153241 ], [ 70.7812705, 22.9151805 ], [ 70.7805436, 22.9149804 ], [ 70.7800535, 22.9148419 ], [ 70.7793573, 22.9146572 ], [ 70.7791763, 22.9145238 ], [ 70.7791791, 22.914411 ], [ 70.7793991, 22.9140006 ], [ 70.7795272, 22.9135901 ], [ 70.779633, 22.913308 ], [ 70.7797778, 22.9129694 ], [ 70.779814, 22.9127001 ], [ 70.7798168, 22.9123794 ], [ 70.7798781, 22.9121563 ], [ 70.7800618, 22.9119357 ], [ 70.7802039, 22.9117766 ], [ 70.7804044, 22.9111738 ], [ 70.7806717, 22.9103992 ], [ 70.7807775, 22.9102094 ], [ 70.7809279, 22.9100734 ], [ 70.7811061, 22.9099836 ], [ 70.7812593, 22.9096348 ], [ 70.7816158, 22.9087831 ], [ 70.7818358, 22.9081701 ], [ 70.7820279, 22.9078725 ], [ 70.7823844, 22.9072979 ], [ 70.7826991, 22.9066976 ], [ 70.782933, 22.9063385 ], [ 70.7831613, 22.9058691 ], [ 70.7833785, 22.9052919 ], [ 70.7836431, 22.9044659 ], [ 70.7838325, 22.9038272 ], [ 70.7838659, 22.9036373 ], [ 70.7839606, 22.9034142 ], [ 70.7842279, 22.9029114 ], [ 70.7844535, 22.9022624 ], [ 70.784576, 22.9019237 ], [ 70.7846958, 22.9016852 ], [ 70.7848099, 22.9015672 ], [ 70.7850856, 22.9015056 ], [ 70.7854866, 22.9014363 ], [ 70.7856649, 22.9013825 ], [ 70.7859879, 22.9011285 ], [ 70.7867537, 22.9004025 ], [ 70.7873051, 22.89991 ], [ 70.7874471, 22.8997638 ], [ 70.7875307, 22.8995765 ], [ 70.7875892, 22.8992096 ], [ 70.7876532, 22.8989557 ], [ 70.7878175, 22.8988094 ], [ 70.7879456, 22.8987248 ], [ 70.7882492, 22.8985632 ], [ 70.7885917, 22.8982964 ], [ 70.7887476, 22.8980911 ], [ 70.7889314, 22.8977987 ], [ 70.7891932, 22.8974216 ], [ 70.789352, 22.8970778 ], [ 70.7895163, 22.8968572 ], [ 70.7897251, 22.8966417 ], [ 70.7899563, 22.8962774 ], [ 70.7901902, 22.8958439 ], [ 70.7902932, 22.8956002 ], [ 70.7905466, 22.8950229 ], [ 70.7907694, 22.8945971 ], [ 70.7909783, 22.8942508 ], [ 70.7913292, 22.8936761 ], [ 70.7917608, 22.8930322 ], [ 70.7921869, 22.8924498 ], [ 70.7927216, 22.8917571 ], [ 70.7930474, 22.8913544 ], [ 70.7933676, 22.8909259 ], [ 70.7935097, 22.8905744 ], [ 70.7936294, 22.8901434 ], [ 70.7936461, 22.8895226 ], [ 70.7936684, 22.8892276 ], [ 70.7937436, 22.8890249 ], [ 70.7938912, 22.8888427 ], [ 70.7940945, 22.8885477 ], [ 70.7942309, 22.8883604 ], [ 70.7944036, 22.8882039 ], [ 70.7945233, 22.8880115 ], [ 70.7945289, 22.8879268 ], [ 70.7944871, 22.8878242 ], [ 70.7943284, 22.8876549 ], [ 70.7942616, 22.887406 ], [ 70.7941641, 22.8868955 ], [ 70.7941112, 22.8865132 ], [ 70.7941251, 22.8859257 ], [ 70.7941892, 22.8852715 ], [ 70.7942588, 22.8848584 ], [ 70.7943256, 22.8844222 ], [ 70.7944092, 22.8839835 ], [ 70.7944593, 22.8836962 ], [ 70.7945456, 22.8835037 ], [ 70.7947183, 22.8831959 ], [ 70.79498, 22.8828598 ], [ 70.7953114, 22.8826417 ], [ 70.7955843, 22.8824595 ], [ 70.7958684, 22.8820849 ], [ 70.7962638, 22.881441 ], [ 70.7965173, 22.881151 ], [ 70.7965729, 22.8810074 ], [ 70.7965897, 22.880779 ], [ 70.7965284, 22.880602 ], [ 70.7963724, 22.8803506 ], [ 70.7961831, 22.8798759 ], [ 70.7961135, 22.8796322 ], [ 70.7959102, 22.8790343 ], [ 70.7958266, 22.8785571 ], [ 70.7957793, 22.8782646 ], [ 70.7956735, 22.8776232 ], [ 70.7955231, 22.8768663 ], [ 70.7954033, 22.8762428 ], [ 70.795253, 22.8756937 ], [ 70.7949438, 22.8748085 ], [ 70.7948519, 22.8745289 ], [ 70.79454, 22.8739105 ], [ 70.7943089, 22.8733435 ], [ 70.7941223, 22.8728457 ], [ 70.7937965, 22.8719143 ], [ 70.7935514, 22.8711856 ], [ 70.7933203, 22.870657 ], [ 70.7929388, 22.8698103 ], [ 70.7926993, 22.8693741 ], [ 70.7925962, 22.8690687 ], [ 70.792535, 22.8686838 ], [ 70.7925433, 22.8682117 ], [ 70.7926631, 22.8673136 ], [ 70.7927216, 22.8667671 ], [ 70.792755, 22.8662488 ], [ 70.7927299, 22.8654328 ], [ 70.7927606, 22.864545 ], [ 70.7927466, 22.8637675 ], [ 70.7926575, 22.8628796 ], [ 70.7925155, 22.8618686 ], [ 70.7924152, 22.8613528 ], [ 70.7921952, 22.8606292 ], [ 70.7918444, 22.8594411 ], [ 70.791474, 22.8582505 ], [ 70.7912818, 22.8575833 ], [ 70.7913125, 22.85736 ], [ 70.7914795, 22.85668 ], [ 70.7917023, 22.8558332 ], [ 70.791758, 22.8555611 ], [ 70.791758, 22.8554405 ], [ 70.7916912, 22.8551634 ], [ 70.7913236, 22.8545988 ], [ 70.7910813, 22.85416 ], [ 70.7908975, 22.853657 ], [ 70.7907499, 22.8530129 ], [ 70.7906692, 22.8526254 ], [ 70.7905299, 22.8521045 ], [ 70.7904213, 22.8515065 ], [ 70.7903601, 22.8513115 ], [ 70.7900259, 22.8506546 ], [ 70.7895246, 22.8496819 ], [ 70.7891932, 22.8489942 ], [ 70.7887214, 22.8481268 ] ] } },
{ "type": "Feature", "properties": { "name": "", "cls": "tertiary", "max_depth": 5.9369997978210449, "flooded_km": 1.2995771175321356 }, "geometry": { "type": "LineString", "coordinates": [ [ 70.7921869, 22.8924498 ], [ 70.7917639, 22.892482 ], [ 70.7907045, 22.892585 ], [ 70.7895374, 22.8927308 ], [ 70.7889907, 22.8927833 ], [ 70.7881381, 22.8928514 ], [ 70.7877435, 22.8928864 ], [ 70.7873319, 22.8929875 ], [ 70.7871209, 22.8930866 ], [ 70.7864476, 22.8934774 ], [ 70.7858419, 22.8937224 ], [ 70.7854093, 22.8939091 ], [ 70.7846516, 22.8943193 ], [ 70.7837483, 22.8947917 ], [ 70.7833769, 22.8950717 ], [ 70.7830877, 22.8953206 ], [ 70.7829168, 22.8954217 ], [ 70.7823026, 22.8955811 ], [ 70.7818362, 22.8957425 ], [ 70.781412, 22.8959544 ], [ 70.7809329, 22.8961138 ], [ 70.7801351, 22.8963238 ], [ 70.7796835, 22.8963879 ], [ 70.779044, 22.8964346 ], [ 70.7780838, 22.8965435 ], [ 70.7771383, 22.8967185 ], [ 70.7766339, 22.896839 ], [ 70.7762603, 22.8968701 ], [ 70.7755617, 22.8970354 ], [ 70.7752789, 22.8971462 ], [ 70.7747471, 22.8972784 ], [ 70.7743862, 22.8973445 ], [ 70.7741371, 22.8973445 ], [ 70.7736792, 22.8973931 ], [ 70.7733563, 22.8973775 ], [ 70.7729996, 22.8974242 ], [ 70.7726049, 22.8974534 ] ] } },
{ "type": "Feature", "properties": { "name": "", "cls": "tertiary", "max_depth": 0.9440000057220459, "flooded_km": 0.13256729909866527 }, "geometry": { "type": "LineString", "coordinates": [ [ 70.8058084, 22.8955627 ], [ 70.8060229, 22.8954318 ], [ 70.8063793, 22.895224 ], [ 70.8065408, 22.895165 ], [ 70.8068639, 22.8951291 ], [ 70.8071173, 22.8951137 ], [ 70.8074236, 22.8950624 ], [ 70.8077996, 22.8949623 ], [ 70.8079547, 22.8949385 ], [ 70.808117, 22.8949136 ], [ 70.8084373, 22.895006 ], [ 70.808738, 22.8952471 ], [ 70.8089859, 22.8954267 ], [ 70.8091975, 22.8956499 ], [ 70.809476, 22.8958166 ], [ 70.8100191, 22.8960167 ], [ 70.810512, 22.896163 ], [ 70.8117512, 22.8966016 ], [ 70.812414, 22.8969018 ] ] } },
{ "type": "Feature", "properties": { "name": "", "cls": "tertiary", "max_depth": 4.4549999237060547, "flooded_km": 1.0774239885466825 }, "geometry": { "type": "LineString", "coordinates": [ [ 70.8071173, 22.8951137 ], [ 70.8069975, 22.8953472 ], [ 70.8069864, 22.8955293 ], [ 70.8071034, 22.8956371 ], [ 70.8074459, 22.89585 ], [ 70.8075824, 22.8960193 ], [ 70.8078608, 22.8963938 ], [ 70.8079694, 22.8968017 ], [ 70.8080836, 22.8972045 ], [ 70.8083398, 22.8976021 ], [ 70.8085543, 22.8979356 ], [ 70.8087659, 22.8983256 ], [ 70.8089748, 22.8986001 ], [ 70.8092337, 22.8988309 ], [ 70.809696, 22.8993389 ], [ 70.8102279, 22.8999571 ], [ 70.8106791, 22.9004368 ], [ 70.8113585, 22.9010346 ], [ 70.8115841, 22.9012783 ], [ 70.8117818, 22.9017554 ], [ 70.8118988, 22.9020581 ], [ 70.811715, 22.9023403 ], [ 70.8114922, 22.9026096 ], [ 70.8113168, 22.9027712 ], [ 70.8111163, 22.9028379 ], [ 70.8108183, 22.9029072 ], [ 70.8106512, 22.9030073 ], [ 70.8105454, 22.9031227 ], [ 70.8102391, 22.9036742 ], [ 70.8098575, 22.9043412 ], [ 70.8096236, 22.9048132 ], [ 70.8092783, 22.9058111 ], [ 70.8091446, 22.9061984 ], [ 70.8087158, 22.9074528 ], [ 70.8086044, 22.9078093 ], [ 70.8085264, 22.9082044 ], [ 70.8084206, 22.908525 ], [ 70.8083231, 22.9086661 ], [ 70.808117, 22.9088174 ], [ 70.8077717, 22.9090124 ], [ 70.8074431, 22.9092612 ], [ 70.8070337, 22.9096332 ], [ 70.8066745, 22.9098845 ], [ 70.8063292, 22.9101462 ], [ 70.8060229, 22.9104053 ], [ 70.8057249, 22.9106926 ], [ 70.8054102, 22.9110773 ], [ 70.8052626, 22.9113338 ] ] } },
{ "type": "Feature", "properties": { "name": "", "cls": "tertiary", "max_depth": 12.427000045776367, "flooded_km": 2.6609487254454831 }, "geometry": { "type": "LineString", "coordinates": [ [ 70.8079547, 22.8949385 ], [ 70.8077983, 22.8948153 ], [ 70.80757, 22.8945639 ], [ 70.8073917, 22.894369 ], [ 70.807013, 22.894174 ], [ 70.8064477, 22.8939303 ], [ 70.8059019, 22.893684 ], [ 70.8057153, 22.8935557 ], [ 70.80537, 22.8932684 ], [ 70.8048242, 22.8926681 ], [ 70.8044538, 22.8922422 ], [ 70.8042421, 22.8920113 ], [ 70.8040277, 22.8918805 ], [ 70.8039859, 22.8917932 ], [ 70.8039748, 22.8916444 ], [ 70.8041085, 22.8912827 ], [ 70.8043897, 22.8906413 ], [ 70.8046014, 22.8899948 ], [ 70.8046849, 22.8896998 ], [ 70.8048158, 22.8893483 ], [ 70.8050553, 22.8888891 ], [ 70.8053282, 22.888299 ], [ 70.8056011, 22.8876884 ], [ 70.8058267, 22.8873369 ], [ 70.8060244, 22.8869701 ], [ 70.8062555, 22.8864852 ], [ 70.8064505, 22.8860413 ], [ 70.8066148, 22.8858053 ], [ 70.8068376, 22.8855025 ], [ 70.8072692, 22.884915 ], [ 70.8075393, 22.8844943 ], [ 70.8078039, 22.8841376 ], [ 70.8081102, 22.8837682 ], [ 70.8084667, 22.8833218 ], [ 70.8086811, 22.8830396 ], [ 70.8090014, 22.8827086 ], [ 70.8094386, 22.8822699 ], [ 70.8096948, 22.8820082 ], [ 70.8099315, 22.8816079 ], [ 70.8101459, 22.8812975 ], [ 70.8105441, 22.8808639 ], [ 70.8108421, 22.8804739 ], [ 70.8113489, 22.8796862 ], [ 70.8118307, 22.8790345 ], [ 70.8120869, 22.8786959 ], [ 70.8124517, 22.8783546 ], [ 70.8127219, 22.8779826 ], [ 70.8129948, 22.8775849 ], [ 70.8133401, 22.8770538 ], [ 70.8135406, 22.8767279 ], [ 70.8138358, 22.8762841 ], [ 70.8141254, 22.8757735 ], [ 70.814273, 22.875522 ], [ 70.8144791, 22.8752911 ], [ 70.8147353, 22.8750525 ], [ 70.8149107, 22.8748062 ], [ 70.8151307, 22.8745265 ], [ 70.815295, 22.8743418 ], [ 70.8156069, 22.873844 ], [ 70.8159494, 22.8734078 ] ] } },
{ "type": "Feature", "properties": { "name": "", "cls": "tertiary", "max_depth": 1.0509999990463257, "flooded_km": 1.5585631936826423 }, "geometry": { "type": "LineString", "coordinates": [ [ 70.8159494, 22.8734078 ], [ 70.8162336, 22.8730941 ], [ 70.8165045, 22.8728395 ], [ 70.8168746, 22.8725158 ], [ 70.8171482, 22.8723453 ], [ 70.8173708, 22.8721945 ], [ 70.8176846, 22.871762 ], [ 70.8179475, 22.8714111 ], [ 70.8181487, 22.8711664 ], [ 70.8185027, 22.8707834 ], [ 70.8187387, 22.8705634 ], [ 70.8189855, 22.870383 ], [ 70.8191625, 22.8702026 ], [ 70.8194254, 22.8699209 ], [ 70.8200021, 22.8693006 ], [ 70.8204956, 22.8687692 ], [ 70.820914, 22.868354 ], [ 70.821319, 22.8679512 ], [ 70.8215604, 22.8675681 ], [ 70.8219145, 22.8671307 ], [ 70.8222149, 22.8667674 ], [ 70.8224616, 22.8665351 ], [ 70.8229418, 22.8661841 ], [ 70.8234916, 22.8657269 ], [ 70.8241166, 22.8651906 ], [ 70.8246101, 22.8648421 ], [ 70.8254604, 22.864422 ], [ 70.8256883, 22.8643083 ], [ 70.8260048, 22.8640908 ], [ 70.8263401, 22.8637596 ], [ 70.8265171, 22.8635001 ], [ 70.8268471, 22.8628477 ], [ 70.8271823, 22.8620691 ], [ 70.8273325, 22.8616391 ], [ 70.8273578, 22.86158 ], [ 70.8273869, 22.8614846 ] ] } },
{ "type": "Feature", "properties": { "name": "", "cls": "tertiary", "max_depth": 2.0539999008178711, "flooded_km": 0.62592310703381704 }, "geometry": { "type": "LineString", "coordinates": [ [ 70.8273869, 22.8614846 ], [ 70.8274502, 22.8612987 ], [ 70.8276148, 22.8610319 ], [ 70.8278203, 22.8608059 ], [ 70.8281799, 22.8603993 ], [ 70.8289878, 22.8595967 ], [ 70.8296159, 22.8590373 ], [ 70.8299872, 22.8587598 ], [ 70.8303257, 22.8584844 ], [ 70.8305125, 22.8582627 ], [ 70.830697, 22.8580045 ], [ 70.8309422, 22.8576302 ], [ 70.8310659, 22.8574968 ], [ 70.8313905, 22.8572601 ], [ 70.8318832, 22.8569524 ], [ 70.8323128, 22.8567824 ], [ 70.8326981, 22.8566834 ], [ 70.8329223, 22.8566038 ], [ 70.833018, 22.856393 ], [ 70.8330297, 22.8562036 ] ] } },
{ "type": "Feature", "properties": { "name": "", "cls": "unclassified", "max_depth": 1.1759999990463257, "flooded_km": 0.59172845176826161 }, "geometry": { "type": "LineString", "coordinates": [ [ 70.8330297, 22.8562036 ], [ 70.8333799, 22.8563499 ], [ 70.8335877, 22.8564188 ], [ 70.8338539, 22.856507 ], [ 70.8341018, 22.8565889 ], [ 70.8342836, 22.856649 ], [ 70.8345498, 22.8567415 ], [ 70.8346038, 22.856759 ], [ 70.8350335, 22.8568978 ], [ 70.8352797, 22.8569773 ], [ 70.8355421, 22.8570621 ], [ 70.8364645, 22.8573913 ], [ 70.8373027, 22.8576775 ], [ 70.8378981, 22.8578754 ], [ 70.8384562, 22.858082 ], [ 70.8389699, 22.8582584 ] ] } },
{ "type": "Feature", "properties": { "name": "", "cls": "tertiary", "max_depth": 2.2349998950958252, "flooded_km": 0.27593636773961305 }, "geometry": { "type": "LineString", "coordinates": [ [ 70.8347939, 22.8536156 ], [ 70.8347137, 22.8539412 ], [ 70.8346954, 22.8539992 ], [ 70.83465, 22.8541434 ], [ 70.8344199, 22.8542314 ], [ 70.8341722, 22.8544565 ], [ 70.8339634, 22.8546489 ], [ 70.8336449, 22.85475 ], [ 70.8334396, 22.8549098 ], [ 70.8333457, 22.8550032 ], [ 70.8333051, 22.8550435 ], [ 70.8332982, 22.8550555 ], [ 70.8331352, 22.8553403 ], [ 70.8329547, 22.855536 ], [ 70.8328122, 22.8556718 ], [ 70.8327459, 22.8557349 ], [ 70.8327601, 22.8558686 ], [ 70.8329016, 22.856035 ], [ 70.8330007, 22.8561295 ], [ 70.8330297, 22.8562036 ] ] } },
{ "type": "Feature", "properties": { "name": "", "cls": "secondary", "max_depth": 17.548000335693359, "flooded_km": 7.0249487103236365 }, "geometry": { "type": "LineString", "coordinates": [ [ 70.810414, 22.8047764 ], [ 70.8105248, 22.8047314 ], [ 70.8106499, 22.8046743 ], [ 70.8116421, 22.8042583 ], [ 70.812573, 22.8038748 ], [ 70.8134797, 22.8035013 ], [ 70.8142555, 22.8030513 ], [ 70.8144379, 22.8029454 ], [ 70.814675, 22.8028079 ], [ 70.8149475, 22.8026431 ], [ 70.8158219, 22.8021142 ], [ 70.8162239, 22.801871 ], [ 70.8165146, 22.8017273 ], [ 70.8199847, 22.7995971 ], [ 70.8201563, 22.7994918 ], [ 70.8203092, 22.7993954 ], [ 70.8204648, 22.7993262 ], [ 70.8206914, 22.7992693 ], [ 70.8209087, 22.7992396 ], [ 70.8211796, 22.7992248 ], [ 70.8215202, 22.7992056 ], [ 70.8216422, 22.7991987 ], [ 70.8219051, 22.7991839 ], [ 70.8223718, 22.7991575 ], [ 70.8231657, 22.7991127 ], [ 70.8249007, 22.7990148 ], [ 70.8259354, 22.7989482 ], [ 70.8263849, 22.7989442 ], [ 70.8265675, 22.7988899 ], [ 70.8267935, 22.7987871 ], [ 70.8271783, 22.798475 ], [ 70.8272625, 22.7984067 ], [ 70.8284335, 22.7974389 ], [ 70.8285259, 22.7973625 ], [ 70.8299142, 22.796215 ], [ 70.8299954, 22.7961479 ], [ 70.8301771, 22.7959978 ], [ 70.8316113, 22.7948132 ], [ 70.8317809, 22.7946731 ], [ 70.8333939, 22.7933407 ], [ 70.836969, 22.7902293 ], [ 70.8381701, 22.7891431 ], [ 70.8388929, 22.7884894 ], [ 70.8393502, 22.7880566 ], [ 70.8395648, 22.7877797 ], [ 70.8396855, 22.7875485 ], [ 70.8410448, 22.7846091 ], [ 70.8423995, 22.7816713 ], [ 70.8427778, 22.7808046 ], [ 70.8429699, 22.7803646 ], [ 70.8433949, 22.7798303 ], [ 70.8436713, 22.7794929 ], [ 70.8438779, 22.7792167 ], [ 70.8443667, 22.7781577 ], [ 70.8452679, 22.7763494 ], [ 70.8461515, 22.774674 ], [ 70.8468375, 22.7733734 ], [ 70.8476621, 22.7717604 ], [ 70.8482481, 22.770677 ], [ 70.8486857, 22.7702806 ], [ 70.8487576, 22.7702154 ], [ 70.8491905, 22.7698977 ], [ 70.8492737, 22.7698497 ], [ 70.8493716, 22.7698312 ], [ 70.8494501, 22.7698602 ], [ 70.8495439, 22.7699656 ], [ 70.8501796, 22.7706776 ], [ 70.850426, 22.7708594 ], [ 70.850535, 22.7709398 ], [ 70.8506933, 22.7710016 ], [ 70.8509065, 22.7710659 ], [ 70.8511161, 22.7711197 ], [ 70.8515047, 22.7712069 ], [ 70.8517326, 22.771213 ], [ 70.8521081, 22.7712439 ], [ 70.8525239, 22.7713132 ], [ 70.852783, 22.7713125 ], [ 70.8531363, 22.7712772 ], [ 70.8538166, 22.7712174 ], [ 70.8540869, 22.7710987 ], [ 70.8543438, 22.7708617 ], [ 70.8548856, 22.7700661 ], [ 70.8550706, 22.7698577 ], [ 70.8552184, 22.769724 ], [ 70.8553509, 22.7696537 ], [ 70.8554911, 22.7696067 ], [ 70.8561328, 22.7696117 ], [ 70.856473, 22.7695909 ], [ 70.8567586, 22.769504 ], [ 70.857115, 22.7693139 ], [ 70.8574006, 22.7691103 ], [ 70.8579756, 22.7683098 ], [ 70.858154, 22.7680482 ], [ 70.8583022, 22.7680378 ], [ 70.8583994, 22.7680823 ], [ 70.8591428, 22.7684876 ] ] } },
{ "type": "Feature", "properties": { "name": "", "cls": "residential", "max_depth": 3.1689999103546143, "flooded_km": 0.15486136148490923 }, "geometry": { "type": "LineString", "coordinates": [ [ 70.8166056, 22.8019333 ], [ 70.816254, 22.8025499 ], [ 70.8158897, 22.8031526 ], [ 70.815773, 22.8033937 ] ] } },
{ "type": "Feature", "properties": { "name": "", "cls": "residential", "max_depth": 1.8229999542236328, "flooded_km": 0.39985237489221331 }, "geometry": { "type": "LineString", "coordinates": [ [ 70.8187634, 22.8034418 ], [ 70.8187141, 22.8034923 ], [ 70.818464, 22.8037679 ], [ 70.8181687, 22.8040997 ], [ 70.818107, 22.8041734 ], [ 70.8176552, 22.8047127 ], [ 70.817556, 22.8048311 ], [ 70.8174274, 22.8049846 ], [ 70.8172347, 22.8052147 ], [ 70.817176, 22.8052764 ], [ 70.817073, 22.8053846 ], [ 70.8169652, 22.8054979 ], [ 70.816735, 22.8057399 ], [ 70.8162913, 22.8062264 ], [ 70.8162073, 22.8063297 ], [ 70.8161232, 22.8064502 ], [ 70.8160859, 22.8065768 ] ] } },
{ "type": "Feature", "properties": { "name": "", "cls": "residential", "max_depth": 2.559999942779541, "flooded_km": 0.10011204400346792 }, "geometry": { "type": "LineString", "coordinates": [ [ 70.8196947, 22.8041081 ], [ 70.8196326, 22.8041763 ], [ 70.8196083, 22.8042014 ], [ 70.819112, 22.8047455 ], [ 70.8188692, 22.8049823 ] ] } },
{ "type": "Feature", "properties": { "name": "", "cls": "residential", "max_depth": 2.5350000858306885, "flooded_km": 0.21612603288221735 }, "geometry": { "type": "LineString", "coordinates": [ [ 70.8211811, 22.8066998 ], [ 70.8205551, 22.8062522 ], [ 70.8204621, 22.8061896 ], [ 70.819481, 22.805529 ], [ 70.8191747, 22.8052553 ], [ 70.8189976, 22.805097 ], [ 70.8188692, 22.8049823 ], [ 70.8186168, 22.8047884 ], [ 70.818561, 22.8047455 ] ] } },
{ "type": "Feature", "properties": { "name": "", "cls": "residential", "max_depth": 1.6150000095367432, "flooded_km": 0.11869929385138803 }, "geometry": { "type": "LineString", "coordinates": [ [ 70.8162913, 22.8062264 ], [ 70.8164361, 22.8062479 ], [ 70.816777, 22.8062092 ], [ 70.8170479, 22.8062221 ], [ 70.817146, 22.8062608 ], [ 70.8171786, 22.8063555 ], [ 70.8171533, 22.8064275 ], [ 70.8171226, 22.806515 ] ] } },
{ "type": "Feature", "properties": { "name": "", "cls": "residential", "max_depth": 1.6150000095367432, "flooded_km": 0.079643463327223107 }, "geometry": { "type": "LineString", "coordinates": [ [ 70.8171786, 22.8063555 ], [ 70.8175242, 22.8059767 ], [ 70.8176877, 22.8058131 ] ] } },
{ "type": "Feature", "properties": { "name": "", "cls": "residential", "max_depth": 3.0490000247955322, "flooded_km": 0.40326446224909068 }, "geometry": { "type": "LineString", "coordinates": [ [ 70.817073, 22.8053846 ], [ 70.8176877, 22.8058131 ], [ 70.8180379, 22.80608 ], [ 70.8180911, 22.8061312 ], [ 70.8182481, 22.8062823 ], [ 70.8183914, 22.8063578 ], [ 70.8188365, 22.8065923 ], [ 70.8198546, 22.8072423 ], [ 70.8201441, 22.8073973 ], [ 70.82056, 22.8075467 ] ] } },
{ "type": "Feature", "properties": { "name": "", "cls": "residential", "max_depth": 2.2100000381469727, "flooded_km": 0.14743426810347557 }, "geometry": { "type": "LineString", "coordinates": [ [ 70.8237769, 22.8040027 ], [ 70.8240402, 22.8041959 ], [ 70.8243835, 22.8044478 ], [ 70.8249245, 22.8048021 ] ] } },
{ "type": "Feature", "properties": { "name": "", "cls": "residential", "max_depth": 2.6670000553131104, "flooded_km": 0.062365752067871844 }, "geometry": { "type": "LineString", "coordinates": [ [ 70.8237772, 22.8054975 ], [ 70.8239455, 22.8049564 ] ] } },
{ "type": "Feature", "properties": { "name": "", "cls": "residential", "max_depth": 3.5739998817443848, "flooded_km": 0.077466919083331504 }, "geometry": { "type": "LineString", "coordinates": [ [ 70.8268031, 22.8043136 ], [ 70.826558, 22.8045646 ], [ 70.8264906, 22.8046336 ], [ 70.8263285, 22.8048553 ] ] } },
{ "type": "Feature", "properties": { "name": "", "cls": "residential", "max_depth": 2.6570000648498535, "flooded_km": 0.15307944263204928 }, "geometry": { "type": "LineString", "coordinates": [ [ 70.825629, 22.804316 ], [ 70.8263285, 22.8048553 ], [ 70.8267615, 22.8052147 ] ] } },
{ "type": "Feature", "properties": { "name": "", "cls": "residential", "max_depth": 4.8689999580383301, "flooded_km": 0.24527355806985449 }, "geometry": { "type": "LineString", "coordinates": [ [ 70.8275819, 22.8050263 ], [ 70.8274106, 22.805628 ], [ 70.8274168, 22.8057312 ], [ 70.8274199, 22.805783 ], [ 70.8273499, 22.8060671 ], [ 70.8271207, 22.8066552 ], [ 70.8270697, 22.806786 ], [ 70.8269428, 22.8071488 ] ] } },
{ "type": "Feature", "properties": { "name": "", "cls": "residential", "max_depth": 5.0929999351501465, "flooded_km": 0.16311663893581937 }, "geometry": { "type": "LineString", "coordinates": [ [ 70.827025, 22.8089928 ], [ 70.8263412, 22.8087275 ], [ 70.8255566, 22.8084305 ] ] } },
{ "type": "Feature", "properties": { "name": "", "cls": "residential", "max_depth": 4.0890002250671387, "flooded_km": 0.27612806064749806 }, "geometry": { "type": "LineString", "coordinates": [ [ 70.8249168, 22.8090983 ], [ 70.8249769, 22.8090486 ], [ 70.8250313, 22.8090046 ], [ 70.825225, 22.8088394 ], [ 70.8254006, 22.8086582 ], [ 70.8254585, 22.8085984 ], [ 70.8255566, 22.8084305 ], [ 70.8256967, 22.8080732 ], [ 70.8261404, 22.8069324 ] ] } },
{ "type": "Feature", "properties": { "name": "", "cls": "residential", "max_depth": 5.370999813079834, "flooded_km": 0.28707133156559539 }, "geometry": { "type": "LineString", "coordinates": [ [ 70.8246039, 22.8076986 ], [ 70.8254345, 22.8079833 ], [ 70.8256967, 22.8080732 ], [ 70.8260729, 22.8082199 ], [ 70.8266681, 22.808452 ], [ 70.8272145, 22.8086242 ] ] } },
{ "type": "Feature", "properties": { "name": "", "cls": "residential", "max_depth": 5.370999813079834, "flooded_km": 0.17555454506102683 }, "geometry": { "type": "LineString", "coordinates": [ [ 70.8271299, 22.8089118 ], [ 70.8272145, 22.8086242 ], [ 70.8272462, 22.8084801 ], [ 70.8273051, 22.8082131 ], [ 70.8273359, 22.8080732 ], [ 70.8274455, 22.8077778 ], [ 70.827518, 22.8075824 ], [ 70.8275705, 22.8074462 ], [ 70.8275927, 22.8073887 ] ] } },
{ "type": "Feature", "properties": { "name": "", "cls": "residential", "max_depth": 4.1500000953674316, "flooded_km": 0.26569432727759751 }, "geometry": { "type": "LineString", "coordinates": [ [ 70.8260729, 22.8082199 ], [ 70.8262186, 22.807857 ], [ 70.8263815, 22.8074514 ], [ 70.8265333, 22.8070579 ], [ 70.8267335, 22.8065449 ], [ 70.8269529, 22.8059638 ] ] } },
{ "type": "Feature", "properties": { "name": "", "cls": "residential", "max_depth": 4.4569997787475586, "flooded_km": 0.21284145792977407 }, "geometry": { "type": "LineString", "coordinates": [ [ 70.8261217, 22.8061704 ], [ 70.8258675, 22.806859 ], [ 70.82565, 22.8074619 ], [ 70.8255947, 22.8075956 ], [ 70.8254345, 22.8079833 ] ] } },
{ "type": "Feature", "properties": { "name": "", "cls": "residential", "max_depth": 3.5190000534057617, "flooded_km": 0.095145850222126196 }, "geometry": { "type": "LineString", "coordinates": [ [ 70.8247067, 22.8073499 ], [ 70.8251326, 22.807469 ], [ 70.8255947, 22.8075956 ] ] } },
{ "type": "Feature", "properties": { "name": "", "cls": "residential", "max_depth": 3.1789999008178711, "flooded_km": 0.16239102348608406 }, "geometry": { "type": "LineString", "coordinates": [ [ 70.8251326, 22.807469 ], [ 70.8255286, 22.8063857 ], [ 70.825664, 22.8060886 ] ] } },
{ "type": "Feature", "properties": { "name": "", "cls": "residential", "max_depth": 3.5789999961853027, "flooded_km": 0.16281089306635763 }, "geometry": { "type": "LineString", "coordinates": [ [ 70.8247067, 22.8073499 ], [ 70.8247686, 22.8071596 ], [ 70.8250027, 22.8064394 ], [ 70.8251643, 22.8059423 ] ] } },
{ "type": "Feature", "properties": { "name": "", "cls": "residential", "max_depth": 4.3509998321533203, "flooded_km": 0.43192306707047196 }, "geometry": { "type": "LineString", "coordinates": [ [ 70.8267615, 22.8052147 ], [ 70.8266622, 22.8055136 ], [ 70.8265493, 22.8058532 ], [ 70.826514, 22.8059595 ], [ 70.8263458, 22.8064502 ], [ 70.8267335, 22.8065449 ], [ 70.8271207, 22.8066552 ], [ 70.8282026, 22.807024 ], [ 70.8290024, 22.8072966 ] ] } },
{ "type": "Feature", "properties": { "name": "", "cls": "residential", "max_depth": 2.4790000915527344, "flooded_km": 0.12593794753371837 }, "geometry": { "type": "LineString", "coordinates": [ [ 70.8255512, 22.8012502 ], [ 70.8257421, 22.8014483 ], [ 70.8258829, 22.8015945 ], [ 70.8261187, 22.8018486 ], [ 70.8263204, 22.8020659 ], [ 70.8265114, 22.8023159 ] ] } },
{ "type": "Feature", "properties": { "name": "", "cls": "residential", "max_depth": 2.4619998931884766, "flooded_km": 0.085951970685519852 }, "geometry": { "type": "LineString", "coordinates": [ [ 70.8256467, 22.8006522 ], [ 70.8261912, 22.8007997 ], [ 70.8264407, 22.8008673 ], [ 70.8267283, 22.8009452 ], [ 70.8269859, 22.801015 ] ] } },
{ "type": "Feature", "properties": { "name": "", "cls": "residential", "max_depth": 3.4560000896453857, "flooded_km": 0.12256675992345505 }, "geometry": { "type": "LineString", "coordinates": [ [ 70.8304205, 22.7995212 ], [ 70.8302087, 22.7997937 ], [ 70.8301496, 22.7999105 ], [ 70.8299068, 22.8003902 ], [ 70.8298575, 22.8004924 ] ] } },
{ "type": "Feature", "properties": { "name": "", "cls": "residential", "max_depth": 4.2979998588562012, "flooded_km": 0.13748255634003892 }, "geometry": { "type": "LineString", "coordinates": [ [ 70.8255785, 22.8010122 ], [ 70.8260786, 22.8011383 ], [ 70.8262346, 22.8011776 ], [ 70.8263299, 22.8012048 ], [ 70.8268646, 22.8013571 ] ] } },
{ "type": "Feature", "properties": { "name": "", "cls": "residential", "max_depth": 1.3420000076293945, "flooded_km": 0.17047450682509177 }, "geometry": { "type": "LineString", "coordinates": [ [ 70.8268646, 22.8013571 ], [ 70.8269859, 22.801015 ], [ 70.8274663, 22.8000553 ], [ 70.827622, 22.7997062 ] ] } },
{ "type": "Feature", "properties": { "name": "", "cls": "residential", "max_depth": 1.8400000333786011, "flooded_km": 0.095515171128697465 }, "geometry": { "type": "LineString", "coordinates": [ [ 70.8263299, 22.8012048 ], [ 70.8264407, 22.8008673 ], [ 70.8266127, 22.8003654 ], [ 70.8266877, 22.8001467 ] ] } },
{ "type": "Feature", "properties": { "name": "", "cls": "residential", "max_depth": 1.6679999828338623, "flooded_km": 0.17702330348507814 }, "geometry": { "type": "LineString", "coordinates": [ [ 70.8267283, 22.8009452 ], [ 70.8269222, 22.8004198 ], [ 70.8269496, 22.8003457 ], [ 70.8272822, 22.7996148 ], [ 70.8273495, 22.799455 ] ] } },
{ "type": "Feature", "properties": { "name": "", "cls": "residential", "max_depth": 1.6940000057220459, "flooded_km": 0.037807439061391376 }, "geometry": { "type": "LineString", "coordinates": [ [ 70.8263299, 22.8012048 ], [ 70.8262382, 22.8015528 ], [ 70.8261993, 22.8017519 ], [ 70.8261187, 22.8018486 ] ] } },
{ "type": "Feature", "properties": { "name": "", "cls": "residential", "max_depth": 2.2679998874664307, "flooded_km": 0.068332849631522197 }, "geometry": { "type": "LineString", "coordinates": [ [ 70.8265114, 22.8023159 ], [ 70.8267868, 22.8018922 ], [ 70.8268929, 22.801667 ] ] } },
{ "type": "Feature", "properties": { "name": "", "cls": "residential", "max_depth": 2.4000000953674316, "flooded_km": 0.049527692318817568 }, "geometry": { "type": "LineString", "coordinates": [ [ 70.8268929, 22.801667 ], [ 70.82704, 22.8017321 ], [ 70.8273283, 22.8018595 ] ] } },
{ "type": "Feature", "properties": { "name": "", "cls": "residential", "max_depth": 3.7430000305175781, "flooded_km": 0.22806695550168457 }, "geometry": { "type": "LineString", "coordinates": [ [ 70.8265114, 22.8023159 ], [ 70.8266258, 22.8023949 ], [ 70.8268602, 22.8025567 ], [ 70.8268941, 22.8025808 ], [ 70.8270635, 22.8027 ], [ 70.8272034, 22.8027938 ], [ 70.8274053, 22.8029403 ], [ 70.8276362, 22.8030592 ], [ 70.8278773, 22.8032274 ], [ 70.8283228, 22.8035039 ] ] } },
{ "type": "Feature", "properties": { "name": "", "cls": "residential", "max_depth": 2.5230000019073486, "flooded_km": 0.28841339910127789 }, "geometry": { "type": "LineString", "coordinates": [ [ 70.8268602, 22.8025567 ], [ 70.8271265, 22.8021336 ], [ 70.827261, 22.8019378 ], [ 70.8273283, 22.8018595 ], [ 70.8275371, 22.801406 ], [ 70.827592, 22.8012854 ], [ 70.8276743, 22.8011067 ], [ 70.8277777, 22.8009591 ], [ 70.8281564, 22.8001108 ] ] } },
{ "type": "Feature", "properties": { "name": "", "cls": "residential", "max_depth": 2.5230000019073486, "flooded_km": 0.21860973874723791 }, "geometry": { "type": "LineString", "coordinates": [ [ 70.82704, 22.8017321 ], [ 70.8273248, 22.8011801 ], [ 70.8275618, 22.8006524 ], [ 70.8276963, 22.8003783 ], [ 70.8278733, 22.799977 ], [ 70.8278945, 22.7999248 ] ] } },
{ "type": "Feature", "properties": { "name": "", "cls": "residential", "max_depth": 2.5499999523162842, "flooded_km": 0.32876762045826008 }, "geometry": { "type": "LineString", "coordinates": [ [ 70.8272034, 22.8027938 ], [ 70.8274698, 22.802362 ], [ 70.8276574, 22.802031 ], [ 70.8276751, 22.8019998 ], [ 70.827944, 22.801424 ], [ 70.8282024, 22.8008351 ], [ 70.8284714, 22.8002576 ], [ 70.8285422, 22.800101 ] ] } },
{ "type": "Feature", "properties": { "name": "", "cls": "residential", "max_depth": 1.8040000200271606, "flooded_km": 0.058349396161782613 }, "geometry": { "type": "LineString", "coordinates": [ [ 70.8276999, 22.8027992 ], [ 70.8279158, 22.8024435 ], [ 70.8280538, 22.8022282 ] ] } },
{ "type": "Feature", "properties": { "name": "", "cls": "residential", "max_depth": 2.4110000133514404, "flooded_km": 0.12753390943544649 }, "geometry": { "type": "LineString", "coordinates": [ [ 70.8276574, 22.802031 ], [ 70.8280538, 22.8022282 ], [ 70.828143, 22.8022722 ], [ 70.8284171, 22.8024074 ], [ 70.8287616, 22.8025577 ] ] } },
{ "type": "Feature", "properties": { "name": "", "cls": "residential", "max_depth": 2.1029999256134033, "flooded_km": 0.10639978108309568 }, "geometry": { "type": "LineString", "coordinates": [ [ 70.8278773, 22.8032274 ], [ 70.8282024, 22.802747 ], [ 70.8284171, 22.8024074 ] ] } },
{ "type": "Feature", "properties": { "name": "", "cls": "residential", "max_depth": 2.9670000076293945, "flooded_km": 0.20405090349828919 }, "geometry": { "type": "LineString", "coordinates": [ [ 70.828143, 22.8022722 ], [ 70.8284823, 22.801636 ], [ 70.8286731, 22.8011189 ], [ 70.8289315, 22.8005838 ] ] } },
{ "type": "Feature", "properties": { "name": "", "cls": "residential", "max_depth": 2.4319999217987061, "flooded_km": 0.20317449582358052 }, "geometry": { "type": "LineString", "coordinates": [ [ 70.8292217, 22.8007339 ], [ 70.8290058, 22.8011874 ], [ 70.8288006, 22.801667 ], [ 70.8287632, 22.8017467 ], [ 70.8285422, 22.8022184 ], [ 70.8284171, 22.8024074 ] ] } },
{ "type": "Feature", "properties": { "name": "", "cls": "residential", "max_depth": 2.6349999904632568, "flooded_km": 0.20853313629521175 }, "geometry": { "type": "LineString", "coordinates": [ [ 70.8287616, 22.8025577 ], [ 70.8290589, 22.8018432 ], [ 70.8291096, 22.8017301 ], [ 70.8293951, 22.8010928 ], [ 70.8295049, 22.8008057 ] ] } },
{ "type": "Feature", "properties": { "name": "", "cls": "residential", "max_depth": 3.7430000305175781, "flooded_km": 0.114201132038363 }, "geometry": { "type": "LineString", "coordinates": [ [ 70.8283228, 22.8035039 ], [ 70.8283546, 22.8034212 ], [ 70.8284431, 22.8031907 ], [ 70.8286342, 22.8027894 ], [ 70.8287616, 22.8025577 ] ] } },
{ "type": "Feature", "properties": { "name": "", "cls": "tertiary", "max_depth": 1.9769999980926514, "flooded_km": 0.47869086594144117 }, "geometry": { "type": "LineString", "coordinates": [ [ 70.8461405, 22.8240961 ], [ 70.8462232, 22.8240019 ], [ 70.8470573, 22.823513 ], [ 70.8475854, 22.8231229 ], [ 70.8477157, 22.8230266 ], [ 70.8488085, 22.8217568 ], [ 70.8490003, 22.821542 ], [ 70.8492495, 22.8212629 ], [ 70.849481, 22.8210036 ], [ 70.8498649, 22.8205666 ], [ 70.8501627, 22.8202355 ], [ 70.8504531, 22.8199126 ], [ 70.8507027, 22.8196087 ], [ 70.8507979, 22.8194927 ], [ 70.8512323, 22.8190063 ], [ 70.8515862, 22.8186195 ], [ 70.852338, 22.8177213 ], [ 70.8526998, 22.8173353 ], [ 70.853383, 22.8165546 ], [ 70.853432, 22.8164986 ], [ 70.8534966, 22.8164247 ], [ 70.8539194, 22.8160575 ], [ 70.854265, 22.8157802 ], [ 70.8551147, 22.8149857 ], [ 70.8555985, 22.8145061 ], [ 70.8559426, 22.8139208 ], [ 70.8559928, 22.8138353 ], [ 70.8561717, 22.8134118 ], [ 70.8566555, 22.812756 ], [ 70.8577288, 22.8115344 ], [ 70.8592399, 22.8098151 ], [ 70.8600913, 22.8088341 ], [ 70.8603016, 22.8086213 ], [ 70.8607067, 22.8082543 ] ] } },
{ "type": "Feature", "properties": { "name": "", "cls": "tertiary", "max_depth": 10.107999801635742, "flooded_km": 4.3345915913056974 }, "geometry": { "type": "LineString", "coordinates": [ [ 70.853383, 22.8165546 ], [ 70.8533597, 22.8164585 ], [ 70.8533564, 22.8164362 ], [ 70.8533482, 22.8163804 ], [ 70.8534555, 22.8162148 ], [ 70.8540134, 22.815436 ], [ 70.8547657, 22.814454 ], [ 70.8549092, 22.8142666 ], [ 70.8554537, 22.8131317 ], [ 70.8556254, 22.812615 ], [ 70.8558829, 22.8122812 ], [ 70.8559092, 22.8122511 ], [ 70.8565481, 22.8115207 ], [ 70.8566316, 22.8114252 ], [ 70.856709, 22.8113368 ], [ 70.8572347, 22.8107137 ], [ 70.8581386, 22.8096827 ], [ 70.858667, 22.8090448 ], [ 70.858836, 22.8087976 ], [ 70.8588376, 22.8087275 ], [ 70.8588433, 22.8084837 ], [ 70.8588481, 22.8082794 ], [ 70.8588521, 22.8081053 ], [ 70.8588652, 22.807834 ], [ 70.8588797, 22.8075321 ], [ 70.8588977, 22.8071583 ], [ 70.8589032, 22.8071147 ], [ 70.8589652, 22.8066249 ], [ 70.8589835, 22.8064808 ], [ 70.8588601, 22.8062163 ], [ 70.8584524, 22.8060308 ], [ 70.8582734, 22.805955 ], [ 70.8580206, 22.8058479 ], [ 70.8579589, 22.8057391 ], [ 70.8580528, 22.805435 ], [ 70.8580814, 22.8053663 ], [ 70.858252, 22.804956 ], [ 70.8584229, 22.8045449 ], [ 70.8586616, 22.8041295 ], [ 70.8588387, 22.8036943 ], [ 70.8590801, 22.8028413 ], [ 70.8591766, 22.8023443 ], [ 70.8592222, 22.801877 ], [ 70.8592088, 22.8014566 ], [ 70.8591498, 22.8009621 ], [ 70.8592973, 22.8003415 ], [ 70.8594153, 22.8000571 ], [ 70.8598203, 22.7995552 ], [ 70.8604989, 22.7989024 ], [ 70.8606924, 22.7987755 ], [ 70.8607403, 22.7987441 ], [ 70.8608798, 22.7986625 ], [ 70.8610032, 22.7984746 ], [ 70.8610223, 22.7983755 ], [ 70.8611239, 22.797849 ], [ 70.8611613, 22.7977878 ], [ 70.861207, 22.797713 ], [ 70.861376, 22.797441 ], [ 70.8614887, 22.7972556 ], [ 70.8615262, 22.7970652 ], [ 70.8615106, 22.7969979 ], [ 70.8614753, 22.7968451 ], [ 70.8613894, 22.7966374 ], [ 70.8612929, 22.796536 ], [ 70.8609791, 22.7963259 ], [ 70.8603595, 22.7960984 ], [ 70.8602929, 22.7960452 ], [ 70.8601181, 22.7959055 ], [ 70.8600161, 22.7956434 ], [ 70.8600349, 22.7954258 ], [ 70.8602549, 22.7945653 ], [ 70.8605445, 22.7936454 ], [ 70.8607698, 22.7929753 ], [ 70.8608798, 22.7927256 ], [ 70.8609656, 22.7926192 ], [ 70.8614055, 22.7923299 ], [ 70.8623202, 22.7917562 ], [ 70.8626715, 22.7914521 ], [ 70.8632267, 22.7909056 ], [ 70.8636774, 22.7903294 ], [ 70.8643962, 22.789501 ], [ 70.8647046, 22.7891326 ], [ 70.8651445, 22.7885614 ], [ 70.8659465, 22.7877874 ], [ 70.8667753, 22.7871197 ], [ 70.8676846, 22.786546 ], [ 70.8686663, 22.785861 ], [ 70.8692698, 22.7854184 ], [ 70.8709435, 22.7843476 ], [ 70.871665, 22.7838011 ], [ 70.8722309, 22.7832818 ], [ 70.8727647, 22.7828045 ], [ 70.8730678, 22.7825547 ], [ 70.8742319, 22.7817238 ], [ 70.8747951, 22.7812292 ], [ 70.8756642, 22.7804255 ], [ 70.8766029, 22.7796045 ], [ 70.8774022, 22.7788947 ], [ 70.8776088, 22.7786771 ], [ 70.8776222, 22.7784743 ], [ 70.8775363, 22.7782097 ], [ 70.877429, 22.7779055 ], [ 70.8772252, 22.7770795 ], [ 70.8769409, 22.7759889 ], [ 70.8768202, 22.7754992 ], [ 70.8767665, 22.7746139 ], [ 70.8768041, 22.7741242 ], [ 70.8768926, 22.7734614 ], [ 70.8770053, 22.7726032 ], [ 70.8771018, 22.7714779 ], [ 70.8771206, 22.7710897 ], [ 70.8770938, 22.7709289 ], [ 70.8768846, 22.7702389 ], [ 70.8766995, 22.7696602 ], [ 70.8764339, 22.7685695 ], [ 70.8763213, 22.7680551 ], [ 70.8762602, 22.7678092 ] ] } },
{ "type": "Feature", "properties": { "name": "", "cls": "residential", "max_depth": 3.4960000514984131, "flooded_km": 0.8903467223903001 }, "geometry": { "type": "LineString", "coordinates": [ [ 70.8515862, 22.8186195 ], [ 70.8514799, 22.8186 ], [ 70.8512603, 22.8184239 ], [ 70.849725, 22.8203235 ], [ 70.8496772, 22.8203889 ], [ 70.8479626, 22.8190911 ], [ 70.8479558, 22.8193314 ], [ 70.8478326, 22.8195643 ], [ 70.8470377, 22.8202799 ], [ 70.8464333, 22.8207659 ], [ 70.8463161, 22.8208601 ], [ 70.8462982, 22.8213136 ], [ 70.8461442, 22.8220349 ], [ 70.8460946, 22.8221126 ], [ 70.8457744, 22.8226143 ], [ 70.8456781, 22.8227474 ], [ 70.8455649, 22.8229039 ], [ 70.8451442, 22.8234235 ], [ 70.8450609, 22.823575 ] ] } },
{ "type": "Feature", "properties": { "name": "", "cls": "unclassified", "max_depth": 6.5920000076293945, "flooded_km": 3.7874741790084765 }, "geometry": { "type": "LineString", "coordinates": [ [ 70.8052626, 22.9113338 ], [ 70.8048548, 22.9121657 ], [ 70.8037669, 22.913736 ], [ 70.8034001, 22.9141007 ], [ 70.8033293, 22.9142927 ], [ 70.8033626, 22.9146843 ], [ 70.8033293, 22.91493 ], [ 70.8022705, 22.9162123 ], [ 70.8020663, 22.9163621 ], [ 70.8009242, 22.9168266 ], [ 70.799282, 22.9172489 ], [ 70.7977356, 22.9183047 ], [ 70.7968602, 22.918704 ], [ 70.7958682, 22.9194334 ], [ 70.7955473, 22.9198979 ], [ 70.7952388, 22.920516 ], [ 70.7950888, 22.9205813 ], [ 70.7941384, 22.920516 ], [ 70.7937049, 22.9206811 ], [ 70.793534, 22.9207157 ], [ 70.7925628, 22.920516 ], [ 70.7923711, 22.9205199 ], [ 70.7922711, 22.9205467 ], [ 70.792196, 22.9206427 ], [ 70.7920793, 22.9210919 ], [ 70.7920251, 22.9216716 ], [ 70.7917917, 22.9221054 ], [ 70.7909081, 22.9234606 ], [ 70.790658, 22.9241938 ], [ 70.7903995, 22.9244434 ], [ 70.7899327, 22.9246507 ], [ 70.7894075, 22.9249962 ], [ 70.7885447, 22.926025 ], [ 70.7884738, 22.9262937 ], [ 70.7881237, 22.9266968 ], [ 70.787536, 22.9267352 ], [ 70.7877736, 22.9270884 ], [ 70.7890365, 22.9275375 ], [ 70.7899369, 22.9283975 ], [ 70.7907372, 22.928862 ], [ 70.7917459, 22.9303322 ], [ 70.7920543, 22.9312152 ], [ 70.7924211, 22.931672 ], [ 70.7930422, 22.9323822 ], [ 70.7933256, 22.9330117 ], [ 70.7935298, 22.9339023 ], [ 70.7937341, 22.9343745 ], [ 70.7941801, 22.934862 ], [ 70.7946969, 22.9352074 ], [ 70.7960016, 22.9355453 ], [ 70.7965601, 22.9358639 ], [ 70.797152, 22.9361479 ], [ 70.7983566, 22.9367007 ], [ 70.7988943, 22.9368926 ], [ 70.8014202, 22.9372112 ], [ 70.8026373, 22.9371306 ], [ 70.8037419, 22.9376603 ], [ 70.805255, 22.9380097 ], [ 70.8062428, 22.938048 ], [ 70.8077517, 22.9382246 ], [ 70.8098025, 22.9386469 ], [ 70.8101818, 22.9388196 ], [ 70.8106611, 22.939261 ], [ 70.8111821, 22.9394913 ], [ 70.8120366, 22.9397178 ], [ 70.8134496, 22.9397716 ], [ 70.8145667, 22.9400518 ], [ 70.815392, 22.9404587 ], [ 70.8158213, 22.9405239 ], [ 70.8161298, 22.940593 ], [ 70.8170384, 22.9413147 ], [ 70.8186057, 22.9424892 ], [ 70.8195102, 22.9432569 ], [ 70.820544, 22.9438142 ], [ 70.8208981, 22.9440069 ], [ 70.8213433, 22.9444268 ], [ 70.8215901, 22.9445552 ], [ 70.8219709, 22.9445849 ], [ 70.8222606, 22.9445849 ], [ 70.8224645, 22.9445108 ], [ 70.8226629, 22.944407 ], [ 70.8229365, 22.9443576 ], [ 70.8231779, 22.944323 ], [ 70.8234622, 22.9442835 ], [ 70.8236124, 22.9442341 ], [ 70.8238029, 22.9441741 ] ] } },
{ "type": "Feature", "properties": { "name": "Zulta pul (Hanging Bridge)", "cls": "construction", "max_depth": 18.174999237060547, "flooded_km": 0.23417259370115506 }, "geometry": { "type": "LineString", "coordinates": [ [ 70.8417087, 22.8183105 ], [ 70.8439896, 22.8182938 ] ] } },
{ "type": "Feature", "properties": { "name": "", "cls": "residential", "max_depth": 5.4749999046325684, "flooded_km": 0.25554330978114481 }, "geometry": { "type": "LineString", "coordinates": [ [ 70.8454917, 22.8184553 ], [ 70.8465529, 22.818628 ], [ 70.8479598, 22.8187359 ] ] } },
{ "type": "Feature", "properties": { "name": "", "cls": "residential", "max_depth": 2.8840000629425049, "flooded_km": 0.42231746337186954 }, "geometry": { "type": "LineString", "coordinates": [ [ 70.8159117, 22.8128457 ], [ 70.8162457, 22.8115467 ], [ 70.8163097, 22.8113042 ], [ 70.8164924, 22.8106121 ], [ 70.8173239, 22.8107703 ], [ 70.8185095, 22.8110027 ] ] } },
{ "type": "Feature", "properties": { "name": "", "cls": "secondary", "max_depth": 13.85200023651123, "flooded_km": 1.6119577400461707 }, "geometry": { "type": "LineString", "coordinates": [ [ 70.8803888, 22.7658922 ], [ 70.8802534, 22.7659953 ], [ 70.8795398, 22.7665387 ], [ 70.8793006, 22.7667687 ], [ 70.8791728, 22.7668916 ], [ 70.8783836, 22.7672007 ], [ 70.8775361, 22.7675291 ], [ 70.8772668, 22.7676634 ], [ 70.877022, 22.7677998 ], [ 70.8768153, 22.7678288 ], [ 70.8765666, 22.7678229 ], [ 70.876297, 22.7678109 ], [ 70.8762602, 22.7678092 ], [ 70.8755608, 22.7677762 ], [ 70.8750042, 22.7677409 ], [ 70.8747244, 22.7676974 ], [ 70.8743121, 22.7675562 ], [ 70.8728014, 22.7671543 ], [ 70.8716205, 22.766804 ], [ 70.8713477, 22.7667558 ], [ 70.8710765, 22.7667843 ], [ 70.8706221, 22.7668797 ], [ 70.8692286, 22.7672367 ], [ 70.8688577, 22.7672953 ], [ 70.8686714, 22.7673037 ], [ 70.8684561, 22.7672654 ], [ 70.8681892, 22.7671729 ], [ 70.8680545, 22.7670941 ], [ 70.8676999, 22.7668667 ], [ 70.8674234, 22.7667868 ], [ 70.8672378, 22.7667545 ], [ 70.8669345, 22.7667505 ], [ 70.8660688, 22.7668962 ], [ 70.8651449, 22.7672754 ], [ 70.8649262, 22.7673289 ], [ 70.8647817, 22.7673405 ], [ 70.864426, 22.7673526 ], [ 70.8642044, 22.7673313 ], [ 70.8640534, 22.7673347 ], [ 70.8638496, 22.7673759 ], [ 70.8636485, 22.767472 ], [ 70.8634689, 22.7676133 ], [ 70.86293, 22.7682867 ], [ 70.8619029, 22.7695542 ], [ 70.8618011, 22.7696534 ], [ 70.8616694, 22.7696995 ], [ 70.8615046, 22.7697026 ], [ 70.8613266, 22.7696686 ] ] } },
{ "type": "Feature", "properties": { "name": "Navlakhi port road SH-24", "cls": "primary", "max_depth": 3.1579999923706055, "flooded_km": 0.5698771154759531 }, "geometry": { "type": "LineString", "coordinates": [ [ 70.8042533, 22.8366831 ], [ 70.8037886, 22.8368903 ], [ 70.8032155, 22.8371416 ], [ 70.8027485, 22.8373463 ], [ 70.8022435, 22.8376394 ], [ 70.8016032, 22.8381289 ], [ 70.7990068, 22.8400532 ], [ 70.7966549, 22.8417898 ], [ 70.7963481, 22.8420163 ], [ 70.792456, 22.8448961 ], [ 70.7908955, 22.8460575 ], [ 70.7905774, 22.8462885 ], [ 70.788903, 22.8475411 ], [ 70.7885793, 22.8477782 ], [ 70.7871136, 22.8488518 ], [ 70.7803548, 22.8538854 ], [ 70.7716568, 22.860372 ], [ 70.7643283, 22.8658167 ], [ 70.7594075, 22.8694625 ], [ 70.7474259, 22.8782981 ], [ 70.7444035, 22.8805177 ], [ 70.7433184, 22.8813146 ], [ 70.7360574, 22.8866443 ], [ 70.7298075, 22.8912161 ], [ 70.7219047, 22.8970248 ], [ 70.7093538, 22.9062494 ], [ 70.6978211, 22.9146913 ], [ 70.6811325, 22.9276666 ], [ 70.6786516, 22.9295954 ], [ 70.676972, 22.9307293 ], [ 70.6752629, 22.9317468 ], [ 70.6748082, 22.9320151 ], [ 70.6707182, 22.9335605 ], [ 70.660139, 22.937657 ], [ 70.6509922, 22.9412464 ], [ 70.6285397, 22.9500569 ], [ 70.625511, 22.9512865 ], [ 70.6242232, 22.9517812 ], [ 70.624054, 22.9517793 ], [ 70.6239248, 22.9517033 ], [ 70.6237432, 22.9516307 ], [ 70.6236189, 22.9516456 ], [ 70.6229127, 22.9518954 ], [ 70.6217533, 22.9523349 ], [ 70.6205082, 22.9528907 ], [ 70.6194174, 22.9535792 ], [ 70.6185712, 22.9538335 ], [ 70.6179687, 22.9540169 ], [ 70.6173601, 22.9543243 ], [ 70.615485, 22.9558099 ] ] } },
{ "type": "Feature", "properties": { "name": "", "cls": "residential", "max_depth": 2.5329999923706055, "flooded_km": 0.42699013367552019 }, "geometry": { "type": "LineString", "coordinates": [ [ 70.8248234, 22.8267314 ], [ 70.8237836, 22.8265086 ], [ 70.823034, 22.8263311 ], [ 70.8225321, 22.8261885 ], [ 70.8226341, 22.8258561 ], [ 70.8227259, 22.8255571 ], [ 70.8228198, 22.8253 ], [ 70.8228841, 22.8250751 ], [ 70.8230934, 22.8251121 ], [ 70.823155, 22.824813 ] ] } },
{ "type": "Feature", "properties": { "name": "", "cls": "residential", "max_depth": 3.9149999618530273, "flooded_km": 0.49440222922440125 }, "geometry": { "type": "LineString", "coordinates": [ [ 70.820328, 22.8274112 ], [ 70.8207376, 22.8261567 ], [ 70.8208349, 22.8258587 ], [ 70.8200088, 22.8256535 ], [ 70.8201215, 22.8253149 ], [ 70.8201832, 22.8251294 ], [ 70.8198184, 22.8250083 ], [ 70.8201333, 22.8239044 ] ] } },
{ "type": "Feature", "properties": { "name": "", "cls": "residential", "max_depth": 2.750999927520752, "flooded_km": 0.27852642805272732 }, "geometry": { "type": "LineString", "coordinates": [ [ 70.8228198, 22.8253 ], [ 70.8240455, 22.8256412 ], [ 70.8248958, 22.825876 ], [ 70.8254188, 22.8260219 ] ] } },
{ "type": "Feature", "properties": { "name": "", "cls": "residential", "max_depth": 3.1659998893737793, "flooded_km": 0.16684487911425958 }, "geometry": { "type": "LineString", "coordinates": [ [ 70.8237224, 22.8267416 ], [ 70.8237836, 22.8265086 ], [ 70.8238792, 22.82619 ], [ 70.8239572, 22.8259171 ], [ 70.8240455, 22.8256412 ], [ 70.8241072, 22.8254459 ], [ 70.8242782, 22.8254815 ] ] } },
{ "type": "Feature", "properties": { "name": "", "cls": "residential", "max_depth": 2.2839999198913574, "flooded_km": 0.46620309218324385 }, "geometry": { "type": "LineString", "coordinates": [ [ 70.821653, 22.8246894 ], [ 70.8215564, 22.8252382 ], [ 70.8227259, 22.8255571 ], [ 70.8239572, 22.8259171 ], [ 70.8247967, 22.8261624 ], [ 70.8253223, 22.8263161 ] ] } },
{ "type": "Feature", "properties": { "name": "", "cls": "residential", "max_depth": 2.3849999904632568, "flooded_km": 0.56898544712785948 }, "geometry": { "type": "LineString", "coordinates": [ [ 70.8201215, 22.8253149 ], [ 70.8215994, 22.8257302 ], [ 70.8216557, 22.8255769 ], [ 70.8226341, 22.8258561 ], [ 70.8238792, 22.82619 ], [ 70.8247215, 22.8264298 ], [ 70.8247967, 22.8261624 ], [ 70.8248958, 22.825876 ] ] } },
{ "type": "Feature", "properties": { "name": "", "cls": "residential", "max_depth": 2.2769999504089355, "flooded_km": 0.35285237310471801 }, "geometry": { "type": "LineString", "coordinates": [ [ 70.824246, 22.8272874 ], [ 70.8244103, 22.827137 ], [ 70.8246029, 22.8269606 ], [ 70.8237224, 22.8267416 ], [ 70.8217603, 22.8262815 ] ] } },
{ "type": "Feature", "properties": { "name": "", "cls": "residential", "max_depth": 2.2780001163482666, "flooded_km": 0.17763556259433966 }, "geometry": { "type": "LineString", "coordinates": [ [ 70.8244566, 22.8273691 ], [ 70.824246, 22.8272874 ], [ 70.8241555, 22.8273099 ], [ 70.8240724, 22.8272926 ], [ 70.8239517, 22.8272407 ], [ 70.8227956, 22.8269786 ] ] } },
{ "type": "Feature", "properties": { "name": "", "cls": "residential", "max_depth": 8.1230001449584961, "flooded_km": 0.046424290094800591 }, "geometry": { "type": "LineString", "coordinates": [ [ 70.8378982, 22.8072944 ], [ 70.8379822, 22.8068825 ] ] } },
{ "type": "Feature", "properties": { "name": "", "cls": "residential", "max_depth": 8.0360002517700195, "flooded_km": 0.12188447470567539 }, "geometry": { "type": "LineString", "coordinates": [ [ 70.8367719, 22.8085489 ], [ 70.8365516, 22.8084722 ], [ 70.8366358, 22.8082528 ], [ 70.8367645, 22.8078143 ], [ 70.8367645, 22.8076192 ] ] } },
{ "type": "Feature", "properties": { "name": "", "cls": "residential", "max_depth": 8.8620004653930664, "flooded_km": 0.20189635609702272 }, "geometry": { "type": "LineString", "coordinates": [ [ 70.8366894, 22.8097405 ], [ 70.8374029, 22.808801 ], [ 70.8374351, 22.8087417 ], [ 70.8373546, 22.8086725 ], [ 70.8372259, 22.8085884 ], [ 70.837059, 22.8084914 ], [ 70.8369091, 22.8083813 ] ] } },
{ "type": "Feature", "properties": { "name": "", "cls": "residential", "max_depth": 8.2790002822875977, "flooded_km": 0.1464300511482316 }, "geometry": { "type": "LineString", "coordinates": [ [ 70.8366894, 22.8097405 ], [ 70.8368182, 22.8097949 ], [ 70.8368879, 22.8097356 ], [ 70.8370917, 22.8094636 ], [ 70.8375531, 22.8088208 ] ] } },
{ "type": "Feature", "properties": { "name": "", "cls": "residential", "max_depth": 7.4029998779296875, "flooded_km": 0.032985747280480253 }, "geometry": { "type": "LineString", "coordinates": [ [ 70.8366894, 22.8097405 ], [ 70.8364656, 22.8099542 ] ] } },
{ "type": "Feature", "properties": { "name": "", "cls": "residential", "max_depth": 7.4029998779296875, "flooded_km": 0.030236349885608534 }, "geometry": { "type": "LineString", "coordinates": [ [ 70.8366894, 22.8097405 ], [ 70.8365714, 22.8096515 ], [ 70.836507, 22.8096268 ], [ 70.8364641, 22.8095724 ] ] } },
{ "type": "Feature", "properties": { "name": "", "cls": "residential", "max_depth": 7.4029998779296875, "flooded_km": 0.13526657998731836 }, "geometry": { "type": "LineString", "coordinates": [ [ 70.8373546, 22.8086725 ], [ 70.8370757, 22.8090235 ], [ 70.8368021, 22.8093697 ], [ 70.8367162, 22.8094587 ], [ 70.8367055, 22.8094884 ], [ 70.8366841, 22.809523 ], [ 70.8366251, 22.8095872 ], [ 70.8365714, 22.8096515 ] ] } },
{ "type": "Feature", "properties": { "name": "", "cls": "residential", "max_depth": 7.4140000343322754, "flooded_km": 0.13413698091145909 }, "geometry": { "type": "LineString", "coordinates": [ [ 70.8364641, 22.8095724 ], [ 70.8372259, 22.8085884 ] ] } },
{ "type": "Feature", "properties": { "name": "", "cls": "residential", "max_depth": 7.7350001335144043, "flooded_km": 0.13465413998958928 }, "geometry": { "type": "LineString", "coordinates": [ [ 70.837059, 22.8084914 ], [ 70.8367993, 22.8088261 ], [ 70.8362976, 22.8094814 ] ] } },
{ "type": "Feature", "properties": { "name": "", "cls": "residential", "max_depth": 7.2709999084472656, "flooded_km": 0.033525287187932941 }, "geometry": { "type": "LineString", "coordinates": [ [ 70.8364641, 22.8095724 ], [ 70.8363997, 22.8095526 ], [ 70.8362976, 22.8094814 ], [ 70.836193, 22.8094084 ] ] } },
{ "type": "Feature", "properties": { "name": "", "cls": "residential", "max_depth": 8.5959997177124023, "flooded_km": 0.047904212111916519 }, "geometry": { "type": "LineString", "coordinates": [ [ 70.8365763, 22.8075026 ], [ 70.8366787, 22.8075302 ], [ 70.8366572, 22.8071971 ] ] } },
{ "type": "Feature", "properties": { "name": "", "cls": "residential", "max_depth": 6.7100000381469727, "flooded_km": 0.080267786699810634 }, "geometry": { "type": "LineString", "coordinates": [ [ 70.8354664, 22.8095774 ], [ 70.8356847, 22.8094796 ], [ 70.8357185, 22.8092807 ], [ 70.8358472, 22.8090069 ] ] } },
{ "type": "Feature", "properties": { "name": "", "cls": "residential", "max_depth": 7.3090000152587891, "flooded_km": 0.037126458048635576 }, "geometry": { "type": "LineString", "coordinates": [ [ 70.8358326, 22.8095667 ], [ 70.8360082, 22.809696 ], [ 70.8361367, 22.809741 ] ] } },
{ "type": "Feature", "properties": { "name": "", "cls": "residential", "max_depth": 5.9419999122619629, "flooded_km": 0.072262267324731996 }, "geometry": { "type": "LineString", "coordinates": [ [ 70.8345276, 22.8081928 ], [ 70.8352002, 22.808385 ] ] } },
{ "type": "Feature", "properties": { "name": "", "cls": "residential", "max_depth": 5.9419999122619629, "flooded_km": 0.02317504257814415 }, "geometry": { "type": "LineString", "coordinates": [ [ 70.8345276, 22.8081928 ], [ 70.8344847, 22.8083115 ], [ 70.8344525, 22.8083901 ] ] } },
{ "type": "Feature", "properties": { "name": "", "cls": "residential", "max_depth": 5.9419999122619629, "flooded_km": 0.027915023950854399 }, "geometry": { "type": "LineString", "coordinates": [ [ 70.8345276, 22.8081928 ], [ 70.8345548, 22.807942 ] ] } },
{ "type": "Feature", "properties": { "name": "", "cls": "residential", "max_depth": 9.6739997863769531, "flooded_km": 0.10430372856756968 }, "geometry": { "type": "LineString", "coordinates": [ [ 70.8351795, 22.8116058 ], [ 70.8351391, 22.8114712 ], [ 70.8350801, 22.8114168 ], [ 70.8343054, 22.8113179 ] ] } },
{ "type": "Feature", "properties": { "name": "", "cls": "residential", "max_depth": 8.1429996490478516, "flooded_km": 0.058917563461486328 }, "geometry": { "type": "LineString", "coordinates": [ [ 70.8342041, 22.8117628 ], [ 70.8336309, 22.8117372 ] ] } },
{ "type": "Feature", "properties": { "name": "", "cls": "residential", "max_depth": 6.9889998435974121, "flooded_km": 0.061030965342323482 }, "geometry": { "type": "LineString", "coordinates": [ [ 70.8331919, 22.8118963 ], [ 70.833208, 22.811738 ], [ 70.8336211, 22.811738 ], [ 70.8336309, 22.8117372 ] ] } },
{ "type": "Feature", "properties": { "name": "", "cls": "residential", "max_depth": 7.5159997940063477, "flooded_km": 0.17093349717454814 }, "geometry": { "type": "LineString", "coordinates": [ [ 70.8333153, 22.8100026 ], [ 70.8333474, 22.8101114 ], [ 70.8334803, 22.8104301 ], [ 70.8336318, 22.8109372 ], [ 70.8335835, 22.8109718 ], [ 70.8331651, 22.8110806 ], [ 70.8330565, 22.8110572 ] ] } },
{ "type": "Feature", "properties": { "name": "", "cls": "residential", "max_depth": 6.1449999809265137, "flooded_km": 0.051669403562358197 }, "geometry": { "type": "LineString", "coordinates": [ [ 70.8333474, 22.8101114 ], [ 70.8328583, 22.8102213 ] ] } },
{ "type": "Feature", "properties": { "name": "", "cls": "residential", "max_depth": 6.3769998550415039, "flooded_km": 0.052088081590025141 }, "geometry": { "type": "LineString", "coordinates": [ [ 70.8333153, 22.8100026 ], [ 70.833047, 22.810057 ], [ 70.8328266, 22.8101262 ] ] } },
{ "type": "Feature", "properties": { "name": "", "cls": "residential", "max_depth": 6.3769998550415039, "flooded_km": 0.037779759268150102 }, "geometry": { "type": "LineString", "coordinates": [ [ 70.8333153, 22.8100026 ], [ 70.8331998, 22.8096787 ] ] } },
{ "type": "Feature", "properties": { "name": "", "cls": "residential", "max_depth": 4.7160000801086426, "flooded_km": 0.21781710867689918 }, "geometry": { "type": "LineString", "coordinates": [ [ 70.8376756, 22.813819 ], [ 70.8376044, 22.8144053 ], [ 70.8372327, 22.8157383 ] ] } },
{ "type": "Feature", "properties": { "name": "", "cls": "residential", "max_depth": 4.7160000801086426, "flooded_km": 0.04066155389972928 }, "geometry": { "type": "LineString", "coordinates": [ [ 70.8376756, 22.813819 ], [ 70.8377945, 22.8135923 ], [ 70.8378922, 22.8135213 ] ] } },
{ "type": "Feature", "properties": { "name": "", "cls": "residential", "max_depth": 4.7160000801086426, "flooded_km": 0.020348333317808578 }, "geometry": { "type": "LineString", "coordinates": [ [ 70.8376756, 22.813819 ], [ 70.8374791, 22.813795 ] ] } },
{ "type": "Feature", "properties": { "name": "", "cls": "residential", "max_depth": 3.9419999122619629, "flooded_km": 0.15702478141407394 }, "geometry": { "type": "LineString", "coordinates": [ [ 70.837805, 22.8153147 ], [ 70.8378053, 22.8150114 ], [ 70.8378911, 22.8148482 ], [ 70.8380198, 22.8141461 ], [ 70.8382559, 22.8141757 ] ] } },
{ "type": "Feature", "properties": { "name": "", "cls": "residential", "max_depth": 2.8859999179840088, "flooded_km": 0.036396508745329972 }, "geometry": { "type": "LineString", "coordinates": [ [ 70.8382559, 22.8141757 ], [ 70.8381432, 22.8144873 ] ] } },
{ "type": "Feature", "properties": { "name": "", "cls": "residential", "max_depth": 3.8299999237060547, "flooded_km": 0.071634719445558354 }, "geometry": { "type": "LineString", "coordinates": [ [ 70.8390054, 22.8138497 ], [ 70.8389962, 22.8135972 ], [ 70.838902, 22.8132128 ] ] } },
{ "type": "Feature", "properties": { "name": "", "cls": "residential", "max_depth": 3.4630000591278076, "flooded_km": 0.042793406521672989 }, "geometry": { "type": "LineString", "coordinates": [ [ 70.839361, 22.8135033 ], [ 70.839206, 22.8131446 ] ] } },
{ "type": "Feature", "properties": { "name": "", "cls": "residential", "max_depth": 2.9509999752044678, "flooded_km": 0.055052882455438157 }, "geometry": { "type": "LineString", "coordinates": [ [ 70.8382559, 22.8141757 ], [ 70.8384631, 22.8137172 ] ] } },
{ "type": "Feature", "properties": { "name": "", "cls": "residential", "max_depth": 4.6919999122619629, "flooded_km": 0.042550447480367917 }, "geometry": { "type": "LineString", "coordinates": [ [ 70.8375853, 22.8133919 ], [ 70.8377999, 22.8130632 ] ] } },
{ "type": "Feature", "properties": { "name": "", "cls": "residential", "max_depth": 4.4369997978210449, "flooded_km": 0.19637350394391581 }, "geometry": { "type": "LineString", "coordinates": [ [ 70.837006, 22.8148927 ], [ 70.8369362, 22.8152735 ], [ 70.8363998, 22.8152141 ], [ 70.8358848, 22.8151301 ], [ 70.8354696, 22.8150163 ] ] } },
{ "type": "Feature", "properties": { "name": "", "cls": "residential", "max_depth": 4.0120000839233398, "flooded_km": 0.036050108508448052 }, "geometry": { "type": "LineString", "coordinates": [ [ 70.8358848, 22.8151301 ], [ 70.8358204, 22.8154501 ] ] } },
{ "type": "Feature", "properties": { "name": "", "cls": "residential", "max_depth": 3.380000114440918, "flooded_km": 0.047185651316639474 }, "geometry": { "type": "LineString", "coordinates": [ [ 70.8363998, 22.8152141 ], [ 70.836419, 22.8147884 ] ] } },
{ "type": "Feature", "properties": { "name": "", "cls": "residential", "max_depth": 3.755000114440918, "flooded_km": 0.048918711475427409 }, "geometry": { "type": "LineString", "coordinates": [ [ 70.8358848, 22.8151301 ], [ 70.8359599, 22.8146939 ] ] } },
{ "type": "Feature", "properties": { "name": "", "cls": "residential", "max_depth": 3.2119998931884766, "flooded_km": 0.026054614734282507 }, "geometry": { "type": "LineString", "coordinates": [ [ 70.837006, 22.8148927 ], [ 70.8372541, 22.8149422 ] ] } },
{ "type": "Feature", "properties": { "name": "", "cls": "residential", "max_depth": 3.9219999313354492, "flooded_km": 0.0075800805935252969 }, "geometry": { "type": "LineString", "coordinates": [ [ 70.837006, 22.8148927 ], [ 70.8370033, 22.8148243 ] ] } },
{ "type": "Feature", "properties": { "name": "", "cls": "residential", "max_depth": 2.5559999942779541, "flooded_km": 0.13507463195176475 }, "geometry": { "type": "LineString", "coordinates": [ [ 70.8386502, 22.8154025 ], [ 70.8389747, 22.8154074 ], [ 70.8394468, 22.8154766 ], [ 70.8399361, 22.81562 ] ] } },
{ "type": "Feature", "properties": { "name": "", "cls": "residential", "max_depth": 3.4089999198913574, "flooded_km": 0.12515903488795183 }, "geometry": { "type": "LineString", "coordinates": [ [ 70.8388603, 22.814862 ], [ 70.8389747, 22.814685 ], [ 70.839141, 22.8144922 ], [ 70.8395058, 22.8142104 ], [ 70.8396456, 22.814205 ], [ 70.8398622, 22.8140876 ] ] } },
{ "type": "Feature", "properties": { "name": "", "cls": "residential", "max_depth": 2.5069999694824219, "flooded_km": 0.055608911015459214 }, "geometry": { "type": "LineString", "coordinates": [ [ 70.8394468, 22.8154766 ], [ 70.8395755, 22.8151696 ], [ 70.8396185, 22.8150015 ] ] } },
{ "type": "Feature", "properties": { "name": "", "cls": "residential", "max_depth": 12.781000137329102, "flooded_km": 0.17981693770293025 }, "geometry": { "type": "LineString", "coordinates": [ [ 70.8399187, 22.8154618 ], [ 70.8405143, 22.8154124 ], [ 70.8406484, 22.8153926 ], [ 70.8409273, 22.8153185 ], [ 70.841335, 22.8151702 ], [ 70.8416144, 22.8150995 ] ] } },
{ "type": "Feature", "properties": { "name": "", "cls": "residential", "max_depth": 2.5109999179840088, "flooded_km": 0.066682537644567066 }, "geometry": { "type": "LineString", "coordinates": [ [ 70.8405089, 22.8148686 ], [ 70.8404177, 22.8149527 ], [ 70.8402246, 22.8149823 ], [ 70.8399003, 22.8150041 ] ] } },
{ "type": "Feature", "properties": { "name": "", "cls": "residential", "max_depth": 2.7119998931884766, "flooded_km": 0.089585923949159874 }, "geometry": { "type": "LineString", "coordinates": [ [ 70.8406859, 22.814923 ], [ 70.8405357, 22.8148884 ], [ 70.8405089, 22.8148686 ], [ 70.8404177, 22.8147945 ], [ 70.8402675, 22.8147302 ], [ 70.8401871, 22.814666 ], [ 70.8399045, 22.8146027 ] ] } },
{ "type": "Feature", "properties": { "name": "", "cls": "residential", "max_depth": 2.6949999332427979, "flooded_km": 0.16112387355328006 }, "geometry": { "type": "LineString", "coordinates": [ [ 70.8398141, 22.8144171 ], [ 70.8401656, 22.8142903 ], [ 70.8403748, 22.8141469 ], [ 70.8405733, 22.8140481 ], [ 70.840863, 22.8139937 ], [ 70.8409327, 22.8139986 ], [ 70.8410614, 22.8145671 ] ] } },
{ "type": "Feature", "properties": { "name": "", "cls": "residential", "max_depth": 4.0520000457763672, "flooded_km": 0.10186166666098651 }, "geometry": { "type": "LineString", "coordinates": [ [ 70.8407718, 22.8134944 ], [ 70.8407718, 22.8135092 ], [ 70.8407289, 22.8135933 ], [ 70.8398622, 22.8140876 ] ] } },
{ "type": "Feature", "properties": { "name": "", "cls": "residential", "max_depth": 0.58300000429153442, "flooded_km": 0.026320649440434721 }, "geometry": { "type": "LineString", "coordinates": [ [ 70.8399907, 22.8171893 ], [ 70.8397362, 22.8171079 ], [ 70.8394787, 22.8169992 ], [ 70.8393982, 22.8169645 ] ] } },
{ "type": "Feature", "properties": { "name": "", "cls": "residential", "max_depth": 1.1339999437332153, "flooded_km": 0.058337727259703667 }, "geometry": { "type": "LineString", "coordinates": [ [ 70.8382851, 22.8164489 ], [ 70.8380252, 22.8163662 ], [ 70.8378643, 22.8165937 ] ] } },
{ "type": "Feature", "properties": { "name": "", "cls": "residential", "max_depth": 2.7620000839233398, "flooded_km": 0.057325717640315604 }, "geometry": { "type": "LineString", "coordinates": [ [ 70.8370368, 22.8176542 ], [ 70.8371024, 22.8172912 ], [ 70.8372419, 22.817044 ] ] } },
{ "type": "Feature", "properties": { "name": "", "cls": "residential", "max_depth": 0.60100001096725464, "flooded_km": 0.027700758722987585 }, "geometry": { "type": "LineString", "coordinates": [ [ 70.8380634, 22.8181914 ], [ 70.8377842, 22.8181469 ], [ 70.837446, 22.8180529 ], [ 70.8370324, 22.8180616 ], [ 70.8370032, 22.8180622 ] ] } },
{ "type": "Feature", "properties": { "name": "", "cls": "residential", "max_depth": 6.9939999580383301, "flooded_km": 0.11155685765286504 }, "geometry": { "type": "LineString", "coordinates": [ [ 70.8383684, 22.8106207 ], [ 70.8383845, 22.8107493 ], [ 70.838406, 22.8108778 ], [ 70.8384543, 22.8110954 ], [ 70.838465, 22.8111893 ], [ 70.8384811, 22.8113278 ], [ 70.8384972, 22.8114663 ], [ 70.8384902, 22.8116188 ] ] } },
{ "type": "Feature", "properties": { "name": "", "cls": "residential", "max_depth": 6.9939999580383301, "flooded_km": 0.038631487395204771 }, "geometry": { "type": "LineString", "coordinates": [ [ 70.8383684, 22.8106207 ], [ 70.8384167, 22.8106009 ], [ 70.838738, 22.8105663 ] ] } },
{ "type": "Feature", "properties": { "name": "", "cls": "residential", "max_depth": 7.9479999542236328, "flooded_km": 0.056417849380561269 }, "geometry": { "type": "LineString", "coordinates": [ [ 70.8383684, 22.8106207 ], [ 70.8383416, 22.8106059 ], [ 70.8382612, 22.8101312 ] ] } },
{ "type": "Feature", "properties": { "name": "", "cls": "residential", "max_depth": 8.0860004425048828, "flooded_km": 0.19344441835601034 }, "geometry": { "type": "LineString", "coordinates": [ [ 70.8396076, 22.8102301 ], [ 70.8395701, 22.8100817 ], [ 70.8390283, 22.8101015 ], [ 70.8386998, 22.8101015 ], [ 70.8383094, 22.8101114 ], [ 70.8382612, 22.8101312 ], [ 70.8380412, 22.8101361 ], [ 70.8378593, 22.8101015 ] ] } },
{ "type": "Feature", "properties": { "name": "", "cls": "residential", "max_depth": 4.6139998435974121, "flooded_km": 0.039745494422245453 }, "geometry": { "type": "LineString", "coordinates": [ [ 70.8390712, 22.8120205 ], [ 70.8386965, 22.8121107 ] ] } },
{ "type": "Feature", "properties": { "name": "", "cls": "residential", "max_depth": 0.59200000762939453, "flooded_km": 0.023872161909867583 }, "geometry": { "type": "LineString", "coordinates": [ [ 70.8398921, 22.8162236 ], [ 70.8401978, 22.8162181 ], [ 70.8402783, 22.8161885 ], [ 70.8403212, 22.8161341 ] ] } },
{ "type": "Feature", "properties": { "name": "", "cls": "residential", "max_depth": 0.88899999856948853, "flooded_km": 0.029083031617789409 }, "geometry": { "type": "LineString", "coordinates": [ [ 70.8403212, 22.8161341 ], [ 70.8402943, 22.8161143 ], [ 70.8401012, 22.8160698 ], [ 70.8399127, 22.816038 ] ] } },
{ "type": "Feature", "properties": { "name": "", "cls": "residential", "max_depth": 1.0, "flooded_km": 0.074118245136666192 }, "geometry": { "type": "LineString", "coordinates": [ [ 70.8411848, 22.8158968 ], [ 70.840702, 22.8158919 ], [ 70.8404928, 22.8159215 ], [ 70.8404177, 22.8161094 ], [ 70.8403212, 22.8161341 ] ] } },
{ "type": "Feature", "properties": { "name": "", "cls": "residential", "max_depth": 2.8629999160766602, "flooded_km": 0.098620294377873285 }, "geometry": { "type": "LineString", "coordinates": [ [ 70.8411848, 22.8158968 ], [ 70.8411848, 22.8162478 ], [ 70.8411634, 22.8167223 ], [ 70.841158, 22.8167867 ] ] } },
{ "type": "Feature", "properties": { "name": "", "cls": "residential", "max_depth": 6.3460001945495605, "flooded_km": 0.0744089851582313 }, "geometry": { "type": "LineString", "coordinates": [ [ 70.8411848, 22.8162478 ], [ 70.8414316, 22.8162577 ], [ 70.8419086, 22.8162824 ] ] } },
{ "type": "Feature", "properties": { "name": "", "cls": "residential", "max_depth": 2.8629999160766602, "flooded_km": 0.038012132613462618 }, "geometry": { "type": "LineString", "coordinates": [ [ 70.8411848, 22.8162478 ], [ 70.8408147, 22.8162379 ] ] } },
{ "type": "Feature", "properties": { "name": "", "cls": "residential", "max_depth": 1.9290000200271606, "flooded_km": 0.15177273417627751 }, "geometry": { "type": "LineString", "coordinates": [ [ 70.8411848, 22.8158968 ], [ 70.8411902, 22.8157831 ], [ 70.8410561, 22.8155409 ], [ 70.8409273, 22.8153185 ], [ 70.8407128, 22.8149873 ], [ 70.8406859, 22.814923 ], [ 70.8408147, 22.8148686 ], [ 70.8409702, 22.8148489 ] ] } },
{ "type": "Feature", "properties": { "name": "", "cls": "residential", "max_depth": 8.258000373840332, "flooded_km": 0.071682767333602029 }, "geometry": { "type": "LineString", "coordinates": [ [ 70.8410561, 22.8155409 ], [ 70.8417444, 22.8154322 ] ] } },
{ "type": "Feature", "properties": { "name": "", "cls": "residential", "max_depth": 9.5319995880126953, "flooded_km": 0.057750634243521927 }, "geometry": { "type": "LineString", "coordinates": [ [ 70.8408522, 22.8146412 ], [ 70.8410614, 22.8145671 ], [ 70.8413726, 22.8144435 ] ] } },
{ "type": "Feature", "properties": { "name": "", "cls": "residential", "max_depth": 1.3289999961853027, "flooded_km": 0.12573233045317764 }, "geometry": { "type": "LineString", "coordinates": [ [ 70.8380946, 22.8173561 ], [ 70.8387705, 22.8174195 ], [ 70.8389583, 22.8173947 ], [ 70.8399907, 22.8173143 ] ] } },
{ "type": "Feature", "properties": { "name": "", "cls": "residential", "max_depth": 0.76899999380111694, "flooded_km": 0.057983132242014623 }, "geometry": { "type": "LineString", "coordinates": [ [ 70.8398281, 22.8185354 ], [ 70.8399293, 22.8184282 ], [ 70.8399295, 22.8177853 ] ] } },
{ "type": "Feature", "properties": { "name": "", "cls": "residential", "max_depth": 0.6589999794960022, "flooded_km": 0.071584228569130326 }, "geometry": { "type": "LineString", "coordinates": [ [ 70.8377017, 22.8190999 ], [ 70.8383049, 22.8189332 ], [ 70.8383962, 22.8188492 ], [ 70.8384069, 22.8186315 ], [ 70.8381493, 22.8186118 ], [ 70.8380795, 22.8186315 ], [ 70.8378486, 22.8186118 ], [ 70.8374552, 22.818653 ] ] } },
{ "type": "Feature", "properties": { "name": "", "cls": "residential", "max_depth": 0.88599997758865356, "flooded_km": 0.03998765315038072 }, "geometry": { "type": "LineString", "coordinates": [ [ 70.8381493, 22.8186118 ], [ 70.8381331, 22.8182408 ], [ 70.8380634, 22.8181914 ], [ 70.8381815, 22.8179391 ], [ 70.8382298, 22.8177082 ] ] } },
{ "type": "Feature", "properties": { "name": "", "cls": "residential", "max_depth": 0.30099999904632568, "flooded_km": 0.014877548421766616 }, "geometry": { "type": "LineString", "coordinates": [ [ 70.8382769, 22.8195619 ], [ 70.8381422, 22.8197998 ] ] } },
{ "type": "Feature", "properties": { "name": "", "cls": "residential", "max_depth": 2.2070000171661377, "flooded_km": 0.071865950437109999 }, "geometry": { "type": "LineString", "coordinates": [ [ 70.8386704, 22.8207434 ], [ 70.8381331, 22.8206296 ], [ 70.838055, 22.8205121 ] ] } },
{ "type": "Feature", "properties": { "name": "", "cls": "residential", "max_depth": 1.5850000381469727, "flooded_km": 0.072580421343149293 }, "geometry": { "type": "LineString", "coordinates": [ [ 70.8378284, 22.820646 ], [ 70.8377251, 22.8203873 ], [ 70.8376178, 22.8202884 ], [ 70.8375372, 22.8200609 ], [ 70.8375265, 22.8198927 ], [ 70.8375628, 22.8196707 ] ] } },
{ "type": "Feature", "properties": { "name": "", "cls": "residential", "max_depth": 2.0460000038146973, "flooded_km": 0.069554513811461896 }, "geometry": { "type": "LineString", "coordinates": [ [ 70.8376178, 22.8202884 ], [ 70.8375694, 22.8203081 ], [ 70.8373654, 22.8203329 ], [ 70.8372312, 22.8203724 ], [ 70.8370117, 22.8205307 ] ] } },
{ "type": "Feature", "properties": { "name": "", "cls": "residential", "max_depth": 3.5699999332427979, "flooded_km": 0.2539286809571068 }, "geometry": { "type": "LineString", "coordinates": [ [ 70.8343654, 22.8197034 ], [ 70.8346082, 22.8195578 ], [ 70.8347241, 22.8194314 ], [ 70.8348884, 22.8192522 ], [ 70.8350332, 22.8190499 ], [ 70.8351219, 22.818882 ], [ 70.83529, 22.8188002 ], [ 70.8354395, 22.8186496 ], [ 70.8355375, 22.8185204 ], [ 70.8359952, 22.8183396 ], [ 70.8362047, 22.8183395 ] ] } },
{ "type": "Feature", "properties": { "name": "", "cls": "residential", "max_depth": 2.3229999542236328, "flooded_km": 0.09031872377554763 }, "geometry": { "type": "LineString", "coordinates": [ [ 70.8360795, 22.8191411 ], [ 70.8357656, 22.8190668 ], [ 70.83529, 22.8188002 ] ] } },
{ "type": "Feature", "properties": { "name": "", "cls": "residential", "max_depth": 2.6749999523162842, "flooded_km": 0.076190382155868097 }, "geometry": { "type": "LineString", "coordinates": [ [ 70.8353898, 22.8197344 ], [ 70.8351643, 22.8196454 ], [ 70.8347241, 22.8194314 ] ] } },
{ "type": "Feature", "properties": { "name": "", "cls": "residential", "max_depth": 2.4049999713897705, "flooded_km": 0.072617685185913508 }, "geometry": { "type": "LineString", "coordinates": [ [ 70.8353898, 22.8197344 ], [ 70.8351672, 22.8203568 ] ] } },
{ "type": "Feature", "properties": { "name": "", "cls": "residential", "max_depth": 2.4049999713897705, "flooded_km": 0.037022938503111884 }, "geometry": { "type": "LineString", "coordinates": [ [ 70.8353898, 22.8197344 ], [ 70.835686, 22.8199251 ] ] } },
{ "type": "Feature", "properties": { "name": "", "cls": "residential", "max_depth": 1.0880000591278076, "flooded_km": 0.074383475978795119 }, "geometry": { "type": "LineString", "coordinates": [ [ 70.836624, 22.8176355 ], [ 70.8364862, 22.8182949 ] ] } },
{ "type": "Feature", "properties": { "name": "", "cls": "residential", "max_depth": 3.0550000667572021, "flooded_km": 0.092166416698951217 }, "geometry": { "type": "LineString", "coordinates": [ [ 70.834042, 22.8194317 ], [ 70.8341521, 22.8191598 ], [ 70.8341897, 22.8188483 ], [ 70.8341789, 22.8187345 ], [ 70.8341969, 22.8186216 ] ] } },
{ "type": "Feature", "properties": { "name": "", "cls": "residential", "max_depth": 3.5880000591278076, "flooded_km": 0.39606031965273109 }, "geometry": { "type": "LineString", "coordinates": [ [ 70.8355886, 22.8206769 ], [ 70.836077, 22.8209659 ], [ 70.8368769, 22.8213715 ], [ 70.8370218, 22.8213616 ], [ 70.8371021, 22.8212833 ], [ 70.8375902, 22.8211119 ], [ 70.8378284, 22.820646 ], [ 70.8379272, 22.8205657 ], [ 70.838055, 22.8205121 ], [ 70.8381422, 22.8203729 ], [ 70.8381945, 22.8202336 ], [ 70.8381945, 22.8201051 ], [ 70.8381945, 22.8199176 ], [ 70.8381422, 22.8197998 ], [ 70.8379679, 22.8197248 ], [ 70.8377877, 22.8197141 ] ] } },
{ "type": "Feature", "properties": { "name": "", "cls": "residential", "max_depth": 2.2829999923706055, "flooded_km": 0.059408154314350439 }, "geometry": { "type": "LineString", "coordinates": [ [ 70.8345308, 22.820773 ], [ 70.8341818, 22.8212009 ] ] } },
{ "type": "Feature", "properties": { "name": "", "cls": "residential", "max_depth": 1.8040000200271606, "flooded_km": 0.029369835782790926 }, "geometry": { "type": "LineString", "coordinates": [ [ 70.8345308, 22.820773 ], [ 70.8343053, 22.8206098 ] ] } },
{ "type": "Feature", "properties": { "name": "", "cls": "residential", "max_depth": 3.2369999885559082, "flooded_km": 0.080577021777667873 }, "geometry": { "type": "LineString", "coordinates": [ [ 70.8345308, 22.820773 ], [ 70.8351516, 22.8212182 ] ] } },
{ "type": "Feature", "properties": { "name": "", "cls": "residential", "max_depth": 3.0859999656677246, "flooded_km": 0.31745721731811655 }, "geometry": { "type": "LineString", "coordinates": [ [ 70.8348012, 22.8246584 ], [ 70.8340556, 22.8259787 ], [ 70.8340073, 22.8261122 ], [ 70.8339536, 22.8262111 ], [ 70.8338785, 22.8263248 ], [ 70.8338303, 22.8264533 ], [ 70.8337981, 22.8264929 ], [ 70.8337391, 22.8266561 ], [ 70.8334601, 22.8272346 ] ] } },
{ "type": "Feature", "properties": { "name": "", "cls": "residential", "max_depth": 2.5889999866485596, "flooded_km": 0.17216110600388251 }, "geometry": { "type": "LineString", "coordinates": [ [ 70.8349362, 22.8269676 ], [ 70.8347798, 22.8268984 ], [ 70.8346457, 22.8268489 ], [ 70.8342862, 22.8267055 ], [ 70.8341092, 22.8266066 ], [ 70.8338785, 22.8269973 ], [ 70.833782, 22.8271753 ], [ 70.8337659, 22.8272346 ] ] } },
{ "type": "Feature", "properties": { "name": "", "cls": "residential", "max_depth": 1.7339999675750732, "flooded_km": 0.032682114045066463 }, "geometry": { "type": "LineString", "coordinates": [ [ 70.8346457, 22.8268489 ], [ 70.8345222, 22.8271209 ] ] } },
{ "type": "Feature", "properties": { "name": "", "cls": "residential", "max_depth": 2.7650001049041748, "flooded_km": 0.1052843683919628 }, "geometry": { "type": "LineString", "coordinates": [ [ 70.8338785, 22.8269973 ], [ 70.8340501, 22.8270665 ], [ 70.8340984, 22.8270566 ], [ 70.8341521, 22.8270863 ], [ 70.8343398, 22.8271259 ], [ 70.8345222, 22.8271209 ], [ 70.8345758, 22.8271456 ], [ 70.8345758, 22.8273533 ], [ 70.8345544, 22.8274127 ] ] } },
{ "type": "Feature", "properties": { "name": "", "cls": "residential", "max_depth": 3.9249999523162842, "flooded_km": 0.11908970176441154 }, "geometry": { "type": "LineString", "coordinates": [ [ 70.8337659, 22.8272346 ], [ 70.8341896, 22.8273138 ], [ 70.8345544, 22.8274127 ], [ 70.834785, 22.8275165 ], [ 70.8348628, 22.827561 ] ] } },
{ "type": "Feature", "properties": { "name": "", "cls": "residential", "max_depth": 1.5089999437332153, "flooded_km": 0.043399912248706367 }, "geometry": { "type": "LineString", "coordinates": [ [ 70.8342862, 22.8267055 ], [ 70.8340984, 22.8270566 ] ] } },
{ "type": "Feature", "properties": { "name": "", "cls": "residential", "max_depth": 2.4930000305175781, "flooded_km": 1.0048327202194351 }, "geometry": { "type": "LineString", "coordinates": [ [ 70.8337659, 22.8272346 ], [ 70.8337175, 22.8272495 ], [ 70.8334601, 22.8272346 ], [ 70.8325588, 22.8273039 ], [ 70.83206, 22.8273385 ], [ 70.8318561, 22.8273286 ], [ 70.8317327, 22.8273434 ], [ 70.8316254, 22.8273632 ], [ 70.8315825, 22.8273484 ], [ 70.8313626, 22.8273731 ], [ 70.8309924, 22.8273731 ], [ 70.8306009, 22.8274028 ], [ 70.8302629, 22.8273583 ], [ 70.830043, 22.8273731 ], [ 70.8288829, 22.8288299 ], [ 70.8285114, 22.8293634 ], [ 70.8278636, 22.8303362 ], [ 70.8279026, 22.830414 ], [ 70.8274909, 22.8309295 ], [ 70.8268874, 22.8317207 ], [ 70.8264354, 22.8323116 ] ] } },
{ "type": "Feature", "properties": { "name": "", "cls": "residential", "max_depth": 2.6749999523162842, "flooded_km": 0.103551363185168 }, "geometry": { "type": "LineString", "coordinates": [ [ 70.8318561, 22.8273286 ], [ 70.8318347, 22.8271726 ], [ 70.8317649, 22.8269947 ], [ 70.8314377, 22.8264904 ] ] } },
{ "type": "Feature", "properties": { "name": "", "cls": "tertiary", "max_depth": 11.944999694824219, "flooded_km": 3.498211445668471 }, "geometry": { "type": "LineString", "coordinates": [ [ 70.8154121, 22.8478219 ], [ 70.8153378, 22.8479272 ], [ 70.8142018, 22.8495362 ], [ 70.8137405, 22.850075 ], [ 70.8131933, 22.8505743 ], [ 70.8126676, 22.8510884 ], [ 70.8123297, 22.8514789 ], [ 70.8119273, 22.8520869 ], [ 70.8113373, 22.8529124 ], [ 70.8110261, 22.8534216 ], [ 70.8105862, 22.8540741 ], [ 70.810082, 22.854865 ], [ 70.8093685, 22.8560761 ], [ 70.8091915, 22.8564221 ], [ 70.8087945, 22.8572822 ], [ 70.808537, 22.8577469 ], [ 70.8083976, 22.8578853 ], [ 70.8078397, 22.8583301 ], [ 70.8076734, 22.858518 ], [ 70.8072764, 22.8591112 ], [ 70.8063216, 22.8607078 ], [ 70.804841, 22.8627147 ], [ 70.8037627, 22.8642372 ], [ 70.8029581, 22.8652605 ], [ 70.8027703, 22.8655324 ], [ 70.8026791, 22.8657251 ], [ 70.802486, 22.8662887 ], [ 70.8023144, 22.8666841 ], [ 70.8019603, 22.8672822 ], [ 70.8017136, 22.8677963 ], [ 70.801043, 22.8688393 ], [ 70.8007962, 22.8692546 ], [ 70.800748, 22.8694572 ], [ 70.8008767, 22.8698181 ], [ 70.8010859, 22.8703174 ], [ 70.8010698, 22.8704459 ], [ 70.801043, 22.8705151 ], [ 70.8006621, 22.8708512 ], [ 70.8001096, 22.8717212 ], [ 70.7999379, 22.8721068 ], [ 70.7998414, 22.8721958 ], [ 70.7997073, 22.8722699 ], [ 70.7995678, 22.8722946 ], [ 70.7983769, 22.8722897 ], [ 70.7981999, 22.8723193 ], [ 70.7980175, 22.8724034 ], [ 70.7979102, 22.8724874 ], [ 70.7977117, 22.8727247 ], [ 70.7976098, 22.8727939 ], [ 70.7972182, 22.8728977 ], [ 70.7969285, 22.8729323 ], [ 70.7968641, 22.8729026 ] ] } },
{ "type": "Feature", "properties": { "name": "", "cls": "residential", "max_depth": 1.6699999570846558, "flooded_km": 0.080469831633563915 }, "geometry": { "type": "LineString", "coordinates": [ [ 70.8310032, 22.8267327 ], [ 70.8313465, 22.8272863 ], [ 70.8313626, 22.8273731 ] ] } },
{ "type": "Feature", "properties": { "name": "", "cls": "residential", "max_depth": 1.9609999656677246, "flooded_km": 0.088392205743016636 }, "geometry": { "type": "LineString", "coordinates": [ [ 70.8311695, 22.8266486 ], [ 70.8314484, 22.8270935 ], [ 70.8315825, 22.8273484 ] ] } },
{ "type": "Feature", "properties": { "name": "", "cls": "residential", "max_depth": 2.6749999523162842, "flooded_km": 0.097135638924427573 }, "geometry": { "type": "LineString", "coordinates": [ [ 70.831309, 22.8265695 ], [ 70.8313573, 22.8266288 ], [ 70.8317328, 22.8272715 ], [ 70.8317327, 22.8273434 ] ] } },
{ "type": "Feature", "properties": { "name": "", "cls": "residential", "max_depth": 1.6019999980926514, "flooded_km": 0.011378259545275981 }, "geometry": { "type": "LineString", "coordinates": [ [ 70.8306009, 22.8274028 ], [ 70.8305848, 22.827289 ], [ 70.8304131, 22.8270392 ] ] } },
{ "type": "Feature", "properties": { "name": "", "cls": "residential", "max_depth": 3.8440001010894775, "flooded_km": 0.25708797527156185 }, "geometry": { "type": "LineString", "coordinates": [ [ 70.8364413, 22.8287675 ], [ 70.8366197, 22.8288664 ], [ 70.8370917, 22.829351 ], [ 70.8371668, 22.8294696 ], [ 70.8374619, 22.8301372 ], [ 70.8375101, 22.8304586 ], [ 70.8374887, 22.8307503 ] ] } },
{ "type": "Feature", "properties": { "name": "", "cls": "residential", "max_depth": 2.7909998893737793, "flooded_km": 0.085618027926403772 }, "geometry": { "type": "LineString", "coordinates": [ [ 70.8360993, 22.8294487 ], [ 70.8360725, 22.82899 ], [ 70.8360993, 22.8289257 ], [ 70.8360939, 22.8287279 ], [ 70.83611, 22.8286834 ] ] } },
{ "type": "Feature", "properties": { "name": "", "cls": "residential", "max_depth": 3.4879999160766602, "flooded_km": 0.18552990565973287 }, "geometry": { "type": "LineString", "coordinates": [ [ 70.8346819, 22.8294721 ], [ 70.8350018, 22.829479 ], [ 70.8352632, 22.8294629 ], [ 70.8355521, 22.8294372 ], [ 70.835763, 22.8294357 ], [ 70.8360993, 22.8294487 ], [ 70.8364869, 22.8294443 ] ] } },
{ "type": "Feature", "properties": { "name": "", "cls": "residential", "max_depth": 3.2609999179840088, "flooded_km": 0.033454521115833122 }, "geometry": { "type": "LineString", "coordinates": [ [ 70.83611, 22.8286834 ], [ 70.8364355, 22.8286686 ] ] } },
{ "type": "Feature", "properties": { "name": "", "cls": "residential", "max_depth": 4.3280000686645508, "flooded_km": 0.17880653791899187 }, "geometry": { "type": "LineString", "coordinates": [ [ 70.83611, 22.8286834 ], [ 70.836051, 22.8284856 ], [ 70.8360135, 22.8284065 ], [ 70.8359223, 22.8283324 ], [ 70.8358901, 22.828278 ], [ 70.8356487, 22.828095 ], [ 70.835359, 22.8279121 ], [ 70.8348506, 22.8276599 ] ] } },
{ "type": "Feature", "properties": { "name": "", "cls": "residential", "max_depth": 3.8169999122619629, "flooded_km": 0.039950934855045105 }, "geometry": { "type": "LineString", "coordinates": [ [ 70.836051, 22.8284856 ], [ 70.8361047, 22.8284411 ], [ 70.8364218, 22.8284362 ] ] } },
{ "type": "Feature", "properties": { "name": "", "cls": "residential", "max_depth": 3.0199999809265137, "flooded_km": 0.075722838246156055 }, "geometry": { "type": "LineString", "coordinates": [ [ 70.836051, 22.8284856 ], [ 70.835992, 22.8285351 ], [ 70.8356863, 22.8287082 ], [ 70.8354127, 22.8288219 ] ] } },
{ "type": "Feature", "properties": { "name": "", "cls": "residential", "max_depth": 3.4660000801086426, "flooded_km": 0.069346149510736824 }, "geometry": { "type": "LineString", "coordinates": [ [ 70.8353537, 22.8286686 ], [ 70.8354288, 22.8286093 ], [ 70.8359223, 22.8283324 ] ] } },
{ "type": "Feature", "properties": { "name": "", "cls": "residential", "max_depth": 4.3280000686645508, "flooded_km": 0.087424573827898144 }, "geometry": { "type": "LineString", "coordinates": [ [ 70.8353537, 22.8286686 ], [ 70.8352625, 22.8283027 ], [ 70.8356487, 22.828095 ] ] } },
{ "type": "Feature", "properties": { "name": "", "cls": "residential", "max_depth": 3.4660000801086426, "flooded_km": 0.10424679049771234 }, "geometry": { "type": "LineString", "coordinates": [ [ 70.8353537, 22.8286686 ], [ 70.8353698, 22.8287527 ], [ 70.8354127, 22.8288219 ], [ 70.8354878, 22.8290938 ], [ 70.8355521, 22.8294372 ], [ 70.8355575, 22.829584 ] ] } },
{ "type": "Feature", "properties": { "name": "", "cls": "residential", "max_depth": 3.8670001029968262, "flooded_km": 0.063515103949208951 }, "geometry": { "type": "LineString", "coordinates": [ [ 70.8353537, 22.8286686 ], [ 70.8352678, 22.8286983 ], [ 70.8349835, 22.8286439 ], [ 70.8347473, 22.828629 ] ] } },
{ "type": "Feature", "properties": { "name": "", "cls": "residential", "max_depth": 7.6500000953674316, "flooded_km": 0.20708646094997107 }, "geometry": { "type": "LineString", "coordinates": [ [ 70.8389532, 22.809701 ], [ 70.8390283, 22.8101015 ], [ 70.8390658, 22.8103388 ], [ 70.8392106, 22.811555 ] ] } },
{ "type": "Feature", "properties": { "name": "", "cls": "residential", "max_depth": 6.2189998626708984, "flooded_km": 0.09640955710938548 }, "geometry": { "type": "LineString", "coordinates": [ [ 70.8395432, 22.8108432 ], [ 70.8394735, 22.8108185 ], [ 70.839452, 22.8107938 ], [ 70.8393448, 22.8102993 ], [ 70.8393335, 22.8102921 ], [ 70.8390658, 22.8103388 ] ] } },
{ "type": "Feature", "properties": { "name": "", "cls": "residential", "max_depth": 6.2189998626708984, "flooded_km": 0.022616185475691053 }, "geometry": { "type": "LineString", "coordinates": [ [ 70.8395432, 22.8108432 ], [ 70.8395164, 22.8110459 ] ] } },
{ "type": "Feature", "properties": { "name": "", "cls": "residential", "max_depth": 6.5630002021789551, "flooded_km": 0.09807184758792821 }, "geometry": { "type": "LineString", "coordinates": [ [ 70.8395432, 22.8108432 ], [ 70.839613, 22.8106158 ], [ 70.8396237, 22.8102943 ], [ 70.8396076, 22.8102301 ], [ 70.8393335, 22.8102921 ] ] } },
{ "type": "Feature", "properties": { "name": "", "cls": "residential", "max_depth": 4.445000171661377, "flooded_km": 0.28747885079512825 }, "geometry": { "type": "LineString", "coordinates": [ [ 70.8292836, 22.8080198 ], [ 70.8285141, 22.8077577 ], [ 70.8279723, 22.8075797 ], [ 70.8275705, 22.8074462 ], [ 70.8269209, 22.8072039 ], [ 70.8265333, 22.8070579 ] ] } },
{ "type": "Feature", "properties": { "name": "", "cls": "residential", "max_depth": 3.9149999618530273, "flooded_km": 0.046356305950758736 }, "geometry": { "type": "LineString", "coordinates": [ [ 70.8285141, 22.8077577 ], [ 70.8283264, 22.8081384 ] ] } },
{ "type": "Feature", "properties": { "name": "", "cls": "residential", "max_depth": 5.5869998931884766, "flooded_km": 0.21611643868035871 }, "geometry": { "type": "LineString", "coordinates": [ [ 70.8291096, 22.8099433 ], [ 70.8289755, 22.8096021 ], [ 70.8289701, 22.809599 ], [ 70.8287925, 22.8091458 ], [ 70.8286536, 22.8087862 ], [ 70.8286321, 22.8087466 ], [ 70.8286268, 22.8087466 ], [ 70.8284648, 22.8084034 ], [ 70.8283264, 22.8081384 ] ] } },
{ "type": "Feature", "properties": { "name": "", "cls": "residential", "max_depth": 3.244999885559082, "flooded_km": 0.043416134352706394 }, "geometry": { "type": "LineString", "coordinates": [ [ 70.827929, 22.8082724 ], [ 70.8283264, 22.8081384 ] ] } },
{ "type": "Feature", "properties": { "name": "", "cls": "residential", "max_depth": 5.124000072479248, "flooded_km": 0.074936154845842096 }, "geometry": { "type": "LineString", "coordinates": [ [ 70.827929, 22.8082724 ], [ 70.8274194, 22.8084801 ], [ 70.8272462, 22.8084801 ] ] } },
{ "type": "Feature", "properties": { "name": "", "cls": "residential", "max_depth": 4.9780001640319824, "flooded_km": 0.19585761254297562 }, "geometry": { "type": "LineString", "coordinates": [ [ 70.827929, 22.8082724 ], [ 70.8278003, 22.807941 ], [ 70.8277466, 22.8078817 ], [ 70.8276662, 22.8078372 ], [ 70.8274455, 22.8077778 ], [ 70.8263815, 22.8074514 ] ] } },
{ "type": "Feature", "properties": { "name": "", "cls": "residential", "max_depth": 4.9380002021789551, "flooded_km": 0.22141052408778955 }, "geometry": { "type": "LineString", "coordinates": [ [ 70.8279723, 22.8075797 ], [ 70.8278003, 22.807941 ], [ 70.8277305, 22.8079954 ], [ 70.8273051, 22.8082131 ], [ 70.8269796, 22.8081191 ], [ 70.8265826, 22.8079658 ], [ 70.8262186, 22.807857 ] ] } },
{ "type": "Feature", "properties": { "name": "", "cls": "residential", "max_depth": 5.059999942779541, "flooded_km": 0.099519474895009077 }, "geometry": { "type": "LineString", "coordinates": [ [ 70.8279723, 22.8075797 ], [ 70.8282026, 22.807024 ], [ 70.8283152, 22.8067392 ] ] } },
{ "type": "Feature", "properties": { "name": "", "cls": "residential", "max_depth": 4.4569997787475586, "flooded_km": 0.071840976299812689 }, "geometry": { "type": "LineString", "coordinates": [ [ 70.8265333, 22.8070579 ], [ 70.8261404, 22.8069324 ], [ 70.8258675, 22.806859 ] ] } },
{ "type": "Feature", "properties": { "name": "", "cls": "residential", "max_depth": 3.9279999732971191, "flooded_km": 0.093114518349009245 }, "geometry": { "type": "LineString", "coordinates": [ [ 70.8247481, 22.8080746 ], [ 70.8248071, 22.8081339 ], [ 70.8248715, 22.8081933 ], [ 70.8249895, 22.8083021 ], [ 70.8251987, 22.8084801 ], [ 70.8254006, 22.8086582 ] ] } },
{ "type": "Feature", "properties": { "name": "", "cls": "residential", "max_depth": 4.4939999580383301, "flooded_km": 0.11148613678611524 }, "geometry": { "type": "LineString", "coordinates": [ [ 70.8259493, 22.8101033 ], [ 70.8264056, 22.8096869 ], [ 70.8264431, 22.8096276 ], [ 70.8268124, 22.8093053 ] ] } },
{ "type": "Feature", "properties": { "name": "", "cls": "residential", "max_depth": 4.0130000114440918, "flooded_km": 0.051024958630320492 }, "geometry": { "type": "LineString", "coordinates": [ [ 70.8266738, 22.8099309 ], [ 70.8270386, 22.8102438 ] ] } },
{ "type": "Feature", "properties": { "name": "", "cls": "residential", "max_depth": 4.5570001602172852, "flooded_km": 0.04599085799780761 }, "geometry": { "type": "LineString", "coordinates": [ [ 70.8291096, 22.8099433 ], [ 70.8286965, 22.8101039 ] ] } },
{ "type": "Feature", "properties": { "name": "", "cls": "residential", "max_depth": 4.2350001335144043, "flooded_km": 0.037986959029581262 }, "geometry": { "type": "LineString", "coordinates": [ [ 70.8291096, 22.8099433 ], [ 70.8292276, 22.8102684 ] ] } },
{ "type": "Feature", "properties": { "name": "", "cls": "residential", "max_depth": 3.9539999961853027, "flooded_km": 0.089068314847911195 }, "geometry": { "type": "LineString", "coordinates": [ [ 70.8291096, 22.8099433 ], [ 70.8299191, 22.8096541 ] ] } },
{ "type": "Feature", "properties": { "name": "", "cls": "residential", "max_depth": 4.6189999580383301, "flooded_km": 0.045236163966488517 }, "geometry": { "type": "LineString", "coordinates": [ [ 70.8277966, 22.810877 ], [ 70.8281047, 22.811169 ] ] } },
{ "type": "Feature", "properties": { "name": "", "cls": "residential", "max_depth": 3.4609999656677246, "flooded_km": 0.24346744062794995 }, "geometry": { "type": "LineString", "coordinates": [ [ 70.8251987, 22.8107799 ], [ 70.8246043, 22.8106019 ], [ 70.8246033, 22.8105969 ], [ 70.8242546, 22.8104881 ], [ 70.8240776, 22.8103892 ], [ 70.8241044, 22.8100925 ], [ 70.8241741, 22.8097512 ], [ 70.8243672, 22.8093531 ] ] } },
{ "type": "Feature", "properties": { "name": "", "cls": "residential", "max_depth": 2.6840000152587891, "flooded_km": 0.11380101937441529 }, "geometry": { "type": "LineString", "coordinates": [ [ 70.8238737, 22.8107997 ], [ 70.8245335, 22.8109085 ], [ 70.8249036, 22.8109975 ], [ 70.8249526, 22.8110225 ] ] } },
{ "type": "Feature", "properties": { "name": "", "cls": "residential", "max_depth": 2.5720000267028809, "flooded_km": 0.43497591807089908 }, "geometry": { "type": "LineString", "coordinates": [ [ 70.8205587, 22.8104337 ], [ 70.8205641, 22.8104337 ], [ 70.8208376, 22.8104782 ], [ 70.8216905, 22.8106761 ], [ 70.8217227, 22.8106958 ], [ 70.8226346, 22.8108096 ], [ 70.8230584, 22.8108887 ], [ 70.8236109, 22.8109926 ], [ 70.8237933, 22.811042 ], [ 70.8238255, 22.8110668 ], [ 70.8240025, 22.8111311 ], [ 70.8246783, 22.8112918 ] ] } },
{ "type": "Feature", "properties": { "name": "", "cls": "residential", "max_depth": 2.8110001087188721, "flooded_km": 0.28666861241941266 }, "geometry": { "type": "LineString", "coordinates": [ [ 70.8216469, 22.8110728 ], [ 70.8220714, 22.8111657 ], [ 70.8222055, 22.8111657 ], [ 70.8230155, 22.8112547 ], [ 70.8230423, 22.8112745 ], [ 70.8235143, 22.8113685 ], [ 70.8243726, 22.811584 ] ] } },
{ "type": "Feature", "properties": { "name": "", "cls": "residential", "max_depth": 2.4309999942779541, "flooded_km": 0.028333439252452033 }, "geometry": { "type": "LineString", "coordinates": [ [ 70.8238737, 22.8107997 ], [ 70.8238308, 22.8108739 ], [ 70.8237933, 22.811042 ] ] } },
{ "type": "Feature", "properties": { "name": "", "cls": "residential", "max_depth": 2.3659999370574951, "flooded_km": 0.023061056670903329 }, "geometry": { "type": "LineString", "coordinates": [ [ 70.8238737, 22.8107997 ], [ 70.8238576, 22.810592 ] ] } },
{ "type": "Feature", "properties": { "name": "", "cls": "residential", "max_depth": 2.8940000534057617, "flooded_km": 0.25701770814538155 }, "geometry": { "type": "LineString", "coordinates": [ [ 70.8236538, 22.8096028 ], [ 70.8235787, 22.8101419 ], [ 70.8234661, 22.8106464 ], [ 70.823171, 22.8106167 ], [ 70.8230746, 22.8106018 ], [ 70.8226936, 22.8105277 ], [ 70.8221197, 22.8104683 ] ] } },
{ "type": "Feature", "properties": { "name": "", "cls": "residential", "max_depth": 2.744999885559082, "flooded_km": 0.072587501216063707 }, "geometry": { "type": "LineString", "coordinates": [ [ 70.8230746, 22.8106018 ], [ 70.8230584, 22.8108887 ], [ 70.8230155, 22.8112547 ] ] } },
{ "type": "Feature", "properties": { "name": "", "cls": "residential", "max_depth": 1.5659999847412109, "flooded_km": 0.12601108702599315 }, "geometry": { "type": "LineString", "coordinates": [ [ 70.8230746, 22.8106018 ], [ 70.8230853, 22.8105167 ], [ 70.8230853, 22.8104425 ], [ 70.8230745, 22.8104079 ], [ 70.8230692, 22.8103931 ], [ 70.8229941, 22.8103783 ], [ 70.8227849, 22.8103535 ], [ 70.8225757, 22.8103239 ], [ 70.8220768, 22.8102942 ] ] } },
{ "type": "Feature", "properties": { "name": "", "cls": "residential", "max_depth": 0.87099999189376831, "flooded_km": 0.028616189750775522 }, "geometry": { "type": "LineString", "coordinates": [ [ 70.8225757, 22.8103239 ], [ 70.8226025, 22.8100667 ] ] } },
{ "type": "Feature", "properties": { "name": "", "cls": "residential", "max_depth": 2.062000036239624, "flooded_km": 0.10776324256921416 }, "geometry": { "type": "LineString", "coordinates": [ [ 70.8229136, 22.8097453 ], [ 70.82286, 22.8100915 ], [ 70.8226025, 22.8100667 ], [ 70.8225649, 22.810047 ], [ 70.8222002, 22.8099876 ] ] } },
{ "type": "Feature", "properties": { "name": "", "cls": "residential", "max_depth": 1.2910000085830688, "flooded_km": 0.065816192598841944 }, "geometry": { "type": "LineString", "coordinates": [ [ 70.8229136, 22.8097453 ], [ 70.8222806, 22.8096514 ] ] } },
{ "type": "Feature", "properties": { "name": "", "cls": "residential", "max_depth": 3.5079998970031738, "flooded_km": 0.047697260329758885 }, "geometry": { "type": "LineString", "coordinates": [ [ 70.8229136, 22.8097453 ], [ 70.8229351, 22.8097107 ], [ 70.8229887, 22.8093547 ], [ 70.822978, 22.809325 ] ] } },
{ "type": "Feature", "properties": { "name": "", "cls": "residential", "max_depth": 3.5079998970031738, "flooded_km": 0.056309425492421329 }, "geometry": { "type": "LineString", "coordinates": [ [ 70.822978, 22.809325 ], [ 70.822699, 22.8092756 ], [ 70.8226347, 22.8092459 ], [ 70.8224469, 22.8092064 ] ] } },
{ "type": "Feature", "properties": { "name": "", "cls": "residential", "max_depth": 3.5079998970031738, "flooded_km": 0.047547101820764062 }, "geometry": { "type": "LineString", "coordinates": [ [ 70.8231765, 22.8089371 ], [ 70.822978, 22.809325 ] ] } },
{ "type": "Feature", "properties": { "name": "", "cls": "residential", "max_depth": 2.628000020980835, "flooded_km": 0.082504761702174301 }, "geometry": { "type": "LineString", "coordinates": [ [ 70.823053, 22.8082724 ], [ 70.823171, 22.808218 ], [ 70.8236109, 22.8078737 ], [ 70.8236388, 22.8078539 ], [ 70.8236865, 22.8078187 ] ] } },
{ "type": "Feature", "properties": { "name": "", "cls": "residential", "max_depth": 1.9160000085830688, "flooded_km": 0.09350967625962428 }, "geometry": { "type": "LineString", "coordinates": [ [ 70.8199203, 22.8082916 ], [ 70.8205089, 22.8084449 ], [ 70.8205157, 22.8084449 ], [ 70.8210522, 22.8085685 ] ] } },
{ "type": "Feature", "properties": { "name": "", "cls": "residential", "max_depth": 1.0099999904632568, "flooded_km": 0.086189310084008333 }, "geometry": { "type": "LineString", "coordinates": [ [ 70.8199203, 22.8082916 ], [ 70.8197433, 22.8086377 ], [ 70.8195984, 22.8090086 ], [ 70.8195072, 22.8093597 ], [ 70.8193785, 22.8097602 ] ] } },
{ "type": "Feature", "properties": { "name": "", "cls": "residential", "max_depth": 0.95200002193450928, "flooded_km": 0.14359092581838051 }, "geometry": { "type": "LineString", "coordinates": [ [ 70.8199203, 22.8082916 ], [ 70.818885, 22.8081235 ], [ 70.8185416, 22.8080741 ] ] } },
{ "type": "Feature", "properties": { "name": "", "cls": "residential", "max_depth": 1.7630000114440918, "flooded_km": 0.059619463782906848 }, "geometry": { "type": "LineString", "coordinates": [ [ 70.8237396, 22.8069815 ], [ 70.8242126, 22.8074481 ], [ 70.8241844, 22.8074676 ] ] } },
{ "type": "Feature", "properties": { "name": "", "cls": "residential", "max_depth": 2.628000020980835, "flooded_km": 0.040378451434335612 }, "geometry": { "type": "LineString", "coordinates": [ [ 70.8240668, 22.8067046 ], [ 70.8237343, 22.8063435 ], [ 70.8235253, 22.8061786 ] ] } },
{ "type": "Feature", "properties": { "name": "", "cls": "residential", "max_depth": 2.6670000553131104, "flooded_km": 0.065203650624840431 }, "geometry": { "type": "LineString", "coordinates": [ [ 70.8237772, 22.8054975 ], [ 70.8236232, 22.8060687 ] ] } },
{ "type": "Feature", "properties": { "name": "", "cls": "residential", "max_depth": 2.878000020980835, "flooded_km": 0.25332410566252483 }, "geometry": { "type": "LineString", "coordinates": [ [ 70.8237396, 22.8069815 ], [ 70.8240668, 22.8067046 ], [ 70.8242224, 22.8066106 ], [ 70.8243947, 22.8060138 ], [ 70.8244667, 22.8057962 ], [ 70.8246464, 22.8058081 ], [ 70.8247176, 22.8059356 ], [ 70.8245496, 22.8066007 ] ] } },
{ "type": "Feature", "properties": { "name": "", "cls": "residential", "max_depth": 3.1930000782012939, "flooded_km": 0.064541711986016631 }, "geometry": { "type": "LineString", "coordinates": [ [ 70.8237396, 22.8069815 ], [ 70.8232977, 22.806567 ] ] } },
{ "type": "Feature", "properties": { "name": "", "cls": "residential", "max_depth": 2.1570000648498535, "flooded_km": 0.057116765229113853 }, "geometry": { "type": "LineString", "coordinates": [ [ 70.8242316, 22.8070249 ], [ 70.8247686, 22.8071596 ] ] } },
{ "type": "Feature", "properties": { "name": "", "cls": "residential", "max_depth": 1.6349999904632568, "flooded_km": 0.050326428131591112 }, "geometry": { "type": "LineString", "coordinates": [ [ 70.8255315, 22.805671 ], [ 70.8253862, 22.8058334 ], [ 70.8252996, 22.8058382 ], [ 70.8251643, 22.8059423 ] ] } },
{ "type": "Feature", "properties": { "name": "", "cls": "residential", "max_depth": 1.3700000047683716, "flooded_km": 0.026701831620877199 }, "geometry": { "type": "LineString", "coordinates": [ [ 70.8258049, 22.805886 ], [ 70.8257806, 22.8059239 ], [ 70.8257416, 22.805981 ], [ 70.825664, 22.8060886 ] ] } },
{ "type": "Feature", "properties": { "name": "", "cls": "residential", "max_depth": 2.6080000400543213, "flooded_km": 0.082085218380613445 }, "geometry": { "type": "LineString", "coordinates": [ [ 70.8255315, 22.805671 ], [ 70.8258049, 22.805886 ], [ 70.8261217, 22.8061704 ] ] } },
{ "type": "Feature", "properties": { "name": "", "cls": "residential", "max_depth": 3.559999942779541, "flooded_km": 0.24878087002288249 }, "geometry": { "type": "LineString", "coordinates": [ [ 70.8255315, 22.805671 ], [ 70.8254798, 22.8056417 ], [ 70.825156, 22.8054584 ], [ 70.8245405, 22.8050378 ], [ 70.8241368, 22.8047908 ], [ 70.8237773, 22.8045337 ], [ 70.8235444, 22.8043884 ] ] } },
{ "type": "Feature", "properties": { "name": "", "cls": "residential", "max_depth": 2.2739999294281006, "flooded_km": 0.045656089913306726 }, "geometry": { "type": "LineString", "coordinates": [ [ 70.8241368, 22.8047908 ], [ 70.8243835, 22.8044478 ] ] } },
{ "type": "Feature", "properties": { "name": "", "cls": "residential", "max_depth": 3.3580000400543213, "flooded_km": 0.046131223449111872 }, "geometry": { "type": "LineString", "coordinates": [ [ 70.8237773, 22.8045337 ], [ 70.8240402, 22.8041959 ] ] } },
{ "type": "Feature", "properties": { "name": "", "cls": "residential", "max_depth": 6.3670001029968262, "flooded_km": 0.072139580280915841 }, "geometry": { "type": "LineString", "coordinates": [ [ 70.8307832, 22.8068256 ], [ 70.8306331, 22.8070852 ], [ 70.8304453, 22.8073967 ] ] } },
{ "type": "Feature", "properties": { "name": "", "cls": "residential", "max_depth": 5.570000171661377, "flooded_km": 0.15632810172543371 }, "geometry": { "type": "LineString", "coordinates": [ [ 70.8308584, 22.8059924 ], [ 70.8303005, 22.806922 ], [ 70.8301234, 22.8072286 ] ] } },
{ "type": "Feature", "properties": { "name": "", "cls": "residential", "max_depth": 5.2870001792907715, "flooded_km": 0.050286863623462068 }, "geometry": { "type": "LineString", "coordinates": [ [ 70.8299732, 22.8067588 ], [ 70.8297426, 22.8071594 ] ] } },
{ "type": "Feature", "properties": { "name": "", "cls": "residential", "max_depth": 5.0110001564025879, "flooded_km": 0.29763426252814146 }, "geometry": { "type": "LineString", "coordinates": [ [ 70.8284541, 22.8059003 ], [ 70.8288063, 22.8054759 ], [ 70.8290211, 22.8055491 ], [ 70.829261, 22.8048603 ], [ 70.8289154, 22.8047398 ], [ 70.8286585, 22.8054286 ], [ 70.8288063, 22.8054759 ] ] } },
{ "type": "Feature", "properties": { "name": "", "cls": "residential", "max_depth": 6.4590001106262207, "flooded_km": 0.23150136130786431 }, "geometry": { "type": "LineString", "coordinates": [ [ 70.8305258, 22.8058292 ], [ 70.8308584, 22.8059924 ], [ 70.831132, 22.8061259 ], [ 70.8311641, 22.8061605 ], [ 70.8314002, 22.8062446 ], [ 70.831486, 22.8063237 ], [ 70.8311159, 22.8069566 ], [ 70.8310354, 22.8069566 ], [ 70.8307832, 22.8068256 ] ] } },
{ "type": "Feature", "properties": { "name": "", "cls": "residential", "max_depth": 3.6340000629425049, "flooded_km": 0.07679287998387653 }, "geometry": { "type": "LineString", "coordinates": [ [ 70.8299732, 22.8067588 ], [ 70.8303005, 22.806922 ], [ 70.8306331, 22.8070852 ] ] } },
{ "type": "Feature", "properties": { "name": "", "cls": "residential", "max_depth": 3.4140000343322754, "flooded_km": 0.25182431046035758 }, "geometry": { "type": "LineString", "coordinates": [ [ 70.8299732, 22.8067588 ], [ 70.8296675, 22.8065759 ], [ 70.8293402, 22.8064127 ], [ 70.8292115, 22.8063534 ], [ 70.8290828, 22.8062891 ], [ 70.8290217, 22.8062464 ], [ 70.8290345, 22.8061951 ], [ 70.8291418, 22.8059875 ], [ 70.829469, 22.8054485 ], [ 70.8297962, 22.8049095 ] ] } },
{ "type": "Feature", "properties": { "name": "", "cls": "residential", "max_depth": 4.8779997825622559, "flooded_km": 0.11754783304212629 }, "geometry": { "type": "LineString", "coordinates": [ [ 70.8299732, 22.8067588 ], [ 70.8305258, 22.8058292 ] ] } },
{ "type": "Feature", "properties": { "name": "", "cls": "residential", "max_depth": 6.3270001411437988, "flooded_km": 0.1793152117940128 }, "geometry": { "type": "LineString", "coordinates": [ [ 70.8296675, 22.8065759 ], [ 70.8301932, 22.8056661 ], [ 70.830456, 22.805132 ] ] } },
{ "type": "Feature", "properties": { "name": "", "cls": "residential", "max_depth": 6.0939998626708984, "flooded_km": 0.19274609027244571 }, "geometry": { "type": "LineString", "coordinates": [ [ 70.8293402, 22.8064127 ], [ 70.8302093, 22.80487 ] ] } },
{ "type": "Feature", "properties": { "name": "", "cls": "residential", "max_depth": 4.994999885559082, "flooded_km": 0.038631570152563618 }, "geometry": { "type": "LineString", "coordinates": [ [ 70.8305258, 22.8058292 ], [ 70.8301932, 22.8056661 ] ] } },
{ "type": "Feature", "properties": { "name": "", "cls": "residential", "max_depth": 4.3369998931884766, "flooded_km": 0.083394993989380078 }, "geometry": { "type": "LineString", "coordinates": [ [ 70.8307832, 22.8068256 ], [ 70.8311641, 22.8061605 ] ] } },
{ "type": "Feature", "properties": { "name": "", "cls": "residential", "max_depth": 2.3670001029968262, "flooded_km": 0.093395060672498226 }, "geometry": { "type": "LineString", "coordinates": [ [ 70.8211811, 22.8066998 ], [ 70.8213526, 22.8069318 ], [ 70.8214384, 22.8069961 ], [ 70.8218032, 22.8073076 ] ] } },
{ "type": "Feature", "properties": { "name": "", "cls": "residential", "max_depth": 2.5350000858306885, "flooded_km": 0.19911477118070758 }, "geometry": { "type": "LineString", "coordinates": [ [ 70.8190137, 22.806022 ], [ 70.8200437, 22.8066896 ], [ 70.8204621, 22.8061896 ] ] } },
{ "type": "Feature", "properties": { "name": "", "cls": "residential", "max_depth": 2.0759999752044678, "flooded_km": 0.17334437827999 }, "geometry": { "type": "LineString", "coordinates": [ [ 70.8190137, 22.806022 ], [ 70.8184773, 22.8063138 ], [ 70.8183914, 22.8063578 ], [ 70.81837, 22.8063533 ], [ 70.8180749, 22.8065066 ], [ 70.817973, 22.8065816 ], [ 70.817914, 22.8068329 ], [ 70.8177799, 22.8073966 ] ] } },
{ "type": "Feature", "properties": { "name": "", "cls": "residential", "max_depth": 1.3380000591278076, "flooded_km": 0.15971373714981008 }, "geometry": { "type": "LineString", "coordinates": [ [ 70.8187803, 22.8068486 ], [ 70.8186328, 22.8075549 ], [ 70.8185416, 22.8080741 ], [ 70.8184719, 22.8083955 ] ] } },
{ "type": "Feature", "properties": { "name": "", "cls": "residential", "max_depth": 0.82400000095367432, "flooded_km": 0.072714976998170283 }, "geometry": { "type": "LineString", "coordinates": [ [ 70.818885, 22.8081235 ], [ 70.8191344, 22.8070987 ] ] } },
{ "type": "Feature", "properties": { "name": "", "cls": "residential", "max_depth": 1.9800000190734863, "flooded_km": 0.13459599902314212 }, "geometry": { "type": "LineString", "coordinates": [ [ 70.8200812, 22.8079752 ], [ 70.8193356, 22.8078367 ], [ 70.8193409, 22.8077329 ], [ 70.819475, 22.8073459 ] ] } },
{ "type": "Feature", "properties": { "name": "", "cls": "residential", "max_depth": 0.78200000524520874, "flooded_km": 0.014821887024331459 }, "geometry": { "type": "LineString", "coordinates": [ [ 70.8184719, 22.8083955 ], [ 70.8185363, 22.8084202 ], [ 70.8197433, 22.8086377 ] ] } },
{ "type": "Feature", "properties": { "name": "", "cls": "residential", "max_depth": 2.3880000114440918, "flooded_km": 0.073384142351645004 }, "geometry": { "type": "LineString", "coordinates": [ [ 70.8181822, 22.8087366 ], [ 70.8195019, 22.8089591 ], [ 70.8195984, 22.8090086 ], [ 70.8196735, 22.8090432 ], [ 70.8202494, 22.8092262 ] ] } },
{ "type": "Feature", "properties": { "name": "", "cls": "residential", "max_depth": 2.4130001068115234, "flooded_km": 0.086343391033366593 }, "geometry": { "type": "LineString", "coordinates": [ [ 70.8210629, 22.8094239 ], [ 70.8202494, 22.8092262 ] ] } },
{ "type": "Feature", "properties": { "name": "", "cls": "residential", "max_depth": 1.2120000123977661, "flooded_km": 0.11313647879928444 }, "geometry": { "type": "LineString", "coordinates": [ [ 70.8169751, 22.806515 ], [ 70.8166856, 22.8076192 ], [ 70.8167553, 22.8078615 ], [ 70.8167177, 22.807906 ], [ 70.8165997, 22.8082323 ] ] } },
{ "type": "Feature", "properties": { "name": "", "cls": "residential", "max_depth": 1.6150000095367432, "flooded_km": 0.16494841170438299 }, "geometry": { "type": "LineString", "coordinates": [ [ 70.816986, 22.8078713 ], [ 70.8171952, 22.806922 ], [ 70.8171952, 22.8068626 ], [ 70.8172542, 22.8066451 ], [ 70.8171952, 22.806515 ], [ 70.8171533, 22.8064275 ] ] } },
{ "type": "Feature", "properties": { "name": "", "cls": "residential", "max_depth": 1.9800000190734863, "flooded_km": 0.027719500845789748 }, "geometry": { "type": "LineString", "coordinates": [ [ 70.8200812, 22.8079752 ], [ 70.8202207, 22.8077609 ] ] } },
{ "type": "Feature", "properties": { "name": "", "cls": "residential", "max_depth": 1.9800000190734863, "flooded_km": 0.038738541394687007 }, "geometry": { "type": "LineString", "coordinates": [ [ 70.8200812, 22.8079752 ], [ 70.8199203, 22.8082916 ] ] } },
{ "type": "Feature", "properties": { "name": "", "cls": "residential", "max_depth": 1.2719999551773071, "flooded_km": 0.040665067132996648 }, "geometry": { "type": "LineString", "coordinates": [ [ 70.8174098, 22.8079115 ], [ 70.8170343, 22.8078917 ], [ 70.816986, 22.8078713 ], [ 70.8167553, 22.8078615 ] ] } },
{ "type": "Feature", "properties": { "name": "", "cls": "residential", "max_depth": 0.3919999897480011, "flooded_km": 0.029983707906438218 }, "geometry": { "type": "LineString", "coordinates": [ [ 70.815189, 22.8079115 ], [ 70.8148456, 22.8078621 ], [ 70.8145131, 22.8078175 ], [ 70.8141697, 22.807773 ], [ 70.8142878, 22.8069026 ], [ 70.8146364, 22.8069372 ], [ 70.8149583, 22.8069718 ], [ 70.8153016, 22.8070114 ], [ 70.8156127, 22.807046 ], [ 70.8156604, 22.8065975 ] ] } },
{ "type": "Feature", "properties": { "name": "", "cls": "residential", "max_depth": 0.40999999642372131, "flooded_km": 0.054752793688800629 }, "geometry": { "type": "LineString", "coordinates": [ [ 70.8145546, 22.8061379 ], [ 70.814513, 22.8066308 ] ] } },
{ "type": "Feature", "properties": { "name": "", "cls": "residential", "max_depth": 3.4210000038146973, "flooded_km": 0.19477649562399971 }, "geometry": { "type": "LineString", "coordinates": [ [ 70.8140409, 22.8064777 ], [ 70.8136439, 22.8065857 ], [ 70.8135742, 22.80665 ], [ 70.8134455, 22.808346 ], [ 70.8134401, 22.8086279 ], [ 70.8134347, 22.8089097 ], [ 70.8134186, 22.8090234 ], [ 70.8133918, 22.8090482 ], [ 70.813306, 22.809063 ], [ 70.8130807, 22.809063 ], [ 70.8128607, 22.8090581 ] ] } },
{ "type": "Feature", "properties": { "name": "", "cls": "residential", "max_depth": 0.3919999897480011, "flooded_km": 0.028786360216641042 }, "geometry": { "type": "LineString", "coordinates": [ [ 70.815189, 22.8079115 ], [ 70.8152802, 22.8072785 ], [ 70.8153016, 22.8070114 ], [ 70.8153445, 22.8066202 ] ] } },
{ "type": "Feature", "properties": { "name": "", "cls": "residential", "max_depth": 0.37099999189376831, "flooded_km": 0.027008025319664512 }, "geometry": { "type": "LineString", "coordinates": [ [ 70.815189, 22.8079115 ], [ 70.8155055, 22.8079362 ], [ 70.8157147, 22.8080401 ], [ 70.815999, 22.8081786 ], [ 70.8162736, 22.8083072 ] ] } },
{ "type": "Feature", "properties": { "name": "", "cls": "residential", "max_depth": 0.37599998712539673, "flooded_km": 0.057876000234266672 }, "geometry": { "type": "LineString", "coordinates": [ [ 70.8160419, 22.8074219 ], [ 70.8161975, 22.8077236 ], [ 70.8161814, 22.8078423 ], [ 70.815999, 22.8081786 ], [ 70.8157683, 22.8086039 ] ] } },
{ "type": "Feature", "properties": { "name": "", "cls": "residential", "max_depth": 0.94099998474121094, "flooded_km": 0.024443120500248858 }, "geometry": { "type": "LineString", "coordinates": [ [ 70.8160419, 22.8074219 ], [ 70.8160741, 22.8073724 ], [ 70.8163396, 22.8072537 ] ] } },
{ "type": "Feature", "properties": { "name": "", "cls": "residential", "max_depth": 5.3550000190734863, "flooded_km": 0.090115782696069416 }, "geometry": { "type": "LineString", "coordinates": [ [ 70.8287481, 22.8066424 ], [ 70.8288739, 22.8065545 ], [ 70.8287691, 22.8062109 ], [ 70.8288246, 22.8061314 ], [ 70.8290217, 22.8062464 ] ] } },
{ "type": "Feature", "properties": { "name": "", "cls": "residential", "max_depth": 0.53600001335144043, "flooded_km": 0.012226246049102454 }, "geometry": { "type": "LineString", "coordinates": [ [ 70.8134455, 22.808346 ], [ 70.8128501, 22.8083418 ] ] } },
{ "type": "Feature", "properties": { "name": "", "cls": "residential", "max_depth": 1.5479999780654907, "flooded_km": 0.12372732494257581 }, "geometry": { "type": "LineString", "coordinates": [ [ 70.8089983, 22.8086031 ], [ 70.8091968, 22.8086031 ], [ 70.8094328, 22.808613 ], [ 70.810371, 22.8086328 ], [ 70.8104706, 22.8086282 ] ] } },
{ "type": "Feature", "properties": { "name": "", "cls": "residential", "max_depth": 4.1069998741149902, "flooded_km": 0.62599932509111711 }, "geometry": { "type": "LineString", "coordinates": [ [ 70.808612, 22.8065511 ], [ 70.8087032, 22.8065808 ], [ 70.8087301, 22.8066352 ], [ 70.8087408, 22.8085141 ], [ 70.8087837, 22.8086031 ], [ 70.8088266, 22.8086823 ], [ 70.8087193, 22.8092855 ], [ 70.8087569, 22.8094289 ], [ 70.8088695, 22.8096761 ], [ 70.8089178, 22.8097157 ], [ 70.8089446, 22.809686 ], [ 70.8091968, 22.8086031 ], [ 70.8092397, 22.8085141 ], [ 70.8092343, 22.8067341 ] ] } },
{ "type": "Feature", "properties": { "name": "", "cls": "residential", "max_depth": 1.5479999780654907, "flooded_km": 0.19210968205007134 }, "geometry": { "type": "LineString", "coordinates": [ [ 70.8089983, 22.8086031 ], [ 70.8089607, 22.8057402 ], [ 70.8089178, 22.8057155 ], [ 70.8087515, 22.8056759 ] ] } },
{ "type": "Feature", "properties": { "name": "", "cls": "residential", "max_depth": 1.5479999780654907, "flooded_km": 0.21506831241609517 }, "geometry": { "type": "LineString", "coordinates": [ [ 70.8089983, 22.8086031 ], [ 70.8087837, 22.8086031 ], [ 70.8085209, 22.8085933 ], [ 70.8084994, 22.806739 ], [ 70.8084833, 22.8067093 ] ] } },
{ "type": "Feature", "properties": { "name": "", "cls": "residential", "max_depth": 2.4800000190734863, "flooded_km": 0.75669640173379205 }, "geometry": { "type": "LineString", "coordinates": [ [ 70.8094328, 22.808613 ], [ 70.8093899, 22.8090927 ], [ 70.8091914, 22.8100767 ], [ 70.8093631, 22.8107738 ], [ 70.8093684, 22.8115897 ], [ 70.8093845, 22.8116589 ], [ 70.809347, 22.8120644 ], [ 70.8092397, 22.8127418 ], [ 70.8091538, 22.8133599 ], [ 70.8091002, 22.8138544 ], [ 70.8090841, 22.813884 ], [ 70.8087542, 22.8157649 ] ] } },
{ "type": "Feature", "properties": { "name": "", "cls": "residential", "max_depth": 1.7799999713897705, "flooded_km": 0.16383217661930974 }, "geometry": { "type": "LineString", "coordinates": [ [ 70.8085262, 22.8141313 ], [ 70.8086496, 22.8133055 ], [ 70.8087354, 22.8127369 ], [ 70.8087569, 22.8126973 ], [ 70.8088588, 22.8119012 ], [ 70.8089339, 22.8118221 ], [ 70.8093684, 22.8115897 ] ] } },
{ "type": "Feature", "properties": { "name": "", "cls": "residential", "max_depth": 0.50599998235702515, "flooded_km": 0.026056701513399234 }, "geometry": { "type": "LineString", "coordinates": [ [ 70.8091538, 22.8133599 ], [ 70.8086496, 22.8133055 ] ] } },
{ "type": "Feature", "properties": { "name": "", "cls": "residential", "max_depth": 0.32800000905990601, "flooded_km": 0.025900896580924544 }, "geometry": { "type": "LineString", "coordinates": [ [ 70.8091538, 22.8133599 ], [ 70.8096528, 22.8134292 ] ] } },
{ "type": "Feature", "properties": { "name": "", "cls": "residential", "max_depth": 1.093999981880188, "flooded_km": 0.21749401587005554 }, "geometry": { "type": "LineString", "coordinates": [ [ 70.8091002, 22.8138544 ], [ 70.8095777, 22.8138989 ], [ 70.8096528, 22.8134292 ], [ 70.8097547, 22.8129644 ], [ 70.8097494, 22.8127963 ], [ 70.8092397, 22.8127418 ], [ 70.8087569, 22.8126973 ] ] } },
{ "type": "Feature", "properties": { "name": "", "cls": "residential", "max_depth": 0.92500001192092896, "flooded_km": 0.043826484284176501 }, "geometry": { "type": "LineString", "coordinates": [ [ 70.8084833, 22.8067093 ], [ 70.8084243, 22.806744 ], [ 70.8082902, 22.8069022 ], [ 70.8082258, 22.8070258 ], [ 70.8081507, 22.8072285 ], [ 70.8081722, 22.8073868 ], [ 70.8081346, 22.8075648 ], [ 70.8072388, 22.8074411 ], [ 70.8072656, 22.8071296 ] ] } },
{ "type": "Feature", "properties": { "name": "", "cls": "residential", "max_depth": 1.937000036239624, "flooded_km": 0.013568061496278153 }, "geometry": { "type": "LineString", "coordinates": [ [ 70.8072656, 22.8071296 ], [ 70.8064985, 22.8070357 ], [ 70.8063912, 22.8069368 ] ] } },
{ "type": "Feature", "properties": { "name": "", "cls": "residential", "max_depth": 1.156999945640564, "flooded_km": 0.059300817426035955 }, "geometry": { "type": "LineString", "coordinates": [ [ 70.8061692, 22.8067079 ], [ 70.8066088, 22.806306 ], [ 70.8086013, 22.8055034 ], [ 70.8087381, 22.8054483 ], [ 70.8095723, 22.8051023 ], [ 70.8102643, 22.8048353 ], [ 70.8103662, 22.8047958 ], [ 70.810414, 22.8047764 ] ] } },
{ "type": "Feature", "properties": { "name": "", "cls": "residential", "max_depth": 3.0160000324249268, "flooded_km": 0.23860832894987494 }, "geometry": { "type": "LineString", "coordinates": [ [ 70.8056926, 22.8069346 ], [ 70.8056845, 22.8072138 ], [ 70.805663, 22.8075525 ], [ 70.805604, 22.8081162 ], [ 70.8061324, 22.8081237 ], [ 70.8062504, 22.8084995 ], [ 70.806256, 22.8085241 ], [ 70.8062853, 22.8088555 ] ] } },
{ "type": "Feature", "properties": { "name": "", "cls": "residential", "max_depth": 3.0160000324249268, "flooded_km": 0.10996329081632453 }, "geometry": { "type": "LineString", "coordinates": [ [ 70.806256, 22.8085241 ], [ 70.8064975, 22.8085304 ], [ 70.8064934, 22.808418 ], [ 70.8072008, 22.808448 ] ] } },
{ "type": "Feature", "properties": { "name": "", "cls": "residential", "max_depth": 1.9570000171661377, "flooded_km": 0.082386210795486858 }, "geometry": { "type": "LineString", "coordinates": [ [ 70.805604, 22.8081162 ], [ 70.8055828, 22.8089839 ] ] } },
{ "type": "Feature", "properties": { "name": "", "cls": "residential", "max_depth": 1.4639999866485596, "flooded_km": 0.28421991458941193 }, "geometry": { "type": "LineString", "coordinates": [ [ 70.7958984, 22.809508 ], [ 70.7980227, 22.810047 ], [ 70.7983446, 22.8101508 ], [ 70.7984304, 22.8101756 ], [ 70.7988274, 22.8102596 ], [ 70.7989829, 22.8102843 ], [ 70.7993746, 22.8103091 ], [ 70.7997179, 22.8103041 ], [ 70.8002007, 22.8103437 ], [ 70.8013916, 22.8107739 ], [ 70.801633, 22.8108282 ], [ 70.8018046, 22.810937 ], [ 70.802443, 22.8112139 ], [ 70.8033764, 22.8115452 ], [ 70.803532, 22.8116144 ], [ 70.8036983, 22.8117381 ], [ 70.8040899, 22.8123512 ], [ 70.804283, 22.8125342 ], [ 70.804342, 22.8125688 ], [ 70.8043635, 22.8126083 ], [ 70.8043796, 22.8126083 ], [ 70.8050984, 22.8131621 ], [ 70.8055168, 22.8134242 ], [ 70.8060157, 22.8137209 ], [ 70.8061391, 22.8138395 ], [ 70.8066434, 22.8144329 ], [ 70.8066487, 22.8144873 ], [ 70.8064127, 22.8151598 ], [ 70.8063269, 22.8155484 ] ] } },
{ "type": "Feature", "properties": { "name": "", "cls": "residential", "max_depth": 0.76399999856948853, "flooded_km": 0.14801105583195365 }, "geometry": { "type": "LineString", "coordinates": [ [ 70.8055168, 22.8134242 ], [ 70.8054793, 22.8134588 ], [ 70.8054471, 22.8134885 ], [ 70.8053344, 22.8135132 ], [ 70.8052003, 22.813533 ], [ 70.8051038, 22.8135775 ], [ 70.8050233, 22.8136318 ], [ 70.8049696, 22.8137456 ], [ 70.8049696, 22.8139384 ], [ 70.8049482, 22.8141411 ], [ 70.8048516, 22.8143637 ], [ 70.8047551, 22.8145862 ], [ 70.8047443, 22.8154361 ], [ 70.8047712, 22.8157037 ], [ 70.8044654, 22.816475 ], [ 70.8044493, 22.8167371 ], [ 70.8041167, 22.817464 ], [ 70.8042347, 22.81782 ], [ 70.8042025, 22.8178694 ], [ 70.8040577, 22.8182897 ], [ 70.8040577, 22.8183342 ], [ 70.8039611, 22.8185864 ], [ 70.8037787, 22.8191501 ] ] } },
{ "type": "Feature", "properties": { "name": "", "cls": "residential", "max_depth": 2.5260000228881836, "flooded_km": 0.47356200677926613 }, "geometry": { "type": "LineString", "coordinates": [ [ 70.8063161, 22.8199511 ], [ 70.8061069, 22.8193677 ], [ 70.8061606, 22.8180475 ], [ 70.8062035, 22.8174244 ], [ 70.8061552, 22.816841 ], [ 70.8060855, 22.816574 ], [ 70.8058011, 22.8159559 ], [ 70.8057475, 22.8155073 ] ] } },
{ "type": "Feature", "properties": { "name": "", "cls": "residential", "max_depth": 2.1710000038146973, "flooded_km": 0.14579093266246509 }, "geometry": { "type": "LineString", "coordinates": [ [ 70.8047659, 22.818176 ], [ 70.8053399, 22.8184035 ], [ 70.8054954, 22.8184133 ], [ 70.8056242, 22.8183886 ], [ 70.8061606, 22.8180475 ] ] } },
{ "type": "Feature", "properties": { "name": "", "cls": "residential", "max_depth": 2.812999963760376, "flooded_km": 0.06512912295439191 }, "geometry": { "type": "LineString", "coordinates": [ [ 70.8063161, 22.8199511 ], [ 70.8066595, 22.8204456 ] ] } },
{ "type": "Feature", "properties": { "name": "", "cls": "residential", "max_depth": 3.2139999866485596, "flooded_km": 0.71613475386667513 }, "geometry": { "type": "LineString", "coordinates": [ [ 70.8066595, 22.8204456 ], [ 70.8067989, 22.8206137 ], [ 70.8069277, 22.8207126 ], [ 70.8072817, 22.8208807 ], [ 70.8073944, 22.8209994 ], [ 70.807625, 22.8218449 ], [ 70.807609, 22.8227844 ], [ 70.807625, 22.8229427 ], [ 70.8077216, 22.8231108 ], [ 70.808242, 22.8237734 ], [ 70.808301, 22.8239316 ], [ 70.8083385, 22.8241195 ], [ 70.8083385, 22.8243173 ], [ 70.8083171, 22.8244359 ], [ 70.8082688, 22.8245546 ], [ 70.807963, 22.8251183 ], [ 70.8078772, 22.8253853 ], [ 70.8078879, 22.825504 ], [ 70.8082795, 22.8261715 ] ] } },
{ "type": "Feature", "properties": { "name": "", "cls": "residential", "max_depth": 2.0729999542236328, "flooded_km": 0.2184508524876044 }, "geometry": { "type": "LineString", "coordinates": [ [ 70.807625, 22.8218449 ], [ 70.807904, 22.8218746 ], [ 70.8099424, 22.8218845 ], [ 70.8103179, 22.8219043 ] ] } },
{ "type": "Feature", "properties": { "name": "", "cls": "residential", "max_depth": 1.3730000257492065, "flooded_km": 0.10384291481042134 }, "geometry": { "type": "LineString", "coordinates": [ [ 70.8103162, 22.8224383 ], [ 70.810098, 22.8224581 ], [ 70.8098673, 22.8224778 ], [ 70.8097439, 22.8224482 ], [ 70.8096796, 22.8223987 ], [ 70.8094489, 22.8223592 ], [ 70.8088856, 22.8223592 ], [ 70.8083224, 22.8223592 ] ] } },
{ "type": "Feature", "properties": { "name": "", "cls": "residential", "max_depth": 2.9809999465942383, "flooded_km": 0.47461884611087068 }, "geometry": { "type": "LineString", "coordinates": [ [ 70.8054418, 22.8224581 ], [ 70.8050073, 22.824337 ], [ 70.8049644, 22.8247227 ], [ 70.8048893, 22.8254051 ], [ 70.8048893, 22.8256424 ], [ 70.8049751, 22.8264682 ], [ 70.8050609, 22.8266771 ] ] } },
{ "type": "Feature", "properties": { "name": "", "cls": "residential", "max_depth": 3.0260000228881836, "flooded_km": 0.23229197331729051 }, "geometry": { "type": "LineString", "coordinates": [ [ 70.8039773, 22.8301025 ], [ 70.8045835, 22.8289405 ], [ 70.8048893, 22.8282779 ], [ 70.8049536, 22.8281988 ], [ 70.805018, 22.8281197 ], [ 70.8051146, 22.8279021 ], [ 70.8052165, 22.8276598 ], [ 70.8052916, 22.8275461 ], [ 70.8055276, 22.8272939 ], [ 70.805592, 22.8272148 ], [ 70.8056617, 22.8270912 ], [ 70.8057154, 22.8269577 ], [ 70.80571, 22.8267797 ], [ 70.80571, 22.826578 ] ] } },
{ "type": "Feature", "properties": { "name": "", "cls": "residential", "max_depth": 3.4409999847412109, "flooded_km": 0.82246975478099837 }, "geometry": { "type": "LineString", "coordinates": [ [ 70.8101294, 22.8329976 ], [ 70.8074856, 22.8323128 ], [ 70.8076734, 22.8316007 ], [ 70.8076948, 22.8314277 ], [ 70.8074642, 22.8313535 ], [ 70.80674, 22.8311854 ], [ 70.8066541, 22.8311409 ], [ 70.8066595, 22.8304289 ], [ 70.8066971, 22.8302607 ], [ 70.8069867, 22.8297218 ], [ 70.8071101, 22.8295982 ], [ 70.8071638, 22.8295487 ], [ 70.807491, 22.829257 ], [ 70.807491, 22.829079 ], [ 70.807432, 22.8287675 ], [ 70.807432, 22.8286191 ], [ 70.8079845, 22.8275659 ], [ 70.808065, 22.8273483 ], [ 70.8081025, 22.8273088 ], [ 70.8082795, 22.8267896 ], [ 70.8082742, 22.8266462 ], [ 70.8081186, 22.8262026 ] ] } },
{ "type": "Feature", "properties": { "name": "", "cls": "residential", "max_depth": 2.3710000514984131, "flooded_km": 0.060803387037185998 }, "geometry": { "type": "LineString", "coordinates": [ [ 70.8089232, 22.8260363 ], [ 70.8089446, 22.8262852 ], [ 70.8089017, 22.8265819 ] ] } },
{ "type": "Feature", "properties": { "name": "", "cls": "residential", "max_depth": 1.2649999856948853, "flooded_km": 0.076401862598533474 }, "geometry": { "type": "LineString", "coordinates": [ [ 70.8094274, 22.8259321 ], [ 70.8092987, 22.8266116 ] ] } },
{ "type": "Feature", "properties": { "name": "", "cls": "residential", "max_depth": 1.1519999504089355, "flooded_km": 0.15421296694175957 }, "geometry": { "type": "LineString", "coordinates": [ [ 70.8079845, 22.8275659 ], [ 70.8085477, 22.8277043 ], [ 70.8097171, 22.8279219 ] ] } },
{ "type": "Feature", "properties": { "name": "", "cls": "residential", "max_depth": 1.437000036239624, "flooded_km": 0.065130453697822693 }, "geometry": { "type": "LineString", "coordinates": [ [ 70.8081025, 22.8273088 ], [ 70.8089876, 22.827378 ] ] } },
{ "type": "Feature", "properties": { "name": "", "cls": "residential", "max_depth": 0.92400002479553223, "flooded_km": 0.23594356866790608 }, "geometry": { "type": "LineString", "coordinates": [ [ 70.8022499, 22.8408313 ], [ 70.8031135, 22.8380186 ], [ 70.803194, 22.8378209 ], [ 70.8033067, 22.8372178 ], [ 70.8032155, 22.8371416 ] ] } },
{ "type": "Feature", "properties": { "name": "", "cls": "residential", "max_depth": 3.4240000247955322, "flooded_km": 0.36681002159737586 }, "geometry": { "type": "LineString", "coordinates": [ [ 70.7985271, 22.8451763 ], [ 70.7985378, 22.8446721 ], [ 70.7984949, 22.8445486 ], [ 70.7983984, 22.8444843 ], [ 70.7979638, 22.8443805 ], [ 70.7978727, 22.8443162 ], [ 70.7978673, 22.8441729 ], [ 70.797819, 22.8440542 ], [ 70.7977332, 22.8439208 ], [ 70.7977117, 22.8438269 ], [ 70.7977224, 22.8434364 ], [ 70.7976849, 22.8433128 ], [ 70.7974435, 22.8429816 ], [ 70.7971431, 22.8424477 ], [ 70.7966549, 22.8417898 ] ] } },
{ "type": "Feature", "properties": { "name": "", "cls": "residential", "max_depth": 7.2680001258850098, "flooded_km": 1.880469338017098 }, "geometry": { "type": "LineString", "coordinates": [ [ 70.8026844, 22.8506732 ], [ 70.802899, 22.8497883 ], [ 70.8029258, 22.8492001 ], [ 70.8027809, 22.8487404 ], [ 70.8027488, 22.8481274 ], [ 70.8028775, 22.8475837 ], [ 70.8029848, 22.8473711 ], [ 70.8031833, 22.8471981 ], [ 70.8033549, 22.8469954 ], [ 70.8038109, 22.8466544 ], [ 70.8039665, 22.8465555 ], [ 70.8042401, 22.8464418 ], [ 70.8046102, 22.846338 ], [ 70.8048892, 22.8462194 ], [ 70.8052057, 22.8461749 ], [ 70.8055758, 22.8460958 ], [ 70.8057099, 22.8460414 ], [ 70.8058655, 22.8459376 ], [ 70.8059889, 22.8458239 ], [ 70.8061015, 22.8456855 ], [ 70.8063268, 22.8452011 ], [ 70.8064341, 22.8450577 ], [ 70.8069974, 22.8445486 ], [ 70.8074158, 22.8442273 ], [ 70.8078986, 22.8438071 ], [ 70.8084243, 22.8434215 ], [ 70.8088535, 22.8429816 ], [ 70.8091753, 22.8426108 ], [ 70.8097064, 22.8422203 ], [ 70.8105654, 22.8415505 ], [ 70.8106658, 22.841338 ], [ 70.8104648, 22.8413054 ], [ 70.8099907, 22.8415283 ], [ 70.8099103, 22.8415925 ], [ 70.8097064, 22.8418199 ], [ 70.8096206, 22.841815 ], [ 70.8093416, 22.8417112 ], [ 70.8092665, 22.8417112 ], [ 70.8091914, 22.8417408 ], [ 70.8090519, 22.8418694 ], [ 70.8089554, 22.8420275 ], [ 70.8088481, 22.8421363 ], [ 70.8087784, 22.8422104 ], [ 70.8086979, 22.8422945 ], [ 70.8085101, 22.8424279 ], [ 70.8082956, 22.8425317 ], [ 70.8080327, 22.8426158 ], [ 70.8072817, 22.8427097 ], [ 70.8069598, 22.8427937 ] ] } },
{ "type": "Feature", "properties": { "name": "", "cls": "residential", "max_depth": 4.9169998168945312, "flooded_km": 0.30507551248359682 }, "geometry": { "type": "LineString", "coordinates": [ [ 70.8131665, 22.8394077 ], [ 70.8123511, 22.8398427 ], [ 70.8121204, 22.8400305 ], [ 70.8118736, 22.8403073 ], [ 70.8117288, 22.8404408 ], [ 70.8108567, 22.8411106 ] ] } },
{ "type": "Feature", "properties": { "name": "", "cls": "residential", "max_depth": 3.0799999237060547, "flooded_km": 0.2765316859073102 }, "geometry": { "type": "LineString", "coordinates": [ [ 70.8131665, 22.8394077 ], [ 70.8131249, 22.8392582 ], [ 70.8130082, 22.8391581 ], [ 70.8116349, 22.8385723 ], [ 70.8108705, 22.8382138 ] ] } },
{ "type": "Feature", "properties": { "name": "", "cls": "residential", "max_depth": 1.5080000162124634, "flooded_km": 1.0186986249039114 }, "geometry": { "type": "LineString", "coordinates": [ [ 70.8086979, 22.8533969 ], [ 70.8102965, 22.849907 ], [ 70.8116805, 22.8468076 ], [ 70.8117556, 22.8467186 ], [ 70.8118575, 22.8466741 ], [ 70.8131504, 22.846249 ], [ 70.8137199, 22.8460501 ] ] } },
{ "type": "Feature", "properties": { "name": "", "cls": "residential", "max_depth": 2.4460000991821289, "flooded_km": 0.16775426603249632 }, "geometry": { "type": "LineString", "coordinates": [ [ 70.8198826, 22.8376627 ], [ 70.8206658, 22.8383103 ], [ 70.8207141, 22.8383498 ], [ 70.8208536, 22.8384635 ], [ 70.8209555, 22.8385673 ], [ 70.8211004, 22.8386711 ] ] } },
{ "type": "Feature", "properties": { "name": "", "cls": "residential", "max_depth": 2.9300000667572021, "flooded_km": 0.63317093592613394 }, "geometry": { "type": "LineString", "coordinates": [ [ 70.8187509, 22.832788 ], [ 70.8213473, 22.8359818 ], [ 70.8214009, 22.8360214 ], [ 70.8217228, 22.8359966 ], [ 70.8218461, 22.8360461 ], [ 70.8221197, 22.8362241 ], [ 70.8229512, 22.8367284 ] ] } },
{ "type": "Feature", "properties": { "name": "", "cls": "residential", "max_depth": 3.0799999237060547, "flooded_km": 0.91163457068019838 }, "geometry": { "type": "LineString", "coordinates": [ [ 70.8187509, 22.832788 ], [ 70.8174098, 22.8343107 ], [ 70.8169699, 22.8348546 ], [ 70.8166749, 22.8352946 ], [ 70.8163477, 22.8359818 ], [ 70.8157037, 22.8369165 ], [ 70.8153605, 22.8373859 ], [ 70.8148562, 22.8380779 ], [ 70.8145558, 22.838424 ], [ 70.8144271, 22.8385475 ], [ 70.8136653, 22.8391407 ], [ 70.8133006, 22.8393681 ], [ 70.8131665, 22.8394077 ] ] } },
{ "type": "Feature", "properties": { "name": "", "cls": "residential", "max_depth": 2.7639999389648438, "flooded_km": 0.26202615065377177 }, "geometry": { "type": "LineString", "coordinates": [ [ 70.8187509, 22.832788 ], [ 70.8172897, 22.8309536 ], [ 70.8172392, 22.8308817 ] ] } },
{ "type": "Feature", "properties": { "name": "", "cls": "residential", "max_depth": 2.5280001163482666, "flooded_km": 0.41134205629994064 }, "geometry": { "type": "LineString", "coordinates": [ [ 70.8187509, 22.832788 ], [ 70.8197594, 22.8314976 ], [ 70.8199042, 22.8313493 ], [ 70.8200223, 22.8311861 ], [ 70.8201671, 22.8310378 ], [ 70.8207304, 22.8305631 ], [ 70.8208896, 22.8304174 ], [ 70.8213473, 22.8299773 ] ] } },
{ "type": "Feature", "properties": { "name": "", "cls": "residential", "max_depth": 1.1269999742507935, "flooded_km": 0.031836020698864168 }, "geometry": { "type": "LineString", "coordinates": [ [ 70.8221197, 22.8362241 ], [ 70.8223021, 22.8359916 ] ] } },
{ "type": "Feature", "properties": { "name": "", "cls": "residential", "max_depth": 1.9939999580383301, "flooded_km": 0.34390735233637182 }, "geometry": { "type": "LineString", "coordinates": [ [ 70.823375, 22.8362143 ], [ 70.8238631, 22.8363674 ], [ 70.8242011, 22.8364762 ], [ 70.824539, 22.8365899 ], [ 70.8251345, 22.8367778 ], [ 70.8254242, 22.8368767 ], [ 70.8277905, 22.837598 ] ] } },
{ "type": "Feature", "properties": { "name": "", "cls": "residential", "max_depth": 1.2439999580383301, "flooded_km": 0.038481659908860072 }, "geometry": { "type": "LineString", "coordinates": [ [ 70.8238631, 22.8363674 ], [ 70.8240777, 22.8358235 ] ] } },
{ "type": "Feature", "properties": { "name": "", "cls": "residential", "max_depth": 0.84600001573562622, "flooded_km": 0.011962930073651585 }, "geometry": { "type": "LineString", "coordinates": [ [ 70.824539, 22.8365899 ], [ 70.8247, 22.8361844 ] ] } },
{ "type": "Feature", "properties": { "name": "", "cls": "residential", "max_depth": 0.87099999189376831, "flooded_km": 0.064136118624584765 }, "geometry": { "type": "LineString", "coordinates": [ [ 70.8251345, 22.8367778 ], [ 70.8253491, 22.8362339 ] ] } },
{ "type": "Feature", "properties": { "name": "", "cls": "residential", "max_depth": 0.50199997425079346, "flooded_km": 0.013444774734994298 }, "geometry": { "type": "LineString", "coordinates": [ [ 70.8268618, 22.8466598 ], [ 70.8265775, 22.8466346 ], [ 70.8263951, 22.8465851 ], [ 70.8260679, 22.8465505 ], [ 70.8257675, 22.8464962 ], [ 70.8257031, 22.8464764 ] ] } },
{ "type": "Feature", "properties": { "name": "", "cls": "residential", "max_depth": 3.4560000896453857, "flooded_km": 0.29936894137842213 }, "geometry": { "type": "LineString", "coordinates": [ [ 70.827366, 22.8442867 ], [ 70.8271461, 22.8443213 ], [ 70.8271139, 22.8445191 ], [ 70.82713, 22.8445586 ], [ 70.8271032, 22.8449146 ], [ 70.8270871, 22.8452854 ], [ 70.8270763, 22.8455969 ], [ 70.8270173, 22.8458787 ], [ 70.8269744, 22.8462099 ], [ 70.8269476, 22.8462692 ], [ 70.8269315, 22.8464818 ], [ 70.8268886, 22.8466301 ], [ 70.8268618, 22.8466598 ], [ 70.8268725, 22.846902 ], [ 70.8271192, 22.8471888 ], [ 70.8271461, 22.8472382 ], [ 70.8272212, 22.8473371 ], [ 70.8273124, 22.8478859 ] ] } },
{ "type": "Feature", "properties": { "name": "", "cls": "residential", "max_depth": 1.1399999856948853, "flooded_km": 0.012530037317650781 }, "geometry": { "type": "LineString", "coordinates": [ [ 70.8270173, 22.8458787 ], [ 70.8275056, 22.8458783 ] ] } },
{ "type": "Feature", "properties": { "name": "", "cls": "residential", "max_depth": 0.44100001454353333, "flooded_km": 0.014717831302730643 }, "geometry": { "type": "LineString", "coordinates": [ [ 70.8270173, 22.8458787 ], [ 70.8267867, 22.8458634 ], [ 70.8264112, 22.8458684 ], [ 70.8262288, 22.8458684 ], [ 70.8258748, 22.845819 ] ] } },
{ "type": "Feature", "properties": { "name": "", "cls": "residential", "max_depth": 0.49300000071525574, "flooded_km": 0.013660243211106642 }, "geometry": { "type": "LineString", "coordinates": [ [ 70.8263898, 22.8455767 ], [ 70.8267814, 22.8456113 ], [ 70.8267867, 22.8458634 ] ] } },
{ "type": "Feature", "properties": { "name": "", "cls": "residential", "max_depth": 0.49300000071525574, "flooded_km": 0.013970959198928675 }, "geometry": { "type": "LineString", "coordinates": [ [ 70.8263898, 22.8455767 ], [ 70.8264112, 22.8458684 ], [ 70.8263951, 22.8465851 ] ] } },
{ "type": "Feature", "properties": { "name": "", "cls": "residential", "max_depth": 0.76499998569488525, "flooded_km": 0.033679032677844153 }, "geometry": { "type": "LineString", "coordinates": [ [ 70.8256817, 22.8452702 ], [ 70.8260035, 22.8453296 ] ] } },
{ "type": "Feature", "properties": { "name": "", "cls": "residential", "max_depth": 0.57599997520446777, "flooded_km": 0.04220335140134112 }, "geometry": { "type": "LineString", "coordinates": [ [ 70.8263898, 22.8455767 ], [ 70.8259821, 22.8455273 ] ] } },
{ "type": "Feature", "properties": { "name": "", "cls": "residential", "max_depth": 0.76499998569488525, "flooded_km": 0.027098500343415224 }, "geometry": { "type": "LineString", "coordinates": [ [ 70.8256817, 22.8452702 ], [ 70.8256173, 22.8455075 ] ] } },
{ "type": "Feature", "properties": { "name": "", "cls": "residential", "max_depth": 1.6069999933242798, "flooded_km": 0.11599227360090905 }, "geometry": { "type": "LineString", "coordinates": [ [ 70.8256817, 22.8452702 ], [ 70.8259231, 22.844247 ] ] } },
{ "type": "Feature", "properties": { "name": "", "cls": "residential", "max_depth": 0.97399997711181641, "flooded_km": 0.031525410933095931 }, "geometry": { "type": "LineString", "coordinates": [ [ 70.8256817, 22.8452702 ], [ 70.8253813, 22.8452109 ] ] } },
{ "type": "Feature", "properties": { "name": "", "cls": "residential", "max_depth": 0.41499999165534973, "flooded_km": 0.049459982912230645 }, "geometry": { "type": "LineString", "coordinates": [ [ 70.8270871, 22.8452854 ], [ 70.8267653, 22.8452801 ], [ 70.8266097, 22.8452455 ] ] } },
{ "type": "Feature", "properties": { "name": "", "cls": "residential", "max_depth": 0.49300000071525574, "flooded_km": 0.054790902048801285 }, "geometry": { "type": "LineString", "coordinates": [ [ 70.8263898, 22.8455767 ], [ 70.826379, 22.8452554 ], [ 70.8263737, 22.8451714 ], [ 70.826438, 22.8448402 ] ] } },
{ "type": "Feature", "properties": { "name": "", "cls": "residential", "max_depth": 1.1469999551773071, "flooded_km": 0.056508623484230747 }, "geometry": { "type": "LineString", "coordinates": [ [ 70.8267063, 22.84486 ], [ 70.826438, 22.8448402 ], [ 70.8261591, 22.8448056 ] ] } },
{ "type": "Feature", "properties": { "name": "", "cls": "residential", "max_depth": 0.3529999852180481, "flooded_km": 0.013728410446688741 }, "geometry": { "type": "LineString", "coordinates": [ [ 70.8267063, 22.84486 ], [ 70.8271032, 22.8449146 ] ] } },
{ "type": "Feature", "properties": { "name": "", "cls": "residential", "max_depth": 0.84600001573562622, "flooded_km": 0.023735091305168442 }, "geometry": { "type": "LineString", "coordinates": [ [ 70.8270763, 22.8455969 ], [ 70.8275377, 22.8456262 ] ] } },
{ "type": "Feature", "properties": { "name": "", "cls": "residential", "max_depth": 2.622999906539917, "flooded_km": 0.050358584946130949 }, "geometry": { "type": "LineString", "coordinates": [ [ 70.8270871, 22.8452854 ], [ 70.8271622, 22.8452801 ], [ 70.8275753, 22.8453197 ] ] } },
{ "type": "Feature", "properties": { "name": "", "cls": "residential", "max_depth": 3.4560000896453857, "flooded_km": 0.030360614574168731 }, "geometry": { "type": "LineString", "coordinates": [ [ 70.8268189, 22.8444991 ], [ 70.8271139, 22.8445191 ] ] } },
{ "type": "Feature", "properties": { "name": "", "cls": "residential", "max_depth": 1.746999979019165, "flooded_km": 0.11880743231952939 }, "geometry": { "type": "LineString", "coordinates": [ [ 70.8261645, 22.8443508 ], [ 70.8259231, 22.844247 ], [ 70.8258265, 22.8442075 ], [ 70.8255851, 22.844158 ], [ 70.8250487, 22.8441135 ] ] } },
{ "type": "Feature", "properties": { "name": "", "cls": "residential", "max_depth": 0.57899999618530273, "flooded_km": 0.042259132666485406 }, "geometry": { "type": "LineString", "coordinates": [ [ 70.828836, 22.8404852 ], [ 70.8288682, 22.8402579 ], [ 70.8288628, 22.839724 ] ] } },
{ "type": "Feature", "properties": { "name": "", "cls": "residential", "max_depth": 1.5230000019073486, "flooded_km": 0.18434076814700778 }, "geometry": { "type": "LineString", "coordinates": [ [ 70.8299249, 22.8374353 ], [ 70.8287984, 22.8370201 ], [ 70.8282512, 22.8368322 ] ] } },
{ "type": "Feature", "properties": { "name": "", "cls": "residential", "max_depth": 1.5249999761581421, "flooded_km": 0.27388066091947971 }, "geometry": { "type": "LineString", "coordinates": [ [ 70.8265936, 22.8353686 ], [ 70.8264863, 22.8359075 ], [ 70.8265078, 22.8359817 ], [ 70.8267331, 22.8362042 ], [ 70.8270979, 22.8363872 ], [ 70.8276182, 22.8366097 ], [ 70.8282512, 22.8368322 ] ] } },
{ "type": "Feature", "properties": { "name": "", "cls": "tertiary", "max_depth": 5.7140002250671387, "flooded_km": 2.6361497586986955 }, "geometry": { "type": "LineString", "coordinates": [ [ 70.8171952, 22.8451121 ], [ 70.8195018, 22.8461699 ], [ 70.821197, 22.8464418 ], [ 70.8233159, 22.8468076 ], [ 70.8241421, 22.8470597 ], [ 70.8246731, 22.8471932 ], [ 70.8248019, 22.8471932 ], [ 70.8249521, 22.8471487 ], [ 70.8250487, 22.8470745 ], [ 70.825172, 22.8469411 ], [ 70.8254563, 22.8467681 ], [ 70.8257031, 22.8464764 ], [ 70.8257353, 22.8462638 ], [ 70.8258748, 22.845819 ], [ 70.8259821, 22.8455273 ], [ 70.8260035, 22.8453296 ], [ 70.8260733, 22.8452208 ], [ 70.826379, 22.8452554 ], [ 70.8266097, 22.8452455 ], [ 70.8267063, 22.84486 ], [ 70.8267975, 22.8445139 ], [ 70.8268189, 22.8444991 ], [ 70.8268726, 22.8442816 ], [ 70.8268404, 22.844074 ], [ 70.8266902, 22.8435846 ], [ 70.8266848, 22.843293 ], [ 70.8268994, 22.8426998 ], [ 70.8269798, 22.841899 ], [ 70.8270389, 22.8416222 ], [ 70.8271247, 22.8414739 ], [ 70.827468, 22.8410586 ], [ 70.8275699, 22.8409103 ], [ 70.8279937, 22.840159 ], [ 70.8282029, 22.8398228 ], [ 70.8283102, 22.8396993 ], [ 70.8284712, 22.8396399 ], [ 70.8288628, 22.839724 ], [ 70.82919, 22.8397438 ], [ 70.8292597, 22.8396993 ], [ 70.829544, 22.8392445 ], [ 70.829646, 22.8389825 ], [ 70.8297693, 22.8381125 ], [ 70.8299249, 22.8374353 ], [ 70.8300537, 22.8370744 ], [ 70.8300858, 22.837025 ], [ 70.8304346, 22.8360361 ], [ 70.8307725, 22.8354378 ], [ 70.8309764, 22.8349928 ], [ 70.8311373, 22.8345626 ], [ 70.8312178, 22.8343351 ], [ 70.8316201, 22.8329408 ], [ 70.8315665, 22.8326737 ], [ 70.8315718, 22.8325699 ], [ 70.8316041, 22.8323029 ], [ 70.8317479, 22.8320441 ], [ 70.8320326, 22.8318085 ], [ 70.832114, 22.8317175 ], [ 70.832236, 22.8316157 ], [ 70.8323406, 22.8315836 ], [ 70.8324742, 22.8315247 ], [ 70.8327066, 22.8314658 ], [ 70.8328635, 22.8314711 ], [ 70.8330553, 22.8314818 ], [ 70.8332528, 22.8315086 ], [ 70.8333206, 22.8315153 ], [ 70.8334678, 22.83153 ], [ 70.8336654, 22.8315354 ], [ 70.8337816, 22.8315247 ], [ 70.834136, 22.8313319 ], [ 70.8341999, 22.8313479 ] ] } },
{ "type": "Feature", "properties": { "name": "", "cls": "residential", "max_depth": 1.9249999523162842, "flooded_km": 0.41508543161395139 }, "geometry": { "type": "LineString", "coordinates": [ [ 70.8307725, 22.8354378 ], [ 70.8290398, 22.8350867 ], [ 70.8268082, 22.834701 ] ] } },
{ "type": "Feature", "properties": { "name": "", "cls": "residential", "max_depth": 2.7390000820159912, "flooded_km": 0.55675414275434287 }, "geometry": { "type": "LineString", "coordinates": [ [ 70.8231497, 22.8340483 ], [ 70.8233857, 22.833989 ], [ 70.8236056, 22.8338802 ], [ 70.8238739, 22.8338951 ], [ 70.8239543, 22.833905 ], [ 70.8242655, 22.8340137 ], [ 70.8245444, 22.8341423 ], [ 70.8245981, 22.8342072 ], [ 70.8246678, 22.8342758 ], [ 70.8252042, 22.8344637 ], [ 70.8257997, 22.8347851 ], [ 70.825907, 22.834879 ], [ 70.8259177, 22.8349334 ], [ 70.8260143, 22.8351065 ], [ 70.8260894, 22.8351609 ], [ 70.8265936, 22.8353686 ], [ 70.8266258, 22.8353537 ], [ 70.8266687, 22.8351856 ], [ 70.8266526, 22.8348593 ], [ 70.8268082, 22.834701 ], [ 70.8269155, 22.8345082 ], [ 70.8270067, 22.834167 ] ] } },
{ "type": "Feature", "properties": { "name": "", "cls": "residential", "max_depth": 2.0989999771118164, "flooded_km": 0.076694685466580023 }, "geometry": { "type": "LineString", "coordinates": [ [ 70.8266526, 22.8348593 ], [ 70.8262717, 22.8348494 ], [ 70.825907, 22.834879 ] ] } },
{ "type": "Feature", "properties": { "name": "", "cls": "residential", "max_depth": 2.2339999675750732, "flooded_km": 0.11249396783850632 }, "geometry": { "type": "LineString", "coordinates": [ [ 70.8257031, 22.8335638 ], [ 70.8256334, 22.8336379 ], [ 70.8254564, 22.8339346 ], [ 70.8252042, 22.8344637 ] ] } },
{ "type": "Feature", "properties": { "name": "", "cls": "residential", "max_depth": 2.2339999675750732, "flooded_km": 0.88981670689115344 }, "geometry": { "type": "LineString", "coordinates": [ [ 70.8299411, 22.8292916 ], [ 70.8295816, 22.8291581 ], [ 70.8295173, 22.8292323 ], [ 70.82941, 22.8294251 ], [ 70.8293241, 22.829529 ], [ 70.8292222, 22.8297861 ], [ 70.82919, 22.8299443 ], [ 70.8290506, 22.8302855 ], [ 70.8288199, 22.8307849 ], [ 70.8287501, 22.8308442 ], [ 70.828659, 22.8309184 ], [ 70.8282566, 22.8314326 ], [ 70.8276451, 22.8322238 ], [ 70.8274359, 22.8325155 ], [ 70.8273983, 22.8326639 ], [ 70.8274359, 22.8327627 ], [ 70.8274627, 22.8328517 ], [ 70.8273876, 22.8331979 ], [ 70.8273661, 22.8334402 ], [ 70.8272803, 22.8337171 ], [ 70.8271998, 22.833994 ], [ 70.8271301, 22.8341374 ], [ 70.8270657, 22.8341522 ], [ 70.8270067, 22.834167 ], [ 70.8257031, 22.8335638 ], [ 70.8251506, 22.8332828 ] ] } },
{ "type": "Feature", "properties": { "name": "", "cls": "residential", "max_depth": 2.1429998874664307, "flooded_km": 0.076980422376163551 }, "geometry": { "type": "LineString", "coordinates": [ [ 70.8242655, 22.8340137 ], [ 70.8246088, 22.8333957 ] ] } },
{ "type": "Feature", "properties": { "name": "", "cls": "residential", "max_depth": 2.1150000095367432, "flooded_km": 0.082407615045525046 }, "geometry": { "type": "LineString", "coordinates": [ [ 70.8238739, 22.8338951 ], [ 70.8242494, 22.8332374 ] ] } },
{ "type": "Feature", "properties": { "name": "", "cls": "residential", "max_depth": 1.715999960899353, "flooded_km": 0.15992035033776156 }, "geometry": { "type": "LineString", "coordinates": [ [ 70.8236003, 22.8329309 ], [ 70.8237559, 22.8329655 ], [ 70.8238041, 22.83301 ], [ 70.8240884, 22.8331336 ], [ 70.8242494, 22.8332374 ], [ 70.8244425, 22.8332918 ], [ 70.8246088, 22.8333957 ], [ 70.8247912, 22.83345 ], [ 70.8249897, 22.8335497 ] ] } },
{ "type": "Feature", "properties": { "name": "", "cls": "residential", "max_depth": 1.718000054359436, "flooded_km": 0.24232637390145831 }, "geometry": { "type": "LineString", "coordinates": [ [ 70.8232984, 22.8313308 ], [ 70.8227366, 22.8324908 ], [ 70.8230585, 22.8326589 ], [ 70.8234018, 22.8328072 ], [ 70.8235574, 22.8328913 ], [ 70.8236003, 22.8329309 ] ] } },
{ "type": "Feature", "properties": { "name": "", "cls": "residential", "max_depth": 2.5329999923706055, "flooded_km": 0.10904369956038458 }, "geometry": { "type": "LineString", "coordinates": [ [ 70.8234286, 22.8332127 ], [ 70.822463, 22.8328023 ] ] } },
{ "type": "Feature", "properties": { "name": "", "cls": "residential", "max_depth": 3.0729999542236328, "flooded_km": 0.22425719632935034 }, "geometry": { "type": "LineString", "coordinates": [ [ 70.8236003, 22.8329309 ], [ 70.8234286, 22.8332127 ], [ 70.8230772, 22.8338096 ], [ 70.8220741, 22.8333869 ] ] } },
{ "type": "Feature", "properties": { "name": "", "cls": "residential", "max_depth": 1.6979999542236328, "flooded_km": 0.14403857468898837 }, "geometry": { "type": "LineString", "coordinates": [ [ 70.8236519, 22.8314803 ], [ 70.8230585, 22.8326589 ] ] } },
{ "type": "Feature", "properties": { "name": "", "cls": "residential", "max_depth": 1.7740000486373901, "flooded_km": 0.14435212938298919 }, "geometry": { "type": "LineString", "coordinates": [ [ 70.8240033, 22.831629 ], [ 70.8234018, 22.8328072 ] ] } },
{ "type": "Feature", "properties": { "name": "", "cls": "residential", "max_depth": 2.1210000514984131, "flooded_km": 0.14520899164030771 }, "geometry": { "type": "LineString", "coordinates": [ [ 70.8237559, 22.8329655 ], [ 70.8243589, 22.8317794 ] ] } },
{ "type": "Feature", "properties": { "name": "", "cls": "residential", "max_depth": 1.7760000228881836, "flooded_km": 0.14800726313995319 }, "geometry": { "type": "LineString", "coordinates": [ [ 70.8240884, 22.8331336 ], [ 70.8247167, 22.8319307 ] ] } },
{ "type": "Feature", "properties": { "name": "", "cls": "residential", "max_depth": 2.499000072479248, "flooded_km": 0.14884502898372068 }, "geometry": { "type": "LineString", "coordinates": [ [ 70.8250699, 22.8320801 ], [ 70.8244425, 22.8332918 ] ] } },
{ "type": "Feature", "properties": { "name": "", "cls": "residential", "max_depth": 2.2030000686645508, "flooded_km": 0.14992028495228885 }, "geometry": { "type": "LineString", "coordinates": [ [ 70.825421, 22.8322286 ], [ 70.8247912, 22.83345 ] ] } },
{ "type": "Feature", "properties": { "name": "", "cls": "residential", "max_depth": 2.499000072479248, "flooded_km": 0.30666308006773324 }, "geometry": { "type": "LineString", "coordinates": [ [ 70.8256347, 22.8323398 ], [ 70.8255878, 22.8322992 ], [ 70.825421, 22.8322286 ], [ 70.8252671, 22.8321635 ], [ 70.8250699, 22.8320801 ], [ 70.8249225, 22.8320178 ], [ 70.8247167, 22.8319307 ], [ 70.8244072, 22.8317998 ], [ 70.8243589, 22.8317794 ], [ 70.8242095, 22.8317162 ], [ 70.8241586, 22.8316947 ], [ 70.8240033, 22.831629 ], [ 70.8238552, 22.8315664 ], [ 70.8237091, 22.8315045 ], [ 70.8236519, 22.8314803 ], [ 70.8235045, 22.831418 ], [ 70.8232984, 22.8313308 ], [ 70.8231758, 22.831279 ], [ 70.8229284, 22.8311743 ] ] } },
{ "type": "Feature", "properties": { "name": "", "cls": "residential", "max_depth": 3.3510000705718994, "flooded_km": 0.31620494461800075 }, "geometry": { "type": "LineString", "coordinates": [ [ 70.8229284, 22.8311743 ], [ 70.8230799, 22.8309085 ], [ 70.8232087, 22.8306563 ], [ 70.8232355, 22.8305854 ], [ 70.824185, 22.8294696 ], [ 70.8247107, 22.8288614 ] ] } },
{ "type": "Feature", "properties": { "name": "", "cls": "residential", "max_depth": 2.5840001106262207, "flooded_km": 0.02470739615985346 }, "geometry": { "type": "LineString", "coordinates": [ [ 70.8234554, 22.8306761 ], [ 70.8232355, 22.8305854 ] ] } },
{ "type": "Feature", "properties": { "name": "", "cls": "residential", "max_depth": 2.25, "flooded_km": 0.080036389300732022 }, "geometry": { "type": "LineString", "coordinates": [ [ 70.8220929, 22.830219 ], [ 70.8217871, 22.8308838 ] ] } },
{ "type": "Feature", "properties": { "name": "", "cls": "residential", "max_depth": 2.1570000648498535, "flooded_km": 0.15817020478557561 }, "geometry": { "type": "LineString", "coordinates": [ [ 70.8207304, 22.8305631 ], [ 70.8211112, 22.8307206 ], [ 70.8212721, 22.8307898 ], [ 70.8214009, 22.8307898 ], [ 70.8214653, 22.8306415 ], [ 70.8216906, 22.8300811 ] ] } },
{ "type": "Feature", "properties": { "name": "", "cls": "residential", "max_depth": 2.3269999027252197, "flooded_km": 0.20252927290850617 }, "geometry": { "type": "LineString", "coordinates": [ [ 70.8214653, 22.8306415 ], [ 70.8211809, 22.8305476 ], [ 70.8208896, 22.8304174 ], [ 70.8208543, 22.8302894 ], [ 70.8207142, 22.8302113 ], [ 70.8204943, 22.8301124 ], [ 70.8200066, 22.8299322 ], [ 70.8198873, 22.8297913 ], [ 70.8198488, 22.8297274 ] ] } },
{ "type": "Feature", "properties": { "name": "", "cls": "residential", "max_depth": 3.6830000877380371, "flooded_km": 0.34011191826581705 }, "geometry": { "type": "LineString", "coordinates": [ [ 70.8234554, 22.8306761 ], [ 70.8237773, 22.8307799 ], [ 70.824008, 22.830864 ], [ 70.8241367, 22.8308838 ], [ 70.8244961, 22.8310717 ], [ 70.8245176, 22.8311013 ], [ 70.8247, 22.8311409 ], [ 70.8247965, 22.8310074 ], [ 70.824877, 22.8309085 ], [ 70.8258748, 22.8296921 ] ] } },
{ "type": "Feature", "properties": { "name": "", "cls": "residential", "max_depth": 2.315000057220459, "flooded_km": 0.080929534550663221 }, "geometry": { "type": "LineString", "coordinates": [ [ 70.8238552, 22.8315664 ], [ 70.8241367, 22.8308838 ] ] } },
{ "type": "Feature", "properties": { "name": "", "cls": "residential", "max_depth": 2.4189999103546143, "flooded_km": 0.035006863410272683 }, "geometry": { "type": "LineString", "coordinates": [ [ 70.8241367, 22.8308838 ], [ 70.8239383, 22.8306267 ] ] } },
{ "type": "Feature", "properties": { "name": "", "cls": "residential", "max_depth": 2.5950000286102295, "flooded_km": 0.076178378241632372 }, "geometry": { "type": "LineString", "coordinates": [ [ 70.8235045, 22.831418 ], [ 70.8237129, 22.8309876 ], [ 70.8237773, 22.8307799 ] ] } },
{ "type": "Feature", "properties": { "name": "", "cls": "residential", "max_depth": 2.5840001106262207, "flooded_km": 0.073224482146670891 }, "geometry": { "type": "LineString", "coordinates": [ [ 70.8231758, 22.831279 ], [ 70.8231819, 22.8312002 ], [ 70.8234554, 22.8306761 ] ] } },
{ "type": "Feature", "properties": { "name": "", "cls": "residential", "max_depth": 2.130000114440918, "flooded_km": 0.075083484909879719 }, "geometry": { "type": "LineString", "coordinates": [ [ 70.8245176, 22.8311013 ], [ 70.8242095, 22.8317162 ] ] } },
{ "type": "Feature", "properties": { "name": "", "cls": "residential", "max_depth": 2.747999906539917, "flooded_km": 0.054448484573568073 }, "geometry": { "type": "LineString", "coordinates": [ [ 70.8252671, 22.8321635 ], [ 70.8254832, 22.8317145 ] ] } },
{ "type": "Feature", "properties": { "name": "", "cls": "residential", "max_depth": 3.5520000457763672, "flooded_km": 0.12626311244398108 }, "geometry": { "type": "LineString", "coordinates": [ [ 70.8261564, 22.8298776 ], [ 70.8259821, 22.8301025 ], [ 70.8259445, 22.8301273 ], [ 70.8254081, 22.8307799 ] ] } },
{ "type": "Feature", "properties": { "name": "", "cls": "residential", "max_depth": 3.2369999885559082, "flooded_km": 0.13340955723456727 }, "geometry": { "type": "LineString", "coordinates": [ [ 70.8264354, 22.8300853 ], [ 70.8264059, 22.830152 ], [ 70.825671, 22.8310568 ] ] } },
{ "type": "Feature", "properties": { "name": "", "cls": "residential", "max_depth": 2.9070000648498535, "flooded_km": 0.11571439545235421 }, "geometry": { "type": "LineString", "coordinates": [ [ 70.8267278, 22.8302731 ], [ 70.8265668, 22.8304932 ], [ 70.8265507, 22.8305377 ], [ 70.8264917, 22.8306118 ], [ 70.8263952, 22.8307157 ], [ 70.8260894, 22.831131 ] ] } },
{ "type": "Feature", "properties": { "name": "", "cls": "residential", "max_depth": 3.1570000648498535, "flooded_km": 0.16676660917531139 }, "geometry": { "type": "LineString", "coordinates": [ [ 70.8267278, 22.8302731 ], [ 70.8272535, 22.8295932 ], [ 70.8277094, 22.8290741 ] ] } },
{ "type": "Feature", "properties": { "name": "", "cls": "residential", "max_depth": 3.4579999446868896, "flooded_km": 0.094812489978241613 }, "geometry": { "type": "LineString", "coordinates": [ [ 70.8264354, 22.8300853 ], [ 70.826835, 22.8294943 ], [ 70.8269423, 22.8293707 ] ] } },
{ "type": "Feature", "properties": { "name": "", "cls": "residential", "max_depth": 2.872999906539917, "flooded_km": 0.11834550775529937 }, "geometry": { "type": "LineString", "coordinates": [ [ 70.8261564, 22.8298776 ], [ 70.8263576, 22.8300234 ], [ 70.8264354, 22.8300853 ], [ 70.8267278, 22.8302731 ], [ 70.8270603, 22.8305391 ] ] } },
{ "type": "Feature", "properties": { "name": "", "cls": "service", "max_depth": 3.4319999217987061, "flooded_km": 0.33290737259149172 }, "geometry": { "type": "LineString", "coordinates": [ [ 70.8261564, 22.8298776 ], [ 70.8258748, 22.8296921 ], [ 70.8256978, 22.8295537 ], [ 70.8251399, 22.8291631 ], [ 70.8247107, 22.8288614 ], [ 70.8240294, 22.8284016 ], [ 70.8239061, 22.828278 ], [ 70.8236539, 22.8279857 ] ] } },
{ "type": "Feature", "properties": { "name": "", "cls": "residential", "max_depth": 3.4619998931884766, "flooded_km": 0.21797992573400432 }, "geometry": { "type": "LineString", "coordinates": [ [ 70.8256978, 22.8295537 ], [ 70.8251238, 22.8301965 ], [ 70.824185, 22.8294696 ] ] } },
{ "type": "Feature", "properties": { "name": "", "cls": "residential", "max_depth": 3.4609999656677246, "flooded_km": 0.091452311954981824 }, "geometry": { "type": "LineString", "coordinates": [ [ 70.8256978, 22.8295537 ], [ 70.8262503, 22.8289059 ] ] } },
{ "type": "Feature", "properties": { "name": "", "cls": "residential", "max_depth": 3.2790000438690186, "flooded_km": 0.090539094965579492 }, "geometry": { "type": "LineString", "coordinates": [ [ 70.8251399, 22.8291631 ], [ 70.825671, 22.8285104 ] ] } },
{ "type": "Feature", "properties": { "name": "", "cls": "residential", "max_depth": 3.4920001029968262, "flooded_km": 0.2021082004830364 }, "geometry": { "type": "LineString", "coordinates": [ [ 70.825671, 22.8285104 ], [ 70.8262503, 22.8289059 ], [ 70.8269423, 22.8293707 ], [ 70.8269906, 22.8293905 ], [ 70.8272535, 22.8295932 ] ] } },
{ "type": "Feature", "properties": { "name": "", "cls": "residential", "max_depth": 3.2790000438690186, "flooded_km": 0.087910118376893623 }, "geometry": { "type": "LineString", "coordinates": [ [ 70.825671, 22.8285104 ], [ 70.8253706, 22.8282631 ], [ 70.8253115, 22.8282384 ], [ 70.8255261, 22.8279368 ] ] } },
{ "type": "Feature", "properties": { "name": "", "cls": "tertiary", "max_depth": 2.0750000476837158, "flooded_km": 0.49309361384651151 }, "geometry": { "type": "LineString", "coordinates": [ [ 70.8317479, 22.8320441 ], [ 70.8316148, 22.8319867 ], [ 70.8313626, 22.8318779 ], [ 70.8309817, 22.8317136 ], [ 70.8305684, 22.8315354 ], [ 70.8302361, 22.8314277 ], [ 70.8298874, 22.8312794 ], [ 70.8295172, 22.831131 ], [ 70.8291632, 22.8309975 ], [ 70.8287501, 22.8308442 ], [ 70.8283049, 22.8306563 ], [ 70.8279026, 22.830414 ], [ 70.8275753, 22.8302657 ], [ 70.8273983, 22.8301733 ] ] } },
{ "type": "Feature", "properties": { "name": "", "cls": "residential", "max_depth": 1.6330000162124634, "flooded_km": 0.40056009112364349 }, "geometry": { "type": "LineString", "coordinates": [ [ 70.8297962, 22.8273061 ], [ 70.8297318, 22.827472 ], [ 70.8294529, 22.8278676 ], [ 70.8294207, 22.8279121 ], [ 70.8292598, 22.8281197 ], [ 70.8284819, 22.8292323 ], [ 70.828439, 22.8292916 ], [ 70.8281922, 22.8295685 ], [ 70.8277363, 22.830058 ], [ 70.8275753, 22.8302657 ] ] } },
{ "type": "Feature", "properties": { "name": "", "cls": "residential", "max_depth": 1.593000054359436, "flooded_km": 0.4238289604346705 }, "geometry": { "type": "LineString", "coordinates": [ [ 70.8302629, 22.8273583 ], [ 70.8301711, 22.8274819 ], [ 70.8295172, 22.828362 ], [ 70.828042, 22.8304289 ], [ 70.8279026, 22.830414 ] ] } },
{ "type": "Feature", "properties": { "name": "", "cls": "residential", "max_depth": 1.4880000352859497, "flooded_km": 0.41838522874517597 }, "geometry": { "type": "LineString", "coordinates": [ [ 70.8272494, 22.8319468 ], [ 70.8278663, 22.8311743 ], [ 70.8283049, 22.8306563 ], [ 70.8289701, 22.829702 ], [ 70.829131, 22.8294647 ], [ 70.8295655, 22.8288417 ] ] } },
{ "type": "Feature", "properties": { "name": "", "cls": "residential", "max_depth": 2.752000093460083, "flooded_km": 0.60088932369916304 }, "geometry": { "type": "LineString", "coordinates": [ [ 70.832178, 22.8268836 ], [ 70.8324301, 22.8269726 ], [ 70.8324677, 22.8269676 ], [ 70.832634, 22.827022 ], [ 70.8325964, 22.8272149 ], [ 70.8325588, 22.8273039 ], [ 70.8324945, 22.8276895 ], [ 70.8322799, 22.8283027 ], [ 70.832178, 22.8287477 ], [ 70.8322156, 22.8288348 ], [ 70.8319312, 22.8296773 ], [ 70.8316416, 22.8303102 ], [ 70.8312768, 22.8311458 ], [ 70.8309817, 22.8317136 ] ] } },
{ "type": "Feature", "properties": { "name": "", "cls": "residential", "max_depth": 2.7990000247955322, "flooded_km": 0.31257006497066958 }, "geometry": { "type": "LineString", "coordinates": [ [ 70.8325052, 22.8292619 ], [ 70.8323443, 22.8296476 ], [ 70.832001, 22.8304536 ], [ 70.8316255, 22.8312892 ], [ 70.8313626, 22.8318779 ] ] } },
{ "type": "Feature", "properties": { "name": "", "cls": "residential", "max_depth": 1.6319999694824219, "flooded_km": 0.070561463009093106 }, "geometry": { "type": "LineString", "coordinates": [ [ 70.8318186, 22.8313782 ], [ 70.8316148, 22.8319867 ] ] } },
{ "type": "Feature", "properties": { "name": "", "cls": "residential", "max_depth": 2.1749999523162842, "flooded_km": 0.58165722346783677 }, "geometry": { "type": "LineString", "coordinates": [ [ 70.8272494, 22.8319468 ], [ 70.827527, 22.8321298 ], [ 70.8276451, 22.8322238 ], [ 70.8279347, 22.8324265 ], [ 70.828278, 22.8325205 ], [ 70.8285731, 22.8325946 ], [ 70.828895, 22.8317095 ], [ 70.8291632, 22.8309975 ], [ 70.829426, 22.8304091 ], [ 70.829646, 22.8299245 ], [ 70.8297854, 22.8296081 ], [ 70.8298927, 22.8294498 ], [ 70.8299411, 22.8292916 ], [ 70.830118, 22.8290444 ] ] } },
{ "type": "Feature", "properties": { "name": "", "cls": "residential", "max_depth": 1.8389999866485596, "flooded_km": 0.13690116709682093 }, "geometry": { "type": "LineString", "coordinates": [ [ 70.828895, 22.8317095 ], [ 70.8286214, 22.8316106 ], [ 70.828278, 22.8325205 ] ] } },
{ "type": "Feature", "properties": { "name": "", "cls": "residential", "max_depth": 1.4539999961853027, "flooded_km": 0.049229280302099374 }, "geometry": { "type": "LineString", "coordinates": [ [ 70.8278663, 22.8311743 ], [ 70.8282566, 22.8314326 ] ] } },
{ "type": "Feature", "properties": { "name": "", "cls": "residential", "max_depth": 1.9520000219345093, "flooded_km": 0.047116920584334566 }, "geometry": { "type": "LineString", "coordinates": [ [ 70.8278663, 22.8311743 ], [ 70.8274909, 22.8309295 ] ] } },
{ "type": "Feature", "properties": { "name": "", "cls": "residential", "max_depth": 1.4110000133514404, "flooded_km": 0.075162626288661216 }, "geometry": { "type": "LineString", "coordinates": [ [ 70.8272494, 22.8319468 ], [ 70.8268243, 22.8324994 ] ] } },
{ "type": "Feature", "properties": { "name": "", "cls": "residential", "max_depth": 1.531999945640564, "flooded_km": 0.24915660719811075 }, "geometry": { "type": "LineString", "coordinates": [ [ 70.8281868, 22.8335885 ], [ 70.828278, 22.8331979 ], [ 70.8283102, 22.8329902 ], [ 70.8282941, 22.8329309 ], [ 70.8279025, 22.8328517 ], [ 70.8274359, 22.8327627 ], [ 70.8272427, 22.8327281 ], [ 70.8270281, 22.8326342 ], [ 70.8268243, 22.8324994 ], [ 70.8266916, 22.8324524 ] ] } },
{ "type": "Feature", "properties": { "name": "", "cls": "residential", "max_depth": 1.2940000295639038, "flooded_km": 0.0419586959494712 }, "geometry": { "type": "LineString", "coordinates": [ [ 70.8268618, 22.8329803 ], [ 70.8270281, 22.8326342 ] ] } },
{ "type": "Feature", "properties": { "name": "", "cls": "residential", "max_depth": 1.2170000076293945, "flooded_km": 0.032854037061731067 }, "geometry": { "type": "LineString", "coordinates": [ [ 70.8267009, 22.8329358 ], [ 70.8265614, 22.8332028 ] ] } },
{ "type": "Feature", "properties": { "name": "", "cls": "residential", "max_depth": 0.8190000057220459, "flooded_km": 0.033347437572718415 }, "geometry": { "type": "LineString", "coordinates": [ [ 70.8263951, 22.8327677 ], [ 70.8262449, 22.8330347 ] ] } },
{ "type": "Feature", "properties": { "name": "", "cls": "residential", "max_depth": 1.5540000200271606, "flooded_km": 0.081504148749638808 }, "geometry": { "type": "LineString", "coordinates": [ [ 70.8261685, 22.8326712 ], [ 70.8263737, 22.8323165 ], [ 70.8264354, 22.8323116 ], [ 70.8266916, 22.8324524 ] ] } },
{ "type": "Feature", "properties": { "name": "", "cls": "residential", "max_depth": 1.3600000143051147, "flooded_km": 0.04494682611568443 }, "geometry": { "type": "LineString", "coordinates": [ [ 70.8265051, 22.8328196 ], [ 70.8266916, 22.8324524 ] ] } },
{ "type": "Feature", "properties": { "name": "", "cls": "residential", "max_depth": 1.6430000066757202, "flooded_km": 0.071140909081278639 }, "geometry": { "type": "LineString", "coordinates": [ [ 70.8277523, 22.8335069 ], [ 70.8276504, 22.8341423 ] ] } },
{ "type": "Feature", "properties": { "name": "", "cls": "residential", "max_depth": 1.4220000505447388, "flooded_km": 0.10120852150958078 }, "geometry": { "type": "LineString", "coordinates": [ [ 70.8277523, 22.8335069 ], [ 70.8281868, 22.8335885 ], [ 70.8281439, 22.8338011 ], [ 70.8281493, 22.8338506 ], [ 70.8281225, 22.8338901 ], [ 70.8280903, 22.834078 ] ] } },
{ "type": "Feature", "properties": { "name": "", "cls": "residential", "max_depth": 1.531999945640564, "flooded_km": 0.074180486878091922 }, "geometry": { "type": "LineString", "coordinates": [ [ 70.8277523, 22.8335069 ], [ 70.8279025, 22.8328517 ] ] } },
{ "type": "Feature", "properties": { "name": "", "cls": "residential", "max_depth": 0.78200000524520874, "flooded_km": 0.040326276155039226 }, "geometry": { "type": "LineString", "coordinates": [ [ 70.8277523, 22.8335069 ], [ 70.8273661, 22.8334402 ] ] } },
{ "type": "Feature", "properties": { "name": "", "cls": "residential", "max_depth": 1.6080000400543213, "flooded_km": 0.04249353350470865 }, "geometry": { "type": "LineString", "coordinates": [ [ 70.828278, 22.8331979 ], [ 70.8286911, 22.8332226 ] ] } },
{ "type": "Feature", "properties": { "name": "", "cls": "residential", "max_depth": 1.6080000400543213, "flooded_km": 0.056157198137709773 }, "geometry": { "type": "LineString", "coordinates": [ [ 70.8286911, 22.8332226 ], [ 70.8286214, 22.8335341 ], [ 70.8285999, 22.833722 ] ] } },
{ "type": "Feature", "properties": { "name": "", "cls": "residential", "max_depth": 2.2750000953674316, "flooded_km": 0.027821657219587688 }, "geometry": { "type": "LineString", "coordinates": [ [ 70.8286911, 22.8332226 ], [ 70.8287394, 22.8329754 ] ] } },
{ "type": "Feature", "properties": { "name": "", "cls": "residential", "max_depth": 1.0420000553131104, "flooded_km": 0.038864082115694983 }, "geometry": { "type": "LineString", "coordinates": [ [ 70.8315021, 22.8346565 ], [ 70.8311373, 22.8345626 ] ] } },
{ "type": "Feature", "properties": { "name": "", "cls": "residential", "max_depth": 1.8609999418258667, "flooded_km": 0.11029713918791363 }, "geometry": { "type": "LineString", "coordinates": [ [ 70.8315021, 22.8346565 ], [ 70.8317864, 22.8347554 ], [ 70.8322156, 22.8350126 ], [ 70.832296, 22.8350768 ], [ 70.8324302, 22.8351461 ] ] } },
{ "type": "Feature", "properties": { "name": "", "cls": "residential", "max_depth": 1.4220000505447388, "flooded_km": 0.062277209795106613 }, "geometry": { "type": "LineString", "coordinates": [ [ 70.8315021, 22.8346565 ], [ 70.8315611, 22.834434 ], [ 70.8312178, 22.8343351 ] ] } },
{ "type": "Feature", "properties": { "name": "", "cls": "residential", "max_depth": 2.7279999256134033, "flooded_km": 0.16461140030294638 }, "geometry": { "type": "LineString", "coordinates": [ [ 70.8343453, 22.8320689 ], [ 70.8338732, 22.8331583 ], [ 70.8337015, 22.8335786 ], [ 70.833664, 22.8337072 ] ] } },
{ "type": "Feature", "properties": { "name": "", "cls": "residential", "max_depth": 3.2999999523162842, "flooded_km": 0.19440472411744206 }, "geometry": { "type": "LineString", "coordinates": [ [ 70.8346242, 22.832176 ], [ 70.8339215, 22.8338061 ] ] } },
{ "type": "Feature", "properties": { "name": "", "cls": "residential", "max_depth": 5.1779999732971191, "flooded_km": 0.19407178410257256 }, "geometry": { "type": "LineString", "coordinates": [ [ 70.8341682, 22.8338901 ], [ 70.8341951, 22.8338456 ], [ 70.8342272, 22.8338011 ], [ 70.8342648, 22.833722 ], [ 70.834297, 22.8336379 ], [ 70.8343184, 22.8335934 ], [ 70.8343935, 22.8334451 ], [ 70.8346403, 22.8328715 ], [ 70.8348978, 22.8322754 ] ] } },
{ "type": "Feature", "properties": { "name": "", "cls": "residential", "max_depth": 1.593999981880188, "flooded_km": 0.16328224000559319 }, "geometry": { "type": "LineString", "coordinates": [ [ 70.8351498, 22.8323669 ], [ 70.8350586, 22.8326539 ], [ 70.8349513, 22.8328764 ], [ 70.8349406, 22.8329506 ], [ 70.834887, 22.8330247 ], [ 70.8345919, 22.8337417 ] ] } },
{ "type": "Feature", "properties": { "name": "", "cls": "residential", "max_depth": 5.7649998664855957, "flooded_km": 0.22800344316653429 }, "geometry": { "type": "LineString", "coordinates": [ [ 70.8357688, 22.8325475 ], [ 70.8357453, 22.8326242 ], [ 70.8355897, 22.8330099 ], [ 70.835579, 22.8330742 ], [ 70.8355307, 22.8331582 ], [ 70.83552, 22.8332225 ], [ 70.8354288, 22.8334055 ], [ 70.8352947, 22.8337664 ], [ 70.8352196, 22.8339642 ], [ 70.8351552, 22.834073 ], [ 70.8351337, 22.8342114 ], [ 70.8350908, 22.8343202 ], [ 70.8350425, 22.8344834 ] ] } },
{ "type": "Feature", "properties": { "name": "", "cls": "residential", "max_depth": 2.3090000152587891, "flooded_km": 0.18103427101049635 }, "geometry": { "type": "LineString", "coordinates": [ [ 70.8244103, 22.827137 ], [ 70.8226937, 22.8267625 ] ] } },
{ "type": "Feature", "properties": { "name": "", "cls": "residential", "max_depth": 4.2199997901916504, "flooded_km": 0.13762398944477927 }, "geometry": { "type": "LineString", "coordinates": [ [ 70.8265239, 22.8241541 ], [ 70.8271944, 22.8246337 ], [ 70.8272588, 22.8246931 ], [ 70.8274099, 22.824816 ], [ 70.8275616, 22.8249394 ] ] } },
{ "type": "Feature", "properties": { "name": "", "cls": "residential", "max_depth": 3.4210000038146973, "flooded_km": 0.17155425878382066 }, "geometry": { "type": "LineString", "coordinates": [ [ 70.8265239, 22.8241541 ], [ 70.8261537, 22.8245497 ], [ 70.8254564, 22.8253457 ] ] } },
{ "type": "Feature", "properties": { "name": "", "cls": "residential", "max_depth": 3.4730000495910645, "flooded_km": 0.18158996097339128 }, "geometry": { "type": "LineString", "coordinates": [ [ 70.8246966, 22.8256174 ], [ 70.8248958, 22.825876 ], [ 70.8250004, 22.8256226 ], [ 70.8250701, 22.8253111 ], [ 70.8252954, 22.824609 ] ] } },
{ "type": "Feature", "properties": { "name": "", "cls": "residential", "max_depth": 3.3220000267028809, "flooded_km": 0.11857897479898759 }, "geometry": { "type": "LineString", "coordinates": [ [ 70.8256817, 22.824253 ], [ 70.8255744, 22.8246485 ], [ 70.8252954, 22.824609 ], [ 70.8248812, 22.8244923 ] ] } },
{ "type": "Feature", "properties": { "name": "", "cls": "residential", "max_depth": 3.7620000839233398, "flooded_km": 0.071257263271142943 }, "geometry": { "type": "LineString", "coordinates": [ [ 70.8250265, 22.8233827 ], [ 70.8253437, 22.8234074 ], [ 70.8257092, 22.8234884 ] ] } },
{ "type": "Feature", "properties": { "name": "", "cls": "residential", "max_depth": 3.9609999656677246, "flooded_km": 0.0708848651435071 }, "geometry": { "type": "LineString", "coordinates": [ [ 70.8241807, 22.8228189 ], [ 70.8242225, 22.8230218 ], [ 70.8241314, 22.823447 ] ] } },
{ "type": "Feature", "properties": { "name": "", "cls": "residential", "max_depth": 2.1129999160766602, "flooded_km": 0.070483073238618493 }, "geometry": { "type": "LineString", "coordinates": [ [ 70.8286697, 22.8275017 ], [ 70.8289647, 22.8276302 ], [ 70.8292919, 22.8277708 ] ] } },
{ "type": "Feature", "properties": { "name": "", "cls": "residential", "max_depth": 2.4230000972747803, "flooded_km": 0.029720532538460957 }, "geometry": { "type": "LineString", "coordinates": [ [ 70.8286697, 22.8275017 ], [ 70.828557, 22.8277489 ] ] } },
{ "type": "Feature", "properties": { "name": "", "cls": "residential", "max_depth": 2.6979999542236328, "flooded_km": 0.12303578697674286 }, "geometry": { "type": "LineString", "coordinates": [ [ 70.8286697, 22.8275017 ], [ 70.8283693, 22.8273731 ], [ 70.8280742, 22.8272445 ], [ 70.8275914, 22.8270171 ] ] } },
{ "type": "Feature", "properties": { "name": "", "cls": "residential", "max_depth": 2.5060000419616699, "flooded_km": 0.038252051641079539 }, "geometry": { "type": "LineString", "coordinates": [ [ 70.8283693, 22.8273731 ], [ 70.8282083, 22.8276846 ] ] } },
{ "type": "Feature", "properties": { "name": "", "cls": "residential", "max_depth": 2.6979999542236328, "flooded_km": 0.035843226030816466 }, "geometry": { "type": "LineString", "coordinates": [ [ 70.8280742, 22.8272445 ], [ 70.8279347, 22.8275412 ] ] } },
{ "type": "Feature", "properties": { "name": "", "cls": "residential", "max_depth": 2.6979999542236328, "flooded_km": 0.045636354809375702 }, "geometry": { "type": "LineString", "coordinates": [ [ 70.8280742, 22.8272445 ], [ 70.8282566, 22.8268687 ] ] } },
{ "type": "Feature", "properties": { "name": "", "cls": "residential", "max_depth": 2.9219999313354492, "flooded_km": 0.038490277963090874 }, "geometry": { "type": "LineString", "coordinates": [ [ 70.8283693, 22.8273731 ], [ 70.8285356, 22.8270616 ] ] } },
{ "type": "Feature", "properties": { "name": "", "cls": "residential", "max_depth": 1.8830000162124634, "flooded_km": 0.035839139876368838 }, "geometry": { "type": "LineString", "coordinates": [ [ 70.8286697, 22.8275017 ], [ 70.8288091, 22.827205 ] ] } },
{ "type": "Feature", "properties": { "name": "", "cls": "residential", "max_depth": 2.1740000247955322, "flooded_km": 0.10734829580144102 }, "geometry": { "type": "LineString", "coordinates": [ [ 70.8289647, 22.8276302 ], [ 70.8291847, 22.8271901 ], [ 70.829528, 22.8272346 ], [ 70.8296567, 22.8273456 ] ] } },
{ "type": "Feature", "properties": { "name": "", "cls": "residential", "max_depth": 1.6330000162124634, "flooded_km": 0.059765376153309686 }, "geometry": { "type": "LineString", "coordinates": [ [ 70.8299303, 22.8272863 ], [ 70.830043, 22.8273731 ], [ 70.8301503, 22.8274769 ], [ 70.8301711, 22.8274819 ], [ 70.8303916, 22.827608 ] ] } },
{ "type": "Feature", "properties": { "name": "", "cls": "residential", "max_depth": 2.0789999961853027, "flooded_km": 0.2378798167452125 }, "geometry": { "type": "LineString", "coordinates": [ [ 70.8316764, 22.8290889 ], [ 70.8313465, 22.8290197 ], [ 70.8310461, 22.8289504 ], [ 70.8308637, 22.8288862 ], [ 70.8305633, 22.8287329 ], [ 70.8304024, 22.8286785 ], [ 70.8303595, 22.8286785 ], [ 70.8300912, 22.8285994 ], [ 70.8297479, 22.8285054 ], [ 70.8295172, 22.828362 ] ] } },
{ "type": "Feature", "properties": { "name": "", "cls": "residential", "max_depth": 1.9780000448226929, "flooded_km": 0.041247367901179485 }, "geometry": { "type": "LineString", "coordinates": [ [ 70.8302414, 22.8290345 ], [ 70.8303595, 22.8286785 ] ] } },
{ "type": "Feature", "properties": { "name": "", "cls": "residential", "max_depth": 1.9630000591278076, "flooded_km": 0.1242413374130615 }, "geometry": { "type": "LineString", "coordinates": [ [ 70.8307672, 22.8291729 ], [ 70.830456, 22.8290938 ], [ 70.830397, 22.8290938 ], [ 70.8302414, 22.8290345 ], [ 70.830118, 22.8290444 ], [ 70.8300644, 22.8289949 ], [ 70.8300108, 22.8289405 ], [ 70.8300054, 22.8288515 ], [ 70.8300483, 22.8287279 ], [ 70.8300912, 22.8285994 ] ] } },
{ "type": "Feature", "properties": { "name": "", "cls": "residential", "max_depth": 1.9859999418258667, "flooded_km": 0.11682881194288199 }, "geometry": { "type": "LineString", "coordinates": [ [ 70.8300054, 22.8300828 ], [ 70.8302307, 22.8295932 ], [ 70.830397, 22.8290938 ] ] } },
{ "type": "Feature", "properties": { "name": "", "cls": "residential", "max_depth": 2.1730000972747803, "flooded_km": 0.25056009356569192 }, "geometry": { "type": "LineString", "coordinates": [ [ 70.8307672, 22.8291729 ], [ 70.8306867, 22.8294894 ], [ 70.8305794, 22.8297366 ], [ 70.8303595, 22.8302212 ], [ 70.8301449, 22.8306959 ], [ 70.8298874, 22.8312794 ] ] } },
{ "type": "Feature", "properties": { "name": "", "cls": "residential", "max_depth": 1.9630000591278076, "flooded_km": 0.033260250045932881 }, "geometry": { "type": "LineString", "coordinates": [ [ 70.8307672, 22.8291729 ], [ 70.8308637, 22.8288862 ] ] } },
{ "type": "Feature", "properties": { "name": "", "cls": "residential", "max_depth": 2.2439999580383301, "flooded_km": 0.22009330921248776 }, "geometry": { "type": "LineString", "coordinates": [ [ 70.8304989, 22.8308393 ], [ 70.8307135, 22.8303646 ], [ 70.8309442, 22.829885 ], [ 70.8310837, 22.8295537 ], [ 70.8312768, 22.8292521 ], [ 70.8313465, 22.8290197 ] ] } },
{ "type": "Feature", "properties": { "name": "", "cls": "residential", "max_depth": 1.4989999532699585, "flooded_km": 0.037753370495716213 }, "geometry": { "type": "LineString", "coordinates": [ [ 70.8309442, 22.829885 ], [ 70.8312803, 22.8300234 ] ] } },
{ "type": "Feature", "properties": { "name": "", "cls": "residential", "max_depth": 2.2439999580383301, "flooded_km": 0.1182150520872333 }, "geometry": { "type": "LineString", "coordinates": [ [ 70.8309442, 22.829885 ], [ 70.8305794, 22.8297366 ], [ 70.8302307, 22.8295932 ], [ 70.8298927, 22.8294498 ] ] } },
{ "type": "Feature", "properties": { "name": "", "cls": "residential", "max_depth": 2.0190000534057617, "flooded_km": 0.16617938025344603 }, "geometry": { "type": "LineString", "coordinates": [ [ 70.8307135, 22.8303646 ], [ 70.8303595, 22.8302212 ], [ 70.8300054, 22.8300828 ], [ 70.8297104, 22.8299641 ], [ 70.829646, 22.8299245 ], [ 70.8292222, 22.8297861 ] ] } },
{ "type": "Feature", "properties": { "name": "", "cls": "residential", "max_depth": 1.8040000200271606, "flooded_km": 0.12643970222650724 }, "geometry": { "type": "LineString", "coordinates": [ [ 70.8300054, 22.8300828 ], [ 70.8297855, 22.8305574 ], [ 70.8295172, 22.831131 ] ] } },
{ "type": "Feature", "properties": { "name": "", "cls": "residential", "max_depth": 1.8040000200271606, "flooded_km": 0.12000662236036734 }, "geometry": { "type": "LineString", "coordinates": [ [ 70.8304989, 22.8308393 ], [ 70.8301449, 22.8306959 ], [ 70.8297855, 22.8305574 ], [ 70.829426, 22.8304091 ] ] } },
{ "type": "Feature", "properties": { "name": "", "cls": "residential", "max_depth": 2.1740000247955322, "flooded_km": 0.18721904529246639 }, "geometry": { "type": "LineString", "coordinates": [ [ 70.8304989, 22.8308393 ], [ 70.8308369, 22.8309777 ], [ 70.8308365, 22.8309827 ], [ 70.8312768, 22.8311458 ], [ 70.8316255, 22.8312892 ], [ 70.8318186, 22.8313782 ], [ 70.8319956, 22.8314129 ], [ 70.8320654, 22.8314425 ], [ 70.8321834, 22.8314623 ] ] } },
{ "type": "Feature", "properties": { "name": "", "cls": "residential", "max_depth": 1.9049999713897705, "flooded_km": 0.070526274290211563 }, "geometry": { "type": "LineString", "coordinates": [ [ 70.8304989, 22.8308393 ], [ 70.8302361, 22.8314277 ] ] } },
{ "type": "Feature", "properties": { "name": "", "cls": "residential", "max_depth": 1.7640000581741333, "flooded_km": 0.039604215496842315 }, "geometry": { "type": "LineString", "coordinates": [ [ 70.8307135, 22.8303646 ], [ 70.8310595, 22.8305228 ] ] } },
{ "type": "Feature", "properties": { "name": "", "cls": "residential", "max_depth": 1.9919999837875366, "flooded_km": 0.12468436004624851 }, "geometry": { "type": "LineString", "coordinates": [ [ 70.8323389, 22.8306019 ], [ 70.832001, 22.8304536 ], [ 70.8316416, 22.8303102 ], [ 70.8312258, 22.830152 ] ] } },
{ "type": "Feature", "properties": { "name": "", "cls": "residential", "max_depth": 2.502000093460083, "flooded_km": 0.17486625829417296 }, "geometry": { "type": "LineString", "coordinates": [ [ 70.8329559, 22.8305574 ], [ 70.8324623, 22.8304091 ], [ 70.8323443, 22.8305723 ], [ 70.8323389, 22.8306019 ], [ 70.8322692, 22.8307948 ], [ 70.8319956, 22.8314129 ] ] } },
{ "type": "Feature", "properties": { "name": "", "cls": "residential", "max_depth": 2.5109999179840088, "flooded_km": 0.074467941884220318 }, "geometry": { "type": "LineString", "coordinates": [ [ 70.8329559, 22.8305574 ], [ 70.8329559, 22.8306366 ], [ 70.8328647, 22.8309283 ], [ 70.8327574, 22.8312002 ] ] } },
{ "type": "Feature", "properties": { "name": "", "cls": "residential", "max_depth": 2.5659999847412109, "flooded_km": 0.092060353776712484 }, "geometry": { "type": "LineString", "coordinates": [ [ 70.8333314, 22.8306909 ], [ 70.8330553, 22.8314818 ] ] } },
{ "type": "Feature", "properties": { "name": "", "cls": "residential", "max_depth": 2.5429999828338623, "flooded_km": 0.14584589064743533 }, "geometry": { "type": "LineString", "coordinates": [ [ 70.8329559, 22.8305574 ], [ 70.8333314, 22.8306909 ], [ 70.8334226, 22.8307256 ], [ 70.8335781, 22.8307701 ], [ 70.8337712, 22.8308047 ], [ 70.8339214, 22.8308591 ], [ 70.8343047, 22.8309629 ] ] } },
{ "type": "Feature", "properties": { "name": "", "cls": "residential", "max_depth": 2.502000093460083, "flooded_km": 0.059379805531936794 }, "geometry": { "type": "LineString", "coordinates": [ [ 70.8329559, 22.8305574 ], [ 70.8327949, 22.8301668 ], [ 70.8328217, 22.8301025 ], [ 70.8328593, 22.8300679 ] ] } },
{ "type": "Feature", "properties": { "name": "", "cls": "residential", "max_depth": 2.4010000228881836, "flooded_km": 0.08665765653075648 }, "geometry": { "type": "LineString", "coordinates": [ [ 70.8335781, 22.8307701 ], [ 70.8333206, 22.8315153 ] ] } },
{ "type": "Feature", "properties": { "name": "", "cls": "residential", "max_depth": 2.3670001029968262, "flooded_km": 0.062081095252767338 }, "geometry": { "type": "LineString", "coordinates": [ [ 70.833782, 22.8302756 ], [ 70.8336961, 22.8303745 ], [ 70.8335942, 22.8304981 ], [ 70.8334869, 22.8306267 ], [ 70.8334226, 22.8307256 ] ] } },
{ "type": "Feature", "properties": { "name": "", "cls": "residential", "max_depth": 2.369999885559082, "flooded_km": 0.067303149141175134 }, "geometry": { "type": "LineString", "coordinates": [ [ 70.8342165, 22.8303597 ], [ 70.8341521, 22.8304091 ], [ 70.8337712, 22.8308047 ] ] } },
{ "type": "Feature", "properties": { "name": "", "cls": "residential", "max_depth": 2.369999885559082, "flooded_km": 0.096084113051805031 }, "geometry": { "type": "LineString", "coordinates": [ [ 70.8335513, 22.8302113 ], [ 70.833782, 22.8302756 ], [ 70.8338893, 22.8302657 ], [ 70.8342165, 22.8303597 ], [ 70.8344527, 22.830419 ] ] } },
{ "type": "Feature", "properties": { "name": "", "cls": "residential", "max_depth": 2.4660000801086426, "flooded_km": 0.07295775010863792 }, "geometry": { "type": "LineString", "coordinates": [ [ 70.8335513, 22.8302113 ], [ 70.8332026, 22.8301619 ], [ 70.8328593, 22.8300679 ] ] } },
{ "type": "Feature", "properties": { "name": "", "cls": "residential", "max_depth": 2.5299999713897705, "flooded_km": 0.16799241782963584 }, "geometry": { "type": "LineString", "coordinates": [ [ 70.8329398, 22.8297811 ], [ 70.8332831, 22.8298553 ], [ 70.833621, 22.8299146 ], [ 70.8339536, 22.8299789 ], [ 70.8345401, 22.8300976 ] ] } },
{ "type": "Feature", "properties": { "name": "", "cls": "residential", "max_depth": 2.5260000228881836, "flooded_km": 0.068818137524097045 }, "geometry": { "type": "LineString", "coordinates": [ [ 70.8330202, 22.8294647 ], [ 70.8329398, 22.8297811 ], [ 70.8328593, 22.8300679 ] ] } },
{ "type": "Feature", "properties": { "name": "", "cls": "residential", "max_depth": 2.6930000782012939, "flooded_km": 0.062937799748268825 }, "geometry": { "type": "LineString", "coordinates": [ [ 70.8329398, 22.8297811 ], [ 70.832693, 22.8297366 ], [ 70.8323443, 22.8296476 ] ] } },
{ "type": "Feature", "properties": { "name": "", "cls": "residential", "max_depth": 2.5269999504089355, "flooded_km": 0.20505871258528965 }, "geometry": { "type": "LineString", "coordinates": [ [ 70.834018, 22.8296971 ], [ 70.8336747, 22.8296328 ], [ 70.8333743, 22.8295636 ], [ 70.8330202, 22.8294647 ], [ 70.8325052, 22.8292619 ], [ 70.8326233, 22.8288995 ] ] } },
{ "type": "Feature", "properties": { "name": "", "cls": "residential", "max_depth": 2.8440001010894775, "flooded_km": 0.052261815887490681 }, "geometry": { "type": "LineString", "coordinates": [ [ 70.8330202, 22.8294647 ], [ 70.8331329, 22.8290045 ] ] } },
{ "type": "Feature", "properties": { "name": "", "cls": "residential", "max_depth": 2.1940000057220459, "flooded_km": 0.068579561567865363 }, "geometry": { "type": "LineString", "coordinates": [ [ 70.8333743, 22.8295636 ], [ 70.8332831, 22.8298553 ], [ 70.8332026, 22.8301619 ] ] } },
{ "type": "Feature", "properties": { "name": "", "cls": "residential", "max_depth": 2.1800000667572021, "flooded_km": 0.065319551372455459 }, "geometry": { "type": "LineString", "coordinates": [ [ 70.8336747, 22.8296328 ], [ 70.833621, 22.8299146 ], [ 70.8335513, 22.8302113 ] ] } },
{ "type": "Feature", "properties": { "name": "", "cls": "residential", "max_depth": 2.5269999504089355, "flooded_km": 0.064341208364603941 }, "geometry": { "type": "LineString", "coordinates": [ [ 70.834018, 22.8296971 ], [ 70.8339536, 22.8299789 ], [ 70.8338893, 22.8302657 ] ] } },
{ "type": "Feature", "properties": { "name": "", "cls": "residential", "max_depth": 3.0810000896453857, "flooded_km": 0.062844900225248829 }, "geometry": { "type": "LineString", "coordinates": [ [ 70.834018, 22.8296971 ], [ 70.8346155, 22.8298207 ] ] } },
{ "type": "Feature", "properties": { "name": "", "cls": "residential", "max_depth": 2.8440001010894775, "flooded_km": 0.038382985025766224 }, "geometry": { "type": "LineString", "coordinates": [ [ 70.8331651, 22.8286636 ], [ 70.8331221, 22.828718 ], [ 70.8330095, 22.8289769 ] ] } },
{ "type": "Feature", "properties": { "name": "", "cls": "residential", "max_depth": 3.062000036239624, "flooded_km": 0.19245183613980704 }, "geometry": { "type": "LineString", "coordinates": [ [ 70.8331651, 22.8286636 ], [ 70.8332133, 22.8284906 ], [ 70.8332884, 22.8284164 ], [ 70.8334923, 22.8283422 ], [ 70.8337444, 22.828189 ], [ 70.8342272, 22.8281296 ], [ 70.8346081, 22.8281247 ], [ 70.8347906, 22.8281445 ] ] } },
{ "type": "Feature", "properties": { "name": "", "cls": "residential", "max_depth": 2.9340000152587891, "flooded_km": 0.082767149261287226 }, "geometry": { "type": "LineString", "coordinates": [ [ 70.8331651, 22.8286636 ], [ 70.8334172, 22.8286785 ], [ 70.8334816, 22.8286488 ], [ 70.8337605, 22.828451 ], [ 70.8338839, 22.8284115 ] ] } },
{ "type": "Feature", "properties": { "name": "", "cls": "residential", "max_depth": 3.5409998893737793, "flooded_km": 0.075878187150237003 }, "geometry": { "type": "LineString", "coordinates": [ [ 70.8342272, 22.8281296 ], [ 70.8342433, 22.8282137 ], [ 70.8342219, 22.8283422 ], [ 70.8340448, 22.8287823 ] ] } },
{ "type": "Feature", "properties": { "name": "", "cls": "residential", "max_depth": 3.062000036239624, "flooded_km": 0.099480950112616984 }, "geometry": { "type": "LineString", "coordinates": [ [ 70.8342272, 22.8281296 ], [ 70.8341843, 22.8280703 ], [ 70.8340931, 22.828011 ], [ 70.8338463, 22.8279961 ], [ 70.8336961, 22.8279615 ], [ 70.8333582, 22.8278033 ] ] } },
{ "type": "Feature", "properties": { "name": "", "cls": "residential", "max_depth": 2.2829999923706055, "flooded_km": 0.14189823745405009 }, "geometry": { "type": "LineString", "coordinates": [ [ 70.8321405, 22.8261246 ], [ 70.8322907, 22.8264237 ], [ 70.8323014, 22.826577 ], [ 70.832178, 22.8268836 ], [ 70.8320868, 22.8271308 ], [ 70.8320868, 22.8271407 ], [ 70.8320654, 22.8273039 ], [ 70.83206, 22.8273385 ] ] } },
{ "type": "Feature", "properties": { "name": "", "cls": "residential", "max_depth": 2.503000020980835, "flooded_km": 0.087844297895644741 }, "geometry": { "type": "LineString", "coordinates": [ [ 70.8317649, 22.8269947 ], [ 70.8318186, 22.8269479 ], [ 70.831883, 22.8267352 ], [ 70.8319527, 22.826582 ], [ 70.8319634, 22.8264089 ], [ 70.8318722, 22.826268 ] ] } },
{ "type": "Feature", "properties": { "name": "", "cls": "residential", "max_depth": 4.504000186920166, "flooded_km": 0.097437790424951515 }, "geometry": { "type": "LineString", "coordinates": [ [ 70.8270979, 22.8234569 ], [ 70.8268189, 22.8237783 ], [ 70.8267545, 22.8238722 ], [ 70.8267116, 22.8239019 ], [ 70.8265239, 22.8241541 ] ] } },
{ "type": "Feature", "properties": { "name": "", "cls": "residential", "max_depth": 3.2990000247955322, "flooded_km": 0.027152343314097896 }, "geometry": { "type": "LineString", "coordinates": [ [ 70.8288199, 22.8228619 ], [ 70.8289535, 22.8226503 ] ] } },
{ "type": "Feature", "properties": { "name": "", "cls": "residential", "max_depth": 3.2990000247955322, "flooded_km": 0.12522598435312249 }, "geometry": { "type": "LineString", "coordinates": [ [ 70.8283424, 22.823287 ], [ 70.8287179, 22.8228322 ], [ 70.8288199, 22.8228619 ], [ 70.8289862, 22.8229558 ], [ 70.8290559, 22.8229608 ], [ 70.8290935, 22.822941 ], [ 70.8291459, 22.8227744 ] ] } },
{ "type": "Feature", "properties": { "name": "", "cls": "residential", "max_depth": 4.195000171661377, "flooded_km": 0.054544251812559202 }, "geometry": { "type": "LineString", "coordinates": [ [ 70.8269636, 22.82206 ], [ 70.8274466, 22.8218548 ] ] } },
{ "type": "Feature", "properties": { "name": "", "cls": "residential", "max_depth": 2.7920000553131104, "flooded_km": 0.15684098525799278 }, "geometry": { "type": "LineString", "coordinates": [ [ 70.8232516, 22.8231019 ], [ 70.8232677, 22.822557 ], [ 70.8233213, 22.8220922 ], [ 70.823375, 22.8216916 ] ] } },
{ "type": "Feature", "properties": { "name": "", "cls": "residential", "max_depth": 3.1800000667572021, "flooded_km": 0.061747349546106813 }, "geometry": { "type": "LineString", "coordinates": [ [ 70.8236807, 22.8216471 ], [ 70.823913, 22.8221614 ] ] } },
{ "type": "Feature", "properties": { "name": "", "cls": "residential", "max_depth": 3.1659998893737793, "flooded_km": 0.099973792379208254 }, "geometry": { "type": "LineString", "coordinates": [ [ 70.8240968, 22.8211759 ], [ 70.8240831, 22.8213159 ], [ 70.8240187, 22.821568 ], [ 70.82421, 22.8220388 ] ] } },
{ "type": "Feature", "properties": { "name": "", "cls": "residential", "max_depth": 3.252000093460083, "flooded_km": 0.090309908236234873 }, "geometry": { "type": "LineString", "coordinates": [ [ 70.8248001, 22.8209123 ], [ 70.8248665, 22.8208314 ], [ 70.825156, 22.8208815 ], [ 70.8253282, 22.8212924 ] ] } },
{ "type": "Feature", "properties": { "name": "", "cls": "residential", "max_depth": 2.3399999141693115, "flooded_km": 0.033974658996703364 }, "geometry": { "type": "LineString", "coordinates": [ [ 70.8251491, 22.8216611 ], [ 70.8254591, 22.8215537 ] ] } },
{ "type": "Feature", "properties": { "name": "", "cls": "residential", "max_depth": 3.4709999561309814, "flooded_km": 0.15692939348297308 }, "geometry": { "type": "LineString", "coordinates": [ [ 70.8244801, 22.8198052 ], [ 70.824362, 22.8201351 ], [ 70.8240968, 22.8211759 ] ] } },
{ "type": "Feature", "properties": { "name": "", "cls": "residential", "max_depth": 2.6070001125335693, "flooded_km": 0.17169243287802388 }, "geometry": { "type": "LineString", "coordinates": [ [ 70.8228384, 22.8232278 ], [ 70.8228223, 22.8229973 ], [ 70.8228759, 22.8224782 ], [ 70.822951, 22.8220431 ], [ 70.8229832, 22.8216871 ] ] } },
{ "type": "Feature", "properties": { "name": "", "cls": "residential", "max_depth": 3.0130000114440918, "flooded_km": 0.26707233700570254 }, "geometry": { "type": "LineString", "coordinates": [ [ 70.8217007, 22.821697 ], [ 70.822028, 22.821697 ], [ 70.8225056, 22.8217168 ], [ 70.8225593, 22.8217415 ], [ 70.8224895, 22.822409 ], [ 70.8225056, 22.8224436 ], [ 70.8224627, 22.8228737 ], [ 70.8224627, 22.8233429 ] ] } },
{ "type": "Feature", "properties": { "name": "", "cls": "residential", "max_depth": 3.1949999332427979, "flooded_km": 0.17693722839987491 }, "geometry": { "type": "LineString", "coordinates": [ [ 70.8226786, 22.8232765 ], [ 70.8226883, 22.8236201 ], [ 70.8225917, 22.8240651 ], [ 70.8225649, 22.8241046 ], [ 70.8222806, 22.8233988 ] ] } },
{ "type": "Feature", "properties": { "name": "", "cls": "residential", "max_depth": 3.2330000400543213, "flooded_km": 0.46199479309251174 }, "geometry": { "type": "LineString", "coordinates": [ [ 70.822028, 22.821697 ], [ 70.822028, 22.8219541 ], [ 70.8221085, 22.8221024 ], [ 70.8221085, 22.8223793 ], [ 70.822087, 22.8224386 ], [ 70.8220602, 22.8227155 ], [ 70.8220012, 22.8234847 ], [ 70.8223285, 22.8243372 ], [ 70.8223339, 22.8245894 ], [ 70.8222534, 22.8249355 ], [ 70.8221997, 22.8251926 ], [ 70.8223124, 22.8252321 ], [ 70.8228198, 22.8253 ] ] } },
{ "type": "Feature", "properties": { "name": "", "cls": "residential", "max_depth": 2.3550000190734863, "flooded_km": 0.066414499383594727 }, "geometry": { "type": "LineString", "coordinates": [ [ 70.8228841, 22.8250751 ], [ 70.8226078, 22.8250491 ], [ 70.8225649, 22.8250293 ], [ 70.8226293, 22.8247375 ] ] } },
{ "type": "Feature", "properties": { "name": "", "cls": "residential", "max_depth": 2.3529999256134033, "flooded_km": 0.031343429193564018 }, "geometry": { "type": "LineString", "coordinates": [ [ 70.8233857, 22.8251826 ], [ 70.823257, 22.8251727 ], [ 70.8230934, 22.8251121 ] ] } },
{ "type": "Feature", "properties": { "name": "", "cls": "residential", "max_depth": 3.4019999504089355, "flooded_km": 0.30965052747426419 }, "geometry": { "type": "LineString", "coordinates": [ [ 70.8222534, 22.8249355 ], [ 70.822007, 22.8248711 ], [ 70.8220124, 22.824693 ], [ 70.8220607, 22.8244755 ], [ 70.8220017, 22.8242777 ], [ 70.8217173, 22.823572 ], [ 70.8216583, 22.8233481 ], [ 70.8216744, 22.8228042 ], [ 70.8217334, 22.8226954 ], [ 70.8220602, 22.8227155 ] ] } },
{ "type": "Feature", "properties": { "name": "", "cls": "residential", "max_depth": 1.3509999513626099, "flooded_km": 0.038477245951799792 }, "geometry": { "type": "LineString", "coordinates": [ [ 70.821653, 22.8246894 ], [ 70.8217334, 22.8246485 ], [ 70.8220124, 22.824693 ] ] } },
{ "type": "Feature", "properties": { "name": "", "cls": "residential", "max_depth": 2.4019999504089355, "flooded_km": 0.16227004246676613 }, "geometry": { "type": "LineString", "coordinates": [ [ 70.8220017, 22.8242777 ], [ 70.8215081, 22.8244359 ], [ 70.8214652, 22.8244359 ], [ 70.8207464, 22.824248 ], [ 70.8204782, 22.8242629 ] ] } },
{ "type": "Feature", "properties": { "name": "", "cls": "residential", "max_depth": 0.72500002384185791, "flooded_km": 0.032192622137908279 }, "geometry": { "type": "LineString", "coordinates": [ [ 70.8214974, 22.8255237 ], [ 70.8215564, 22.8252382 ] ] } },
{ "type": "Feature", "properties": { "name": "", "cls": "residential", "max_depth": 2.1760001182556152, "flooded_km": 0.10110423630889671 }, "geometry": { "type": "LineString", "coordinates": [ [ 70.8215832, 22.825944 ], [ 70.8225321, 22.8261885 ] ] } },
{ "type": "Feature", "properties": { "name": "", "cls": "residential", "max_depth": 1.4550000429153442, "flooded_km": 0.084252843926840792 }, "geometry": { "type": "LineString", "coordinates": [ [ 70.8208349, 22.8258587 ], [ 70.8214652, 22.826038 ], [ 70.8214974, 22.826033 ], [ 70.8215832, 22.825944 ] ] } },
{ "type": "Feature", "properties": { "name": "", "cls": "residential", "max_depth": 2.3369998931884766, "flooded_km": 0.3308084112700504 }, "geometry": { "type": "LineString", "coordinates": [ [ 70.8190137, 22.8253111 ], [ 70.8185416, 22.8252122 ], [ 70.8184826, 22.8254051 ], [ 70.8184719, 22.825504 ], [ 70.818488, 22.8255485 ], [ 70.8189118, 22.8256671 ], [ 70.8192604, 22.8257512 ], [ 70.819416, 22.8258254 ], [ 70.8196091, 22.8258402 ], [ 70.8197647, 22.8259193 ], [ 70.8199632, 22.8259342 ], [ 70.8201295, 22.8260133 ], [ 70.8201778, 22.8260133 ], [ 70.8204728, 22.8260924 ], [ 70.8207376, 22.8261567 ] ] } },
{ "type": "Feature", "properties": { "name": "", "cls": "residential", "max_depth": 1.4470000267028809, "flooded_km": 0.12359214616433323 }, "geometry": { "type": "LineString", "coordinates": [ [ 70.8204728, 22.8260924 ], [ 70.8204352, 22.8261616 ], [ 70.8203065, 22.8265374 ], [ 70.8201295, 22.8271604 ] ] } },
{ "type": "Feature", "properties": { "name": "", "cls": "residential", "max_depth": 1.2460000514984131, "flooded_km": 0.13766866002288988 }, "geometry": { "type": "LineString", "coordinates": [ [ 70.8201295, 22.8260133 ], [ 70.8198559, 22.8268242 ], [ 70.8197486, 22.8272049 ] ] } },
{ "type": "Feature", "properties": { "name": "", "cls": "residential", "max_depth": 1.6729999780654907, "flooded_km": 0.18360745509970278 }, "geometry": { "type": "LineString", "coordinates": [ [ 70.8197647, 22.8259193 ], [ 70.8194214, 22.8269924 ], [ 70.8192873, 22.8275165 ] ] } },
{ "type": "Feature", "properties": { "name": "", "cls": "residential", "max_depth": 2.2160000801086426, "flooded_km": 0.22973491116500364 }, "geometry": { "type": "LineString", "coordinates": [ [ 70.819416, 22.8258254 ], [ 70.8191317, 22.8266462 ], [ 70.8189762, 22.8272841 ], [ 70.8188203, 22.8276793 ], [ 70.8189591, 22.8277281 ] ] } },
{ "type": "Feature", "properties": { "name": "", "cls": "residential", "max_depth": 1.3240000009536743, "flooded_km": 0.023735634353531189 }, "geometry": { "type": "LineString", "coordinates": [ [ 70.8215994, 22.8257302 ], [ 70.8215832, 22.825944 ] ] } },
{ "type": "Feature", "properties": { "name": "", "cls": "residential", "max_depth": 1.3919999599456787, "flooded_km": 0.031436608564689654 }, "geometry": { "type": "LineString", "coordinates": [ [ 70.8199632, 22.8259342 ], [ 70.8200088, 22.8256535 ] ] } },
{ "type": "Feature", "properties": { "name": "", "cls": "residential", "max_depth": 3.2860000133514404, "flooded_km": 0.09460106856713113 }, "geometry": { "type": "LineString", "coordinates": [ [ 70.8196091, 22.8258402 ], [ 70.8198184, 22.8250083 ] ] } },
{ "type": "Feature", "properties": { "name": "", "cls": "residential", "max_depth": 3.4149999618530273, "flooded_km": 0.074524575919433914 }, "geometry": { "type": "LineString", "coordinates": [ [ 70.8194482, 22.8251035 ], [ 70.8193302, 22.8255287 ], [ 70.8193302, 22.8255732 ], [ 70.8192604, 22.8257512 ] ] } },
{ "type": "Feature", "properties": { "name": "", "cls": "residential", "max_depth": 3.6619999408721924, "flooded_km": 0.11981274145786559 }, "geometry": { "type": "LineString", "coordinates": [ [ 70.8194482, 22.8251035 ], [ 70.8194589, 22.8246436 ], [ 70.8195018, 22.824023 ] ] } },
{ "type": "Feature", "properties": { "name": "", "cls": "residential", "max_depth": 3.4149999618530273, "flooded_km": 0.10129408097255774 }, "geometry": { "type": "LineString", "coordinates": [ [ 70.8194482, 22.8251035 ], [ 70.8191263, 22.8250936 ], [ 70.8190888, 22.8251282 ], [ 70.8190137, 22.8253111 ], [ 70.819019, 22.8253457 ], [ 70.8189118, 22.8256671 ] ] } },
{ "type": "Feature", "properties": { "name": "", "cls": "residential", "max_depth": 3.0309998989105225, "flooded_km": 0.13787190453460005 }, "geometry": { "type": "LineString", "coordinates": [ [ 70.8181768, 22.8242286 ], [ 70.8181607, 22.8243618 ], [ 70.8180105, 22.8250392 ], [ 70.8180159, 22.8251035 ], [ 70.8179462, 22.825321 ], [ 70.8175438, 22.8252666 ] ] } },
{ "type": "Feature", "properties": { "name": "", "cls": "residential", "max_depth": 4.2800002098083496, "flooded_km": 0.9495030103919504 }, "geometry": { "type": "LineString", "coordinates": [ [ 70.8174419, 22.8256226 ], [ 70.817517, 22.825321 ], [ 70.8175438, 22.8252666 ], [ 70.8176887, 22.8243062 ], [ 70.8178281, 22.8233481 ], [ 70.8179247, 22.8223592 ], [ 70.817914, 22.8219982 ], [ 70.8178496, 22.8219438 ], [ 70.8178335, 22.8216768 ], [ 70.8179193, 22.8209796 ], [ 70.8180052, 22.8202824 ], [ 70.8180105, 22.8200846 ], [ 70.8185738, 22.8200698 ], [ 70.8188152, 22.8201044 ], [ 70.8189869, 22.8200747 ], [ 70.8190083, 22.8200154 ], [ 70.8189922, 22.8198176 ], [ 70.8190244, 22.8194072 ], [ 70.8191263, 22.8186408 ], [ 70.8191961, 22.8181364 ], [ 70.819239, 22.8179733 ], [ 70.8192658, 22.8177656 ], [ 70.8193516, 22.8175188 ] ] } },
{ "type": "Feature", "properties": { "name": "", "cls": "residential", "max_depth": 2.7850000858306885, "flooded_km": 0.24287229505393301 }, "geometry": { "type": "LineString", "coordinates": [ [ 70.8163262, 22.8244176 ], [ 70.816353, 22.8243286 ], [ 70.8163906, 22.8237947 ], [ 70.8164335, 22.8236118 ], [ 70.8165408, 22.822885 ], [ 70.8165714, 22.8227401 ], [ 70.8166749, 22.8222522 ] ] } },
{ "type": "Feature", "properties": { "name": "", "cls": "residential", "max_depth": 3.0750000476837158, "flooded_km": 0.068145140890111852 }, "geometry": { "type": "LineString", "coordinates": [ [ 70.8172274, 22.8228109 ], [ 70.8171738, 22.8228208 ], [ 70.8169431, 22.822801 ], [ 70.8165714, 22.8227401 ] ] } },
{ "type": "Feature", "properties": { "name": "", "cls": "residential", "max_depth": 2.4730000495910645, "flooded_km": 0.2048412994462375 }, "geometry": { "type": "LineString", "coordinates": [ [ 70.8163262, 22.8244176 ], [ 70.815999, 22.824299 ], [ 70.815763, 22.8241655 ], [ 70.8153392, 22.8238342 ], [ 70.8151353, 22.823592 ], [ 70.8151085, 22.8235228 ], [ 70.8151192, 22.8234289 ], [ 70.8151568, 22.8233201 ], [ 70.8151782, 22.8231569 ] ] } },
{ "type": "Feature", "properties": { "name": "", "cls": "residential", "max_depth": 1.9670000076293945, "flooded_km": 0.01819274469502025 }, "geometry": { "type": "LineString", "coordinates": [ [ 70.8163262, 22.8244176 ], [ 70.8163208, 22.8245818 ] ] } },
{ "type": "Feature", "properties": { "name": "", "cls": "residential", "max_depth": 2.7929999828338623, "flooded_km": 0.20532583096077009 }, "geometry": { "type": "LineString", "coordinates": [ [ 70.814159, 22.8262369 ], [ 70.8143414, 22.8262666 ], [ 70.8145828, 22.8262567 ], [ 70.8147705, 22.8262913 ], [ 70.8149315, 22.8260936 ], [ 70.8150119, 22.8259156 ], [ 70.8151943, 22.8251493 ], [ 70.8152104, 22.8248292 ] ] } },
{ "type": "Feature", "properties": { "name": "", "cls": "residential", "max_depth": 3.1940000057220459, "flooded_km": 0.11427212918320637 }, "geometry": { "type": "LineString", "coordinates": [ [ 70.8147813, 22.8259106 ], [ 70.8149154, 22.825263 ], [ 70.8148725, 22.8248927 ] ] } },
{ "type": "Feature", "properties": { "name": "", "cls": "residential", "max_depth": 3.3069999217987061, "flooded_km": 0.1423010408889846 }, "geometry": { "type": "LineString", "coordinates": [ [ 70.8145828, 22.8262567 ], [ 70.8144326, 22.8255992 ], [ 70.8144058, 22.8253619 ], [ 70.8143092, 22.8249985 ] ] } },
{ "type": "Feature", "properties": { "name": "", "cls": "residential", "max_depth": 2.9079999923706055, "flooded_km": 0.13148112882705817 }, "geometry": { "type": "LineString", "coordinates": [ [ 70.814159, 22.8262369 ], [ 70.8139605, 22.825064 ] ] } },
{ "type": "Feature", "properties": { "name": "", "cls": "residential", "max_depth": 2.4230000972747803, "flooded_km": 0.15770573774692787 }, "geometry": { "type": "LineString", "coordinates": [ [ 70.814159, 22.8262369 ], [ 70.8138157, 22.8262171 ], [ 70.8136279, 22.8255646 ], [ 70.8135582, 22.8251396 ] ] } },
{ "type": "Feature", "properties": { "name": "", "cls": "residential", "max_depth": 2.0659999847412109, "flooded_km": 0.24975428276037426 }, "geometry": { "type": "LineString", "coordinates": [ [ 70.8138103, 22.8229987 ], [ 70.8136065, 22.8237799 ], [ 70.8135153, 22.8240814 ], [ 70.8133114, 22.8247736 ], [ 70.8132739, 22.825193 ] ] } },
{ "type": "Feature", "properties": { "name": "", "cls": "residential", "max_depth": 1.8580000400543213, "flooded_km": 0.23349218217003578 }, "geometry": { "type": "LineString", "coordinates": [ [ 70.8141644, 22.8230778 ], [ 70.8139659, 22.8238936 ], [ 70.8136279, 22.8251265 ] ] } },
{ "type": "Feature", "properties": { "name": "", "cls": "residential", "max_depth": 2.7239999771118164, "flooded_km": 0.93531825780668421 }, "geometry": { "type": "LineString", "coordinates": [ [ 70.8142078, 22.816557 ], [ 70.8141268, 22.8168734 ], [ 70.8134992, 22.8175062 ], [ 70.8134544, 22.8175682 ], [ 70.8133812, 22.8176694 ], [ 70.8133114, 22.8178374 ], [ 70.8132632, 22.818055 ], [ 70.8131559, 22.8192266 ], [ 70.8131505, 22.8195727 ], [ 70.8131934, 22.8198397 ], [ 70.8133436, 22.8203093 ], [ 70.8136333, 22.8208927 ], [ 70.8137299, 22.8211152 ], [ 70.8143736, 22.82245 ], [ 70.8146043, 22.8229196 ], [ 70.8145292, 22.8231421 ], [ 70.8140464, 22.8250478 ] ] } },
{ "type": "Feature", "properties": { "name": "", "cls": "residential", "max_depth": 1.8580000400543213, "flooded_km": 0.11662715768416615 }, "geometry": { "type": "LineString", "coordinates": [ [ 70.8134241, 22.8229048 ], [ 70.8138103, 22.8229987 ], [ 70.8141644, 22.8230778 ], [ 70.8142234, 22.8230778 ], [ 70.8145292, 22.8231421 ] ] } },
{ "type": "Feature", "properties": { "name": "", "cls": "residential", "max_depth": 1.4249999523162842, "flooded_km": 0.036608204252426592 }, "geometry": { "type": "LineString", "coordinates": [ [ 70.8134241, 22.8229048 ], [ 70.8130754, 22.8228356 ] ] } },
{ "type": "Feature", "properties": { "name": "", "cls": "residential", "max_depth": 1.6480000019073486, "flooded_km": 0.0577929287103221 }, "geometry": { "type": "LineString", "coordinates": [ [ 70.8130754, 22.8228356 ], [ 70.8129306, 22.8233399 ] ] } },
{ "type": "Feature", "properties": { "name": "", "cls": "residential", "max_depth": 1.4249999523162842, "flooded_km": 0.024977782516424161 }, "geometry": { "type": "LineString", "coordinates": [ [ 70.8130754, 22.8228356 ], [ 70.8131398, 22.8226181 ] ] } },
{ "type": "Feature", "properties": { "name": "", "cls": "residential", "max_depth": 1.2979999780654907, "flooded_km": 0.029116133253633027 }, "geometry": { "type": "LineString", "coordinates": [ [ 70.8134241, 22.8229048 ], [ 70.8135046, 22.8226527 ] ] } },
{ "type": "Feature", "properties": { "name": "", "cls": "residential", "max_depth": 1.3919999599456787, "flooded_km": 0.034397001657311924 }, "geometry": { "type": "LineString", "coordinates": [ [ 70.8138103, 22.8229987 ], [ 70.8138908, 22.8226972 ] ] } },
{ "type": "Feature", "properties": { "name": "", "cls": "residential", "max_depth": 1.503000020980835, "flooded_km": 0.068221913731743036 }, "geometry": { "type": "LineString", "coordinates": [ [ 70.8103987, 22.818064 ], [ 70.8106935, 22.8180622 ], [ 70.8107203, 22.8176518 ], [ 70.8107203, 22.8174738 ] ] } },
{ "type": "Feature", "properties": { "name": "", "cls": "residential", "max_depth": 2.121999979019165, "flooded_km": 0.22855427702391201 }, "geometry": { "type": "LineString", "coordinates": [ [ 70.8104083, 22.8164811 ], [ 70.8106345, 22.8165996 ], [ 70.8109242, 22.8168814 ], [ 70.8111012, 22.8169457 ], [ 70.8111977, 22.8169209 ], [ 70.811466, 22.8167281 ], [ 70.8123565, 22.8164414 ], [ 70.8124101, 22.8163489 ] ] } },
{ "type": "Feature", "properties": { "name": "", "cls": "residential", "max_depth": 2.0950000286102295, "flooded_km": 0.28674777455772155 }, "geometry": { "type": "LineString", "coordinates": [ [ 70.8171445, 22.8192546 ], [ 70.817163, 22.8191211 ], [ 70.8171791, 22.8189827 ], [ 70.817163, 22.8189332 ], [ 70.8171415, 22.8188986 ], [ 70.8170933, 22.8188788 ], [ 70.8170289, 22.8188689 ], [ 70.8169806, 22.8188541 ], [ 70.8169592, 22.8188343 ], [ 70.8169752, 22.8185723 ], [ 70.8170664, 22.8178257 ], [ 70.8171469, 22.8171731 ], [ 70.8171791, 22.8170248 ], [ 70.8171941, 22.8168079 ] ] } },
{ "type": "Feature", "properties": { "name": "", "cls": "residential", "max_depth": 3.1659998893737793, "flooded_km": 0.27734446496765136 }, "geometry": { "type": "LineString", "coordinates": [ [ 70.817928, 22.8170649 ], [ 70.8178314, 22.8174104 ], [ 70.8178153, 22.8175933 ], [ 70.8176704, 22.8184388 ], [ 70.817606, 22.8188591 ], [ 70.8174987, 22.8190123 ], [ 70.8174665, 22.8191854 ], [ 70.8173967, 22.8192496 ], [ 70.8171445, 22.8192546 ] ] } },
{ "type": "Feature", "properties": { "name": "", "cls": "residential", "max_depth": 2.871999979019165, "flooded_km": 0.065332385020291942 }, "geometry": { "type": "LineString", "coordinates": [ [ 70.8171445, 22.8192546 ], [ 70.8170986, 22.819843 ] ] } },
{ "type": "Feature", "properties": { "name": "", "cls": "residential", "max_depth": 2.8369998931884766, "flooded_km": 0.085359939320216557 }, "geometry": { "type": "LineString", "coordinates": [ [ 70.8184969, 22.8185229 ], [ 70.8176704, 22.8184388 ] ] } },
{ "type": "Feature", "properties": { "name": "", "cls": "residential", "max_depth": 2.3589999675750732, "flooded_km": 0.062718157345461309 }, "geometry": { "type": "LineString", "coordinates": [ [ 70.8184969, 22.8185229 ], [ 70.8184325, 22.8189629 ], [ 70.8184003, 22.8190815 ] ] } },
{ "type": "Feature", "properties": { "name": "", "cls": "residential", "max_depth": 2.1530001163482666, "flooded_km": 0.12134205764632423 }, "geometry": { "type": "LineString", "coordinates": [ [ 70.8184969, 22.8185229 ], [ 70.8185774, 22.8185031 ], [ 70.8188296, 22.8185822 ], [ 70.8191263, 22.8186408 ], [ 70.8196507, 22.8187058 ] ] } },
{ "type": "Feature", "properties": { "name": "", "cls": "residential", "max_depth": 3.1489999294281006, "flooded_km": 0.33019316447386715 }, "geometry": { "type": "LineString", "coordinates": [ [ 70.8197526, 22.8180334 ], [ 70.8196721, 22.8186514 ], [ 70.8196507, 22.8187058 ], [ 70.8195648, 22.8194672 ], [ 70.8190244, 22.8194072 ], [ 70.8186901, 22.8193634 ], [ 70.818631, 22.8195265 ], [ 70.8185935, 22.8198133 ], [ 70.8185738, 22.8200698 ] ] } },
{ "type": "Feature", "properties": { "name": "", "cls": "residential", "max_depth": 3.4089999198913574, "flooded_km": 0.099922639459300938 }, "geometry": { "type": "LineString", "coordinates": [ [ 70.8180193, 22.8198331 ], [ 70.8185935, 22.8198133 ], [ 70.8189922, 22.8198176 ] ] } },
{ "type": "Feature", "properties": { "name": "", "cls": "residential", "max_depth": 2.1530001163482666, "flooded_km": 0.13748957063225201 }, "geometry": { "type": "LineString", "coordinates": [ [ 70.8184969, 22.8185229 ], [ 70.8184378, 22.8182361 ], [ 70.8188296, 22.8173588 ] ] } },
{ "type": "Feature", "properties": { "name": "", "cls": "residential", "max_depth": 1.3480000495910645, "flooded_km": 0.053397754293514919 }, "geometry": { "type": "LineString", "coordinates": [ [ 70.8197526, 22.8180334 ], [ 70.8196721, 22.8180334 ], [ 70.8194628, 22.8180087 ], [ 70.8193931, 22.8180087 ], [ 70.8193126, 22.8179938 ], [ 70.819239, 22.8179733 ] ] } },
{ "type": "Feature", "properties": { "name": "", "cls": "residential", "max_depth": 1.781000018119812, "flooded_km": 0.03951203121894533 }, "geometry": { "type": "LineString", "coordinates": [ [ 70.8197526, 22.8180334 ], [ 70.8198439, 22.8176868 ] ] } },
{ "type": "Feature", "properties": { "name": "", "cls": "residential", "max_depth": 3.8139998912811279, "flooded_km": 0.040048514797179607 }, "geometry": { "type": "LineString", "coordinates": [ [ 70.8183762, 22.8203052 ], [ 70.8187652, 22.8203324 ] ] } },
{ "type": "Feature", "properties": { "name": "", "cls": "residential", "max_depth": 4.379000186920166, "flooded_km": 0.14023796321982934 }, "geometry": { "type": "LineString", "coordinates": [ [ 70.818309, 22.8209851 ], [ 70.8183627, 22.8210147 ], [ 70.8186525, 22.8210296 ], [ 70.8187652, 22.8203324 ], [ 70.818792, 22.8202731 ], [ 70.8188152, 22.8201044 ] ] } },
{ "type": "Feature", "properties": { "name": "", "cls": "residential", "max_depth": 4.379000186920166, "flooded_km": 0.075610813451425535 }, "geometry": { "type": "LineString", "coordinates": [ [ 70.818309, 22.8209851 ], [ 70.8183762, 22.8203052 ] ] } },
{ "type": "Feature", "properties": { "name": "", "cls": "residential", "max_depth": 4.4010000228881836, "flooded_km": 0.11989391834342233 }, "geometry": { "type": "LineString", "coordinates": [ [ 70.818309, 22.8209851 ], [ 70.8181373, 22.8210147 ], [ 70.8181427, 22.8213262 ], [ 70.818792, 22.8214201 ] ] } },
{ "type": "Feature", "properties": { "name": "", "cls": "residential", "max_depth": 3.6289999485015869, "flooded_km": 0.038215825869994065 }, "geometry": { "type": "LineString", "coordinates": [ [ 70.8183762, 22.8203052 ], [ 70.8182285, 22.8202879 ], [ 70.8180052, 22.8202824 ] ] } },
{ "type": "Feature", "properties": { "name": "", "cls": "residential", "max_depth": 4.060999870300293, "flooded_km": 0.14131095544953329 }, "geometry": { "type": "LineString", "coordinates": [ [ 70.8205898, 22.819309 ], [ 70.8208098, 22.8180494 ] ] } },
{ "type": "Feature", "properties": { "name": "", "cls": "residential", "max_depth": 3.7170000076293945, "flooded_km": 0.062825853928152847 }, "geometry": { "type": "LineString", "coordinates": [ [ 70.8205898, 22.819309 ], [ 70.82052, 22.8198726 ] ] } },
{ "type": "Feature", "properties": { "name": "", "cls": "residential", "max_depth": 3.1080000400543213, "flooded_km": 0.042707147500441717 }, "geometry": { "type": "LineString", "coordinates": [ [ 70.8201766, 22.8192843 ], [ 70.8202839, 22.8192744 ], [ 70.8205898, 22.819309 ] ] } },
{ "type": "Feature", "properties": { "name": "", "cls": "residential", "max_depth": 1.8869999647140503, "flooded_km": 0.11418249136238386 }, "geometry": { "type": "LineString", "coordinates": [ [ 70.8187699, 22.8165452 ], [ 70.8193179, 22.8167083 ], [ 70.8198148, 22.8168962 ] ] } },
{ "type": "Feature", "properties": { "name": "", "cls": "residential", "max_depth": 3.2939999103546143, "flooded_km": 0.3132939837380993 }, "geometry": { "type": "LineString", "coordinates": [ [ 70.8179226, 22.8136825 ], [ 70.8175331, 22.8145576 ], [ 70.8172381, 22.815235 ], [ 70.8167957, 22.8167359 ] ] } },
{ "type": "Feature", "properties": { "name": "", "cls": "residential", "max_depth": 1.906999945640564, "flooded_km": 0.17745296846018646 }, "geometry": { "type": "LineString", "coordinates": [ [ 70.8164549, 22.8167127 ], [ 70.8166802, 22.8157838 ], [ 70.8168626, 22.8151559 ] ] } },
{ "type": "Feature", "properties": { "name": "", "cls": "residential", "max_depth": 1.6080000400543213, "flooded_km": 0.1704781666091022 }, "geometry": { "type": "LineString", "coordinates": [ [ 70.816419, 22.8149977 ], [ 70.8162849, 22.8150323 ], [ 70.816199, 22.815507 ], [ 70.8161883, 22.8156899 ], [ 70.81614, 22.8166913 ] ] } },
{ "type": "Feature", "properties": { "name": "", "cls": "residential", "max_depth": 2.0120000839233398, "flooded_km": 0.17696445822119961 }, "geometry": { "type": "LineString", "coordinates": [ [ 70.8162849, 22.8135293 ], [ 70.8162044, 22.813999 ], [ 70.8162135, 22.8141313 ], [ 70.8160488, 22.8149532 ], [ 70.815598, 22.8166544 ] ] } },
{ "type": "Feature", "properties": { "name": "", "cls": "residential", "max_depth": 0.80000001192092896, "flooded_km": 0.043888099908602214 }, "geometry": { "type": "LineString", "coordinates": [ [ 70.8157268, 22.8148296 ], [ 70.8153995, 22.8161942 ], [ 70.8153136, 22.8164859 ], [ 70.8153136, 22.816635 ] ] } },
{ "type": "Feature", "properties": { "name": "", "cls": "residential", "max_depth": 0.37000000476837158, "flooded_km": 0.012067951798035489 }, "geometry": { "type": "LineString", "coordinates": [ [ 70.8151655, 22.8142955 ], [ 70.8153934, 22.814349 ] ] } },
{ "type": "Feature", "properties": { "name": "", "cls": "residential", "max_depth": 0.4869999885559082, "flooded_km": 0.025247258605473773 }, "geometry": { "type": "LineString", "coordinates": [ [ 70.8146212, 22.8147456 ], [ 70.8149997, 22.8148222 ], [ 70.8153414, 22.8148939 ] ] } },
{ "type": "Feature", "properties": { "name": "", "cls": "residential", "max_depth": 0.47299998998641968, "flooded_km": 0.027812268612169219 }, "geometry": { "type": "LineString", "coordinates": [ [ 70.8159876, 22.8130393 ], [ 70.8157966, 22.8130349 ], [ 70.8157107, 22.8134404 ], [ 70.8160327, 22.8134947 ], [ 70.8162849, 22.8135293 ] ] } },
{ "type": "Feature", "properties": { "name": "", "cls": "residential", "max_depth": 0.37999999523162842, "flooded_km": 0.013161829839785057 }, "geometry": { "type": "LineString", "coordinates": [ [ 70.8162044, 22.813999 ], [ 70.8157107, 22.8138606 ], [ 70.8155855, 22.813863 ] ] } },
{ "type": "Feature", "properties": { "name": "", "cls": "residential", "max_depth": 1.4950000047683716, "flooded_km": 0.10374391374143326 }, "geometry": { "type": "LineString", "coordinates": [ [ 70.8179805, 22.8146867 ], [ 70.8177313, 22.8146455 ], [ 70.8176294, 22.8145763 ], [ 70.8175331, 22.8145576 ], [ 70.8173183, 22.8144675 ], [ 70.8170448, 22.8143785 ], [ 70.8166855, 22.8142747 ], [ 70.8164119, 22.8141857 ], [ 70.8162135, 22.8141313 ] ] } },
{ "type": "Feature", "properties": { "name": "", "cls": "residential", "max_depth": 0.98600000143051147, "flooded_km": 0.054974105249756759 }, "geometry": { "type": "LineString", "coordinates": [ [ 70.8164119, 22.8141857 ], [ 70.8164137, 22.8140188 ], [ 70.8165263, 22.8136925 ], [ 70.8165424, 22.8136431 ], [ 70.8166927, 22.8132345 ] ] } },
{ "type": "Feature", "properties": { "name": "", "cls": "residential", "max_depth": 2.0199999809265137, "flooded_km": 0.043890657106360885 }, "geometry": { "type": "LineString", "coordinates": [ [ 70.8162849, 22.8135293 ], [ 70.8163868, 22.8131444 ] ] } },
{ "type": "Feature", "properties": { "name": "", "cls": "residential", "max_depth": 0.78600001335144043, "flooded_km": 0.040778845941185242 }, "geometry": { "type": "LineString", "coordinates": [ [ 70.8155257, 22.8111855 ], [ 70.8163097, 22.8113042 ] ] } },
{ "type": "Feature", "properties": { "name": "", "cls": "residential", "max_depth": 0.96700000762939453, "flooded_km": 0.10317479025374385 }, "geometry": { "type": "LineString", "coordinates": [ [ 70.816741, 22.8150867 ], [ 70.8168966, 22.814706 ], [ 70.8169771, 22.8144489 ], [ 70.8170448, 22.8143785 ], [ 70.8171059, 22.8143253 ], [ 70.8172615, 22.8138952 ], [ 70.8174278, 22.8134941 ] ] } },
{ "type": "Feature", "properties": { "name": "", "cls": "residential", "max_depth": 0.96700000762939453, "flooded_km": 0.035007641136215399 }, "geometry": { "type": "LineString", "coordinates": [ [ 70.816741, 22.8150867 ], [ 70.8166819, 22.8150867 ], [ 70.8164673, 22.8150274 ], [ 70.816419, 22.8149977 ] ] } },
{ "type": "Feature", "properties": { "name": "", "cls": "residential", "max_depth": 0.75199997425079346, "flooded_km": 0.070511681418722605 }, "geometry": { "type": "LineString", "coordinates": [ [ 70.8166855, 22.8142747 ], [ 70.816419, 22.8149977 ] ] } },
{ "type": "Feature", "properties": { "name": "", "cls": "residential", "max_depth": 0.90100002288818359, "flooded_km": 0.10309781164586128 }, "geometry": { "type": "LineString", "coordinates": [ [ 70.8170629, 22.8151609 ], [ 70.8173183, 22.8144675 ], [ 70.8173902, 22.8142808 ] ] } },
{ "type": "Feature", "properties": { "name": "", "cls": "residential", "max_depth": 0.51399999856948853, "flooded_km": 0.038670041604139942 }, "geometry": { "type": "LineString", "coordinates": [ [ 70.8166802, 22.8157838 ], [ 70.8161883, 22.8156899 ] ] } },
{ "type": "Feature", "properties": { "name": "", "cls": "residential", "max_depth": 0.90100002288818359, "flooded_km": 0.019770380149012983 }, "geometry": { "type": "LineString", "coordinates": [ [ 70.8170629, 22.8151609 ], [ 70.8172381, 22.815235 ] ] } },
{ "type": "Feature", "properties": { "name": "", "cls": "residential", "max_depth": 0.96700000762939453, "flooded_km": 0.035430736146558298 }, "geometry": { "type": "LineString", "coordinates": [ [ 70.816741, 22.8150867 ], [ 70.8168626, 22.8151559 ], [ 70.81702, 22.8151708 ], [ 70.8170629, 22.8151609 ] ] } },
{ "type": "Feature", "properties": { "name": "", "cls": "residential", "max_depth": 1.4950000047683716, "flooded_km": 0.095340629939397958 }, "geometry": { "type": "LineString", "coordinates": [ [ 70.8191096, 22.8150263 ], [ 70.8182084, 22.8148185 ] ] } },
{ "type": "Feature", "properties": { "name": "", "cls": "residential", "max_depth": 2.2360000610351562, "flooded_km": 0.20293759371512909 }, "geometry": { "type": "LineString", "coordinates": [ [ 70.8194636, 22.8139928 ], [ 70.8193724, 22.8143686 ], [ 70.8193077, 22.8144719 ], [ 70.8191096, 22.8150263 ], [ 70.8189541, 22.8156196 ], [ 70.8189004, 22.8157432 ] ] } },
{ "type": "Feature", "properties": { "name": "", "cls": "residential", "max_depth": 2.0460000038146973, "flooded_km": 0.027400051709963295 }, "geometry": { "type": "LineString", "coordinates": [ [ 70.8191525, 22.8139285 ], [ 70.8189973, 22.8142706 ] ] } },
{ "type": "Feature", "properties": { "name": "", "cls": "residential", "max_depth": 1.840999960899353, "flooded_km": 0.13327917186430782 }, "geometry": { "type": "LineString", "coordinates": [ [ 70.8197854, 22.814067 ], [ 70.8194636, 22.8139928 ], [ 70.8191525, 22.8139285 ], [ 70.8187985, 22.8138296 ], [ 70.8187342, 22.8138198 ], [ 70.8182329, 22.8138308 ] ] } },
{ "type": "Feature", "properties": { "name": "", "cls": "residential", "max_depth": 1.1310000419616699, "flooded_km": 0.011824396657722698 }, "geometry": { "type": "LineString", "coordinates": [ [ 70.8191525, 22.8139285 ], [ 70.819233, 22.813617 ] ] } },
{ "type": "Feature", "properties": { "name": "", "cls": "residential", "max_depth": 1.3140000104904175, "flooded_km": 0.040128715497790145 }, "geometry": { "type": "LineString", "coordinates": [ [ 70.8197854, 22.814067 ], [ 70.8196566, 22.814659 ] ] } },
{ "type": "Feature", "properties": { "name": "", "cls": "residential", "max_depth": 3.5769999027252197, "flooded_km": 0.29917556565094611 }, "geometry": { "type": "LineString", "coordinates": [ [ 70.8194636, 22.8139928 ], [ 70.8196084, 22.8133401 ], [ 70.8198444, 22.8126083 ], [ 70.819898, 22.8125589 ], [ 70.8201018, 22.8125885 ], [ 70.8202305, 22.8121435 ], [ 70.8204289, 22.8111447 ], [ 70.8205201, 22.8108111 ] ] } },
{ "type": "Feature", "properties": { "name": "", "cls": "residential", "max_depth": 1.9279999732971191, "flooded_km": 0.058660373537057393 }, "geometry": { "type": "LineString", "coordinates": [ [ 70.819733, 22.815293 ], [ 70.8199111, 22.8147897 ] ] } },
{ "type": "Feature", "properties": { "name": "", "cls": "residential", "max_depth": 2.1170001029968262, "flooded_km": 0.070749431053502246 }, "geometry": { "type": "LineString", "coordinates": [ [ 70.8200817, 22.8160152 ], [ 70.8207507, 22.8161685 ] ] } },
{ "type": "Feature", "properties": { "name": "", "cls": "residential", "max_depth": 1.5140000581741333, "flooded_km": 0.033421948018537033 }, "geometry": { "type": "LineString", "coordinates": [ [ 70.8197854, 22.814067 ], [ 70.8200893, 22.8141752 ] ] } },
{ "type": "Feature", "properties": { "name": "", "cls": "residential", "max_depth": 2.9249999523162842, "flooded_km": 0.16477717159276584 }, "geometry": { "type": "LineString", "coordinates": [ [ 70.8202439, 22.8045396 ], [ 70.8201788, 22.8046049 ], [ 70.8201671, 22.804618 ], [ 70.8197755, 22.8050232 ], [ 70.819577, 22.8052803 ], [ 70.819577, 22.8053644 ], [ 70.819481, 22.805529 ], [ 70.8190137, 22.806022 ] ] } },
{ "type": "Feature", "properties": { "name": "", "cls": "residential", "max_depth": 1.9620000123977661, "flooded_km": 0.10625729293025529 }, "geometry": { "type": "LineString", "coordinates": [ [ 70.8139892, 22.8060988 ], [ 70.8145546, 22.8061379 ], [ 70.8150211, 22.8061721 ] ] } },
{ "type": "Feature", "properties": { "name": "", "cls": "residential", "max_depth": 1.4670000076293945, "flooded_km": 0.20508687619716948 }, "geometry": { "type": "LineString", "coordinates": [ [ 70.814225, 22.8046299 ], [ 70.8141604, 22.8049173 ], [ 70.8140855, 22.8052655 ], [ 70.8139889, 22.805755 ], [ 70.8140216, 22.8057706 ], [ 70.8143781, 22.8057955 ], [ 70.8150285, 22.8058403 ] ] } },
{ "type": "Feature", "properties": { "name": "", "cls": "residential", "max_depth": 2.247999906539917, "flooded_km": 0.33533859443393099 }, "geometry": { "type": "LineString", "coordinates": [ [ 70.8144448, 22.8051067 ], [ 70.8152318, 22.8052853 ], [ 70.8154142, 22.8052754 ], [ 70.8152103, 22.8048007 ], [ 70.8150709, 22.8044052 ], [ 70.8147329, 22.8035201 ], [ 70.8145988, 22.803258 ], [ 70.8144379, 22.8029454 ] ] } },
{ "type": "Feature", "properties": { "name": "", "cls": "residential", "max_depth": 0.52100002765655518, "flooded_km": 0.044112267456648056 }, "geometry": { "type": "LineString", "coordinates": [ [ 70.814225, 22.8046299 ], [ 70.8151275, 22.8047904 ], [ 70.8152103, 22.8048007 ] ] } },
{ "type": "Feature", "properties": { "name": "", "cls": "residential", "max_depth": 1.0390000343322754, "flooded_km": 0.13011030247104691 }, "geometry": { "type": "LineString", "coordinates": [ [ 70.8142815, 22.8043363 ], [ 70.8144325, 22.8043705 ], [ 70.8146288, 22.8043918 ], [ 70.8148777, 22.8044101 ], [ 70.8150709, 22.8044052 ], [ 70.8156395, 22.8043755 ], [ 70.8160955, 22.8044595 ] ] } },
{ "type": "Feature", "properties": { "name": "", "cls": "residential", "max_depth": 1.2769999504089355, "flooded_km": 0.10074786479125909 }, "geometry": { "type": "LineString", "coordinates": [ [ 70.814225, 22.8046299 ], [ 70.8142815, 22.8043363 ], [ 70.814376, 22.8037376 ], [ 70.8144647, 22.8036288 ] ] } },
{ "type": "Feature", "properties": { "name": "", "cls": "residential", "max_depth": 2.9309999942779541, "flooded_km": 0.067465464099646391 }, "geometry": { "type": "LineString", "coordinates": [ [ 70.8144647, 22.8036288 ], [ 70.8142555, 22.8030513 ] ] } },
{ "type": "Feature", "properties": { "name": "", "cls": "residential", "max_depth": 1.1080000400543213, "flooded_km": 0.072956902518078209 }, "geometry": { "type": "LineString", "coordinates": [ [ 70.810655, 22.8017747 ], [ 70.810761, 22.8017976 ], [ 70.811482, 22.8019575 ], [ 70.8121901, 22.8021356 ], [ 70.8132791, 22.802363 ] ] } },
{ "type": "Feature", "properties": { "name": "", "cls": "residential", "max_depth": 2.2230000495910645, "flooded_km": 0.087975830029928204 }, "geometry": { "type": "LineString", "coordinates": [ [ 70.8117127, 22.8013444 ], [ 70.8118683, 22.8013939 ], [ 70.8119273, 22.8013939 ], [ 70.8123403, 22.8014928 ], [ 70.8144325, 22.8019378 ], [ 70.815044, 22.8020812 ] ] } },
{ "type": "Feature", "properties": { "name": "", "cls": "residential", "max_depth": 2.377000093460083, "flooded_km": 0.20213514166049248 }, "geometry": { "type": "LineString", "coordinates": [ [ 70.8143896, 22.8015768 ], [ 70.814513, 22.801651 ], [ 70.8147007, 22.8016757 ], [ 70.8155161, 22.8018785 ], [ 70.8156684, 22.8019942 ], [ 70.8158219, 22.8021108 ], [ 70.8158219, 22.8021142 ], [ 70.8159935, 22.8022295 ], [ 70.8155912, 22.8029811 ], [ 70.8155268, 22.8030701 ] ] } },
{ "type": "Feature", "properties": { "name": "", "cls": "residential", "max_depth": 1.7669999599456787, "flooded_km": 0.063619334029092103 }, "geometry": { "type": "LineString", "coordinates": [ [ 70.815956, 22.8056809 ], [ 70.8162073, 22.8063297 ] ] } },
{ "type": "Feature", "properties": { "name": "", "cls": "residential", "max_depth": 1.6160000562667847, "flooded_km": 0.29635484127250195 }, "geometry": { "type": "LineString", "coordinates": [ [ 70.815956, 22.8056809 ], [ 70.8158165, 22.8053644 ], [ 70.8158863, 22.8051716 ], [ 70.8158755, 22.8051122 ], [ 70.8159184, 22.8049342 ], [ 70.8160955, 22.8044595 ], [ 70.8160901, 22.8041777 ], [ 70.8164066, 22.8037772 ], [ 70.8164495, 22.8037475 ], [ 70.8165997, 22.8035596 ], [ 70.8166909, 22.8033915 ], [ 70.8168626, 22.8031739 ] ] } },
{ "type": "Feature", "properties": { "name": "", "cls": "residential", "max_depth": 1.0420000553131104, "flooded_km": 0.057231372873756528 }, "geometry": { "type": "LineString", "coordinates": [ [ 70.8169162, 22.8045733 ], [ 70.816648, 22.80487 ], [ 70.8164602, 22.8050974 ], [ 70.815956, 22.8056809 ] ] } },
{ "type": "Feature", "properties": { "name": "", "cls": "residential", "max_depth": 0.9179999828338623, "flooded_km": 0.07270011352176467 }, "geometry": { "type": "LineString", "coordinates": [ [ 70.8161974, 22.8049194 ], [ 70.8162779, 22.804959 ], [ 70.8164602, 22.8050974 ], [ 70.8169652, 22.8054979 ] ] } },
{ "type": "Feature", "properties": { "name": "", "cls": "residential", "max_depth": 2.2260000705718994, "flooded_km": 0.35023742598581925 }, "geometry": { "type": "LineString", "coordinates": [ [ 70.8182144, 22.8035646 ], [ 70.8179516, 22.8033965 ], [ 70.8178067, 22.8032629 ], [ 70.8176994, 22.8032382 ], [ 70.8173937, 22.8035646 ], [ 70.8170825, 22.8039404 ], [ 70.8168733, 22.8041629 ], [ 70.8166748, 22.8043804 ], [ 70.8161974, 22.8049194 ], [ 70.8159989, 22.8051221 ], [ 70.8159453, 22.8051567 ], [ 70.8158863, 22.8051716 ] ] } },
{ "type": "Feature", "properties": { "name": "", "cls": "residential", "max_depth": 2.3959999084472656, "flooded_km": 0.11053002861512613 }, "geometry": { "type": "LineString", "coordinates": [ [ 70.8131981, 22.7981824 ], [ 70.8128851, 22.7984681 ], [ 70.8125954, 22.7986214 ], [ 70.8124452, 22.798656 ], [ 70.8124828, 22.7987896 ] ] } },
{ "type": "Feature", "properties": { "name": "", "cls": "residential", "max_depth": 1.6820000410079956, "flooded_km": 0.071536135556333688 }, "geometry": { "type": "LineString", "coordinates": [ [ 70.8123403, 22.800845 ], [ 70.8124208, 22.8004939 ], [ 70.8124423, 22.8004247 ], [ 70.8124691, 22.8000984 ], [ 70.8124828, 22.7987896 ] ] } },
{ "type": "Feature", "properties": { "name": "", "cls": "residential", "max_depth": 0.7369999885559082, "flooded_km": 0.014765865537734865 }, "geometry": { "type": "LineString", "coordinates": [ [ 70.8124208, 22.8004939 ], [ 70.8129519, 22.8006522 ], [ 70.8130216, 22.8005137 ], [ 70.813027, 22.8001231 ], [ 70.8124691, 22.8000984 ], [ 70.8122491, 22.8000737 ], [ 70.812233, 22.8000094 ], [ 70.8122599, 22.798793 ] ] } },
{ "type": "Feature", "properties": { "name": "", "cls": "residential", "max_depth": 4.3610000610351562, "flooded_km": 0.47215274442418248 }, "geometry": { "type": "LineString", "coordinates": [ [ 70.8143891, 22.7994351 ], [ 70.8145666, 22.7992434 ], [ 70.814588, 22.7991791 ], [ 70.8148885, 22.7987142 ], [ 70.8154249, 22.7981653 ], [ 70.8161598, 22.7986054 ], [ 70.8167231, 22.7989121 ], [ 70.8172273, 22.7992434 ], [ 70.8178442, 22.7996934 ], [ 70.8178979, 22.7997132 ], [ 70.8180588, 22.799827 ], [ 70.8185899, 22.8002275 ] ] } },
{ "type": "Feature", "properties": { "name": "", "cls": "residential", "max_depth": 2.5950000286102295, "flooded_km": 0.11332058693880753 }, "geometry": { "type": "LineString", "coordinates": [ [ 70.8143896, 22.8015768 ], [ 70.8146256, 22.8009785 ], [ 70.8147007, 22.8008648 ], [ 70.8147275, 22.8008697 ], [ 70.8148724, 22.8009736 ], [ 70.8153596, 22.800627 ] ] } },
{ "type": "Feature", "properties": { "name": "", "cls": "residential", "max_depth": 2.4460000991821289, "flooded_km": 0.11043347850262811 }, "geometry": { "type": "LineString", "coordinates": [ [ 70.8148885, 22.7987142 ], [ 70.814808, 22.7986397 ], [ 70.8146041, 22.798165 ], [ 70.8144915, 22.7980315 ], [ 70.8143466, 22.7978684 ] ] } },
{ "type": "Feature", "properties": { "name": "", "cls": "residential", "max_depth": 2.7980000972747803, "flooded_km": 0.89882552573214458 }, "geometry": { "type": "LineString", "coordinates": [ [ 70.8124382, 22.7860006 ], [ 70.8125323, 22.7862989 ], [ 70.8124262, 22.7874423 ], [ 70.8124101, 22.7877055 ], [ 70.8122921, 22.7880022 ], [ 70.8120239, 22.7884276 ], [ 70.8119273, 22.7886452 ], [ 70.8119273, 22.7889221 ], [ 70.8118093, 22.7896244 ], [ 70.8118093, 22.7899113 ], [ 70.8120346, 22.7906135 ], [ 70.812179, 22.7908552 ], [ 70.8124054, 22.7912775 ], [ 70.8123946, 22.7915838 ], [ 70.8124047, 22.7917021 ], [ 70.8124319, 22.7917823 ], [ 70.812818, 22.792402 ], [ 70.8129272, 22.793205 ], [ 70.8127963, 22.7942831 ], [ 70.8128027, 22.7950547 ], [ 70.8128488, 22.7952513 ], [ 70.8129357, 22.7956222 ], [ 70.812916, 22.7958244 ], [ 70.8128252, 22.7963138 ], [ 70.8128082, 22.7968853 ], [ 70.8128339, 22.7972503 ], [ 70.8128311, 22.7972822 ], [ 70.8128069, 22.7973259 ], [ 70.812679, 22.7974777 ] ] } },
{ "type": "Feature", "properties": { "name": "", "cls": "residential", "max_depth": 0.71799999475479126, "flooded_km": 0.17438223669650557 }, "geometry": { "type": "LineString", "coordinates": [ [ 70.8079657, 22.7969215 ], [ 70.8092343, 22.7973294 ], [ 70.8092826, 22.7973739 ], [ 70.8092826, 22.7974728 ], [ 70.8092182, 22.7976755 ], [ 70.8092182, 22.7977348 ], [ 70.8100283, 22.7980167 ], [ 70.8108911, 22.7980511 ] ] } },
{ "type": "Feature", "properties": { "name": "", "cls": "residential", "max_depth": 0.88999998569488525, "flooded_km": 0.087852135917252494 }, "geometry": { "type": "LineString", "coordinates": [ [ 70.807507, 22.7977942 ], [ 70.8076465, 22.7975024 ], [ 70.807684, 22.7974678 ], [ 70.8077967, 22.7972404 ], [ 70.8079657, 22.7969215 ], [ 70.8081025, 22.7965865 ], [ 70.8081393, 22.796469 ] ] } },
{ "type": "Feature", "properties": { "name": "", "cls": "residential", "max_depth": 2.0940001010894775, "flooded_km": 0.17343769553370725 }, "geometry": { "type": "LineString", "coordinates": [ [ 70.821307, 22.8113375 ], [ 70.8210844, 22.8123265 ], [ 70.820961, 22.8128704 ] ] } },
{ "type": "Feature", "properties": { "name": "", "cls": "residential", "max_depth": 2.1949999332427979, "flooded_km": 0.093183186579505278 }, "geometry": { "type": "LineString", "coordinates": [ [ 70.821307, 22.8113375 ], [ 70.8212721, 22.8113474 ], [ 70.8210141, 22.811288 ], [ 70.8207196, 22.8112139 ], [ 70.8204289, 22.8111447 ] ] } },
{ "type": "Feature", "properties": { "name": "", "cls": "residential", "max_depth": 1.3849999904632568, "flooded_km": 0.090380641455690192 }, "geometry": { "type": "LineString", "coordinates": [ [ 70.8210844, 22.8123265 ], [ 70.8207785, 22.812277 ], [ 70.8207776, 22.8122721 ], [ 70.8205157, 22.8122078 ], [ 70.8202305, 22.8121435 ] ] } },
{ "type": "Feature", "properties": { "name": "", "cls": "residential", "max_depth": 2.1840000152587891, "flooded_km": 0.17080344858292507 }, "geometry": { "type": "LineString", "coordinates": [ [ 70.8207196, 22.8112139 ], [ 70.8205157, 22.8122078 ], [ 70.8203977, 22.812727 ] ] } },
{ "type": "Feature", "properties": { "name": "", "cls": "residential", "max_depth": 1.7680000066757202, "flooded_km": 0.038718115422762531 }, "geometry": { "type": "LineString", "coordinates": [ [ 70.8216745, 22.8126726 ], [ 70.8213098, 22.8125836 ] ] } },
{ "type": "Feature", "properties": { "name": "", "cls": "residential", "max_depth": 1.3849999904632568, "flooded_km": 0.029542446939689177 }, "geometry": { "type": "LineString", "coordinates": [ [ 70.8210844, 22.8123265 ], [ 70.8213623, 22.8123957 ] ] } },
{ "type": "Feature", "properties": { "name": "", "cls": "residential", "max_depth": 2.1840000152587891, "flooded_km": 0.039538933424973381 }, "geometry": { "type": "LineString", "coordinates": [ [ 70.8207196, 22.8112139 ], [ 70.820784, 22.8108619 ] ] } },
{ "type": "Feature", "properties": { "name": "", "cls": "residential", "max_depth": 1.3259999752044678, "flooded_km": 0.088954592968120791 }, "geometry": { "type": "LineString", "coordinates": [ [ 70.8198935, 22.8112831 ], [ 70.8200168, 22.8107442 ], [ 70.81999, 22.8106997 ], [ 70.8198559, 22.8106304 ], [ 70.8197915, 22.8106304 ], [ 70.8197272, 22.8106304 ], [ 70.8197004, 22.8106304 ], [ 70.8196843, 22.8106403 ], [ 70.8196574, 22.8106947 ], [ 70.8196199, 22.8108529 ], [ 70.8195179, 22.8111842 ] ] } },
{ "type": "Feature", "properties": { "name": "", "cls": "residential", "max_depth": 0.99299997091293335, "flooded_km": 0.083484335806592425 }, "geometry": { "type": "LineString", "coordinates": [ [ 70.8198559, 22.8106304 ], [ 70.8198864, 22.8104301 ], [ 70.8197057, 22.8104079 ], [ 70.8195984, 22.8103733 ], [ 70.8190405, 22.8102645 ] ] } },
{ "type": "Feature", "properties": { "name": "", "cls": "residential", "max_depth": 2.0940001010894775, "flooded_km": 0.026340974343485639 }, "geometry": { "type": "LineString", "coordinates": [ [ 70.821307, 22.8113375 ], [ 70.8215598, 22.8113781 ] ] } },
{ "type": "Feature", "properties": { "name": "", "cls": "residential", "max_depth": 1.1339999437332153, "flooded_km": 0.056887992126392832 }, "geometry": { "type": "LineString", "coordinates": [ [ 70.8199447, 22.8102299 ], [ 70.8189976, 22.8100371 ] ] } },
{ "type": "Feature", "properties": { "name": "", "cls": "residential", "max_depth": 2.0940001010894775, "flooded_km": 0.073252166569435243 }, "geometry": { "type": "LineString", "coordinates": [ [ 70.8206606, 22.8100618 ], [ 70.8200549, 22.8098516 ], [ 70.8197057, 22.8098096 ] ] } },
{ "type": "Feature", "properties": { "name": "", "cls": "residential", "max_depth": 2.4270000457763672, "flooded_km": 0.10946965413185858 }, "geometry": { "type": "LineString", "coordinates": [ [ 70.8166855, 22.8142747 ], [ 70.8170663, 22.8133514 ] ] } },
{ "type": "Feature", "properties": { "name": "", "cls": "residential", "max_depth": 4.2020001411437988, "flooded_km": 0.3876745676429918 }, "geometry": { "type": "LineString", "coordinates": [ [ 70.8243084, 22.8120526 ], [ 70.824303, 22.8122339 ], [ 70.8242869, 22.8126294 ], [ 70.8242655, 22.8130514 ], [ 70.8242387, 22.8136026 ], [ 70.8242387, 22.8136082 ], [ 70.8241904, 22.8142532 ], [ 70.8241366, 22.8149199 ], [ 70.8241067, 22.8155478 ] ] } },
{ "type": "Feature", "properties": { "name": "", "cls": "residential", "max_depth": 2.497999906539917, "flooded_km": 0.079850531782973397 }, "geometry": { "type": "LineString", "coordinates": [ [ 70.8231373, 22.8135972 ], [ 70.823915, 22.8135876 ] ] } },
{ "type": "Feature", "properties": { "name": "", "cls": "residential", "max_depth": 4.7839999198913574, "flooded_km": 0.080322416154064463 }, "geometry": { "type": "LineString", "coordinates": [ [ 70.8233787, 22.8149323 ], [ 70.8231642, 22.8156298 ] ] } },
{ "type": "Feature", "properties": { "name": "", "cls": "residential", "max_depth": 4.2340002059936523, "flooded_km": 0.079598923312298911 }, "geometry": { "type": "LineString", "coordinates": [ [ 70.8228585, 22.8148136 ], [ 70.8226493, 22.8155057 ] ] } },
{ "type": "Feature", "properties": { "name": "", "cls": "residential", "max_depth": 4.320000171661377, "flooded_km": 0.17816979107396577 }, "geometry": { "type": "LineString", "coordinates": [ [ 70.8221183, 22.8153778 ], [ 70.8221291, 22.8153279 ], [ 70.8223382, 22.81469 ], [ 70.8225434, 22.8136825 ] ] } },
{ "type": "Feature", "properties": { "name": "", "cls": "residential", "max_depth": 4.320000171661377, "flooded_km": 0.15989333350159537 }, "geometry": { "type": "LineString", "coordinates": [ [ 70.8223382, 22.81469 ], [ 70.8228209, 22.8147939 ], [ 70.8228585, 22.8148136 ], [ 70.8233787, 22.8149323 ], [ 70.8238397, 22.8150658 ] ] } },
{ "type": "Feature", "properties": { "name": "", "cls": "residential", "max_depth": 2.8829998970031738, "flooded_km": 0.047435725759756818 }, "geometry": { "type": "LineString", "coordinates": [ [ 70.8217416, 22.8143291 ], [ 70.8212833, 22.8142747 ] ] } },
{ "type": "Feature", "properties": { "name": "", "cls": "residential", "max_depth": 2.5179998874664307, "flooded_km": 0.17905880456704668 }, "geometry": { "type": "LineString", "coordinates": [ [ 70.8217107, 22.8152796 ], [ 70.8216142, 22.8158224 ], [ 70.8214909, 22.8163762 ], [ 70.8214265, 22.816658 ], [ 70.8216139, 22.8167816 ] ] } },
{ "type": "Feature", "properties": { "name": "", "cls": "residential", "max_depth": 3.2209999561309814, "flooded_km": 0.081865716734500202 }, "geometry": { "type": "LineString", "coordinates": [ [ 70.8214909, 22.8163762 ], [ 70.8222256, 22.8165344 ], [ 70.8222631, 22.8165542 ] ] } },
{ "type": "Feature", "properties": { "name": "", "cls": "residential", "max_depth": 3.3910000324249268, "flooded_km": 0.11287849986014571 }, "geometry": { "type": "LineString", "coordinates": [ [ 70.8216142, 22.8158224 ], [ 70.8220862, 22.8159212 ], [ 70.8226934, 22.8160152 ] ] } },
{ "type": "Feature", "properties": { "name": "", "cls": "residential", "max_depth": 3.3959999084472656, "flooded_km": 0.10836425305837415 }, "geometry": { "type": "LineString", "coordinates": [ [ 70.8253956, 22.8170434 ], [ 70.8250756, 22.8170472 ], [ 70.8246933, 22.8170415 ], [ 70.8243402, 22.8170359 ] ] } },
{ "type": "Feature", "properties": { "name": "", "cls": "residential", "max_depth": 3.6480000019073486, "flooded_km": 0.07014797099323121 }, "geometry": { "type": "LineString", "coordinates": [ [ 70.8231018, 22.8175785 ], [ 70.8229993, 22.8175587 ], [ 70.8227418, 22.8175192 ], [ 70.8224273, 22.8174783 ] ] } },
{ "type": "Feature", "properties": { "name": "", "cls": "residential", "max_depth": 4.2630000114440918, "flooded_km": 0.13673722309656791 }, "geometry": { "type": "LineString", "coordinates": [ [ 70.8261537, 22.8149214 ], [ 70.8261269, 22.8155201 ], [ 70.8261001, 22.8161551 ] ] } },
{ "type": "Feature", "properties": { "name": "", "cls": "residential", "max_depth": 5.8179998397827148, "flooded_km": 0.21681837709481175 }, "geometry": { "type": "LineString", "coordinates": [ [ 70.8259124, 22.8179948 ], [ 70.8259231, 22.8178317 ], [ 70.8258963, 22.8175253 ], [ 70.8258963, 22.8171892 ], [ 70.8258373, 22.8162797 ], [ 70.8258212, 22.8162203 ], [ 70.825762, 22.8161815 ], [ 70.8257608, 22.8160702 ] ] } },
{ "type": "Feature", "properties": { "name": "", "cls": "residential", "max_depth": 4.2369999885559082, "flooded_km": 0.061102948954579177 }, "geometry": { "type": "LineString", "coordinates": [ [ 70.8249993, 22.8178359 ], [ 70.8250541, 22.8183853 ] ] } },
{ "type": "Feature", "properties": { "name": "", "cls": "residential", "max_depth": 4.6869997978210449, "flooded_km": 0.061251559271789636 }, "geometry": { "type": "LineString", "coordinates": [ [ 70.8242905, 22.8178574 ], [ 70.8242655, 22.81841 ] ] } },
{ "type": "Feature", "properties": { "name": "", "cls": "residential", "max_depth": 3.7009999752044678, "flooded_km": 0.14238778598884191 }, "geometry": { "type": "LineString", "coordinates": [ [ 70.8220119, 22.8198034 ], [ 70.822028, 22.8197737 ], [ 70.822087, 22.8193139 ], [ 70.8221956, 22.8185309 ] ] } },
{ "type": "Feature", "properties": { "name": "", "cls": "residential", "max_depth": 3.3190000057220459, "flooded_km": 0.1074412349256141 }, "geometry": { "type": "LineString", "coordinates": [ [ 70.8220119, 22.8198034 ], [ 70.8215504, 22.8198726 ], [ 70.8214914, 22.8204066 ] ] } },
{ "type": "Feature", "properties": { "name": "", "cls": "residential", "max_depth": 4.5749998092651367, "flooded_km": 0.27963351886105414 }, "geometry": { "type": "LineString", "coordinates": [ [ 70.8280256, 22.8143025 ], [ 70.8280258, 22.8149118 ], [ 70.8280044, 22.8155641 ], [ 70.8279561, 22.8161895 ], [ 70.8279346, 22.8168253 ] ] } },
{ "type": "Feature", "properties": { "name": "", "cls": "residential", "max_depth": 4.3429999351501465, "flooded_km": 0.44373953291608187 }, "geometry": { "type": "LineString", "coordinates": [ [ 70.8272641, 22.8161715 ], [ 70.8273231, 22.8155175 ], [ 70.8273499, 22.8149181 ], [ 70.8273875, 22.814301 ], [ 70.8274197, 22.8136626 ], [ 70.8274197, 22.8136596 ], [ 70.8274465, 22.8130276 ], [ 70.8274834, 22.8121703 ] ] } },
{ "type": "Feature", "properties": { "name": "", "cls": "residential", "max_depth": 4.1840000152587891, "flooded_km": 0.13506832720764625 }, "geometry": { "type": "LineString", "coordinates": [ [ 70.8270633, 22.8142986 ], [ 70.8270549, 22.8149189 ], [ 70.8270442, 22.8155181 ] ] } },
{ "type": "Feature", "properties": { "name": "", "cls": "residential", "max_depth": 3.9519999027252197, "flooded_km": 0.041727233944708779 }, "geometry": { "type": "LineString", "coordinates": [ [ 70.8296532, 22.8158817 ], [ 70.8296407, 22.8158817 ], [ 70.8292469, 22.8158915 ] ] } },
{ "type": "Feature", "properties": { "name": "", "cls": "residential", "max_depth": 3.5969998836517334, "flooded_km": 0.042259139281803339 }, "geometry": { "type": "LineString", "coordinates": [ [ 70.8303482, 22.8158619 ], [ 70.8307576, 22.8158223 ] ] } },
{ "type": "Feature", "properties": { "name": "", "cls": "residential", "max_depth": 4.1659998893737793, "flooded_km": 0.10276821473936297 }, "geometry": { "type": "LineString", "coordinates": [ [ 70.8305956, 22.8153704 ], [ 70.8305956, 22.8149718 ], [ 70.8303621, 22.8149718 ], [ 70.8303596, 22.8149669 ], [ 70.8300484, 22.8149768 ], [ 70.8300288, 22.8149817 ] ] } },
{ "type": "Feature", "properties": { "name": "", "cls": "residential", "max_depth": 3.1150000095367432, "flooded_km": 0.044176912370855428 }, "geometry": { "type": "LineString", "coordinates": [ [ 70.8292198, 22.8149867 ], [ 70.8296501, 22.8149867 ] ] } },
{ "type": "Feature", "properties": { "name": "", "cls": "residential", "max_depth": 4.1350002288818359, "flooded_km": 0.044026372740650577 }, "geometry": { "type": "LineString", "coordinates": [ [ 70.8292131, 22.8147691 ], [ 70.8296418, 22.8147592 ] ] } },
{ "type": "Feature", "properties": { "name": "", "cls": "residential", "max_depth": 4.7960000038146973, "flooded_km": 0.043533627497661785 }, "geometry": { "type": "LineString", "coordinates": [ [ 70.8292067, 22.8145614 ], [ 70.8296302, 22.8145417 ] ] } },
{ "type": "Feature", "properties": { "name": "", "cls": "residential", "max_depth": 4.8010001182556152, "flooded_km": 0.043184158360234509 }, "geometry": { "type": "LineString", "coordinates": [ [ 70.8291996, 22.814329 ], [ 70.8296199, 22.8143136 ] ] } },
{ "type": "Feature", "properties": { "name": "", "cls": "residential", "max_depth": 4.7399997711181641, "flooded_km": 0.042558933351531714 }, "geometry": { "type": "LineString", "coordinates": [ [ 70.8291948, 22.8141016 ], [ 70.8296092, 22.8140917 ] ] } },
{ "type": "Feature", "properties": { "name": "", "cls": "residential", "max_depth": 4.6279997825622559, "flooded_km": 0.043018462557223858 }, "geometry": { "type": "LineString", "coordinates": [ [ 70.8296071, 22.8138479 ], [ 70.8291917, 22.8138988 ] ] } },
{ "type": "Feature", "properties": { "name": "", "cls": "residential", "max_depth": 5.1230001449584961, "flooded_km": 0.13879200869921404 }, "geometry": { "type": "LineString", "coordinates": [ [ 70.8303706, 22.8123123 ], [ 70.8303059, 22.8123808 ], [ 70.8299572, 22.8127418 ], [ 70.829453, 22.8132324 ] ] } },
{ "type": "Feature", "properties": { "name": "", "cls": "residential", "max_depth": 5.1810002326965332, "flooded_km": 0.03835336754608118 }, "geometry": { "type": "LineString", "coordinates": [ [ 70.8294369, 22.8132435 ], [ 70.8294262, 22.8132659 ], [ 70.8291855, 22.8134978 ] ] } },
{ "type": "Feature", "properties": { "name": "", "cls": "residential", "max_depth": 3.7049999237060547, "flooded_km": 0.051300522642914501 }, "geometry": { "type": "LineString", "coordinates": [ [ 70.8299572, 22.8127418 ], [ 70.8300592, 22.812816 ], [ 70.8303113, 22.8130671 ] ] } },
{ "type": "Feature", "properties": { "name": "", "cls": "residential", "max_depth": 5.1230001449584961, "flooded_km": 0.0020599278682586898 }, "geometry": { "type": "LineString", "coordinates": [ [ 70.8294369, 22.8132435 ], [ 70.829453, 22.8132324 ] ] } },
{ "type": "Feature", "properties": { "name": "", "cls": "residential", "max_depth": 4.8159999847412109, "flooded_km": 0.086718867797299398 }, "geometry": { "type": "LineString", "coordinates": [ [ 70.8315343, 22.8119015 ], [ 70.8314055, 22.8115997 ], [ 70.8312339, 22.8111697 ] ] } },
{ "type": "Feature", "properties": { "name": "", "cls": "residential", "max_depth": 5.3979997634887695, "flooded_km": 0.34311845877904568 }, "geometry": { "type": "LineString", "coordinates": [ [ 70.8342004, 22.8156629 ], [ 70.8343882, 22.8157877 ], [ 70.8345985, 22.8159268 ], [ 70.834703, 22.8159855 ], [ 70.8351016, 22.816119 ], [ 70.8354986, 22.8164404 ], [ 70.8354986, 22.8165837 ], [ 70.8351231, 22.8166975 ], [ 70.8349031, 22.8167024 ], [ 70.8348173, 22.8167815 ], [ 70.8347851, 22.8170881 ], [ 70.8345866, 22.8173353 ], [ 70.8345652, 22.8175422 ] ] } },
{ "type": "Feature", "properties": { "name": "", "cls": "residential", "max_depth": 3.6960000991821289, "flooded_km": 0.089813479975903845 }, "geometry": { "type": "LineString", "coordinates": [ [ 70.8363944, 22.8165541 ], [ 70.8363944, 22.8164305 ], [ 70.8363354, 22.8161586 ], [ 70.8363086, 22.8160992 ], [ 70.8361862, 22.8157727 ] ] } },
{ "type": "Feature", "properties": { "name": "", "cls": "residential", "max_depth": 9.5129995346069336, "flooded_km": 0.41684401343046079 }, "geometry": { "type": "LineString", "coordinates": [ [ 70.8333421, 22.8448554 ], [ 70.8339161, 22.8449049 ], [ 70.8342004, 22.8450185 ], [ 70.8347377, 22.8451372 ], [ 70.8357238, 22.8452508 ], [ 70.8358526, 22.8453892 ], [ 70.8358419, 22.8454387 ], [ 70.835638, 22.8461356 ], [ 70.8353215, 22.8466249 ], [ 70.8352089, 22.8467089 ], [ 70.8350372, 22.8470104 ], [ 70.8350211, 22.8474058 ], [ 70.8349943, 22.8475837 ], [ 70.8349192, 22.847994 ], [ 70.8348763, 22.8482757 ], [ 70.8348226, 22.8483795 ] ] } },
{ "type": "Feature", "properties": { "name": "", "cls": "residential", "max_depth": 5.0980000495910645, "flooded_km": 0.17472896240647248 }, "geometry": { "type": "LineString", "coordinates": [ [ 70.8342602, 22.8480934 ], [ 70.8340556, 22.8480785 ], [ 70.8337015, 22.8482318 ], [ 70.8333528, 22.8482763 ], [ 70.8327681, 22.8481922 ], [ 70.832516, 22.848034 ] ] } },
{ "type": "Feature", "properties": { "name": "", "cls": "residential", "max_depth": 0.39100000262260437, "flooded_km": 0.089071390529066596 }, "geometry": { "type": "LineString", "coordinates": [ [ 70.8342245, 22.8483251 ], [ 70.8345866, 22.8483548 ], [ 70.8346778, 22.8479495 ], [ 70.8347422, 22.8475442 ], [ 70.8347583, 22.8473613 ], [ 70.8348119, 22.8469659 ] ] } },
{ "type": "Feature", "properties": { "name": "", "cls": "residential", "max_depth": 1.6210000514984131, "flooded_km": 0.05075432449063743 }, "geometry": { "type": "LineString", "coordinates": [ [ 70.8350372, 22.8470104 ], [ 70.8348119, 22.8469659 ], [ 70.8344391, 22.8468671 ] ] } },
{ "type": "Feature", "properties": { "name": "", "cls": "residential", "max_depth": 0.66399997472763062, "flooded_km": 0.026794280396839291 }, "geometry": { "type": "LineString", "coordinates": [ [ 70.8347422, 22.8475442 ], [ 70.8349943, 22.8475837 ], [ 70.8352572, 22.8476237 ] ] } },
{ "type": "Feature", "properties": { "name": "", "cls": "residential", "max_depth": 0.98400002717971802, "flooded_km": 0.17997036340959047 }, "geometry": { "type": "LineString", "coordinates": [ [ 70.8343813, 22.8472924 ], [ 70.8347583, 22.8473613 ], [ 70.8350211, 22.8474058 ], [ 70.8352732, 22.8474408 ], [ 70.8352572, 22.8476237 ], [ 70.8351499, 22.848217 ] ] } },
{ "type": "Feature", "properties": { "name": "", "cls": "residential", "max_depth": 6.2129998207092285, "flooded_km": 0.15384957400317056 }, "geometry": { "type": "LineString", "coordinates": [ [ 70.8304896, 22.8090874 ], [ 70.8305955, 22.8094339 ], [ 70.8306009, 22.809434 ], [ 70.8307403, 22.8098041 ], [ 70.8307457, 22.8098048 ], [ 70.8308852, 22.8101312 ], [ 70.830971, 22.8103954 ] ] } },
{ "type": "Feature", "properties": { "name": "", "cls": "residential", "max_depth": 7.0120000839233398, "flooded_km": 0.045414200960209442 }, "geometry": { "type": "LineString", "coordinates": [ [ 70.8325103, 22.8121336 ], [ 70.8329184, 22.8119754 ] ] } },
{ "type": "Feature", "properties": { "name": "", "cls": "residential", "max_depth": 3.3629999160766602, "flooded_km": 0.084304672402511868 }, "geometry": { "type": "LineString", "coordinates": [ [ 70.8273675, 22.8197963 ], [ 70.8272052, 22.8197397 ], [ 70.8272052, 22.8195024 ], [ 70.8272588, 22.819453 ], [ 70.8275685, 22.8193938 ] ] } },
{ "type": "Feature", "properties": { "name": "", "cls": "unclassified", "max_depth": 3.3989999294281006, "flooded_km": 0.1847811392263177 }, "geometry": { "type": "LineString", "coordinates": [ [ 70.8270604, 22.8178492 ], [ 70.8270282, 22.8184348 ], [ 70.8270711, 22.8184743 ], [ 70.8275938, 22.8185162 ], [ 70.8281752, 22.8185453 ] ] } },
{ "type": "Feature", "properties": { "name": "", "cls": "residential", "max_depth": 3.3499999046325684, "flooded_km": 0.060868728933433237 }, "geometry": { "type": "LineString", "coordinates": [ [ 70.8269155, 22.8174956 ], [ 70.8275083, 22.8175055 ] ] } },
{ "type": "Feature", "properties": { "name": "", "cls": "residential", "max_depth": 3.9449999332427979, "flooded_km": 0.13370899197238856 }, "geometry": { "type": "LineString", "coordinates": [ [ 70.8275159, 22.817293 ], [ 70.8272159, 22.817293 ], [ 70.8269048, 22.8172979 ], [ 70.8267921, 22.817288 ], [ 70.826776, 22.8172732 ], [ 70.8267707, 22.8172386 ], [ 70.8267707, 22.8171694 ], [ 70.826776, 22.8171002 ], [ 70.8267707, 22.8170359 ], [ 70.8267707, 22.8169667 ], [ 70.8267814, 22.8169321 ], [ 70.8269101, 22.8168087 ] ] } },
{ "type": "Feature", "properties": { "name": "", "cls": "residential", "max_depth": 2.687000036239624, "flooded_km": 0.076669237213179559 }, "geometry": { "type": "LineString", "coordinates": [ [ 70.826776, 22.8171002 ], [ 70.8275228, 22.8171002 ] ] } },
{ "type": "Feature", "properties": { "name": "", "cls": "residential", "max_depth": 5.3410000801086426, "flooded_km": 0.089518496631453864 }, "geometry": { "type": "LineString", "coordinates": [ [ 70.8293124, 22.8181772 ], [ 70.8296674, 22.8177704 ], [ 70.8296782, 22.8175528 ], [ 70.8296674, 22.8174863 ] ] } },
{ "type": "Feature", "properties": { "name": "", "cls": "residential", "max_depth": 3.3629999160766602, "flooded_km": 0.074142687446644068 }, "geometry": { "type": "LineString", "coordinates": [ [ 70.8288681, 22.8191301 ], [ 70.8291363, 22.8190955 ], [ 70.8293187, 22.8190806 ], [ 70.8295868, 22.8190708 ] ] } },
{ "type": "Feature", "properties": { "name": "", "cls": "residential", "max_depth": 3.1099998950958252, "flooded_km": 0.058379860019960358 }, "geometry": { "type": "LineString", "coordinates": [ [ 70.8300919, 22.819266 ], [ 70.8301341, 22.8187403 ] ] } },
{ "type": "Feature", "properties": { "name": "", "cls": "residential", "max_depth": 3.6549999713897705, "flooded_km": 0.055562941136537113 }, "geometry": { "type": "LineString", "coordinates": [ [ 70.8292626, 22.8202475 ], [ 70.8294102, 22.8197648 ] ] } },
{ "type": "Feature", "properties": { "name": "", "cls": "residential", "max_depth": 2.9849998950958252, "flooded_km": 0.051175258214072351 }, "geometry": { "type": "LineString", "coordinates": [ [ 70.8270891, 22.8209372 ], [ 70.8275773, 22.8208438 ] ] } },
{ "type": "Feature", "properties": { "name": "", "cls": "residential", "max_depth": 3.2990000247955322, "flooded_km": 0.03455892585523504 }, "geometry": { "type": "LineString", "coordinates": [ [ 70.8313519, 22.8181657 ], [ 70.831368, 22.8184774 ] ] } },
{ "type": "Feature", "properties": { "name": "", "cls": "residential", "max_depth": 2.6019999980926514, "flooded_km": 0.061734322206772226 }, "geometry": { "type": "LineString", "coordinates": [ [ 70.8217007, 22.821697 ], [ 70.8213787, 22.8216921 ], [ 70.8210996, 22.8216822 ] ] } },
{ "type": "Feature", "properties": { "name": "", "cls": "residential", "max_depth": 4.4759998321533203, "flooded_km": 0.095321466834153198 }, "geometry": { "type": "LineString", "coordinates": [ [ 70.8213626, 22.8220233 ], [ 70.8213787, 22.8216921 ], [ 70.8213894, 22.821163 ] ] } },
{ "type": "Feature", "properties": { "name": "", "cls": "residential", "max_depth": 2.059999942779541, "flooded_km": 0.027398618946425129 }, "geometry": { "type": "LineString", "coordinates": [ [ 70.8217007, 22.821697 ], [ 70.8216899, 22.8219442 ] ] } },
{ "type": "Feature", "properties": { "name": "", "cls": "residential", "max_depth": 2.6070001125335693, "flooded_km": 0.038490624602707448 }, "geometry": { "type": "LineString", "coordinates": [ [ 70.8233213, 22.8220922 ], [ 70.8230853, 22.8220724 ], [ 70.822951, 22.8220431 ] ] } },
{ "type": "Feature", "properties": { "name": "", "cls": "residential", "max_depth": 3.130000114440918, "flooded_km": 0.035043957226946185 }, "geometry": { "type": "LineString", "coordinates": [ [ 70.8217007, 22.821697 ], [ 70.821706, 22.8213806 ] ] } },
{ "type": "Feature", "properties": { "name": "", "cls": "residential", "max_depth": 4.0279998779296875, "flooded_km": 0.11825833714498579 }, "geometry": { "type": "LineString", "coordinates": [ [ 70.8223607, 22.8204412 ], [ 70.8215289, 22.8204214 ], [ 70.8214914, 22.8204066 ], [ 70.8212123, 22.8204066 ] ] } },
{ "type": "Feature", "properties": { "name": "", "cls": "residential", "max_depth": 3.7569999694824219, "flooded_km": 0.023570007139520809 }, "geometry": { "type": "LineString", "coordinates": [ [ 70.8220226, 22.820016 ], [ 70.8220119, 22.8198034 ] ] } },
{ "type": "Feature", "properties": { "name": "", "cls": "residential", "max_depth": 2.1600000858306885, "flooded_km": 0.039251310945904117 }, "geometry": { "type": "LineString", "coordinates": [ [ 70.8224895, 22.822409 ], [ 70.8221085, 22.8223793 ] ] } },
{ "type": "Feature", "properties": { "name": "", "cls": "residential", "max_depth": 0.7070000171661377, "flooded_km": 0.014552544910365721 }, "geometry": { "type": "LineString", "coordinates": [ [ 70.8193785, 22.8408906 ], [ 70.8201348, 22.8412515 ] ] } },
{ "type": "Feature", "properties": { "name": "", "cls": "residential", "max_depth": 1.3769999742507935, "flooded_km": 0.10083746630394996 }, "geometry": { "type": "LineString", "coordinates": [ [ 70.8198826, 22.8376627 ], [ 70.8195931, 22.8378782 ], [ 70.8196709, 22.838038 ], [ 70.819409, 22.8383446 ] ] } },
{ "type": "Feature", "properties": { "name": "", "cls": "unclassified", "max_depth": 4.1040000915527344, "flooded_km": 0.37875423670202407 }, "geometry": { "type": "LineString", "coordinates": [ [ 70.8282771, 22.8238627 ], [ 70.8283363, 22.823913 ], [ 70.8297676, 22.823231 ], [ 70.829876, 22.8231793 ], [ 70.8300852, 22.8231097 ], [ 70.8302537, 22.8229758 ], [ 70.8303699, 22.8227616 ], [ 70.8304803, 22.8225795 ], [ 70.8304879, 22.8225539 ], [ 70.8305515, 22.8223397 ], [ 70.8306314, 22.8220707 ], [ 70.8306082, 22.8218619 ], [ 70.8305559, 22.8218297 ], [ 70.8305633, 22.8217654 ], [ 70.8305204, 22.8214737 ], [ 70.8304345, 22.8213838 ] ] } },
{ "type": "Feature", "properties": { "name": "", "cls": "residential", "max_depth": 7.2420001029968262, "flooded_km": 0.27987075548958751 }, "geometry": { "type": "LineString", "coordinates": [ [ 70.8336465, 22.8514108 ], [ 70.833149, 22.8512724 ], [ 70.8330095, 22.8512724 ], [ 70.8328325, 22.8513317 ], [ 70.8327735, 22.8513663 ], [ 70.8325536, 22.8516037 ], [ 70.8324141, 22.8515987 ], [ 70.8311535, 22.8511982 ] ] } },
{ "type": "Feature", "properties": { "name": "", "cls": "residential", "max_depth": 0.30399999022483826, "flooded_km": 0.011950196060472923 }, "geometry": { "type": "LineString", "coordinates": [ [ 70.8464705, 22.8319882 ], [ 70.8465646, 22.8317908 ] ] } },
{ "type": "Feature", "properties": { "name": "", "cls": "residential", "max_depth": 0.53100001811981201, "flooded_km": 0.013320602923748755 }, "geometry": { "type": "LineString", "coordinates": [ [ 70.8460868, 22.8285757 ], [ 70.846495, 22.8287245 ], [ 70.8466131, 22.8287676 ], [ 70.8468499, 22.8288539 ], [ 70.8468731, 22.8288523 ], [ 70.8468902, 22.8288512 ], [ 70.847059, 22.8289026 ] ] } },
{ "type": "Feature", "properties": { "name": "", "cls": "residential", "max_depth": 0.39100000262260437, "flooded_km": 0.027161947966979114 }, "geometry": { "type": "LineString", "coordinates": [ [ 70.8459109, 22.8288994 ], [ 70.8464598, 22.8291044 ], [ 70.8467316, 22.8292059 ], [ 70.8468926, 22.829266 ] ] } },
{ "type": "Feature", "properties": { "name": "", "cls": "residential", "max_depth": 0.53100001811981201, "flooded_km": 0.013922404927936559 }, "geometry": { "type": "LineString", "coordinates": [ [ 70.8467316, 22.8292059 ], [ 70.8468731, 22.8288523 ] ] } },
{ "type": "Feature", "properties": { "name": "", "cls": "residential", "max_depth": 0.79199999570846558, "flooded_km": 0.03819376283787447 }, "geometry": { "type": "LineString", "coordinates": [ [ 70.8461582, 22.8296655 ], [ 70.846229, 22.8296593 ], [ 70.8463727, 22.8294142 ] ] } },
{ "type": "Feature", "properties": { "name": "", "cls": "residential", "max_depth": 0.78299999237060547, "flooded_km": 0.051539557915292848 }, "geometry": { "type": "LineString", "coordinates": [ [ 70.8460666, 22.8292857 ], [ 70.8463727, 22.8294142 ], [ 70.8467447, 22.829589 ] ] } },
{ "type": "Feature", "properties": { "name": "", "cls": "residential", "max_depth": 0.85699999332427979, "flooded_km": 0.058312309462335683 }, "geometry": { "type": "LineString", "coordinates": [ [ 70.8461328, 22.8301269 ], [ 70.8462764, 22.829809 ], [ 70.8465866, 22.829934 ] ] } },
{ "type": "Feature", "properties": { "name": "", "cls": "residential", "max_depth": 1.5850000381469727, "flooded_km": 0.26154334630261028 }, "geometry": { "type": "LineString", "coordinates": [ [ 70.8461328, 22.8301269 ], [ 70.8459631, 22.8304362 ], [ 70.8456782, 22.8310085 ], [ 70.845161, 22.831989 ], [ 70.8445476, 22.8332052 ] ] } },
{ "type": "Feature", "properties": { "name": "", "cls": "residential", "max_depth": 1.5049999952316284, "flooded_km": 0.13260826398443978 }, "geometry": { "type": "LineString", "coordinates": [ [ 70.8463472, 22.834034 ], [ 70.8452713, 22.8335362 ], [ 70.8446331, 22.8332443 ], [ 70.8445476, 22.8332052 ] ] } },
{ "type": "Feature", "properties": { "name": "", "cls": "residential", "max_depth": 1.0210000276565552, "flooded_km": 0.029300609585039959 }, "geometry": { "type": "LineString", "coordinates": [ [ 70.844278, 22.8303615 ], [ 70.8456782, 22.8310085 ], [ 70.8457549, 22.8310451 ], [ 70.8464443, 22.831374 ] ] } },
{ "type": "Feature", "properties": { "name": "", "cls": "residential", "max_depth": 0.83600002527236938, "flooded_km": 0.069507606559611079 }, "geometry": { "type": "LineString", "coordinates": [ [ 70.844278, 22.8303615 ], [ 70.8442898, 22.8302372 ], [ 70.8444555, 22.829888 ], [ 70.8445384, 22.8295236 ] ] } },
{ "type": "Feature", "properties": { "name": "", "cls": "residential", "max_depth": 0.49900001287460327, "flooded_km": 0.041262345511256918 }, "geometry": { "type": "LineString", "coordinates": [ [ 70.8447089, 22.8299993 ], [ 70.8459631, 22.8304362 ] ] } },
{ "type": "Feature", "properties": { "name": "", "cls": "residential", "max_depth": 1.684999942779541, "flooded_km": 0.3998261459788503 }, "geometry": { "type": "LineString", "coordinates": [ [ 70.8452713, 22.8335362 ], [ 70.8459092, 22.8322971 ], [ 70.8452485, 22.832025 ], [ 70.845161, 22.831989 ], [ 70.8439246, 22.8314365 ], [ 70.843593, 22.8312914 ] ] } },
{ "type": "Feature", "properties": { "name": "", "cls": "residential", "max_depth": 1.7960000038146973, "flooded_km": 0.15081552276378979 }, "geometry": { "type": "LineString", "coordinates": [ [ 70.8433025, 22.8326702 ], [ 70.8439246, 22.8314365 ] ] } },
{ "type": "Feature", "properties": { "name": "", "cls": "residential", "max_depth": 0.82800000905990601, "flooded_km": 0.010700567532284733 }, "geometry": { "type": "LineString", "coordinates": [ [ 70.8463978, 22.8324978 ], [ 70.8465017, 22.8322244 ] ] } },
{ "type": "Feature", "properties": { "name": "", "cls": "residential", "max_depth": 0.82800000905990601, "flooded_km": 0.01463522435562963 }, "geometry": { "type": "LineString", "coordinates": [ [ 70.8463978, 22.8324978 ], [ 70.8475368, 22.8328079 ], [ 70.8476072, 22.8325966 ] ] } },
{ "type": "Feature", "properties": { "name": "", "cls": "tertiary", "max_depth": 9.7440004348754883, "flooded_km": 0.73457641215255443 }, "geometry": { "type": "LineString", "coordinates": [ [ 70.8341761, 22.8524374 ], [ 70.834374, 22.8526554 ], [ 70.8345345, 22.8528496 ], [ 70.8346283, 22.8530884 ], [ 70.8346864, 22.8533972 ], [ 70.8347132, 22.8536072 ], [ 70.8347939, 22.8536156 ], [ 70.8350707, 22.8536443 ], [ 70.8354117, 22.8536578 ], [ 70.8354862, 22.8536608 ], [ 70.8359114, 22.8536878 ], [ 70.8363933, 22.8537184 ], [ 70.8369071, 22.853809 ], [ 70.8377338, 22.8539861 ], [ 70.8383772, 22.8540766 ], [ 70.8388776, 22.8542331 ], [ 70.8393781, 22.8544225 ], [ 70.8397936, 22.8545131 ], [ 70.840656, 22.8547107 ], [ 70.8409822, 22.8548672 ], [ 70.842001, 22.8551966 ], [ 70.8425997, 22.8553984 ], [ 70.8430644, 22.8556413 ], [ 70.8439357, 22.8560942 ], [ 70.8448696, 22.8565018 ], [ 70.8461967, 22.8572512 ], [ 70.846858, 22.8575888 ] ] } },
{ "type": "Feature", "properties": { "name": "", "cls": "tertiary", "max_depth": 10.376999855041504, "flooded_km": 0.068133724611648031 }, "geometry": { "type": "LineString", "coordinates": [ [ 70.8337699, 22.8519508 ], [ 70.8341761, 22.8524374 ] ] } },
{ "type": "Feature", "properties": { "name": "", "cls": "residential", "max_depth": 0.79900002479553223, "flooded_km": 0.014310589881760026 }, "geometry": { "type": "LineString", "coordinates": [ [ 70.8346038, 22.856759 ], [ 70.8346722, 22.8565906 ], [ 70.8348233, 22.8562187 ], [ 70.8350284, 22.8557137 ], [ 70.8351441, 22.8554287 ] ] } },
{ "type": "Feature", "properties": { "name": "", "cls": "residential", "max_depth": 0.82200002670288086, "flooded_km": 0.040300632545050945 }, "geometry": { "type": "LineString", "coordinates": [ [ 70.8350335, 22.8568978 ], [ 70.8352245, 22.8563722 ], [ 70.8353259, 22.8560931 ] ] } },
{ "type": "Feature", "properties": { "name": "", "cls": "residential", "max_depth": 0.68000000715255737, "flooded_km": 0.044584297614950155 }, "geometry": { "type": "LineString", "coordinates": [ [ 70.8352797, 22.8569773 ], [ 70.8354399, 22.8564474 ], [ 70.8355307, 22.8561471 ], [ 70.8355286, 22.8559815 ], [ 70.8355596, 22.8558546 ], [ 70.8356311, 22.8555624 ], [ 70.8356916, 22.8553151 ], [ 70.835677, 22.8551726 ], [ 70.8357205, 22.8548974 ], [ 70.8357792, 22.854525 ], [ 70.8359114, 22.8536878 ] ] } },
{ "type": "Feature", "properties": { "name": "", "cls": "residential", "max_depth": 0.72600001096725464, "flooded_km": 0.044125705199439431 }, "geometry": { "type": "LineString", "coordinates": [ [ 70.8346954, 22.8539992 ], [ 70.8350567, 22.8540435 ], [ 70.8349032, 22.8548304 ], [ 70.8348089, 22.8549313 ], [ 70.8347928, 22.8549484 ], [ 70.8346711, 22.8552509 ], [ 70.8346672, 22.8552606 ], [ 70.8345491, 22.8555381 ], [ 70.8343383, 22.8560333 ], [ 70.8341771, 22.8564119 ], [ 70.8341018, 22.8565889 ] ] } },
{ "type": "Feature", "properties": { "name": "", "cls": "residential", "max_depth": 0.72299998998641968, "flooded_km": 0.028510701391400942 }, "geometry": { "type": "LineString", "coordinates": [ [ 70.8335877, 22.8564188 ], [ 70.8336735, 22.8562404 ], [ 70.8338591, 22.8558543 ], [ 70.8338882, 22.8557937 ], [ 70.834095, 22.85536 ] ] } },
{ "type": "Feature", "properties": { "name": "", "cls": "residential", "max_depth": 0.38299998641014099, "flooded_km": 0.028744413123155548 }, "geometry": { "type": "LineString", "coordinates": [ [ 70.8340508, 22.8553433 ], [ 70.8341686, 22.8550619 ], [ 70.8346711, 22.8552509 ], [ 70.8351441, 22.8554287 ], [ 70.8356311, 22.8555624 ], [ 70.8358383, 22.8556125 ] ] } },
{ "type": "Feature", "properties": { "name": "", "cls": "residential", "max_depth": 1.6820000410079956, "flooded_km": 0.039756020337581258 }, "geometry": { "type": "LineString", "coordinates": [ [ 70.8339634, 22.8546489 ], [ 70.8341432, 22.8547462 ], [ 70.8342752, 22.8547941 ], [ 70.8348089, 22.8549313 ] ] } },
{ "type": "Feature", "properties": { "name": "", "cls": "residential", "max_depth": 0.44200000166893005, "flooded_km": 0.029957796700030705 }, "geometry": { "type": "LineString", "coordinates": [ [ 70.8335545, 22.8557423 ], [ 70.8338591, 22.8558543 ], [ 70.8343383, 22.8560333 ], [ 70.8348233, 22.8562187 ], [ 70.8352245, 22.8563722 ], [ 70.8354399, 22.8564474 ], [ 70.8357266, 22.856535 ] ] } },
{ "type": "Feature", "properties": { "name": "", "cls": "residential", "max_depth": 0.53799998760223389, "flooded_km": 0.013699754192300635 }, "geometry": { "type": "LineString", "coordinates": [ [ 70.8336735, 22.8562404 ], [ 70.8341771, 22.8564119 ], [ 70.8346722, 22.8565906 ] ] } },
{ "type": "Feature", "properties": { "name": "", "cls": "residential", "max_depth": 1.5349999666213989, "flooded_km": 0.013701284838535917 }, "geometry": { "type": "LineString", "coordinates": [ [ 70.8333457, 22.8550032 ], [ 70.8332183, 22.8549639 ], [ 70.8327569, 22.8549347 ], [ 70.8327296, 22.8546778 ], [ 70.8326333, 22.854389 ] ] } },
{ "type": "Feature", "properties": { "name": "", "cls": "residential", "max_depth": 2.5750000476837158, "flooded_km": 0.20293511837441913 }, "geometry": { "type": "LineString", "coordinates": [ [ 70.8328122, 22.8556718 ], [ 70.8324263, 22.8555692 ], [ 70.832192, 22.8555944 ], [ 70.8320971, 22.8555308 ], [ 70.8320583, 22.8554606 ], [ 70.8320296, 22.8553467 ], [ 70.831985, 22.8552023 ], [ 70.831998, 22.8551536 ], [ 70.8320555, 22.8549387 ], [ 70.8320807, 22.8549171 ], [ 70.8320943, 22.8549056 ], [ 70.8321187, 22.8548804 ], [ 70.8322624, 22.8544685 ] ] } },
{ "type": "Feature", "properties": { "name": "", "cls": "residential", "max_depth": 0.35699999332427979, "flooded_km": 0.014884466675204036 }, "geometry": { "type": "LineString", "coordinates": [ [ 70.8327569, 22.8549347 ], [ 70.832744, 22.8551414 ], [ 70.8329438, 22.8551679 ], [ 70.8329193, 22.8553096 ] ] } },
{ "type": "Feature", "properties": { "name": "", "cls": "residential", "max_depth": 3.2960000038146973, "flooded_km": 0.065509868733590285 }, "geometry": { "type": "LineString", "coordinates": [ [ 70.8318413, 22.8548447 ], [ 70.8320807, 22.8549171 ], [ 70.8322337, 22.8549732 ], [ 70.8323976, 22.8550195 ], [ 70.8325758, 22.8550222 ] ] } },
{ "type": "Feature", "properties": { "name": "", "cls": "residential", "max_depth": 2.2279999256134033, "flooded_km": 0.023072482411973697 }, "geometry": { "type": "LineString", "coordinates": [ [ 70.8317766, 22.8551175 ], [ 70.831998, 22.8551536 ] ] } },
{ "type": "Feature", "properties": { "name": "", "cls": "residential", "max_depth": 1.5520000457763672, "flooded_km": 0.10773653404007118 }, "geometry": { "type": "LineString", "coordinates": [ [ 70.8434665, 22.8339461 ], [ 70.8435707, 22.8337342 ], [ 70.8439561, 22.8329502 ] ] } },
{ "type": "Feature", "properties": { "name": "", "cls": "residential", "max_depth": 1.5169999599456787, "flooded_km": 0.081311072383161528 }, "geometry": { "type": "LineString", "coordinates": [ [ 70.8432359, 22.8335852 ], [ 70.8436363, 22.8328132 ] ] } },
{ "type": "Feature", "properties": { "name": "", "cls": "residential", "max_depth": 1.0880000591278076, "flooded_km": 0.025416030214185682 }, "geometry": { "type": "LineString", "coordinates": [ [ 70.8432359, 22.8335852 ], [ 70.8435707, 22.8337342 ] ] } },
{ "type": "Feature", "properties": { "name": "", "cls": "residential", "max_depth": 5.7470002174377441, "flooded_km": 0.13284713047652236 }, "geometry": { "type": "LineString", "coordinates": [ [ 70.8428666, 22.8251753 ], [ 70.8441386, 22.8253959 ] ] } },
{ "type": "Feature", "properties": { "name": "", "cls": "residential", "max_depth": 4.5060000419616699, "flooded_km": 0.22124972991777056 }, "geometry": { "type": "LineString", "coordinates": [ [ 70.8456781, 22.8227474 ], [ 70.8456123, 22.8226835 ], [ 70.84571, 22.8223125 ], [ 70.8457, 22.8222874 ], [ 70.8449281, 22.822041 ], [ 70.8448771, 22.8220312 ], [ 70.8441419, 22.8218912 ] ] } },
{ "type": "Feature", "properties": { "name": "", "cls": "residential", "max_depth": 7.0409998893737793, "flooded_km": 0.61543314965392959 }, "geometry": { "type": "LineString", "coordinates": [ [ 70.8439322, 22.8229917 ], [ 70.8440451, 22.8224234 ], [ 70.8441419, 22.8218912 ], [ 70.8443112, 22.8209561 ], [ 70.844461, 22.8201292 ], [ 70.8444944, 22.8200271 ], [ 70.8445383, 22.8199886 ], [ 70.8446052, 22.8199559 ], [ 70.8447368, 22.8199443 ], [ 70.8449249, 22.8199578 ], [ 70.8450106, 22.8200117 ], [ 70.8450294, 22.8200849 ], [ 70.8449567, 22.8210136 ], [ 70.8448771, 22.8220312 ] ] } },
{ "type": "Feature", "properties": { "name": "", "cls": "residential", "max_depth": 7.0409998893737793, "flooded_km": 0.066573331963508842 }, "geometry": { "type": "LineString", "coordinates": [ [ 70.8443112, 22.8209561 ], [ 70.8449567, 22.8210136 ] ] } },
{ "type": "Feature", "properties": { "name": "", "cls": "residential", "max_depth": 1.2589999437332153, "flooded_km": 0.089680983802622377 }, "geometry": { "type": "LineString", "coordinates": [ [ 70.8460946, 22.8221126 ], [ 70.8472714, 22.8231196 ] ] } },
{ "type": "Feature", "properties": { "name": "", "cls": "residential", "max_depth": 1.156999945640564, "flooded_km": 0.11982839413855861 }, "geometry": { "type": "LineString", "coordinates": [ [ 70.8479558, 22.8176502 ], [ 70.8479515, 22.8165682 ] ] } },
{ "type": "Feature", "properties": { "name": "", "cls": "residential", "max_depth": 11.656000137329102, "flooded_km": 0.30121729742698816 }, "geometry": { "type": "LineString", "coordinates": [ [ 70.8454917, 22.8184553 ], [ 70.8454871, 22.8182151 ], [ 70.8445591, 22.8180687 ], [ 70.8445027, 22.817955 ], [ 70.8445376, 22.8177424 ], [ 70.8446771, 22.8165779 ], [ 70.8447415, 22.8165038 ] ] } },
{ "type": "Feature", "properties": { "name": "", "cls": "service", "max_depth": 1.6890000104904175, "flooded_km": 0.058072389769971158 }, "geometry": { "type": "LineString", "coordinates": [ [ 70.8483583, 22.8131994 ], [ 70.8490959, 22.8132353 ], [ 70.8493468, 22.8132475 ] ] } },
{ "type": "Feature", "properties": { "name": "", "cls": "service", "max_depth": 3.3970000743865967, "flooded_km": 0.12791514980409438 }, "geometry": { "type": "LineString", "coordinates": [ [ 70.8504146, 22.8127557 ], [ 70.8510939, 22.812789 ], [ 70.852021, 22.8128372 ], [ 70.8522785, 22.8128471 ], [ 70.8524869, 22.8128232 ] ] } },
{ "type": "Feature", "properties": { "name": "", "cls": "service", "max_depth": 2.9289999008178711, "flooded_km": 0.05839535317464959 }, "geometry": { "type": "LineString", "coordinates": [ [ 70.8482914, 22.8121533 ], [ 70.8491567, 22.8121807 ], [ 70.8495539, 22.8121932 ], [ 70.8495704, 22.8121938 ] ] } },
{ "type": "Feature", "properties": { "name": "", "cls": "service", "max_depth": 1.343999981880188, "flooded_km": 0.071064789540072046 }, "geometry": { "type": "LineString", "coordinates": [ [ 70.8479515, 22.8165682 ], [ 70.8481703, 22.8165612 ], [ 70.8485914, 22.8164965 ], [ 70.8494019, 22.8161858 ] ] } },
{ "type": "Feature", "properties": { "name": "", "cls": "residential", "max_depth": 3.5690000057220459, "flooded_km": 0.69813141430581227 }, "geometry": { "type": "LineString", "coordinates": [ [ 70.8501974, 22.806988 ], [ 70.8503689, 22.8072114 ], [ 70.8504298, 22.8072907 ], [ 70.8507693, 22.8074948 ], [ 70.8509439, 22.8075482 ], [ 70.8511087, 22.8075985 ], [ 70.8511387, 22.807609 ], [ 70.851343, 22.8076802 ], [ 70.8514038, 22.8077329 ], [ 70.851402, 22.8078553 ], [ 70.8513319, 22.8080475 ], [ 70.8513111, 22.8081979 ], [ 70.8513061, 22.8082345 ], [ 70.8513743, 22.8083706 ], [ 70.8514095, 22.8083968 ], [ 70.8515905, 22.8085318 ], [ 70.8518282, 22.8087091 ], [ 70.851769, 22.809174 ], [ 70.8517792, 22.8093129 ], [ 70.8517832, 22.8093682 ], [ 70.8518329, 22.8096454 ], [ 70.8518093, 22.8103525 ], [ 70.851863, 22.8104301 ], [ 70.8520177, 22.8106539 ], [ 70.8522062, 22.8109266 ], [ 70.8523334, 22.8114742 ], [ 70.8523814, 22.8118721 ], [ 70.8524185, 22.8121837 ], [ 70.8524294, 22.8122751 ], [ 70.8524515, 22.8127206 ], [ 70.8524869, 22.8128232 ], [ 70.8529105, 22.8130439 ], [ 70.8531372, 22.8131621 ], [ 70.8544286, 22.8141676 ], [ 70.8544436, 22.8141803 ], [ 70.8547657, 22.814454 ] ] } },
{ "type": "Feature", "properties": { "name": "", "cls": "residential", "max_depth": 1.156999945640564, "flooded_km": 0.11347120197290511 }, "geometry": { "type": "LineString", "coordinates": [ [ 70.8529105, 22.8130439 ], [ 70.8529884, 22.8127732 ], [ 70.8530492, 22.8125618 ], [ 70.8531132, 22.8123395 ], [ 70.8531726, 22.8121333 ], [ 70.8532343, 22.8119187 ], [ 70.8534131, 22.8112973 ], [ 70.8535159, 22.8109402 ] ] } },
{ "type": "Feature", "properties": { "name": "", "cls": "residential", "max_depth": 0.47200000286102295, "flooded_km": 0.02773238353966468 }, "geometry": { "type": "LineString", "coordinates": [ [ 70.8510441, 22.8096527 ], [ 70.8511124, 22.8090831 ], [ 70.8511221, 22.8089872 ], [ 70.8511714, 22.8085032 ], [ 70.8512028, 22.8083059 ], [ 70.8513111, 22.8081979 ] ] } },
{ "type": "Feature", "properties": { "name": "", "cls": "residential", "max_depth": 0.66699999570846558, "flooded_km": 0.028531538399170976 }, "geometry": { "type": "LineString", "coordinates": [ [ 70.8524185, 22.8121837 ], [ 70.8531132, 22.8123395 ], [ 70.853631, 22.8124672 ] ] } },
{ "type": "Feature", "properties": { "name": "", "cls": "residential", "max_depth": 0.66699999570846558, "flooded_km": 0.013558796944174435 }, "geometry": { "type": "LineString", "coordinates": [ [ 70.8526185, 22.8120087 ], [ 70.8528412, 22.8120588 ], [ 70.8531726, 22.8121333 ], [ 70.8536411, 22.8122543 ] ] } },
{ "type": "Feature", "properties": { "name": "", "cls": "residential", "max_depth": 0.66699999570846558, "flooded_km": 0.012361837267525324 }, "geometry": { "type": "LineString", "coordinates": [ [ 70.8526185, 22.8120087 ], [ 70.8526781, 22.8117924 ] ] } },
{ "type": "Feature", "properties": { "name": "", "cls": "residential", "max_depth": 0.90399998426437378, "flooded_km": 0.014471211823195581 }, "geometry": { "type": "LineString", "coordinates": [ [ 70.8558257, 22.8080295 ], [ 70.8564013, 22.808305 ], [ 70.8567186, 22.8085346 ], [ 70.8569188, 22.8086807 ], [ 70.8570904, 22.8088124 ], [ 70.8572673, 22.8089273 ], [ 70.8574505, 22.8090679 ], [ 70.8576684, 22.8092211 ] ] } },
{ "type": "Feature", "properties": { "name": "", "cls": "residential", "max_depth": 2.3369998931884766, "flooded_km": 0.16424510456864472 }, "geometry": { "type": "LineString", "coordinates": [ [ 70.8520177, 22.8106539 ], [ 70.8523692, 22.8107202 ], [ 70.8526509, 22.8107832 ], [ 70.8529489, 22.8109303 ], [ 70.8532143, 22.8110999 ], [ 70.8534131, 22.8112973 ] ] } },
{ "type": "Feature", "properties": { "name": "", "cls": "residential", "max_depth": 1.8980000019073486, "flooded_km": 0.093645670389649396 }, "geometry": { "type": "LineString", "coordinates": [ [ 70.850762, 22.8083768 ], [ 70.8509439, 22.8075482 ] ] } },
{ "type": "Feature", "properties": { "name": "", "cls": "residential", "max_depth": 1.0959999561309814, "flooded_km": 0.05797645966343095 }, "geometry": { "type": "LineString", "coordinates": [ [ 70.8509688, 22.8083783 ], [ 70.8511387, 22.807609 ] ] } },
{ "type": "Feature", "properties": { "name": "", "cls": "residential", "max_depth": 2.3829998970031738, "flooded_km": 0.11953752587586665 }, "geometry": { "type": "LineString", "coordinates": [ [ 70.8505145, 22.808536 ], [ 70.8506285, 22.8080676 ], [ 70.8506041, 22.8080016 ], [ 70.8507693, 22.8074948 ] ] } },
{ "type": "Feature", "properties": { "name": "", "cls": "residential", "max_depth": 3.9430000782012939, "flooded_km": 0.099180992283665864 }, "geometry": { "type": "LineString", "coordinates": [ [ 70.8501384, 22.8080811 ], [ 70.8503689, 22.8072114 ] ] } },
{ "type": "Feature", "properties": { "name": "", "cls": "residential", "max_depth": 2.5150001049041748, "flooded_km": 0.14660472215140341 }, "geometry": { "type": "LineString", "coordinates": [ [ 70.8610223, 22.7983755 ], [ 70.8612361, 22.798409 ], [ 70.8619598, 22.7985222 ], [ 70.8621488, 22.7985517 ], [ 70.8624302, 22.7985957 ] ] } },
{ "type": "Feature", "properties": { "name": "", "cls": "residential", "max_depth": 5.5430002212524414, "flooded_km": 0.20894081757469479 }, "geometry": { "type": "LineString", "coordinates": [ [ 70.8611219, 22.7990254 ], [ 70.8611418, 22.7989177 ], [ 70.8611618, 22.7988102 ], [ 70.8612009, 22.7985988 ], [ 70.8612361, 22.798409 ], [ 70.8613048, 22.7981709 ], [ 70.8613638, 22.7979661 ], [ 70.8614061, 22.7978193 ], [ 70.8611613, 22.7977878 ], [ 70.8607144, 22.7977095 ] ] } },
{ "type": "Feature", "properties": { "name": "", "cls": "residential", "max_depth": 6.7909998893737793, "flooded_km": 0.13487037340012892 }, "geometry": { "type": "LineString", "coordinates": [ [ 70.8600477, 22.7979388 ], [ 70.8602483, 22.7979696 ], [ 70.8602274, 22.7980755 ], [ 70.8607896, 22.7981834 ], [ 70.8607583, 22.7983183 ], [ 70.8610223, 22.7983755 ] ] } },
{ "type": "Feature", "properties": { "name": "", "cls": "residential", "max_depth": 1.3930000066757202, "flooded_km": 0.049821979281739627 }, "geometry": { "type": "LineString", "coordinates": [ [ 70.8613048, 22.7981709 ], [ 70.8617787, 22.7982675 ] ] } },
{ "type": "Feature", "properties": { "name": "", "cls": "residential", "max_depth": 1.8930000066757202, "flooded_km": 0.048440249700386122 }, "geometry": { "type": "LineString", "coordinates": [ [ 70.8613638, 22.7979661 ], [ 70.8617414, 22.7980369 ], [ 70.8618262, 22.7980528 ] ] } },
{ "type": "Feature", "properties": { "name": "", "cls": "residential", "max_depth": 1.9859999418258667, "flooded_km": 0.17446833927367458 }, "geometry": { "type": "LineString", "coordinates": [ [ 70.8617414, 22.7980369 ], [ 70.8618204, 22.7977799 ], [ 70.8618303, 22.7977399 ], [ 70.8618649, 22.7975993 ], [ 70.8619498, 22.7972552 ], [ 70.862001, 22.79716 ], [ 70.8620317, 22.7971028 ], [ 70.862037, 22.7970755 ], [ 70.8620727, 22.7968906 ], [ 70.8620993, 22.796753 ], [ 70.8621309, 22.7965105 ] ] } },
{ "type": "Feature", "properties": { "name": "", "cls": "residential", "max_depth": 3.4800000190734863, "flooded_km": 0.07214847539563303 }, "geometry": { "type": "LineString", "coordinates": [ [ 70.8611219, 22.7990254 ], [ 70.8618114, 22.7991509 ] ] } },
{ "type": "Feature", "properties": { "name": "", "cls": "residential", "max_depth": 3.246999979019165, "flooded_km": 0.080325923837490459 }, "geometry": { "type": "LineString", "coordinates": [ [ 70.8611618, 22.7988102 ], [ 70.8619319, 22.7989378 ] ] } },
{ "type": "Feature", "properties": { "name": "", "cls": "residential", "max_depth": 2.5150001049041748, "flooded_km": 0.093584897698916883 }, "geometry": { "type": "LineString", "coordinates": [ [ 70.8612009, 22.7985988 ], [ 70.8619232, 22.7987257 ], [ 70.8619737, 22.7987346 ], [ 70.8620964, 22.7987561 ] ] } },
{ "type": "Feature", "properties": { "name": "", "cls": "residential", "max_depth": 3.246999979019165, "flooded_km": 0.022909401754007484 }, "geometry": { "type": "LineString", "coordinates": [ [ 70.8619319, 22.7989378 ], [ 70.8619737, 22.7987346 ] ] } },
{ "type": "Feature", "properties": { "name": "", "cls": "residential", "max_depth": 2.4059998989105225, "flooded_km": 0.022848172126692611 }, "geometry": { "type": "LineString", "coordinates": [ [ 70.8619232, 22.7987257 ], [ 70.8619598, 22.7985222 ] ] } },
{ "type": "Feature", "properties": { "name": "", "cls": "residential", "max_depth": 4.8979997634887695, "flooded_km": 0.048757262814800174 }, "geometry": { "type": "LineString", "coordinates": [ [ 70.8606924, 22.7987755 ], [ 70.8611418, 22.7989177 ] ] } },
{ "type": "Feature", "properties": { "name": "", "cls": "residential", "max_depth": 2.4300000667572021, "flooded_km": 0.14177502358454161 }, "geometry": { "type": "LineString", "coordinates": [ [ 70.862001, 22.79716 ], [ 70.8622276, 22.7971991 ], [ 70.862302, 22.7972119 ], [ 70.8625686, 22.797258 ], [ 70.8627494, 22.7972189 ], [ 70.8630473, 22.7970866 ], [ 70.8630604, 22.7970808 ], [ 70.8632672, 22.7969157 ] ] } },
{ "type": "Feature", "properties": { "name": "", "cls": "residential", "max_depth": 1.7450000047683716, "flooded_km": 0.051501296825979176 }, "geometry": { "type": "LineString", "coordinates": [ [ 70.8630473, 22.7970866 ], [ 70.86322, 22.79665 ] ] } },
{ "type": "Feature", "properties": { "name": "", "cls": "residential", "max_depth": 2.4300000667572021, "flooded_km": 0.081995611112190045 }, "geometry": { "type": "LineString", "coordinates": [ [ 70.8622276, 22.7971991 ], [ 70.8622707, 22.7969863 ], [ 70.8623243, 22.7967212 ], [ 70.8623653, 22.7965185 ], [ 70.8623748, 22.7964714 ] ] } },
{ "type": "Feature", "properties": { "name": "", "cls": "residential", "max_depth": 2.4300000667572021, "flooded_km": 0.058464391038285185 }, "geometry": { "type": "LineString", "coordinates": [ [ 70.8622707, 22.7969863 ], [ 70.8624595, 22.7970058 ], [ 70.8628389, 22.7970028 ] ] } },
{ "type": "Feature", "properties": { "name": "", "cls": "residential", "max_depth": 2.0820000171661377, "flooded_km": 0.054729924123013168 }, "geometry": { "type": "LineString", "coordinates": [ [ 70.8615106, 22.7969979 ], [ 70.862037, 22.7970755 ] ] } },
{ "type": "Feature", "properties": { "name": "", "cls": "residential", "max_depth": 2.9909999370574951, "flooded_km": 0.083830447077370571 }, "geometry": { "type": "LineString", "coordinates": [ [ 70.8618033, 22.7964248 ], [ 70.8616958, 22.7968106 ], [ 70.8620727, 22.7968906 ] ] } },
{ "type": "Feature", "properties": { "name": "", "cls": "residential", "max_depth": 2.4649999141693115, "flooded_km": 0.10524184918378454 }, "geometry": { "type": "LineString", "coordinates": [ [ 70.8618303, 22.7977399 ], [ 70.8621832, 22.7977985 ], [ 70.8622053, 22.7978022 ], [ 70.862302, 22.7972119 ] ] } },
{ "type": "Feature", "properties": { "name": "", "cls": "residential", "max_depth": 2.375, "flooded_km": 0.08348930824701889 }, "geometry": { "type": "LineString", "coordinates": [ [ 70.8621488, 22.7985517 ], [ 70.8621832, 22.7977985 ] ] } },
{ "type": "Feature", "properties": { "name": "", "cls": "residential", "max_depth": 1.9859999418258667, "flooded_km": 0.062084592871682061 }, "geometry": { "type": "LineString", "coordinates": [ [ 70.8614061, 22.7978193 ], [ 70.8614667, 22.7976385 ], [ 70.8616546, 22.79762 ], [ 70.8618649, 22.7975993 ] ] } },
{ "type": "Feature", "properties": { "name": "", "cls": "residential", "max_depth": 1.9859999418258667, "flooded_km": 0.05214594204276201 }, "geometry": { "type": "LineString", "coordinates": [ [ 70.8616546, 22.79762 ], [ 70.8617067, 22.7974629 ], [ 70.8619498, 22.7972552 ] ] } },
{ "type": "Feature", "properties": { "name": "", "cls": "residential", "max_depth": 1.4910000562667847, "flooded_km": 0.10567611978949253 }, "geometry": { "type": "LineString", "coordinates": [ [ 70.8445476, 22.8332052 ], [ 70.8441188, 22.8340727 ] ] } },
{ "type": "Feature", "properties": { "name": "", "cls": "residential", "max_depth": 1.5169999599456787, "flooded_km": 0.1408780146572518 }, "geometry": { "type": "LineString", "coordinates": [ [ 70.8445476, 22.8332052 ], [ 70.8439561, 22.8329502 ], [ 70.8436363, 22.8328132 ], [ 70.8433025, 22.8326702 ] ] } },
{ "type": "Feature", "properties": { "name": "", "cls": "residential", "max_depth": 1.6890000104904175, "flooded_km": 0.27728954501938408 }, "geometry": { "type": "LineString", "coordinates": [ [ 70.8446331, 22.8332443 ], [ 70.8452485, 22.832025 ], [ 70.8457549, 22.8310451 ], [ 70.8462151, 22.8301477 ] ] } },
{ "type": "Feature", "properties": { "name": "", "cls": "tertiary", "max_depth": 1.0349999666213989, "flooded_km": 0.22295879759596932 }, "geometry": { "type": "LineString", "coordinates": [ [ 70.808012, 22.7923696 ], [ 70.8081151, 22.7925774 ], [ 70.8081695, 22.7926734 ], [ 70.808246, 22.7927846 ], [ 70.8084364, 22.793022 ], [ 70.8095082, 22.794118 ], [ 70.8097816, 22.7943412 ], [ 70.8100113, 22.7945758 ], [ 70.810322, 22.7949891 ], [ 70.8104739, 22.7953374 ], [ 70.8105303, 22.7954902 ], [ 70.8107715, 22.7961859 ], [ 70.8108976, 22.7966681 ], [ 70.8109593, 22.7969524 ], [ 70.810962, 22.7973258 ], [ 70.8109003, 22.7979514 ], [ 70.8108911, 22.7980511 ], [ 70.810793, 22.7991135 ], [ 70.810849, 22.7995386 ] ] } },
{ "type": "Feature", "properties": { "name": "", "cls": "secondary", "max_depth": 9.3929996490478516, "flooded_km": 0.19857462841006457 }, "geometry": { "type": "LineString", "coordinates": [ [ 70.8486857, 22.7702806 ], [ 70.8488681, 22.7702196 ], [ 70.8491478, 22.7702224 ], [ 70.8493125, 22.7702511 ], [ 70.850426, 22.7708594 ] ] } },
{ "type": "Feature", "properties": { "name": "", "cls": "residential", "max_depth": 2.5690000057220459, "flooded_km": 0.16945929634758322 }, "geometry": { "type": "LineString", "coordinates": [ [ 70.8291028, 22.7993271 ], [ 70.8294215, 22.7987549 ], [ 70.8291118, 22.7986298 ], [ 70.8288721, 22.7985162 ], [ 70.8285599, 22.798372 ] ] } },
{ "type": "Feature", "properties": { "name": "", "cls": "residential", "max_depth": 2.6070001125335693, "flooded_km": 0.2233052217849994 }, "geometry": { "type": "LineString", "coordinates": [ [ 70.8291028, 22.7993271 ], [ 70.8286199, 22.799065 ], [ 70.8284053, 22.7989562 ], [ 70.8281639, 22.7988277 ], [ 70.8277293, 22.7995001 ], [ 70.827622, 22.7997062 ] ] } },
{ "type": "Feature", "properties": { "name": "", "cls": "residential", "max_depth": 2.4549999237060547, "flooded_km": 0.02210075867830285 }, "geometry": { "type": "LineString", "coordinates": [ [ 70.8291028, 22.7993271 ], [ 70.8289955, 22.7995001 ] ] } },
{ "type": "Feature", "properties": { "name": "", "cls": "residential", "max_depth": 5.249000072479248, "flooded_km": 0.2081005725925657 }, "geometry": { "type": "LineString", "coordinates": [ [ 70.8291028, 22.7993271 ], [ 70.8293872, 22.7994754 ], [ 70.8296554, 22.7996139 ], [ 70.8301496, 22.7999105 ], [ 70.8303744, 22.8000935 ], [ 70.830648, 22.7996993 ] ] } },
{ "type": "Feature", "properties": { "name": "", "cls": "residential", "max_depth": 4.929999828338623, "flooded_km": 0.3036993262845874 }, "geometry": { "type": "LineString", "coordinates": [ [ 70.8314367, 22.7983134 ], [ 70.8314314, 22.7982145 ], [ 70.8313187, 22.797992 ], [ 70.8312811, 22.7979525 ], [ 70.8298659, 22.7989216 ], [ 70.8296179, 22.7991491 ], [ 70.8293872, 22.7994754 ] ] } },
{ "type": "Feature", "properties": { "name": "", "cls": "residential", "max_depth": 2.2009999752044678, "flooded_km": 0.053594495806377054 }, "geometry": { "type": "LineString", "coordinates": [ [ 70.8291118, 22.7986298 ], [ 70.8293765, 22.7982127 ] ] } },
{ "type": "Feature", "properties": { "name": "", "cls": "residential", "max_depth": 4.0110001564025879, "flooded_km": 0.098863268577115179 }, "geometry": { "type": "LineString", "coordinates": [ [ 70.8292386, 22.7980365 ], [ 70.8290384, 22.7982442 ], [ 70.8288721, 22.7985162 ], [ 70.8287112, 22.7987782 ] ] } },
{ "type": "Feature", "properties": { "name": "", "cls": "residential", "max_depth": 3.127000093460083, "flooded_km": 0.079834178860433036 }, "geometry": { "type": "LineString", "coordinates": [ [ 70.8285599, 22.798372 ], [ 70.8286955, 22.7981354 ], [ 70.82877, 22.7980054 ], [ 70.8289732, 22.7977646 ] ] } },
{ "type": "Feature", "properties": { "name": "", "cls": "residential", "max_depth": 2.5690000057220459, "flooded_km": 0.026480467662335444 }, "geometry": { "type": "LineString", "coordinates": [ [ 70.8285599, 22.798372 ], [ 70.8284219, 22.798574 ] ] } },
{ "type": "Feature", "properties": { "name": "", "cls": "residential", "max_depth": 1.7100000381469727, "flooded_km": 0.03489053554938621 }, "geometry": { "type": "LineString", "coordinates": [ [ 70.8291118, 22.7986298 ], [ 70.8289407, 22.798902 ] ] } },
{ "type": "Feature", "properties": { "name": "", "cls": "residential", "max_depth": 1.503000020980835, "flooded_km": 0.033127375502103366 }, "geometry": { "type": "LineString", "coordinates": [ [ 70.8294215, 22.7987549 ], [ 70.8295875, 22.7984984 ] ] } },
{ "type": "Feature", "properties": { "name": "", "cls": "residential", "max_depth": 3.9790000915527344, "flooded_km": 0.035138861665038407 }, "geometry": { "type": "LineString", "coordinates": [ [ 70.8337528, 22.8152726 ], [ 70.8337122, 22.8153531 ], [ 70.8337325, 22.8154018 ], [ 70.833885, 22.815507 ] ] } },
{ "type": "Feature", "properties": { "name": "", "cls": "residential", "max_depth": 5.8509998321533203, "flooded_km": 0.11383532243899024 }, "geometry": { "type": "LineString", "coordinates": [ [ 70.8328361, 22.8147209 ], [ 70.8327608, 22.8148772 ], [ 70.8328015, 22.8150946 ], [ 70.8330251, 22.8153381 ], [ 70.8333137, 22.8155068 ] ] } },
{ "type": "Feature", "properties": { "name": "", "cls": "residential", "max_depth": 3.4489998817443848, "flooded_km": 0.27228670321283266 }, "geometry": { "type": "LineString", "coordinates": [ [ 70.8275819, 22.8050263 ], [ 70.8279526, 22.8039495 ], [ 70.8279565, 22.8039037 ], [ 70.827937, 22.8038622 ], [ 70.8277899, 22.8038076 ], [ 70.8277457, 22.8038151 ], [ 70.8277159, 22.8038482 ], [ 70.8273267, 22.8047867 ] ] } },
{ "type": "Feature", "properties": { "name": "", "cls": "residential", "max_depth": 3.7950000762939453, "flooded_km": 0.15484015625830222 }, "geometry": { "type": "LineString", "coordinates": [ [ 70.8276362, 22.8030592 ], [ 70.8273629, 22.8036699 ], [ 70.8270067, 22.8044684 ] ] } },
{ "type": "Feature", "properties": { "name": "", "cls": "residential", "max_depth": 3.4830000400543213, "flooded_km": 0.16428681559207994 }, "geometry": { "type": "LineString", "coordinates": [ [ 70.8274053, 22.8029403 ], [ 70.8273055, 22.8031181 ], [ 70.8270641, 22.8036925 ], [ 70.8268031, 22.8043136 ] ] } },
{ "type": "Feature", "properties": { "name": "", "cls": "residential", "max_depth": 1.4750000238418579, "flooded_km": 0.023314499242293993 }, "geometry": { "type": "LineString", "coordinates": [ [ 70.8270641, 22.8036925 ], [ 70.8266629, 22.8034952 ] ] } },
{ "type": "Feature", "properties": { "name": "", "cls": "residential", "max_depth": 0.72200000286102295, "flooded_km": 0.014565946476235303 }, "geometry": { "type": "LineString", "coordinates": [ [ 70.8264043, 22.8040103 ], [ 70.8266629, 22.8034952 ], [ 70.8268955, 22.8029965 ], [ 70.8269372, 22.8029073 ], [ 70.8270635, 22.8027 ] ] } },
{ "type": "Feature", "properties": { "name": "", "cls": "residential", "max_depth": 1.3220000267028809, "flooded_km": 0.029033411758492805 }, "geometry": { "type": "LineString", "coordinates": [ [ 70.8268955, 22.8029965 ], [ 70.8266935, 22.8027781 ], [ 70.826521, 22.8026037 ] ] } },
{ "type": "Feature", "properties": { "name": "", "cls": "residential", "max_depth": 1.7920000553131104, "flooded_km": 0.055557573728161079 }, "geometry": { "type": "LineString", "coordinates": [ [ 70.8266258, 22.8023949 ], [ 70.826521, 22.8026037 ], [ 70.8265025, 22.8026406 ], [ 70.8263147, 22.8031202 ], [ 70.8261162, 22.8034961 ], [ 70.8259795, 22.8036237 ] ] } },
{ "type": "Feature", "properties": { "name": "", "cls": "residential", "max_depth": 1.0859999656677246, "flooded_km": 0.027481659929387309 }, "geometry": { "type": "LineString", "coordinates": [ [ 70.8266447, 22.8028685 ], [ 70.8266935, 22.8027781 ], [ 70.8268941, 22.8025808 ] ] } },
{ "type": "Feature", "properties": { "name": "", "cls": "residential", "max_depth": 4.5850000381469727, "flooded_km": 0.042976401275795197 }, "geometry": { "type": "LineString", "coordinates": [ [ 70.8287522, 22.815624 ], [ 70.8283336, 22.8156215 ] ] } },
{ "type": "Feature", "properties": { "name": "", "cls": "residential", "max_depth": 4.5850000381469727, "flooded_km": 0.043060080944985812 }, "geometry": { "type": "LineString", "coordinates": [ [ 70.8283367, 22.8155588 ], [ 70.82852, 22.8155602 ], [ 70.828756, 22.8155533 ] ] } },
{ "type": "Feature", "properties": { "name": "", "cls": "residential", "max_depth": 2.1940000057220459, "flooded_km": 0.30109451559545897 }, "geometry": { "type": "LineString", "coordinates": [ [ 70.8134544, 22.8175682 ], [ 70.8151704, 22.8177358 ], [ 70.8154313, 22.816643 ] ] } },
{ "type": "Feature", "properties": { "name": "", "cls": "residential", "max_depth": 1.6699999570846558, "flooded_km": 0.024697272279788331 }, "geometry": { "type": "LineString", "coordinates": [ [ 70.812573, 22.8038748 ], [ 70.8124835, 22.8036678 ] ] } },
{ "type": "Feature", "properties": { "name": "", "cls": "residential", "max_depth": 1.6030000448226929, "flooded_km": 0.27906927019892258 }, "geometry": { "type": "LineString", "coordinates": [ [ 70.8045029, 22.8029966 ], [ 70.8049428, 22.8034417 ], [ 70.805152, 22.8035851 ], [ 70.8060049, 22.8041043 ], [ 70.8060264, 22.8041735 ], [ 70.8062731, 22.804401 ], [ 70.8072012, 22.8049796 ], [ 70.807566, 22.8051626 ], [ 70.8079146, 22.8052763 ], [ 70.8084386, 22.805378 ], [ 70.8086013, 22.8055034 ] ] } },
{ "type": "Feature", "properties": { "name": "", "cls": "residential", "max_depth": 0.60000002384185791, "flooded_km": 0.029887324319408003 }, "geometry": { "type": "LineString", "coordinates": [ [ 70.8084386, 22.805378 ], [ 70.8104287, 22.8045457 ] ] } },
{ "type": "Feature", "properties": { "name": "", "cls": "residential", "max_depth": 3.4460000991821289, "flooded_km": 0.56224480361922713 }, "geometry": { "type": "LineString", "coordinates": [ [ 70.8104287, 22.8045457 ], [ 70.8105282, 22.8045032 ], [ 70.8124835, 22.8036678 ], [ 70.8134564, 22.8032901 ], [ 70.8156684, 22.8019942 ], [ 70.8163609, 22.8015548 ] ] } },
{ "type": "Feature", "properties": { "name": "", "cls": "residential", "max_depth": 3.4159998893737793, "flooded_km": 0.42414124223197064 }, "geometry": { "type": "LineString", "coordinates": [ [ 70.8163609, 22.8015548 ], [ 70.8185899, 22.8002275 ], [ 70.819845, 22.7994973 ] ] } },
{ "type": "Feature", "properties": { "name": "", "cls": "unclassified", "max_depth": 3.5179998874664307, "flooded_km": 1.3737429017304843 }, "geometry": { "type": "LineString", "coordinates": [ [ 70.8254564, 22.8030681 ], [ 70.8247459, 22.8026391 ], [ 70.8244487, 22.8024471 ], [ 70.8241573, 22.8022969 ], [ 70.8233964, 22.8019139 ], [ 70.8230209, 22.8017013 ], [ 70.8227849, 22.8015331 ], [ 70.8225113, 22.8013452 ], [ 70.8222485, 22.8011672 ], [ 70.821991, 22.8009891 ], [ 70.8217013, 22.8008012 ], [ 70.8214385, 22.8006281 ], [ 70.8211942, 22.8004725 ], [ 70.8205319, 22.8000149 ], [ 70.8199847, 22.7995971 ], [ 70.819845, 22.7994973 ], [ 70.8197272, 22.799372 ], [ 70.8196146, 22.7993176 ], [ 70.819459, 22.7991593 ], [ 70.819223, 22.7989566 ], [ 70.819003, 22.7987785 ], [ 70.8188904, 22.7986697 ], [ 70.818413, 22.7983038 ], [ 70.8171255, 22.79729 ], [ 70.8162994, 22.7967509 ], [ 70.8158702, 22.7964443 ], [ 70.8143949, 22.7953486 ], [ 70.8141589, 22.7951733 ], [ 70.8127963, 22.7942831 ] ] } },
{ "type": "Feature", "properties": { "name": "", "cls": "residential", "max_depth": 1.9500000476837158, "flooded_km": 0.0797307091461152 }, "geometry": { "type": "LineString", "coordinates": [ [ 70.8124835, 22.8036678 ], [ 70.8125883, 22.803287 ], [ 70.8126755, 22.8029702 ] ] } },
{ "type": "Feature", "properties": { "name": "", "cls": "residential", "max_depth": 1.7380000352859497, "flooded_km": 0.066946406474867076 }, "geometry": { "type": "LineString", "coordinates": [ [ 70.8109989, 22.8033405 ], [ 70.8110723, 22.8029994 ], [ 70.8111577, 22.8026302 ] ] } },
{ "type": "Feature", "properties": { "name": "", "cls": "residential", "max_depth": 2.3139998912811279, "flooded_km": 0.15887808288292987 }, "geometry": { "type": "LineString", "coordinates": [ [ 70.8110723, 22.8029994 ], [ 70.8125883, 22.803287 ] ] } },
{ "type": "Feature", "properties": { "name": "", "cls": "residential", "max_depth": 2.1099998950958252, "flooded_km": 0.09748477393122941 }, "geometry": { "type": "LineString", "coordinates": [ [ 70.8244487, 22.8024471 ], [ 70.8246088, 22.8022301 ], [ 70.8248556, 22.8019631 ], [ 70.8249682, 22.8017158 ], [ 70.8250219, 22.8017158 ], [ 70.8254807, 22.8018642 ] ] } },
{ "type": "Feature", "properties": { "name": "", "cls": "residential", "max_depth": 0.95800000429153442, "flooded_km": 0.062183357209145237 }, "geometry": { "type": "LineString", "coordinates": [ [ 70.8233321, 22.8026059 ], [ 70.8233857, 22.8026109 ], [ 70.8238799, 22.8028384 ] ] } },
{ "type": "Feature", "properties": { "name": "", "cls": "residential", "max_depth": 0.55900001525878906, "flooded_km": 0.024162200918810838 }, "geometry": { "type": "LineString", "coordinates": [ [ 70.8231872, 22.8028779 ], [ 70.823733, 22.8030815 ] ] } },
{ "type": "Feature", "properties": { "name": "", "cls": "residential", "max_depth": 1.3730000257492065, "flooded_km": 0.033748571794023449 }, "geometry": { "type": "LineString", "coordinates": [ [ 70.8231872, 22.8028779 ], [ 70.8232462, 22.8027345 ], [ 70.8233321, 22.8026059 ] ] } },
{ "type": "Feature", "properties": { "name": "", "cls": "residential", "max_depth": 1.9850000143051147, "flooded_km": 0.024628189004326572 }, "geometry": { "type": "LineString", "coordinates": [ [ 70.8233321, 22.8026059 ], [ 70.8231229, 22.8024971 ] ] } },
{ "type": "Feature", "properties": { "name": "", "cls": "residential", "max_depth": 1.0410000085830688, "flooded_km": 0.025876107956434802 }, "geometry": { "type": "LineString", "coordinates": [ [ 70.8230424, 22.8031598 ], [ 70.8232505, 22.8032916 ] ] } },
{ "type": "Feature", "properties": { "name": "", "cls": "residential", "max_depth": 1.2259999513626099, "flooded_km": 0.15585895265705854 }, "geometry": { "type": "LineString", "coordinates": [ [ 70.8231872, 22.8028779 ], [ 70.8230424, 22.8031598 ], [ 70.8227903, 22.8036197 ], [ 70.822683, 22.8038867 ], [ 70.8225757, 22.8041637 ] ] } },
{ "type": "Feature", "properties": { "name": "", "cls": "residential", "max_depth": 1.9479999542236328, "flooded_km": 0.0665642036067461 }, "geometry": { "type": "LineString", "coordinates": [ [ 70.8231872, 22.8028779 ], [ 70.8228815, 22.8027741 ], [ 70.8225918, 22.8026422 ] ] } },
{ "type": "Feature", "properties": { "name": "", "cls": "residential", "max_depth": 2.0920000076293945, "flooded_km": 0.39610613541162959 }, "geometry": { "type": "LineString", "coordinates": [ [ 70.8228546, 22.8054988 ], [ 70.8226562, 22.8053653 ], [ 70.8222781, 22.805124 ], [ 70.8219212, 22.8049302 ], [ 70.8219105, 22.8048906 ], [ 70.8220875, 22.8043516 ], [ 70.8222377, 22.8039065 ], [ 70.8223021, 22.8036543 ], [ 70.8225918, 22.8026422 ], [ 70.8226364, 22.802484 ] ] } },
{ "type": "Feature", "properties": { "name": "", "cls": "residential", "max_depth": 1.9049999713897705, "flooded_km": 0.1027146207245633 }, "geometry": { "type": "LineString", "coordinates": [ [ 70.8252955, 22.8035702 ], [ 70.8248462, 22.8031835 ], [ 70.824818, 22.8031499 ], [ 70.824511, 22.8030114 ] ] } },
{ "type": "Feature", "properties": { "name": "", "cls": "residential", "max_depth": 1.9049999713897705, "flooded_km": 0.14421647276810434 }, "geometry": { "type": "LineString", "coordinates": [ [ 70.825629, 22.804316 ], [ 70.8247, 22.8035307 ], [ 70.8246815, 22.803492 ], [ 70.8246851, 22.8034016 ], [ 70.8248462, 22.8031835 ] ] } },
{ "type": "Feature", "properties": { "name": "", "cls": "residential", "max_depth": 2.380000114440918, "flooded_km": 0.071537571127840496 }, "geometry": { "type": "LineString", "coordinates": [ [ 70.825411, 22.8025367 ], [ 70.8261538, 22.8026801 ], [ 70.8257541, 22.8034416 ] ] } },
{ "type": "Feature", "properties": { "name": "", "cls": "residential", "max_depth": 2.1380000114440918, "flooded_km": 0.039175437821732044 }, "geometry": { "type": "LineString", "coordinates": [ [ 70.8254524, 22.8021114 ], [ 70.8259821, 22.8021708 ], [ 70.8263204, 22.8020659 ] ] } },
{ "type": "Feature", "properties": { "name": "", "cls": "residential", "max_depth": 2.4790000915527344, "flooded_km": 0.13157499198158215 }, "geometry": { "type": "LineString", "coordinates": [ [ 70.8257421, 22.8014483 ], [ 70.8259767, 22.8014631 ], [ 70.8260786, 22.8011383 ], [ 70.8261912, 22.8007997 ], [ 70.8263414, 22.8002764 ] ] } },
{ "type": "Feature", "properties": { "name": "", "cls": "residential", "max_depth": 1.1740000247955322, "flooded_km": 0.080645873773602647 }, "geometry": { "type": "LineString", "coordinates": [ [ 70.8245015, 22.8013746 ], [ 70.8249468, 22.8014933 ], [ 70.8250702, 22.8015131 ], [ 70.8255057, 22.8016466 ] ] } },
{ "type": "Feature", "properties": { "name": "", "cls": "residential", "max_depth": 4.2979998588562012, "flooded_km": 0.30950177539081081 }, "geometry": { "type": "LineString", "coordinates": [ [ 70.825588, 22.8009296 ], [ 70.825054, 22.8007765 ], [ 70.8244317, 22.8005836 ], [ 70.8240884, 22.8004501 ], [ 70.8237129, 22.8003411 ], [ 70.8234232, 22.8001781 ], [ 70.8232623, 22.8003611 ], [ 70.8229941, 22.800732 ], [ 70.8228546, 22.8008853 ], [ 70.8225113, 22.8013452 ] ] } },
{ "type": "Feature", "properties": { "name": "", "cls": "residential", "max_depth": 2.1129999160766602, "flooded_km": 0.040349299153016022 }, "geometry": { "type": "LineString", "coordinates": [ [ 70.8244317, 22.8005836 ], [ 70.8242782, 22.800919 ] ] } },
{ "type": "Feature", "properties": { "name": "", "cls": "residential", "max_depth": 3.4449999332427979, "flooded_km": 0.16280332253682742 }, "geometry": { "type": "LineString", "coordinates": [ [ 70.8227849, 22.8015331 ], [ 70.8237129, 22.8003411 ] ] } },
{ "type": "Feature", "properties": { "name": "", "cls": "residential", "max_depth": 2.8180000782012939, "flooded_km": 0.027588405556114949 }, "geometry": { "type": "LineString", "coordinates": [ [ 70.8235145, 22.8016911 ], [ 70.8234984, 22.8017405 ], [ 70.8233964, 22.8019139 ] ] } },
{ "type": "Feature", "properties": { "name": "", "cls": "residential", "max_depth": 1.6039999723434448, "flooded_km": 0.029699602248888776 }, "geometry": { "type": "LineString", "coordinates": [ [ 70.8217924, 22.800188 ], [ 70.8220446, 22.8003611 ], [ 70.8223235, 22.800544 ], [ 70.8225864, 22.8007171 ], [ 70.8228546, 22.8008853 ] ] } },
{ "type": "Feature", "properties": { "name": "", "cls": "residential", "max_depth": 0.32100000977516174, "flooded_km": 0.029926970132474806 }, "geometry": { "type": "LineString", "coordinates": [ [ 70.8222001, 22.7996539 ], [ 70.8222752, 22.7996984 ], [ 70.8224147, 22.7998072 ], [ 70.8224469, 22.799822 ], [ 70.8227312, 22.800005 ], [ 70.8228707, 22.8000891 ], [ 70.8229887, 22.8001979 ], [ 70.8232623, 22.8003611 ] ] } },
{ "type": "Feature", "properties": { "name": "", "cls": "residential", "max_depth": 1.6039999723434448, "flooded_km": 0.073815252546014912 }, "geometry": { "type": "LineString", "coordinates": [ [ 70.8227312, 22.800005 ], [ 70.8223235, 22.800544 ], [ 70.821991, 22.8009891 ] ] } },
{ "type": "Feature", "properties": { "name": "", "cls": "residential", "max_depth": 1.8229999542236328, "flooded_km": 0.048119402948160792 }, "geometry": { "type": "LineString", "coordinates": [ [ 70.8220446, 22.8003611 ], [ 70.8217013, 22.8008012 ] ] } },
{ "type": "Feature", "properties": { "name": "", "cls": "residential", "max_depth": 1.6050000190734863, "flooded_km": 0.02963926081126958 }, "geometry": { "type": "LineString", "coordinates": [ [ 70.8222001, 22.7996539 ], [ 70.8217924, 22.800188 ], [ 70.8216583, 22.8003536 ], [ 70.8215588, 22.8004555 ], [ 70.8214385, 22.8006281 ] ] } },
{ "type": "Feature", "properties": { "name": "", "cls": "residential", "max_depth": 3.0369999408721924, "flooded_km": 0.014977993740637748 }, "geometry": { "type": "LineString", "coordinates": [ [ 70.8219285, 22.7994656 ], [ 70.8215069, 22.8000013 ], [ 70.8213265, 22.8002703 ], [ 70.8212473, 22.8004094 ], [ 70.8211942, 22.8004725 ] ] } },
{ "type": "Feature", "properties": { "name": "", "cls": "residential", "max_depth": 1.5809999704360962, "flooded_km": 0.025698507262960295 }, "geometry": { "type": "LineString", "coordinates": [ [ 70.8222001, 22.7996539 ], [ 70.8219285, 22.7994656 ], [ 70.8217281, 22.7993225 ], [ 70.8216422, 22.7991987 ] ] } },
{ "type": "Feature", "properties": { "name": "", "cls": "residential", "max_depth": 3.9909999370574951, "flooded_km": 0.12659434973364936 }, "geometry": { "type": "LineString", "coordinates": [ [ 70.8223718, 22.7991575 ], [ 70.8224308, 22.7992632 ], [ 70.8226239, 22.7993868 ], [ 70.8229136, 22.7995401 ], [ 70.8230048, 22.7994709 ], [ 70.8231657, 22.7991127 ] ] } },
{ "type": "Feature", "properties": { "name": "", "cls": "residential", "max_depth": 1.3190000057220459, "flooded_km": 0.054838772907174246 }, "geometry": { "type": "LineString", "coordinates": [ [ 70.8248609, 22.8003011 ], [ 70.8241528, 22.8001281 ], [ 70.8242118, 22.7998215 ] ] } },
{ "type": "Feature", "properties": { "name": "", "cls": "residential", "max_depth": 2.1510000228881836, "flooded_km": 0.23012431795932517 }, "geometry": { "type": "LineString", "coordinates": [ [ 70.8248609, 22.8003011 ], [ 70.8249896, 22.7999649 ], [ 70.8252793, 22.800044 ], [ 70.8257516, 22.8001528 ], [ 70.8259659, 22.8001874 ], [ 70.8263414, 22.8002764 ], [ 70.8266127, 22.8003654 ], [ 70.8269222, 22.8004198 ] ] } },
{ "type": "Feature", "properties": { "name": "", "cls": "residential", "max_depth": 2.7850000858306885, "flooded_km": 0.086965303971565072 }, "geometry": { "type": "LineString", "coordinates": [ [ 70.8248609, 22.8003011 ], [ 70.8251666, 22.8003802 ], [ 70.8256747, 22.8005187 ] ] } },
{ "type": "Feature", "properties": { "name": "", "cls": "residential", "max_depth": 1.215999960899353, "flooded_km": 0.039242436461709516 }, "geometry": { "type": "LineString", "coordinates": [ [ 70.8251666, 22.8003802 ], [ 70.8251666, 22.8003357 ], [ 70.8252793, 22.800044 ] ] } },
{ "type": "Feature", "properties": { "name": "", "cls": "residential", "max_depth": 2.3450000286102295, "flooded_km": 0.076871816675600543 }, "geometry": { "type": "LineString", "coordinates": [ [ 70.825798, 22.8053448 ], [ 70.8260572, 22.8051181 ], [ 70.8263285, 22.8048553 ] ] } },
{ "type": "Feature", "properties": { "name": "", "cls": "residential", "max_depth": 2.0380001068115234, "flooded_km": 0.046351464206520171 }, "geometry": { "type": "LineString", "coordinates": [ [ 70.825798, 22.8053448 ], [ 70.8254798, 22.8056417 ] ] } },
{ "type": "Feature", "properties": { "name": "", "cls": "residential", "max_depth": 1.9600000381469727, "flooded_km": 0.055876298599727058 }, "geometry": { "type": "LineString", "coordinates": [ [ 70.825798, 22.8053448 ], [ 70.8253705, 22.805014 ], [ 70.8253156, 22.8048694 ], [ 70.825146, 22.8047251 ] ] } },
{ "type": "Feature", "properties": { "name": "", "cls": "residential", "max_depth": 2.7269999980926514, "flooded_km": 0.10020196050900564 }, "geometry": { "type": "LineString", "coordinates": [ [ 70.825798, 22.8053448 ], [ 70.8263844, 22.8058549 ], [ 70.826514, 22.8059595 ] ] } },
{ "type": "Feature", "properties": { "name": "", "cls": "residential", "max_depth": 2.3450000286102295, "flooded_km": 0.049951770830283015 }, "geometry": { "type": "LineString", "coordinates": [ [ 70.8260572, 22.8051181 ], [ 70.8264327, 22.8054049 ] ] } },
{ "type": "Feature", "properties": { "name": "", "cls": "residential", "max_depth": 2.3450000286102295, "flooded_km": 0.074487301717877832 }, "geometry": { "type": "LineString", "coordinates": [ [ 70.8260572, 22.8051181 ], [ 70.8256173, 22.804767 ], [ 70.8255047, 22.8046582 ], [ 70.8253922, 22.8046026 ] ] } },
{ "type": "Feature", "properties": { "name": "", "cls": "residential", "max_depth": 3.8810000419616699, "flooded_km": 0.48369129571157032 }, "geometry": { "type": "LineString", "coordinates": [ [ 70.8229887, 22.8280614 ], [ 70.8228694, 22.8280886 ], [ 70.8227105, 22.8281446 ], [ 70.8223706, 22.8283167 ], [ 70.821788, 22.8286506 ], [ 70.8212801, 22.8284406 ], [ 70.8204941, 22.8282029 ], [ 70.8202489, 22.8281288 ], [ 70.8198999, 22.8280233 ], [ 70.8195508, 22.8279177 ], [ 70.8192938, 22.82784 ], [ 70.8189591, 22.8277281 ], [ 70.818862, 22.8280354 ] ] } },
{ "type": "Feature", "properties": { "name": "", "cls": "residential", "max_depth": 2.7079999446868896, "flooded_km": 0.21301983413110911 }, "geometry": { "type": "LineString", "coordinates": [ [ 70.818755, 22.8283774 ], [ 70.8190088, 22.8284562 ], [ 70.819323, 22.8285677 ], [ 70.8196399, 22.8286739 ], [ 70.8199917, 22.8287917 ], [ 70.8202489, 22.8281288 ] ] } },
{ "type": "Feature", "properties": { "name": "", "cls": "residential", "max_depth": 2.1380000114440918, "flooded_km": 0.074248209633646867 }, "geometry": { "type": "LineString", "coordinates": [ [ 70.8190088, 22.8284562 ], [ 70.8192938, 22.82784 ] ] } },
{ "type": "Feature", "properties": { "name": "", "cls": "residential", "max_depth": 1.4650000333786011, "flooded_km": 0.07568740022357498 }, "geometry": { "type": "LineString", "coordinates": [ [ 70.819323, 22.8285677 ], [ 70.8195508, 22.8279177 ] ] } },
{ "type": "Feature", "properties": { "name": "", "cls": "residential", "max_depth": 2.7079999446868896, "flooded_km": 0.07683538754233496 }, "geometry": { "type": "LineString", "coordinates": [ [ 70.8196399, 22.8286739 ], [ 70.8198999, 22.8280233 ] ] } },
{ "type": "Feature", "properties": { "name": "", "cls": "residential", "max_depth": 0.83600002527236938, "flooded_km": 0.025306239004628778 }, "geometry": { "type": "LineString", "coordinates": [ [ 70.817176, 22.8052764 ], [ 70.8169323, 22.8050885 ], [ 70.8169109, 22.8050438 ] ] } },
{ "type": "Feature", "properties": { "name": "", "cls": "residential", "max_depth": 1.5859999656677246, "flooded_km": 0.15514539783108361 }, "geometry": { "type": "LineString", "coordinates": [ [ 70.8182144, 22.8035646 ], [ 70.8178657, 22.8039459 ], [ 70.8175826, 22.8042722 ], [ 70.8173722, 22.8045146 ], [ 70.8171577, 22.8047718 ], [ 70.8169109, 22.8050438 ] ] } },
{ "type": "Feature", "properties": { "name": "", "cls": "residential", "max_depth": 1.1440000534057617, "flooded_km": 0.096447240082762509 }, "geometry": { "type": "LineString", "coordinates": [ [ 70.8174274, 22.8049846 ], [ 70.8171577, 22.8047718 ], [ 70.8169162, 22.8045733 ], [ 70.8166748, 22.8043804 ], [ 70.8164978, 22.804233 ], [ 70.8164066, 22.8041786 ] ] } },
{ "type": "Feature", "properties": { "name": "", "cls": "residential", "max_depth": 3.0999999046325684, "flooded_km": 0.1849516599845254 }, "geometry": { "type": "LineString", "coordinates": [ [ 70.819436, 22.8039204 ], [ 70.8193949, 22.8039676 ], [ 70.8193827, 22.803984 ], [ 70.8192068, 22.8041981 ], [ 70.8190137, 22.8044306 ], [ 70.8189386, 22.8044998 ], [ 70.818724, 22.8046927 ], [ 70.8186168, 22.8047884 ], [ 70.8181822, 22.8051625 ], [ 70.8181071, 22.8052218 ], [ 70.817556, 22.8048311 ] ] } },
{ "type": "Feature", "properties": { "name": "", "cls": "residential", "max_depth": 1.3500000238418579, "flooded_km": 0.092687968508637697 }, "geometry": { "type": "LineString", "coordinates": [ [ 70.818561, 22.8047455 ], [ 70.8186597, 22.8046086 ], [ 70.818107, 22.8041734 ] ] } },
{ "type": "Feature", "properties": { "name": "", "cls": "residential", "max_depth": 2.9660000801086426, "flooded_km": 0.10230750711940635 }, "geometry": { "type": "LineString", "coordinates": [ [ 70.819993, 22.8043459 ], [ 70.8199317, 22.8044064 ], [ 70.8195663, 22.8048015 ], [ 70.8191747, 22.8052553 ], [ 70.8190191, 22.8054889 ], [ 70.8188474, 22.8057065 ], [ 70.8187348, 22.8058202 ], [ 70.818429, 22.8057807 ], [ 70.8180911, 22.8061312 ] ] } },
{ "type": "Feature", "properties": { "name": "", "cls": "residential", "max_depth": 1.5859999656677246, "flooded_km": 0.034289431848840174 }, "geometry": { "type": "LineString", "coordinates": [ [ 70.818464, 22.8037679 ], [ 70.818311, 22.803664 ], [ 70.8182144, 22.8035646 ] ] } },
{ "type": "Feature", "properties": { "name": "", "cls": "residential", "max_depth": 1.8300000429153442, "flooded_km": 0.045225054275811256 }, "geometry": { "type": "LineString", "coordinates": [ [ 70.8182144, 22.8035646 ], [ 70.8184517, 22.8033029 ], [ 70.8184977, 22.8032519 ] ] } },
{ "type": "Feature", "properties": { "name": "", "cls": "residential", "max_depth": 1.7940000295639038, "flooded_km": 0.097350030556808659 }, "geometry": { "type": "LineString", "coordinates": [ [ 70.8171415, 22.8033924 ], [ 70.8172059, 22.8034023 ], [ 70.8173937, 22.8035646 ], [ 70.8176351, 22.803753 ], [ 70.8178657, 22.8039459 ] ] } },
{ "type": "Feature", "properties": { "name": "", "cls": "residential", "max_depth": 2.2260000705718994, "flooded_km": 0.18367539372596298 }, "geometry": { "type": "LineString", "coordinates": [ [ 70.8165997, 22.8035596 ], [ 70.8168141, 22.8037491 ], [ 70.8170825, 22.8039404 ], [ 70.8172381, 22.8040547 ], [ 70.81734, 22.8041042 ], [ 70.8176351, 22.803753 ], [ 70.8179516, 22.8033965 ] ] } },
{ "type": "Feature", "properties": { "name": "", "cls": "residential", "max_depth": 1.5190000534057617, "flooded_km": 0.13516441675179386 }, "geometry": { "type": "LineString", "coordinates": [ [ 70.8166105, 22.8039709 ], [ 70.8168733, 22.8041629 ], [ 70.8171201, 22.8043517 ], [ 70.8173722, 22.8045146 ], [ 70.8176552, 22.8047127 ] ] } },
{ "type": "Feature", "properties": { "name": "", "cls": "residential", "max_depth": 1.0800000429153442, "flooded_km": 0.021504862532499443 }, "geometry": { "type": "LineString", "coordinates": [ [ 70.8171201, 22.8043517 ], [ 70.8169162, 22.8045733 ] ] } },
{ "type": "Feature", "properties": { "name": "", "cls": "residential", "max_depth": 1.3660000562667847, "flooded_km": 0.07568896788107296 }, "geometry": { "type": "LineString", "coordinates": [ [ 70.8166105, 22.8039709 ], [ 70.8164066, 22.8041786 ], [ 70.8160955, 22.8044595 ] ] } },
{ "type": "Feature", "properties": { "name": "", "cls": "residential", "max_depth": 1.4459999799728394, "flooded_km": 0.084123674124677042 }, "geometry": { "type": "LineString", "coordinates": [ [ 70.8166105, 22.8039709 ], [ 70.8168141, 22.8037491 ], [ 70.8171415, 22.8033924 ] ] } },
{ "type": "Feature", "properties": { "name": "", "cls": "residential", "max_depth": 1.8279999494552612, "flooded_km": 0.10457578571368979 }, "geometry": { "type": "LineString", "coordinates": [ [ 70.8171415, 22.8033924 ], [ 70.8171147, 22.8033528 ], [ 70.8168626, 22.8031739 ], [ 70.8166909, 22.8030512 ], [ 70.8166534, 22.8030166 ], [ 70.816868, 22.8027248 ] ] } },
{ "type": "Feature", "properties": { "name": "", "cls": "residential", "max_depth": 1.6160000562667847, "flooded_km": 0.05564928978121219 }, "geometry": { "type": "LineString", "coordinates": [ [ 70.8166909, 22.8030512 ], [ 70.8165193, 22.8032292 ], [ 70.8163959, 22.8033874 ], [ 70.8163852, 22.8034369 ], [ 70.8162296, 22.8036643 ] ] } },
{ "type": "Feature", "properties": { "name": "", "cls": "residential", "max_depth": 0.63899999856948853, "flooded_km": 0.012770571273601925 }, "geometry": { "type": "LineString", "coordinates": [ [ 70.8160848, 22.803605 ], [ 70.8162296, 22.8036643 ], [ 70.8164066, 22.8037772 ] ] } },
{ "type": "Feature", "properties": { "name": "", "cls": "residential", "max_depth": 0.91900002956390381, "flooded_km": 0.038172557586201049 }, "geometry": { "type": "LineString", "coordinates": [ [ 70.8158434, 22.8041292 ], [ 70.8159078, 22.8040352 ], [ 70.8160097, 22.8037237 ], [ 70.8160848, 22.803605 ] ] } },
{ "type": "Feature", "properties": { "name": "", "cls": "residential", "max_depth": 1.9279999732971191, "flooded_km": 0.082391238350763563 }, "geometry": { "type": "LineString", "coordinates": [ [ 70.8144647, 22.8036288 ], [ 70.8145077, 22.8036248 ], [ 70.8147329, 22.8035201 ], [ 70.8152104, 22.8032589 ], [ 70.8152909, 22.8032292 ] ] } },
{ "type": "Feature", "properties": { "name": "", "cls": "residential", "max_depth": 1.559999942779541, "flooded_km": 0.039317708685361531 }, "geometry": { "type": "LineString", "coordinates": [ [ 70.8145988, 22.803258 ], [ 70.8151246, 22.8029226 ] ] } },
{ "type": "Feature", "properties": { "name": "", "cls": "residential", "max_depth": 1.4639999866485596, "flooded_km": 0.012668570064382318 }, "geometry": { "type": "LineString", "coordinates": [ [ 70.8151246, 22.8029226 ], [ 70.8152909, 22.8032292 ] ] } },
{ "type": "Feature", "properties": { "name": "", "cls": "residential", "max_depth": 3.4460000991821289, "flooded_km": 0.035898937904599748 }, "geometry": { "type": "LineString", "coordinates": [ [ 70.8151246, 22.8029226 ], [ 70.8149475, 22.8026431 ] ] } },
{ "type": "Feature", "properties": { "name": "", "cls": "residential", "max_depth": 1.8329999446868896, "flooded_km": 0.031089870299865534 }, "geometry": { "type": "LineString", "coordinates": [ [ 70.81734, 22.8041042 ], [ 70.8175826, 22.8042722 ] ] } },
{ "type": "Feature", "properties": { "name": "", "cls": "residential", "max_depth": 4.1040000915527344, "flooded_km": 0.1443801342000671 }, "geometry": { "type": "LineString", "coordinates": [ [ 70.8274099, 22.824816 ], [ 70.8277685, 22.8245127 ], [ 70.8278159, 22.824469 ], [ 70.8278294, 22.8244377 ], [ 70.8278317, 22.824394 ], [ 70.8278498, 22.8243232 ], [ 70.8282405, 22.8240235 ], [ 70.8282721, 22.8239881 ], [ 70.8282744, 22.8239464 ], [ 70.8282771, 22.8238627 ] ] } },
{ "type": "Feature", "properties": { "name": "", "cls": "residential", "max_depth": 2.6819999217987061, "flooded_km": 0.08531374297376855 }, "geometry": { "type": "LineString", "coordinates": [ [ 70.8204941, 22.8282029 ], [ 70.8204581, 22.8284511 ], [ 70.8204914, 22.8285937 ], [ 70.8202852, 22.8289152 ] ] } },
{ "type": "Feature", "properties": { "name": "", "cls": "residential", "max_depth": 3.4460000991821289, "flooded_km": 0.44736674612532279 }, "geometry": { "type": "LineString", "coordinates": [ [ 70.8512603, 22.8184239 ], [ 70.8511786, 22.8183488 ], [ 70.8508089, 22.8181045 ], [ 70.8504083, 22.8178092 ], [ 70.8499277, 22.817707 ], [ 70.849695, 22.817707 ], [ 70.8492067, 22.817707 ], [ 70.8482085, 22.8176672 ], [ 70.8479558, 22.8176502 ], [ 70.8467048, 22.8176039 ], [ 70.8465818, 22.8176272 ], [ 70.8465529, 22.818628 ], [ 70.8465171, 22.8190115 ], [ 70.8464605, 22.8196581 ], [ 70.8463161, 22.8208601 ] ] } },
{ "type": "Feature", "properties": { "name": "", "cls": "residential", "max_depth": 1.4880000352859497, "flooded_km": 0.3859451025725163 }, "geometry": { "type": "LineString", "coordinates": [ [ 70.8607067, 22.8082543 ], [ 70.8626734, 22.8067043 ], [ 70.8654213, 22.8044976 ] ] } },
{ "type": "Feature", "properties": { "name": "", "cls": "residential", "max_depth": 0.40000000596046448, "flooded_km": 0.014435344700543251 }, "geometry": { "type": "LineString", "coordinates": [ [ 70.8616662, 22.8069046 ], [ 70.8607757, 22.807681 ], [ 70.8603425, 22.8080135 ], [ 70.8603103, 22.8080494 ], [ 70.8602808, 22.8081038 ], [ 70.8602663, 22.8081649 ] ] } },
{ "type": "Feature", "properties": { "name": "", "cls": "primary", "max_depth": 1.2799999713897705, "flooded_km": 0.014820624820886863 }, "geometry": { "type": "LineString", "coordinates": [ [ 70.8539577, 22.8377044 ], [ 70.8543695, 22.8385293 ], [ 70.8553515, 22.8403025 ], [ 70.8559452, 22.8418284 ], [ 70.8564886, 22.8430961 ] ] } },
{ "type": "Feature", "properties": { "name": "", "cls": "tertiary", "max_depth": 3.6549999713897705, "flooded_km": 0.30499823550296867 }, "geometry": { "type": "LineString", "coordinates": [ [ 70.8326634, 22.8197338 ], [ 70.8319865, 22.8197416 ], [ 70.8318222, 22.8197434 ], [ 70.8315331, 22.8197467 ], [ 70.831103, 22.8197517 ], [ 70.8306952, 22.8197563 ], [ 70.8304112, 22.8197596 ], [ 70.8302195, 22.8197617 ], [ 70.830005, 22.8197693 ], [ 70.8299643, 22.8197647 ], [ 70.8294102, 22.8197648 ] ] } },
{ "type": "Feature", "properties": { "name": "", "cls": "primary", "max_depth": 2.7390000820159912, "flooded_km": 0.2743879701123792 }, "geometry": { "type": "LineString", "coordinates": [ [ 70.8103167, 22.8257802 ], [ 70.8094274, 22.8259321 ], [ 70.8089232, 22.8260363 ], [ 70.8082795, 22.8261715 ], [ 70.8081186, 22.8262026 ], [ 70.8077012, 22.8262889 ] ] } },
{ "type": "Feature", "properties": { "name": "", "cls": "residential", "max_depth": 2.3880000114440918, "flooded_km": 0.45258358297363366 }, "geometry": { "type": "LineString", "coordinates": [ [ 70.8211007, 22.8109228 ], [ 70.820784, 22.8108619 ], [ 70.8205201, 22.8108111 ], [ 70.8204325, 22.8107943 ], [ 70.8205139, 22.8105854 ], [ 70.8198864, 22.8104301 ], [ 70.8199447, 22.8102299 ], [ 70.8200549, 22.8098516 ], [ 70.8201072, 22.809707 ], [ 70.8201478, 22.8094821 ], [ 70.8202494, 22.8092262 ], [ 70.8203221, 22.8090429 ], [ 70.8205089, 22.8084449 ], [ 70.8206533, 22.8079824 ], [ 70.8206766, 22.8079074 ] ] } },
{ "type": "Feature", "properties": { "name": "", "cls": "residential", "max_depth": 5.0590000152587891, "flooded_km": 0.10921411210546082 }, "geometry": { "type": "LineString", "coordinates": [ [ 70.8370776, 22.8128682 ], [ 70.8375611, 22.8120981 ], [ 70.8375976, 22.8120092 ] ] } },
{ "type": "Feature", "properties": { "name": "", "cls": "residential", "max_depth": 1.7699999809265137, "flooded_km": 0.02419815361727615 }, "geometry": { "type": "LineString", "coordinates": [ [ 70.8339617, 22.8195606 ], [ 70.833788, 22.8197083 ] ] } },
{ "type": "Feature", "properties": { "name": "", "cls": "unclassified", "max_depth": 4.7579998970031738, "flooded_km": 0.083800391967603499 }, "geometry": { "type": "LineString", "coordinates": [ [ 70.8321384, 22.8163455 ], [ 70.8325646, 22.8163401 ], [ 70.8329544, 22.8163281 ] ] } },
{ "type": "Feature", "properties": { "name": "", "cls": "primary", "max_depth": 3.4519999027252197, "flooded_km": 0.59852490739915398 }, "geometry": { "type": "LineString", "coordinates": [ [ 70.8379034, 22.8229543 ], [ 70.8378391, 22.8229624 ], [ 70.8377773, 22.822966 ], [ 70.8361329, 22.8227916 ], [ 70.835819, 22.8227296 ], [ 70.8355746, 22.8226633 ], [ 70.8353379, 22.8224081 ], [ 70.8351345, 22.8221297 ], [ 70.8350241, 22.8218351 ], [ 70.8349087, 22.8216188 ], [ 70.8350023, 22.8215398 ], [ 70.8351516, 22.8212182 ], [ 70.8353026, 22.8208931 ], [ 70.8352864, 22.8208388 ], [ 70.833788, 22.8197083 ] ] } },
{ "type": "Feature", "properties": { "name": "", "cls": "unclassified", "max_depth": 4.1040000915527344, "flooded_km": 0.40371737537657126 }, "geometry": { "type": "LineString", "coordinates": [ [ 70.8305356, 22.821106 ], [ 70.8305094, 22.8212192 ], [ 70.8304345, 22.8213838 ], [ 70.8302828, 22.8217173 ], [ 70.8300403, 22.8221358 ], [ 70.8296436, 22.8228205 ], [ 70.8295448, 22.8230347 ], [ 70.8294577, 22.8231258 ], [ 70.8293066, 22.8232008 ], [ 70.8281968, 22.8236453 ], [ 70.8281213, 22.8237203 ] ] } },
{ "type": "Feature", "properties": { "name": "", "cls": "unclassified", "max_depth": 2.0460000038146973, "flooded_km": 0.10925127268665376 }, "geometry": { "type": "LineString", "coordinates": [ [ 70.8332407, 22.8204224 ], [ 70.8326186, 22.8203623 ], [ 70.8317846, 22.8202885 ] ] } },
{ "type": "Feature", "properties": { "name": "", "cls": "unclassified", "max_depth": 1.6189999580383301, "flooded_km": 0.11735693799415831 }, "geometry": { "type": "LineString", "coordinates": [ [ 70.8326244, 22.8200195 ], [ 70.8332861, 22.820075 ], [ 70.8337629, 22.8201149 ] ] } },
{ "type": "Feature", "properties": { "name": "", "cls": "unclassified", "max_depth": 4.1040000915527344, "flooded_km": 0.022463165062249692 }, "geometry": { "type": "LineString", "coordinates": [ [ 70.8281213, 22.8237203 ], [ 70.8282607, 22.8238488 ], [ 70.8282771, 22.8238627 ] ] } },
{ "type": "Feature", "properties": { "name": "", "cls": "unclassified", "max_depth": 3.2239999771118164, "flooded_km": 0.1751392756360341 }, "geometry": { "type": "LineString", "coordinates": [ [ 70.8297676, 22.823231 ], [ 70.8303146, 22.822241 ], [ 70.8305152, 22.8218779 ], [ 70.8305559, 22.8218297 ] ] } },
{ "type": "Feature", "properties": { "name": "", "cls": "residential", "max_depth": 3.3710000514984131, "flooded_km": 0.28667123975669895 }, "geometry": { "type": "LineString", "coordinates": [ [ 70.8232355, 22.8305854 ], [ 70.8228439, 22.8304639 ], [ 70.822455, 22.8303432 ], [ 70.8220929, 22.830219 ], [ 70.8216906, 22.8300811 ], [ 70.8213473, 22.8299773 ], [ 70.8206915, 22.8297242 ], [ 70.8205744, 22.829487 ], [ 70.8205379, 22.8294201 ] ] } },
{ "type": "Feature", "properties": { "name": "", "cls": "tertiary", "max_depth": 17.181999206542969, "flooded_km": 0.25971037989782947 }, "geometry": { "type": "LineString", "coordinates": [ [ 70.8385402, 22.8225485 ], [ 70.8410454, 22.8228748 ] ] } },
{ "type": "Feature", "properties": { "name": "", "cls": "tertiary", "max_depth": 14.246999740600586, "flooded_km": 0.40342617005531639 }, "geometry": { "type": "LineString", "coordinates": [ [ 70.8353026, 22.8208931 ], [ 70.8360565, 22.8213396 ], [ 70.8365661, 22.821347 ], [ 70.8366868, 22.8213791 ], [ 70.837191, 22.8216288 ], [ 70.8373091, 22.8216412 ], [ 70.8377624, 22.8217104 ], [ 70.8378375, 22.8217658 ], [ 70.8378576, 22.8218076 ], [ 70.838044, 22.8221949 ], [ 70.8381218, 22.822321 ], [ 70.8383471, 22.8224817 ], [ 70.8385402, 22.8225485 ] ] } },
{ "type": "Feature", "properties": { "name": "", "cls": "tertiary", "max_depth": 8.6969995498657227, "flooded_km": 0.037964075700589781 }, "geometry": { "type": "LineString", "coordinates": [ [ 70.8382292, 22.8222758 ], [ 70.8381338, 22.822607 ] ] } },
{ "type": "Feature", "properties": { "name": "", "cls": "tertiary", "max_depth": 5.6739997863769531, "flooded_km": 0.030882289206175119 }, "geometry": { "type": "LineString", "coordinates": [ [ 70.8381338, 22.822607 ], [ 70.8380463, 22.8228738 ] ] } },
{ "type": "Feature", "properties": { "name": "", "cls": "tertiary", "max_depth": 8.2360000610351562, "flooded_km": 0.23181430798023034 }, "geometry": { "type": "LineString", "coordinates": [ [ 70.8446458, 22.8240375 ], [ 70.8443975, 22.8239685 ], [ 70.8438455, 22.8238905 ], [ 70.843243, 22.823838 ], [ 70.8430053, 22.8237809 ], [ 70.8429255, 22.8237029 ], [ 70.842939, 22.8235621 ], [ 70.8430199, 22.8233937 ], [ 70.8430675, 22.8232891 ] ] } },
{ "type": "Feature", "properties": { "name": "", "cls": "residential", "max_depth": 4.6129999160766602, "flooded_km": 0.41494599409981314 }, "geometry": { "type": "LineString", "coordinates": [ [ 70.8357426, 22.8224348 ], [ 70.8361798, 22.8226226 ], [ 70.837183, 22.8227833 ], [ 70.8372876, 22.8227512 ], [ 70.83736, 22.8226696 ], [ 70.837529, 22.8219279 ], [ 70.8374539, 22.8218142 ], [ 70.8368075, 22.8216832 ], [ 70.8364397, 22.8215404 ], [ 70.8360565, 22.8213396 ] ] } },
{ "type": "Feature", "properties": { "name": "", "cls": "residential", "max_depth": 1.878000020980835, "flooded_km": 0.15957865601377241 }, "geometry": { "type": "LineString", "coordinates": [ [ 70.8479558, 22.8176502 ], [ 70.847962, 22.8183999 ], [ 70.8479598, 22.8187359 ], [ 70.8479626, 22.8190911 ] ] } },
{ "type": "Feature", "properties": { "name": "", "cls": "residential", "max_depth": 8.3909997940063477, "flooded_km": 0.092737601238830708 }, "geometry": { "type": "LineString", "coordinates": [ [ 70.8446076, 22.8182835 ], [ 70.8454917, 22.8184553 ] ] } },
{ "type": "Feature", "properties": { "name": "", "cls": "pedestrian", "max_depth": 12.904999732971191, "flooded_km": 0.06345637728483941 }, "geometry": { "type": "LineString", "coordinates": [ [ 70.8439896, 22.8182938 ], [ 70.8446076, 22.8182835 ] ] } },
{ "type": "Feature", "properties": { "name": "", "cls": "unclassified", "max_depth": 7.8499999046325684, "flooded_km": 1.5868764705743477 }, "geometry": { "type": "LineString", "coordinates": [ [ 70.849264, 22.7697087 ], [ 70.8491273, 22.7695529 ], [ 70.8488023, 22.7691826 ], [ 70.8479333, 22.7685544 ], [ 70.8470428, 22.7680993 ], [ 70.8468336, 22.7679113 ], [ 70.8459324, 22.7671496 ], [ 70.8458841, 22.7670507 ], [ 70.8456963, 22.7664324 ], [ 70.8455247, 22.766284 ], [ 70.8445054, 22.7656656 ], [ 70.8443606, 22.7654925 ], [ 70.8442962, 22.7651463 ], [ 70.844028, 22.7649632 ], [ 70.8436257, 22.7646566 ], [ 70.8433038, 22.7644587 ], [ 70.8423167, 22.7640036 ], [ 70.8416408, 22.7637217 ], [ 70.8415013, 22.7635832 ], [ 70.8413404, 22.7634199 ], [ 70.8403641, 22.7627966 ], [ 70.8401066, 22.7625592 ], [ 70.8399081, 22.7624504 ], [ 70.8391517, 22.7623663 ], [ 70.8379394, 22.7621239 ], [ 70.8377731, 22.7621338 ], [ 70.8371615, 22.7623564 ], [ 70.8368719, 22.7623762 ], [ 70.8355737, 22.7624207 ], [ 70.8353215, 22.7623613 ], [ 70.8346349, 22.7620151 ], [ 70.8345115, 22.7618073 ], [ 70.8344954, 22.7615056 ], [ 70.834415, 22.7609713 ], [ 70.8343291, 22.7602936 ], [ 70.8342701, 22.7600611 ], [ 70.8343077, 22.7597594 ], [ 70.8343077, 22.7595318 ], [ 70.8339965, 22.7590817 ], [ 70.8332562, 22.7582704 ], [ 70.8330309, 22.7578945 ], [ 70.8326501, 22.7572464 ], [ 70.8324516, 22.7570782 ], [ 70.832296, 22.7570634 ], [ 70.832119, 22.7571722 ], [ 70.8317596, 22.7574047 ], [ 70.8315343, 22.7574542 ], [ 70.831266, 22.7574097 ], [ 70.8304882, 22.7570238 ], [ 70.8301824, 22.7566874 ], [ 70.8300215, 22.7566231 ], [ 70.8298713, 22.7566281 ], [ 70.8295548, 22.756727 ], [ 70.8293134, 22.756727 ] ] } },
{ "type": "Feature", "properties": { "name": "", "cls": "unclassified", "max_depth": 4.370999813079834, "flooded_km": 0.043049796632691213 }, "geometry": { "type": "LineString", "coordinates": [ [ 70.8282317, 22.817502 ], [ 70.828651, 22.8174974 ] ] } },
{ "type": "Feature", "properties": { "name": "", "cls": "service", "max_depth": 4.8119997978210449, "flooded_km": 0.1581527639935483 }, "geometry": { "type": "LineString", "coordinates": [ [ 70.761709, 22.9485633 ], [ 70.7618215, 22.9485738 ], [ 70.7619298, 22.9485981 ], [ 70.7620434, 22.9486175 ], [ 70.7621538, 22.9486458 ], [ 70.7622, 22.9486681 ], [ 70.7623427, 22.9487701 ], [ 70.7624801, 22.9488751 ], [ 70.7626335, 22.9489613 ], [ 70.7627869, 22.9490139 ], [ 70.7632104, 22.9491883 ], [ 70.7633088, 22.9492331 ], [ 70.7634035, 22.9492846 ], [ 70.7634843, 22.9493359 ], [ 70.7635613, 22.9493919 ], [ 70.7636341, 22.9494525 ], [ 70.7638273, 22.949581 ], [ 70.7639238, 22.9496254 ], [ 70.7639989, 22.9496526 ], [ 70.7641247, 22.9496764 ], [ 70.7642511, 22.9496971 ], [ 70.7644303, 22.9497211 ], [ 70.7646105, 22.9497391 ], [ 70.7647446, 22.9497465 ] ] } },
{ "type": "Feature", "properties": { "name": "", "cls": "residential", "max_depth": 5.2709999084472656, "flooded_km": 0.10785299974506188 }, "geometry": { "type": "LineString", "coordinates": [ [ 70.8281773, 22.8056269 ], [ 70.8285056, 22.8047018 ] ] } },
{ "type": "Feature", "properties": { "name": "", "cls": "residential", "max_depth": 5.5430002212524414, "flooded_km": 0.14405657305481032 }, "geometry": { "type": "LineString", "coordinates": [ [ 70.8278412, 22.8052994 ], [ 70.8280899, 22.8046909 ], [ 70.8281511, 22.8045421 ], [ 70.8281869, 22.8044987 ], [ 70.8282522, 22.8044987 ], [ 70.828489, 22.8045721 ], [ 70.8285168, 22.8045996 ], [ 70.8285273, 22.8046327 ], [ 70.8285056, 22.8047018 ] ] } },
{ "type": "Feature", "properties": { "name": "", "cls": "residential", "max_depth": 2.7630000114440918, "flooded_km": 0.11093641963844553 }, "geometry": { "type": "LineString", "coordinates": [ [ 70.8304879, 22.8225539 ], [ 70.8309168, 22.8225565 ], [ 70.8315685, 22.8225603 ] ] } },
{ "type": "Feature", "properties": { "name": "", "cls": "residential", "max_depth": 2.312999963760376, "flooded_km": 0.11066927799132811 }, "geometry": { "type": "LineString", "coordinates": [ [ 70.8314795, 22.8232441 ], [ 70.8312842, 22.8232933 ], [ 70.8310863, 22.8228964 ], [ 70.8309168, 22.8225565 ] ] } },
{ "type": "Feature", "properties": { "name": "", "cls": "residential", "max_depth": 2.312999963760376, "flooded_km": 0.08924978301100614 }, "geometry": { "type": "LineString", "coordinates": [ [ 70.8312842, 22.8232933 ], [ 70.8306575, 22.8235399 ], [ 70.8299458, 22.8238199 ], [ 70.8300642, 22.82406 ] ] } },
{ "type": "Feature", "properties": { "name": "", "cls": "residential", "max_depth": 2.6380000114440918, "flooded_km": 0.11651311414460562 }, "geometry": { "type": "LineString", "coordinates": [ [ 70.8306575, 22.8235399 ], [ 70.8304689, 22.8231524 ], [ 70.8310863, 22.8228964 ] ] } },
{ "type": "Feature", "properties": { "name": "", "cls": "residential", "max_depth": 2.6989998817443848, "flooded_km": 0.086180160859630858 }, "geometry": { "type": "LineString", "coordinates": [ [ 70.8154142, 22.8052754 ], [ 70.8154912, 22.8054787 ], [ 70.8155025, 22.8055964 ], [ 70.815495, 22.8060409 ] ] } },
{ "type": "Feature", "properties": { "name": "", "cls": "residential", "max_depth": 0.33700001239776611, "flooded_km": 0.01326460087526336 }, "geometry": { "type": "LineString", "coordinates": [ [ 70.8141604, 22.8049173 ], [ 70.814414, 22.8049632 ] ] } },
{ "type": "Feature", "properties": { "name": "", "cls": "residential", "max_depth": 1.1369999647140503, "flooded_km": 0.037420895531180803 }, "geometry": { "type": "LineString", "coordinates": [ [ 70.8143781, 22.8057955 ], [ 70.8144016, 22.8054583 ] ] } },
{ "type": "Feature", "properties": { "name": "", "cls": "service", "max_depth": 2.6989998817443848, "flooded_km": 0.039087616601324045 }, "geometry": { "type": "LineString", "coordinates": [ [ 70.8156583, 22.8061269 ], [ 70.8156604, 22.8065975 ] ] } },
{ "type": "Feature", "properties": { "name": "", "cls": "residential", "max_depth": 1.8070000410079956, "flooded_km": 0.084562194358823686 }, "geometry": { "type": "LineString", "coordinates": [ [ 70.8153445, 22.8066202 ], [ 70.8153481, 22.8056021 ] ] } },
{ "type": "Feature", "properties": { "name": "", "cls": "residential", "max_depth": 1.8960000276565552, "flooded_km": 0.054061950770735466 }, "geometry": { "type": "LineString", "coordinates": [ [ 70.8151785, 22.80663 ], [ 70.815203, 22.8058981 ] ] } },
{ "type": "Feature", "properties": { "name": "", "cls": "residential", "max_depth": 1.659000039100647, "flooded_km": 0.036080297739467221 }, "geometry": { "type": "LineString", "coordinates": [ [ 70.8154912, 22.8054787 ], [ 70.8151499, 22.8054011 ] ] } },
{ "type": "Feature", "properties": { "name": "", "cls": "primary", "max_depth": 4.3610000610351562, "flooded_km": 0.31042858613404334 }, "geometry": { "type": "LineString", "coordinates": [ [ 70.8143306, 22.7994981 ], [ 70.8148344, 22.8000751 ], [ 70.8153596, 22.800627 ], [ 70.8161496, 22.801453 ], [ 70.8163609, 22.8015548 ] ] } },
{ "type": "Feature", "properties": { "name": "", "cls": "primary", "max_depth": 1.4520000219345093, "flooded_km": 0.072764308384370049 }, "geometry": { "type": "LineString", "coordinates": [ [ 70.8124996, 22.7972589 ], [ 70.8123836, 22.7970642 ], [ 70.8117633, 22.7963607 ], [ 70.81112, 22.7956138 ], [ 70.8108818, 22.7953254 ], [ 70.8107429, 22.7952025 ] ] } },
{ "type": "Feature", "properties": { "name": "", "cls": "primary", "max_depth": 4.3610000610351562, "flooded_km": 0.31037183762007453 }, "geometry": { "type": "LineString", "coordinates": [ [ 70.8163609, 22.8015548 ], [ 70.8162705, 22.8014235 ], [ 70.8161954, 22.8013419 ], [ 70.8155731, 22.80072 ], [ 70.8150675, 22.8002119 ], [ 70.8147832, 22.799909 ], [ 70.8143891, 22.7994351 ] ] } },
{ "type": "Feature", "properties": { "name": "", "cls": "residential", "max_depth": 4.3610000610351562, "flooded_km": 0.071766615526096728 }, "geometry": { "type": "LineString", "coordinates": [ [ 70.814234, 22.8007165 ], [ 70.8144754, 22.8004699 ], [ 70.8144539, 22.8004352 ], [ 70.8140677, 22.8001182 ], [ 70.8139014, 22.7999407 ], [ 70.813998, 22.7998566 ], [ 70.8140141, 22.7998171 ], [ 70.8143306, 22.7994981 ] ] } },
{ "type": "Feature", "properties": { "name": "", "cls": "primary", "max_depth": 4.3610000610351562, "flooded_km": 0.1852305339120382 }, "geometry": { "type": "LineString", "coordinates": [ [ 70.8131528, 22.7980722 ], [ 70.8131981, 22.7981824 ], [ 70.8137019, 22.7987642 ], [ 70.814148, 22.7992849 ], [ 70.8143306, 22.7994981 ] ] } },
{ "type": "Feature", "properties": { "name": "", "cls": "primary", "max_depth": 4.3610000610351562, "flooded_km": 0.19820392446601548 }, "geometry": { "type": "LineString", "coordinates": [ [ 70.8143891, 22.7994351 ], [ 70.8143044, 22.799344 ], [ 70.8142181, 22.799243 ], [ 70.8138109, 22.7987666 ], [ 70.8132557, 22.7981213 ], [ 70.8131528, 22.7980722 ] ] } },
{ "type": "Feature", "properties": { "name": "", "cls": "primary_link", "max_depth": 2.0510001182556152, "flooded_km": 0.0085637052824706489 }, "geometry": { "type": "LineString", "coordinates": [ [ 70.814148, 22.7992849 ], [ 70.8142181, 22.799243 ] ] } },
{ "type": "Feature", "properties": { "name": "", "cls": "residential", "max_depth": 3.8280000686645508, "flooded_km": 0.022848396648614201 }, "geometry": { "type": "LineString", "coordinates": [ [ 70.833814, 22.8148192 ], [ 70.8339025, 22.8146299 ] ] } },
{ "type": "Feature", "properties": { "name": "", "cls": "residential", "max_depth": 2.5590000152587891, "flooded_km": 0.025751367878891401 }, "geometry": { "type": "LineString", "coordinates": [ [ 70.8320653, 22.8187501 ], [ 70.8320501, 22.8189822 ] ] } },
{ "type": "Feature", "properties": { "name": "", "cls": "residential", "max_depth": 3.4330000877380371, "flooded_km": 0.018674760508799321 }, "geometry": { "type": "LineString", "coordinates": [ [ 70.8310353, 22.8167743 ], [ 70.8310386, 22.8166057 ] ] } },
{ "type": "Feature", "properties": { "name": "", "cls": "residential", "max_depth": 3.9670000076293945, "flooded_km": 0.72488412018996551 }, "geometry": { "type": "LineString", "coordinates": [ [ 70.8654213, 22.8044976 ], [ 70.865703, 22.8042794 ], [ 70.8659595, 22.8040907 ], [ 70.8669044, 22.8033292 ], [ 70.8676469, 22.8027443 ], [ 70.8683831, 22.8021928 ], [ 70.869219, 22.8015025 ], [ 70.8703616, 22.8005581 ], [ 70.8704904, 22.8004741 ], [ 70.8711341, 22.7999253 ], [ 70.8711824, 22.7998808 ], [ 70.8721695, 22.7990748 ] ] } },
{ "type": "Feature", "properties": { "name": "", "cls": "residential", "max_depth": 2.9820001125335693, "flooded_km": 0.78239343141480999 }, "geometry": { "type": "LineString", "coordinates": [ [ 70.8205908, 22.7929374 ], [ 70.8206445, 22.7929622 ], [ 70.8213526, 22.7930462 ], [ 70.822345, 22.7932837 ], [ 70.822742, 22.7933133 ], [ 70.8229458, 22.793437 ], [ 70.8229565, 22.7935507 ], [ 70.8229297, 22.7940404 ], [ 70.822978, 22.7946586 ], [ 70.8230209, 22.7949554 ], [ 70.8231067, 22.7953511 ], [ 70.8231711, 22.7955193 ], [ 70.8232623, 22.7956627 ], [ 70.8235144, 22.7958309 ], [ 70.8238953, 22.7960237 ], [ 70.8240509, 22.7960831 ], [ 70.8247643, 22.7962661 ], [ 70.8255594, 22.7963396 ], [ 70.825714, 22.7963946 ], [ 70.8257797, 22.7964044 ], [ 70.825823, 22.796412 ] ] } },
{ "type": "Feature", "properties": { "name": "", "cls": "residential", "max_depth": 1.5789999961853027, "flooded_km": 0.01478059716834175 }, "geometry": { "type": "LineString", "coordinates": [ [ 70.8257167, 22.7958662 ], [ 70.825068, 22.7956911 ], [ 70.824015, 22.7954302 ], [ 70.823775, 22.7953663 ] ] } },
{ "type": "Feature", "properties": { "name": "", "cls": "residential", "max_depth": 2.1459999084472656, "flooded_km": 0.06913981809388417 }, "geometry": { "type": "LineString", "coordinates": [ [ 70.8251506, 22.7934271 ], [ 70.8254403, 22.7935062 ], [ 70.8257192, 22.7935656 ], [ 70.8261916, 22.7936834 ] ] } },
{ "type": "Feature", "properties": { "name": "", "cls": "residential", "max_depth": 0.74599999189376831, "flooded_km": 0.038402779128111263 }, "geometry": { "type": "LineString", "coordinates": [ [ 70.8257192, 22.7935656 ], [ 70.8258104, 22.7932293 ] ] } },
{ "type": "Feature", "properties": { "name": "", "cls": "residential", "max_depth": 0.79199999570846558, "flooded_km": 0.044412833490546845 }, "geometry": { "type": "LineString", "coordinates": [ [ 70.8255368, 22.7931748 ], [ 70.8254403, 22.7935062 ], [ 70.8253008, 22.7939464 ] ] } },
{ "type": "Feature", "properties": { "name": "", "cls": "residential", "max_depth": 0.88999998569488525, "flooded_km": 0.027417640997601765 }, "geometry": { "type": "LineString", "coordinates": [ [ 70.8251506, 22.7934271 ], [ 70.8252472, 22.7930957 ], [ 70.8252954, 22.7928237 ] ] } },
{ "type": "Feature", "properties": { "name": "", "cls": "residential", "max_depth": 2.8670001029968262, "flooded_km": 0.10319579166701248 }, "geometry": { "type": "LineString", "coordinates": [ [ 70.8251506, 22.7934271 ], [ 70.8248395, 22.793348 ], [ 70.8236271, 22.7930413 ] ] } },
{ "type": "Feature", "properties": { "name": "", "cls": "residential", "max_depth": 0.44699999690055847, "flooded_km": 0.024125286232066317 }, "geometry": { "type": "LineString", "coordinates": [ [ 70.8251506, 22.7934271 ], [ 70.8250272, 22.7938475 ] ] } },
{ "type": "Feature", "properties": { "name": "", "cls": "residential", "max_depth": 1.2410000562667847, "flooded_km": 0.22980950148051282 }, "geometry": { "type": "LineString", "coordinates": [ [ 70.8246034, 22.7942383 ], [ 70.8246464, 22.7941295 ], [ 70.8248395, 22.793348 ], [ 70.8249038, 22.7931353 ], [ 70.8250004, 22.7927594 ], [ 70.825038, 22.7925022 ], [ 70.8250755, 22.7923686 ], [ 70.8251238, 22.7921757 ], [ 70.8251343, 22.7921137 ], [ 70.824563, 22.7920074 ] ] } },
{ "type": "Feature", "properties": { "name": "", "cls": "residential", "max_depth": 1.9259999990463257, "flooded_km": 0.11913490880179185 }, "geometry": { "type": "LineString", "coordinates": [ [ 70.8252954, 22.7928237 ], [ 70.8264233, 22.7930759 ] ] } },
{ "type": "Feature", "properties": { "name": "", "cls": "residential", "max_depth": 0.88999998569488525, "flooded_km": 0.031116875510463073 }, "geometry": { "type": "LineString", "coordinates": [ [ 70.8252954, 22.7928237 ], [ 70.8250004, 22.7927594 ] ] } },
{ "type": "Feature", "properties": { "name": "", "cls": "residential", "max_depth": 1.2050000429153442, "flooded_km": 0.040110844754170628 }, "geometry": { "type": "LineString", "coordinates": [ [ 70.8254617, 22.792423 ], [ 70.8250755, 22.7923686 ] ] } },
{ "type": "Feature", "properties": { "name": "", "cls": "residential", "max_depth": 1.496999979019165, "flooded_km": 0.11300388661136868 }, "geometry": { "type": "LineString", "coordinates": [ [ 70.8254617, 22.792423 ], [ 70.8265334, 22.792655 ] ] } },
{ "type": "Feature", "properties": { "name": "", "cls": "residential", "max_depth": 1.593999981880188, "flooded_km": 0.19920954166269694 }, "geometry": { "type": "LineString", "coordinates": [ [ 70.8254617, 22.792423 ], [ 70.8255368, 22.7921213 ], [ 70.8255851, 22.7917899 ], [ 70.8256495, 22.791597 ], [ 70.825671, 22.7913299 ], [ 70.8256549, 22.7911469 ], [ 70.8248395, 22.7910876 ] ] } },
{ "type": "Feature", "properties": { "name": "", "cls": "residential", "max_depth": 3.184999942779541, "flooded_km": 0.17629305534169515 }, "geometry": { "type": "LineString", "coordinates": [ [ 70.8268619, 22.7925269 ], [ 70.8268726, 22.7921906 ], [ 70.8267331, 22.7921708 ], [ 70.8265801, 22.7922005 ], [ 70.8264434, 22.7922351 ], [ 70.8255368, 22.7921213 ] ] } },
{ "type": "Feature", "properties": { "name": "", "cls": "residential", "max_depth": 2.687000036239624, "flooded_km": 0.17309718011379607 }, "geometry": { "type": "LineString", "coordinates": [ [ 70.8241045, 22.7916218 ], [ 70.8248019, 22.7916712 ], [ 70.8255851, 22.7917899 ], [ 70.8259284, 22.7918542 ], [ 70.8261913, 22.7918542 ], [ 70.8266116, 22.7918938 ] ] } },
{ "type": "Feature", "properties": { "name": "", "cls": "residential", "max_depth": 2.2260000705718994, "flooded_km": 0.10232503366529201 }, "geometry": { "type": "LineString", "coordinates": [ [ 70.8266451, 22.7915674 ], [ 70.8260465, 22.7915723 ], [ 70.8256495, 22.791597 ] ] } },
{ "type": "Feature", "properties": { "name": "", "cls": "residential", "max_depth": 2.375999927520752, "flooded_km": 0.16147805891917424 }, "geometry": { "type": "LineString", "coordinates": [ [ 70.8248825, 22.7907665 ], [ 70.8250917, 22.7907813 ], [ 70.8259017, 22.7909 ], [ 70.8264418, 22.7909494 ] ] } },
{ "type": "Feature", "properties": { "name": "", "cls": "residential", "max_depth": 1.6189999580383301, "flooded_km": 0.092930549707322813 }, "geometry": { "type": "LineString", "coordinates": [ [ 70.8248825, 22.7907665 ], [ 70.8248395, 22.7910876 ], [ 70.8248127, 22.7912857 ], [ 70.8247859, 22.7913302 ], [ 70.8247215, 22.7913401 ], [ 70.8245016, 22.7913253 ] ] } },
{ "type": "Feature", "properties": { "name": "", "cls": "residential", "max_depth": 1.2979999780654907, "flooded_km": 0.11175294966986048 }, "geometry": { "type": "LineString", "coordinates": [ [ 70.8248825, 22.7907665 ], [ 70.8242549, 22.7906626 ], [ 70.823697, 22.7905934 ], [ 70.8235414, 22.7905588 ] ] } },
{ "type": "Feature", "properties": { "name": "", "cls": "residential", "max_depth": 2.2909998893737793, "flooded_km": 0.26626382089385808 }, "geometry": { "type": "LineString", "coordinates": [ [ 70.8273823, 22.788012 ], [ 70.8271462, 22.7884373 ], [ 70.8269102, 22.7888329 ], [ 70.8260699, 22.790084 ] ] } },
{ "type": "Feature", "properties": { "name": "", "cls": "residential", "max_depth": 2.0209999084472656, "flooded_km": 0.023885587561797497 }, "geometry": { "type": "LineString", "coordinates": [ [ 70.8271462, 22.7884373 ], [ 70.8273501, 22.7885411 ] ] } },
{ "type": "Feature", "properties": { "name": "", "cls": "residential", "max_depth": 2.0369999408721924, "flooded_km": 0.22193063387435438 }, "geometry": { "type": "LineString", "coordinates": [ [ 70.8273823, 22.788012 ], [ 70.8275593, 22.7880219 ], [ 70.8276719, 22.7880911 ], [ 70.8277202, 22.788101 ], [ 70.8279026, 22.7878933 ], [ 70.828427, 22.7872176 ], [ 70.8285056, 22.7871901 ], [ 70.829033, 22.7872245 ] ] } },
{ "type": "Feature", "properties": { "name": "", "cls": "residential", "max_depth": 1.5190000534057617, "flooded_km": 0.25942962087722238 }, "geometry": { "type": "LineString", "coordinates": [ [ 70.8273823, 22.788012 ], [ 70.8256496, 22.787379 ], [ 70.8251131, 22.7872604 ], [ 70.8248604, 22.7872703 ] ] } },
{ "type": "Feature", "properties": { "name": "", "cls": "residential", "max_depth": 0.62599998712539673, "flooded_km": 0.083363841684800641 }, "geometry": { "type": "LineString", "coordinates": [ [ 70.825722, 22.7879873 ], [ 70.8258963, 22.788012 ], [ 70.8259768, 22.7880417 ], [ 70.8258427, 22.7884719 ], [ 70.8257676, 22.788645 ] ] } },
{ "type": "Feature", "properties": { "name": "", "cls": "residential", "max_depth": 0.35499998927116394, "flooded_km": 0.02989287067551212 }, "geometry": { "type": "LineString", "coordinates": [ [ 70.825722, 22.7879873 ], [ 70.8257032, 22.7880417 ], [ 70.8254886, 22.7885461 ], [ 70.8254322, 22.7886005 ] ] } },
{ "type": "Feature", "properties": { "name": "", "cls": "residential", "max_depth": 0.80800002813339233, "flooded_km": 0.041077399306811826 }, "geometry": { "type": "LineString", "coordinates": [ [ 70.8251389, 22.7879181 ], [ 70.8249629, 22.7879378 ], [ 70.824346, 22.788017 ] ] } },
{ "type": "Feature", "properties": { "name": "", "cls": "residential", "max_depth": 2.4639999866485596, "flooded_km": 0.17599760407218101 }, "geometry": { "type": "LineString", "coordinates": [ [ 70.8307456, 22.7872395 ], [ 70.8303272, 22.7872445 ], [ 70.8299141, 22.7872494 ], [ 70.8297747, 22.7872494 ], [ 70.8296567, 22.7872346 ], [ 70.8293402, 22.7872346 ], [ 70.829033, 22.7872245 ] ] } },
{ "type": "Feature", "properties": { "name": "", "cls": "residential", "max_depth": 4.870999813079834, "flooded_km": 1.4213596952146543 }, "geometry": { "type": "LineString", "coordinates": [ [ 70.8317473, 22.7944564 ], [ 70.8317415, 22.7944189 ], [ 70.8315288, 22.7930463 ], [ 70.8314215, 22.7920175 ], [ 70.831266, 22.7902171 ], [ 70.8308314, 22.7890449 ], [ 70.8307885, 22.7884316 ], [ 70.8307456, 22.7872395 ], [ 70.8307349, 22.7868142 ], [ 70.8306491, 22.786191 ], [ 70.8305252, 22.7847154 ], [ 70.8305096, 22.7845291 ], [ 70.8303701, 22.7836487 ], [ 70.8302682, 22.7832035 ], [ 70.8301287, 22.7828128 ], [ 70.8300649, 22.7826675 ], [ 70.8300441, 22.7826201 ], [ 70.8298659, 22.7822143 ], [ 70.8297908, 22.7820906 ], [ 70.8294153, 22.7813289 ], [ 70.8291578, 22.7808788 ], [ 70.8290505, 22.7806527 ], [ 70.82897, 22.7804831 ], [ 70.828911, 22.7802408 ], [ 70.8288793, 22.779666 ], [ 70.8288359, 22.7788806 ], [ 70.8288145, 22.7775253 ], [ 70.8287769, 22.7773275 ], [ 70.8287608, 22.7767933 ], [ 70.8286321, 22.7752452 ], [ 70.8285462, 22.7747159 ], [ 70.8283531, 22.7739493 ], [ 70.8282619, 22.7730145 ], [ 70.8282727, 22.7728958 ], [ 70.8282995, 22.7728117 ], [ 70.8285355, 22.7726237 ], [ 70.8286106, 22.7724902 ], [ 70.8285248, 22.7722083 ], [ 70.8284389, 22.7718324 ], [ 70.8283424, 22.7715653 ], [ 70.8282458, 22.7713971 ], [ 70.8278596, 22.7708431 ], [ 70.8277952, 22.7707244 ], [ 70.8275431, 22.7698836 ], [ 70.8274519, 22.7695077 ], [ 70.8273071, 22.7690675 ], [ 70.8268726, 22.7679496 ], [ 70.8265453, 22.7672374 ], [ 70.8263093, 22.7665004 ], [ 70.8262181, 22.7659811 ], [ 70.8261215, 22.765165 ], [ 70.8260786, 22.764151 ], [ 70.8260679, 22.7630431 ], [ 70.8260143, 22.7622369 ], [ 70.8258533, 22.7610745 ], [ 70.825805, 22.7608569 ], [ 70.8254778, 22.7598627 ], [ 70.8253383, 22.7595214 ], [ 70.8250487, 22.7590268 ], [ 70.8247375, 22.7585569 ], [ 70.8240026, 22.7573501 ], [ 70.823772, 22.7569297 ], [ 70.8235574, 22.7564499 ], [ 70.8234501, 22.7562669 ], [ 70.8232838, 22.7559256 ], [ 70.8229928, 22.7554202 ], [ 70.8228832, 22.7553287 ], [ 70.8227527, 22.7552133 ] ] } },
{ "type": "Feature", "properties": { "name": "", "cls": "residential", "max_depth": 1.5069999694824219, "flooded_km": 0.46038409070075526 }, "geometry": { "type": "LineString", "coordinates": [ [ 70.8205908, 22.7929374 ], [ 70.8201724, 22.792888 ], [ 70.8193946, 22.7927198 ], [ 70.8190512, 22.7926308 ], [ 70.8179408, 22.7922153 ], [ 70.8177692, 22.7921659 ], [ 70.8173775, 22.7920026 ], [ 70.816943, 22.7918394 ], [ 70.8168894, 22.7918345 ], [ 70.8167392, 22.7917405 ], [ 70.8162993, 22.7917553 ], [ 70.8160633, 22.7917059 ], [ 70.8147114, 22.7912063 ], [ 70.8144478, 22.791124 ], [ 70.8140141, 22.7909887 ], [ 70.8139888, 22.7909901 ], [ 70.8136654, 22.7910085 ], [ 70.8125657, 22.7909887 ], [ 70.812179, 22.7908552 ] ] } },
{ "type": "Feature", "properties": { "name": "", "cls": "residential", "max_depth": 1.0789999961853027, "flooded_km": 0.2666945704070256 }, "geometry": { "type": "LineString", "coordinates": [ [ 70.8205908, 22.7929374 ], [ 70.8208161, 22.7919482 ], [ 70.8208108, 22.7918988 ], [ 70.821315, 22.7905436 ], [ 70.8217334, 22.789495 ] ] } },
{ "type": "Feature", "properties": { "name": "", "cls": "residential", "max_depth": 1.9750000238418579, "flooded_km": 0.39072484871776181 }, "geometry": { "type": "LineString", "coordinates": [ [ 70.8208108, 22.7918988 ], [ 70.8195823, 22.7915179 ], [ 70.8184612, 22.7911074 ], [ 70.8182949, 22.7914042 ], [ 70.8179408, 22.7922153 ] ] } },
{ "type": "Feature", "properties": { "name": "", "cls": "residential", "max_depth": 0.53700000047683716, "flooded_km": 0.054418859328882678 }, "geometry": { "type": "LineString", "coordinates": [ [ 70.8173775, 22.7920026 ], [ 70.8176404, 22.7914388 ] ] } },
{ "type": "Feature", "properties": { "name": "", "cls": "residential", "max_depth": 0.35600000619888306, "flooded_km": 0.028286924941711096 }, "geometry": { "type": "LineString", "coordinates": [ [ 70.8171737, 22.790682 ], [ 70.8170879, 22.7909689 ], [ 70.8170235, 22.7912063 ], [ 70.8169323, 22.7914041 ], [ 70.8167499, 22.7916069 ] ] } },
{ "type": "Feature", "properties": { "name": "", "cls": "residential", "max_depth": 0.4830000102519989, "flooded_km": 0.059944202020518859 }, "geometry": { "type": "LineString", "coordinates": [ [ 70.8167499, 22.7916069 ], [ 70.8165514, 22.791325 ], [ 70.8163798, 22.790959 ], [ 70.8164871, 22.790227 ], [ 70.8164817, 22.789584 ], [ 70.8164978, 22.7895345 ], [ 70.816471, 22.7886541 ], [ 70.8165193, 22.7884958 ], [ 70.8165514, 22.788481 ] ] } },
{ "type": "Feature", "properties": { "name": "", "cls": "residential", "max_depth": 0.58399999141693115, "flooded_km": 0.014713205571268753 }, "geometry": { "type": "LineString", "coordinates": [ [ 70.8133489, 22.7888519 ], [ 70.8133006, 22.7888767 ], [ 70.8130646, 22.7889113 ], [ 70.8126033, 22.788941 ], [ 70.8119273, 22.7889221 ] ] } },
{ "type": "Feature", "properties": { "name": "", "cls": "residential", "max_depth": 2.8310000896453857, "flooded_km": 0.34408899489511618 }, "geometry": { "type": "LineString", "coordinates": [ [ 70.8281456, 22.7955123 ], [ 70.8284551, 22.7948516 ], [ 70.8283907, 22.7947922 ], [ 70.8279723, 22.7946241 ], [ 70.8268672, 22.7941295 ], [ 70.8261672, 22.79377 ] ] } },
{ "type": "Feature", "properties": { "name": "", "cls": "residential", "max_depth": 2.8989999294281006, "flooded_km": 0.1193181820974864 }, "geometry": { "type": "LineString", "coordinates": [ [ 70.8276933, 22.7953314 ], [ 70.8278489, 22.794906 ], [ 70.8279723, 22.7946241 ], [ 70.8280849, 22.7943174 ] ] } },
{ "type": "Feature", "properties": { "name": "", "cls": "residential", "max_depth": 2.4760000705718994, "flooded_km": 0.11276463509726115 }, "geometry": { "type": "LineString", "coordinates": [ [ 70.8281456, 22.7955123 ], [ 70.8276933, 22.7953314 ], [ 70.82735, 22.7952176 ], [ 70.8273715, 22.794995 ] ] } },
{ "type": "Feature", "properties": { "name": "", "cls": "residential", "max_depth": 2.9340000152587891, "flooded_km": 0.11345179738344892 }, "geometry": { "type": "LineString", "coordinates": [ [ 70.8276933, 22.7953314 ], [ 70.8272745, 22.7962794 ] ] } },
{ "type": "Feature", "properties": { "name": "", "cls": "residential", "max_depth": 2.7929999828338623, "flooded_km": 0.11464226877913243 }, "geometry": { "type": "LineString", "coordinates": [ [ 70.8281456, 22.7955123 ], [ 70.8278378, 22.7962459 ], [ 70.8277603, 22.7964833 ] ] } },
{ "type": "Feature", "properties": { "name": "", "cls": "residential", "max_depth": 2.1600000858306885, "flooded_km": 0.32267209333852892 }, "geometry": { "type": "LineString", "coordinates": [ [ 70.8272745, 22.7962794 ], [ 70.8264381, 22.7959793 ], [ 70.8261967, 22.7958655 ], [ 70.8262503, 22.7956628 ], [ 70.8264005, 22.7952918 ], [ 70.8265185, 22.7950544 ], [ 70.8265561, 22.7950198 ], [ 70.8265879, 22.7947898 ], [ 70.825865, 22.7946551 ] ] } },
{ "type": "Feature", "properties": { "name": "", "cls": "residential", "max_depth": 2.3250000476837158, "flooded_km": 0.05143029611687721 }, "geometry": { "type": "LineString", "coordinates": [ [ 70.827602, 22.7969239 ], [ 70.8277603, 22.7964833 ] ] } },
{ "type": "Feature", "properties": { "name": "", "cls": "residential", "max_depth": 2.7650001049041748, "flooded_km": 0.11857241899346899 }, "geometry": { "type": "LineString", "coordinates": [ [ 70.8265883, 22.7955342 ], [ 70.8264381, 22.7959793 ], [ 70.826261, 22.7964393 ], [ 70.826218, 22.7965481 ] ] } },
{ "type": "Feature", "properties": { "name": "", "cls": "residential", "max_depth": 2.7650001049041748, "flooded_km": 0.037800893541527963 }, "geometry": { "type": "LineString", "coordinates": [ [ 70.8258922, 22.7966194 ], [ 70.8261345, 22.7966347 ], [ 70.826218, 22.7965481 ] ] } },
{ "type": "Feature", "properties": { "name": "", "cls": "residential", "max_depth": 3.8510000705718994, "flooded_km": 0.1540482133157032 }, "geometry": { "type": "LineString", "coordinates": [ [ 70.827602, 22.7969239 ], [ 70.8262219, 22.796653 ], [ 70.8261345, 22.7966347 ] ] } },
{ "type": "Feature", "properties": { "name": "", "cls": "residential", "max_depth": 3.2999999523162842, "flooded_km": 0.086617652786429619 }, "geometry": { "type": "LineString", "coordinates": [ [ 70.827602, 22.7969239 ], [ 70.8279454, 22.7970772 ], [ 70.828294, 22.7972997 ], [ 70.8283211, 22.797326 ] ] } },
{ "type": "Feature", "properties": { "name": "", "cls": "residential", "max_depth": 3.4470000267028809, "flooded_km": 0.058302335989659303 }, "geometry": { "type": "LineString", "coordinates": [ [ 70.8279454, 22.7970772 ], [ 70.8279024, 22.7971267 ], [ 70.8276932, 22.797547 ] ] } },
{ "type": "Feature", "properties": { "name": "", "cls": "residential", "max_depth": 2.5899999141693115, "flooded_km": 0.038399062019327877 }, "geometry": { "type": "LineString", "coordinates": [ [ 70.8279454, 22.7970772 ], [ 70.8282511, 22.7964443 ] ] } },
{ "type": "Feature", "properties": { "name": "", "cls": "residential", "max_depth": 2.4860000610351562, "flooded_km": 0.089285906918025709 }, "geometry": { "type": "LineString", "coordinates": [ [ 70.8285785, 22.7956974 ], [ 70.8282511, 22.7964443 ] ] } },
{ "type": "Feature", "properties": { "name": "", "cls": "residential", "max_depth": 2.4860000610351562, "flooded_km": 0.048949133673105452 }, "geometry": { "type": "LineString", "coordinates": [ [ 70.8281456, 22.7955123 ], [ 70.8285785, 22.7956974 ] ] } },
{ "type": "Feature", "properties": { "name": "", "cls": "residential", "max_depth": 2.4860000610351562, "flooded_km": 0.07220294520309091 }, "geometry": { "type": "LineString", "coordinates": [ [ 70.8285785, 22.7956974 ], [ 70.8288574, 22.7950989 ] ] } },
{ "type": "Feature", "properties": { "name": "", "cls": "residential", "max_depth": 3.3550000190734863, "flooded_km": 0.10337382572224962 }, "geometry": { "type": "LineString", "coordinates": [ [ 70.828294, 22.7972997 ], [ 70.8283442, 22.7972005 ], [ 70.8283737, 22.7971273 ], [ 70.8285033, 22.7968646 ], [ 70.8286964, 22.7964443 ] ] } },
{ "type": "Feature", "properties": { "name": "", "cls": "residential", "max_depth": 2.9730000495910645, "flooded_km": 0.13081665895502387 }, "geometry": { "type": "LineString", "coordinates": [ [ 70.8286964, 22.7964443 ], [ 70.8291793, 22.7953512 ] ] } },
{ "type": "Feature", "properties": { "name": "", "cls": "residential", "max_depth": 4.6380000114440918, "flooded_km": 0.46554568162814353 }, "geometry": { "type": "LineString", "coordinates": [ [ 70.8283442, 22.7972005 ], [ 70.829063, 22.7965896 ], [ 70.8293057, 22.7963646 ], [ 70.8301702, 22.7956407 ], [ 70.8313057, 22.7947509 ], [ 70.8317415, 22.7944189 ] ] } },
{ "type": "Feature", "properties": { "name": "", "cls": "residential", "max_depth": 4.6110000610351562, "flooded_km": 0.046210783600073815 }, "geometry": { "type": "LineString", "coordinates": [ [ 70.8317058, 22.7952127 ], [ 70.8317167, 22.7950791 ], [ 70.8316113, 22.7948132 ] ] } },
{ "type": "Feature", "properties": { "name": "", "cls": "residential", "max_depth": 2.6440000534057617, "flooded_km": 0.034933590643750845 }, "geometry": { "type": "LineString", "coordinates": [ [ 70.8260662, 22.7977728 ], [ 70.8258255, 22.7977098 ], [ 70.8256279, 22.7976646 ] ] } },
{ "type": "Feature", "properties": { "name": "", "cls": "residential", "max_depth": 2.0260000228881836, "flooded_km": 0.16968447361133562 }, "geometry": { "type": "LineString", "coordinates": [ [ 70.822345, 22.7932837 ], [ 70.8218944, 22.7944559 ], [ 70.8217227, 22.7949752 ] ] } },
{ "type": "Feature", "properties": { "name": "", "cls": "residential", "max_depth": 3.0539999008178711, "flooded_km": 0.43918511279616473 }, "geometry": { "type": "LineString", "coordinates": [ [ 70.829705, 22.7911917 ], [ 70.8293349, 22.791172 ], [ 70.829072, 22.791167 ], [ 70.8288145, 22.7911621 ], [ 70.8287448, 22.7911818 ], [ 70.8287126, 22.7912115 ], [ 70.8286697, 22.7916467 ], [ 70.8286214, 22.7922896 ], [ 70.8285839, 22.7926258 ], [ 70.8285624, 22.7926456 ], [ 70.8284605, 22.7926456 ], [ 70.8281869, 22.792611 ], [ 70.8278758, 22.7925813 ], [ 70.8273662, 22.7925566 ], [ 70.8268619, 22.7925269 ] ] } },
{ "type": "Feature", "properties": { "name": "", "cls": "residential", "max_depth": 4.1409997940063477, "flooded_km": 0.34843697367772042 }, "geometry": { "type": "LineString", "coordinates": [ [ 70.8215202, 22.7992056 ], [ 70.8215049, 22.7989998 ], [ 70.8216814, 22.7989889 ], [ 70.8218671, 22.7989774 ], [ 70.8230956, 22.7989316 ], [ 70.8247446, 22.7987998 ], [ 70.8255153, 22.7987618 ] ] } },
{ "type": "Feature", "properties": { "name": "", "cls": "residential", "max_depth": 1.8589999675750732, "flooded_km": 0.17988103932570149 }, "geometry": { "type": "LineString", "coordinates": [ [ 70.8216814, 22.7989889 ], [ 70.8221894, 22.7979576 ], [ 70.8222162, 22.7978142 ], [ 70.8221143, 22.7977449 ], [ 70.8219695, 22.797735 ], [ 70.8213204, 22.7990109 ], [ 70.8215049, 22.7989998 ] ] } },
{ "type": "Feature", "properties": { "name": "", "cls": "residential", "max_depth": 2.5829999446868896, "flooded_km": 0.044976983166617371 }, "geometry": { "type": "LineString", "coordinates": [ [ 70.8218671, 22.7989774 ], [ 70.8221358, 22.7984966 ] ] } },
{ "type": "Feature", "properties": { "name": "", "cls": "residential", "max_depth": 2.996999979019165, "flooded_km": 0.16467733315339086 }, "geometry": { "type": "LineString", "coordinates": [ [ 70.8213204, 22.7990109 ], [ 70.8208861, 22.7990385 ], [ 70.8206334, 22.7990783 ], [ 70.8203438, 22.7991919 ], [ 70.819845, 22.7994973 ] ] } },
{ "type": "Feature", "properties": { "name": "", "cls": "residential", "max_depth": 2.5789999961853027, "flooded_km": 0.12858788191711498 }, "geometry": { "type": "LineString", "coordinates": [ [ 70.8201134, 22.7981702 ], [ 70.8197701, 22.798729 ], [ 70.819459, 22.7991593 ] ] } },
{ "type": "Feature", "properties": { "name": "", "cls": "residential", "max_depth": 2.2760000228881836, "flooded_km": 0.17523576877680563 }, "geometry": { "type": "LineString", "coordinates": [ [ 70.8201134, 22.7981702 ], [ 70.8203762, 22.798279 ], [ 70.8204406, 22.7983186 ], [ 70.8197432, 22.7993471 ], [ 70.8197272, 22.799372 ] ] } },
{ "type": "Feature", "properties": { "name": "", "cls": "residential", "max_depth": 2.9460000991821289, "flooded_km": 0.21977142924558793 }, "geometry": { "type": "LineString", "coordinates": [ [ 70.8201134, 22.7981702 ], [ 70.8203548, 22.7978142 ], [ 70.8209073, 22.7981356 ], [ 70.8209073, 22.7981949 ], [ 70.8203655, 22.7989416 ] ] } },
{ "type": "Feature", "properties": { "name": "", "cls": "residential", "max_depth": 1.2450000047683716, "flooded_km": 0.03209337912945228 }, "geometry": { "type": "LineString", "coordinates": [ [ 70.8201134, 22.7981702 ], [ 70.8198237, 22.7980614 ] ] } },
{ "type": "Feature", "properties": { "name": "", "cls": "residential", "max_depth": 2.1579999923706055, "flooded_km": 0.083307003853215239 }, "geometry": { "type": "LineString", "coordinates": [ [ 70.8200651, 22.7976708 ], [ 70.8198237, 22.7980614 ], [ 70.819223, 22.7989566 ] ] } },
{ "type": "Feature", "properties": { "name": "", "cls": "residential", "max_depth": 1.2660000324249268, "flooded_km": 0.061859965794370579 }, "geometry": { "type": "LineString", "coordinates": [ [ 70.819003, 22.7987785 ], [ 70.8191317, 22.7986054 ], [ 70.8193195, 22.7983037 ] ] } },
{ "type": "Feature", "properties": { "name": "", "cls": "residential", "max_depth": 1.8899999856948853, "flooded_km": 0.069793946479612304 }, "geometry": { "type": "LineString", "coordinates": [ [ 70.8189869, 22.7974482 ], [ 70.8186972, 22.797918 ], [ 70.818413, 22.7983038 ] ] } },
{ "type": "Feature", "properties": { "name": "", "cls": "residential", "max_depth": 2.8849999904632568, "flooded_km": 0.53454410966952925 }, "geometry": { "type": "LineString", "coordinates": [ [ 70.8149261, 22.7974482 ], [ 70.8156717, 22.7978488 ], [ 70.8170021, 22.7986944 ], [ 70.817399, 22.7989911 ], [ 70.8180749, 22.7994559 ], [ 70.8186275, 22.799807 ], [ 70.8188045, 22.799807 ], [ 70.8196146, 22.7993176 ] ] } },
{ "type": "Feature", "properties": { "name": "", "cls": "residential", "max_depth": 1.2640000581741333, "flooded_km": 0.042750749390549528 }, "geometry": { "type": "LineString", "coordinates": [ [ 70.8167768, 22.7976905 ], [ 70.8171255, 22.79729 ] ] } },
{ "type": "Feature", "properties": { "name": "", "cls": "residential", "max_depth": 0.7070000171661377, "flooded_km": 0.035604126909468507 }, "geometry": { "type": "LineString", "coordinates": [ [ 70.8167768, 22.7976905 ], [ 70.8168787, 22.7977449 ], [ 70.8171576, 22.7979328 ] ] } },
{ "type": "Feature", "properties": { "name": "", "cls": "residential", "max_depth": 0.85600000619888306, "flooded_km": 0.03386642604458192 }, "geometry": { "type": "LineString", "coordinates": [ [ 70.8167768, 22.7976905 ], [ 70.8165086, 22.7975125 ] ] } },
{ "type": "Feature", "properties": { "name": "", "cls": "residential", "max_depth": 1.8760000467300415, "flooded_km": 0.055035895663065541 }, "geometry": { "type": "LineString", "coordinates": [ [ 70.8162994, 22.7967509 ], [ 70.816235, 22.79684 ], [ 70.8160526, 22.7971911 ] ] } },
{ "type": "Feature", "properties": { "name": "", "cls": "residential", "max_depth": 2.2430000305175781, "flooded_km": 0.055950951657004366 }, "geometry": { "type": "LineString", "coordinates": [ [ 70.8128488, 22.7952513 ], [ 70.8132201, 22.7954204 ], [ 70.8135795, 22.7955985 ], [ 70.8137029, 22.795643 ] ] } },
{ "type": "Feature", "properties": { "name": "", "cls": "residential", "max_depth": 2.6510000228881836, "flooded_km": 0.037614684410682747 }, "geometry": { "type": "LineString", "coordinates": [ [ 70.8274787, 22.7986694 ], [ 70.8271783, 22.798475 ] ] } },
{ "type": "Feature", "properties": { "name": "", "cls": "residential", "max_depth": 3.4660000801086426, "flooded_km": 0.084305341436606979 }, "geometry": { "type": "LineString", "coordinates": [ [ 70.8274787, 22.7986694 ], [ 70.8276771, 22.798343 ], [ 70.8278166, 22.7983579 ], [ 70.8280527, 22.7984914 ] ] } },
{ "type": "Feature", "properties": { "name": "", "cls": "residential", "max_depth": 2.8910000324249268, "flooded_km": 0.188563471296954 }, "geometry": { "type": "LineString", "coordinates": [ [ 70.8274787, 22.7986694 ], [ 70.8277683, 22.7988326 ], [ 70.8278434, 22.7988523 ], [ 70.8280527, 22.7984914 ], [ 70.8283048, 22.7980661 ], [ 70.8283584, 22.7980019 ], [ 70.8286955, 22.7981354 ] ] } },
{ "type": "Feature", "properties": { "name": "", "cls": "residential", "max_depth": 2.8910000324249268, "flooded_km": 0.073948717851864201 }, "geometry": { "type": "LineString", "coordinates": [ [ 70.8274787, 22.7986694 ], [ 70.8273553, 22.7988474 ], [ 70.82713, 22.7992529 ] ] } },
{ "type": "Feature", "properties": { "name": "", "cls": "residential", "max_depth": 2.3540000915527344, "flooded_km": 0.12399055472558257 }, "geometry": { "type": "LineString", "coordinates": [ [ 70.8268619, 22.7925269 ], [ 70.8268189, 22.7928336 ], [ 70.8273232, 22.7929078 ], [ 70.8273447, 22.7932441 ] ] } },
{ "type": "Feature", "properties": { "name": "", "cls": "residential", "max_depth": 3.6080000400543213, "flooded_km": 0.13675752849460354 }, "geometry": { "type": "LineString", "coordinates": [ [ 70.8299142, 22.796215 ], [ 70.830161, 22.7962761 ], [ 70.8309657, 22.7964146 ], [ 70.8312232, 22.7964294 ] ] } },
{ "type": "Feature", "properties": { "name": "", "cls": "residential", "max_depth": 4.2670001983642578, "flooded_km": 0.18140814829740151 }, "geometry": { "type": "LineString", "coordinates": [ [ 70.8319152, 22.796286 ], [ 70.8307242, 22.7961129 ], [ 70.8305526, 22.7960832 ], [ 70.8301771, 22.7959978 ] ] } },
{ "type": "Feature", "properties": { "name": "", "cls": "residential", "max_depth": 4.5440001487731934, "flooded_km": 0.074809040807601396 }, "geometry": { "type": "LineString", "coordinates": [ [ 70.8319688, 22.7957765 ], [ 70.8319527, 22.795826 ], [ 70.8319795, 22.7960832 ], [ 70.8319152, 22.796286 ], [ 70.8318991, 22.7964393 ] ] } },
{ "type": "Feature", "properties": { "name": "", "cls": "residential", "max_depth": 4.7919998168945312, "flooded_km": 0.069673752292156874 }, "geometry": { "type": "LineString", "coordinates": [ [ 70.8319688, 22.7957765 ], [ 70.8319098, 22.7954847 ], [ 70.8318723, 22.7952324 ], [ 70.8318078, 22.795183 ] ] } },
{ "type": "Feature", "properties": { "name": "", "cls": "residential", "max_depth": 5.1840000152587891, "flooded_km": 0.1544451876356473 }, "geometry": { "type": "LineString", "coordinates": [ [ 70.8319098, 22.7954847 ], [ 70.8330953, 22.7953759 ], [ 70.8334065, 22.7953462 ] ] } },
{ "type": "Feature", "properties": { "name": "", "cls": "residential", "max_depth": 4.6649999618530273, "flooded_km": 0.14648565086405299 }, "geometry": { "type": "LineString", "coordinates": [ [ 70.8319688, 22.7957765 ], [ 70.8324302, 22.795732 ], [ 70.8328969, 22.7956875 ], [ 70.8330632, 22.7956677 ], [ 70.8330792, 22.7956578 ], [ 70.8330953, 22.7956133 ], [ 70.8330953, 22.7954946 ], [ 70.8330953, 22.7953759 ] ] } },
{ "type": "Feature", "properties": { "name": "", "cls": "residential", "max_depth": 5.1999998092651367, "flooded_km": 0.27239085096404642 }, "geometry": { "type": "LineString", "coordinates": [ [ 70.8346242, 22.7959793 ], [ 70.8335567, 22.7959496 ], [ 70.832516, 22.7960634 ], [ 70.8319795, 22.7960832 ] ] } },
{ "type": "Feature", "properties": { "name": "", "cls": "residential", "max_depth": 5.0929999351501465, "flooded_km": 0.52015168420319546 }, "geometry": { "type": "LineString", "coordinates": [ [ 70.8300759, 22.7992282 ], [ 70.83022, 22.7991244 ], [ 70.8312285, 22.7984024 ], [ 70.8314367, 22.7983134 ], [ 70.8317757, 22.798259 ], [ 70.8317274, 22.7979327 ], [ 70.8317006, 22.7976657 ], [ 70.8313036, 22.7975965 ], [ 70.8312392, 22.7976014 ], [ 70.8311695, 22.797636 ], [ 70.831132, 22.7976756 ], [ 70.8296865, 22.7986497 ] ] } },
{ "type": "Feature", "properties": { "name": "", "cls": "residential", "max_depth": 1.5279999971389771, "flooded_km": 0.05001270873715162 }, "geometry": { "type": "LineString", "coordinates": [ [ 70.8279722, 22.7996287 ], [ 70.8279132, 22.7995792 ], [ 70.8277293, 22.7995001 ], [ 70.8275484, 22.7994111 ] ] } },
{ "type": "Feature", "properties": { "name": "", "cls": "residential", "max_depth": 2.1099998950958252, "flooded_km": 0.086906124628984185 }, "geometry": { "type": "LineString", "coordinates": [ [ 70.8279722, 22.7996287 ], [ 70.8280741, 22.7995001 ], [ 70.8282082, 22.7992529 ], [ 70.8284053, 22.7989562 ] ] } },
{ "type": "Feature", "properties": { "name": "", "cls": "residential", "max_depth": 2.6070001125335693, "flooded_km": 0.11525281372176469 }, "geometry": { "type": "LineString", "coordinates": [ [ 70.8280795, 22.7999748 ], [ 70.828117, 22.7999402 ], [ 70.8286199, 22.799065 ] ] } },
{ "type": "Feature", "properties": { "name": "", "cls": "residential", "max_depth": 1.2970000505447388, "flooded_km": 0.033748163877765205 }, "geometry": { "type": "LineString", "coordinates": [ [ 70.8279722, 22.7996287 ], [ 70.8278945, 22.7999248 ] ] } },
{ "type": "Feature", "properties": { "name": "", "cls": "residential", "max_depth": 1.7000000476837158, "flooded_km": 0.038180707617947972 }, "geometry": { "type": "LineString", "coordinates": [ [ 70.8278733, 22.799977 ], [ 70.8279615, 22.7999748 ], [ 70.8280795, 22.7999748 ], [ 70.8281564, 22.8001108 ] ] } },
{ "type": "Feature", "properties": { "name": "", "cls": "residential", "max_depth": 6.5380001068115234, "flooded_km": 0.38315395649511219 }, "geometry": { "type": "LineString", "coordinates": [ [ 70.8326556, 22.8016559 ], [ 70.8329719, 22.8015867 ], [ 70.8329184, 22.8013733 ], [ 70.8328433, 22.801037 ], [ 70.8328675, 22.801 ], [ 70.8329506, 22.8009777 ], [ 70.8339162, 22.8007675 ], [ 70.8336721, 22.7996326 ], [ 70.8336533, 22.7995337 ], [ 70.8336614, 22.7994917 ], [ 70.8337124, 22.7994224 ], [ 70.8338652, 22.7993309 ] ] } },
{ "type": "Feature", "properties": { "name": "", "cls": "residential", "max_depth": 3.7639999389648438, "flooded_km": 0.19561071799402416 }, "geometry": { "type": "LineString", "coordinates": [ [ 70.8340609, 22.7993469 ], [ 70.8338652, 22.7993309 ], [ 70.8336479, 22.7977596 ] ] } },
{ "type": "Feature", "properties": { "name": "", "cls": "residential", "max_depth": 4.2680001258850098, "flooded_km": 0.09285713403169496 }, "geometry": { "type": "LineString", "coordinates": [ [ 70.8340609, 22.7993469 ], [ 70.834136, 22.799782 ], [ 70.834136, 22.7998413 ], [ 70.8342111, 22.8001726 ] ] } },
{ "type": "Feature", "properties": { "name": "", "cls": "residential", "max_depth": 6.7670001983642578, "flooded_km": 0.35227158752183563 }, "geometry": { "type": "LineString", "coordinates": [ [ 70.8340609, 22.7993469 ], [ 70.8341843, 22.7993122 ], [ 70.834356, 22.7993073 ], [ 70.834533, 22.7992677 ], [ 70.8347744, 22.7992628 ], [ 70.8352143, 22.7993815 ], [ 70.8358955, 22.7995199 ], [ 70.8374244, 22.7997622 ] ] } },
{ "type": "Feature", "properties": { "name": "", "cls": "residential", "max_depth": 3.6140000820159912, "flooded_km": 0.17305874748756614 }, "geometry": { "type": "LineString", "coordinates": [ [ 70.8339965, 22.7977596 ], [ 70.8340824, 22.7986151 ], [ 70.8341843, 22.7993122 ] ] } },
{ "type": "Feature", "properties": { "name": "", "cls": "residential", "max_depth": 4.3649997711181641, "flooded_km": 0.12486653210922492 }, "geometry": { "type": "LineString", "coordinates": [ [ 70.834533, 22.7992677 ], [ 70.8344311, 22.7984718 ], [ 70.8343721, 22.7981504 ] ] } },
{ "type": "Feature", "properties": { "name": "", "cls": "residential", "max_depth": 3.9939999580383301, "flooded_km": 0.078213686349811379 }, "geometry": { "type": "LineString", "coordinates": [ [ 70.8339965, 22.7977596 ], [ 70.8336479, 22.7977596 ], [ 70.8332348, 22.7977547 ] ] } },
{ "type": "Feature", "properties": { "name": "", "cls": "residential", "max_depth": 3.4179999828338623, "flooded_km": 0.05950184363624194 }, "geometry": { "type": "LineString", "coordinates": [ [ 70.8339965, 22.7977596 ], [ 70.8345759, 22.7977498 ] ] } },
{ "type": "Feature", "properties": { "name": "", "cls": "residential", "max_depth": 5.8619999885559082, "flooded_km": 0.10283486272870312 }, "geometry": { "type": "LineString", "coordinates": [ [ 70.8309925, 22.7999753 ], [ 70.8307457, 22.800316 ], [ 70.8304507, 22.8007561 ] ] } },
{ "type": "Feature", "properties": { "name": "", "cls": "residential", "max_depth": 6.4140000343322754, "flooded_km": 0.16086236708182658 }, "geometry": { "type": "LineString", "coordinates": [ [ 70.8308584, 22.8009192 ], [ 70.8311159, 22.8005533 ], [ 70.8313626, 22.8002415 ], [ 70.8315504, 22.7999946 ], [ 70.831781, 22.7997474 ] ] } },
{ "type": "Feature", "properties": { "name": "", "cls": "residential", "max_depth": 5.6420001983642578, "flooded_km": 0.14328930827868494 }, "geometry": { "type": "LineString", "coordinates": [ [ 70.8309871, 22.8015917 ], [ 70.8310193, 22.8015571 ], [ 70.8311159, 22.801295 ], [ 70.83125, 22.8010725 ], [ 70.8316829, 22.8004792 ] ] } },
{ "type": "Feature", "properties": { "name": "", "cls": "residential", "max_depth": 4.2969999313354492, "flooded_km": 0.12833009636357587 }, "geometry": { "type": "LineString", "coordinates": [ [ 70.830102, 22.8006176 ], [ 70.8301717, 22.8006325 ], [ 70.8304507, 22.8007561 ], [ 70.8308584, 22.8009192 ], [ 70.83125, 22.8010725 ] ] } },
{ "type": "Feature", "properties": { "name": "", "cls": "residential", "max_depth": 2.8680000305175781, "flooded_km": 0.25955032329223687 }, "geometry": { "type": "LineString", "coordinates": [ [ 70.830102, 22.8006176 ], [ 70.8299732, 22.8008995 ], [ 70.8299035, 22.8009637 ], [ 70.8297533, 22.8009835 ], [ 70.8293993, 22.8018093 ], [ 70.8290291, 22.8026598 ] ] } },
{ "type": "Feature", "properties": { "name": "", "cls": "residential", "max_depth": 2.6170001029968262, "flooded_km": 0.028678812951240695 }, "geometry": { "type": "LineString", "coordinates": [ [ 70.8298575, 22.8004924 ], [ 70.830102, 22.8006176 ] ] } },
{ "type": "Feature", "properties": { "name": "", "cls": "residential", "max_depth": 4.8299999237060547, "flooded_km": 0.59546659637564159 }, "geometry": { "type": "LineString", "coordinates": [ [ 70.8283546, 22.8034212 ], [ 70.8285034, 22.8034707 ], [ 70.8291149, 22.8036783 ], [ 70.8293027, 22.8037278 ], [ 70.8296675, 22.8038069 ], [ 70.8297855, 22.8035003 ], [ 70.8297801, 22.8034509 ], [ 70.8299357, 22.8028031 ], [ 70.8301556, 22.8020071 ], [ 70.8302736, 22.8017598 ], [ 70.830279, 22.8017203 ], [ 70.8299142, 22.8015917 ], [ 70.8297587, 22.8015126 ], [ 70.8298338, 22.8012753 ], [ 70.829866, 22.8012308 ], [ 70.8309871, 22.8015917 ] ] } },
{ "type": "Feature", "properties": { "name": "", "cls": "residential", "max_depth": 5.4200000762939453, "flooded_km": 0.2199604998459315 }, "geometry": { "type": "LineString", "coordinates": [ [ 70.8309871, 22.8015917 ], [ 70.8308208, 22.8022246 ], [ 70.8305311, 22.8029416 ], [ 70.8299357, 22.8028031 ] ] } },
{ "type": "Feature", "properties": { "name": "", "cls": "residential", "max_depth": 3.7630000114440918, "flooded_km": 0.10340960858941131 }, "geometry": { "type": "LineString", "coordinates": [ [ 70.8299142, 22.8015917 ], [ 70.8298123, 22.8018043 ], [ 70.8297318, 22.8018784 ], [ 70.8293993, 22.8018093 ], [ 70.8291096, 22.8017301 ] ] } },
{ "type": "Feature", "properties": { "name": "", "cls": "residential", "max_depth": 3.0099999904632568, "flooded_km": 0.13956703548999189 }, "geometry": { "type": "LineString", "coordinates": [ [ 70.8293027, 22.8037278 ], [ 70.8295924, 22.8024965 ] ] } },
{ "type": "Feature", "properties": { "name": "", "cls": "residential", "max_depth": 4.2630000114440918, "flooded_km": 0.074938086990218825 }, "geometry": { "type": "LineString", "coordinates": [ [ 70.8297855, 22.8035003 ], [ 70.8302093, 22.8036437 ], [ 70.8304668, 22.8037426 ] ] } },
{ "type": "Feature", "properties": { "name": "", "cls": "residential", "max_depth": 4.7309999465942383, "flooded_km": 0.055108467930224121 }, "geometry": { "type": "LineString", "coordinates": [ [ 70.8304668, 22.8037426 ], [ 70.8303058, 22.8042173 ] ] } },
{ "type": "Feature", "properties": { "name": "", "cls": "residential", "max_depth": 5.6110000610351562, "flooded_km": 0.055376112127635199 }, "geometry": { "type": "LineString", "coordinates": [ [ 70.8304668, 22.8037426 ], [ 70.8305311, 22.8036041 ], [ 70.8306331, 22.8032679 ] ] } },
{ "type": "Feature", "properties": { "name": "", "cls": "residential", "max_depth": 6.6420001983642578, "flooded_km": 0.44667272074389136 }, "geometry": { "type": "LineString", "coordinates": [ [ 70.8329595, 22.802452 ], [ 70.834474, 22.8021553 ], [ 70.8348227, 22.8021553 ], [ 70.8353698, 22.8022097 ], [ 70.8355898, 22.8022147 ], [ 70.8368504, 22.8023333 ], [ 70.8368933, 22.8023581 ], [ 70.8372581, 22.8023828 ] ] } },
{ "type": "Feature", "properties": { "name": "", "cls": "residential", "max_depth": 6.6760001182556152, "flooded_km": 0.064990516541505478 }, "geometry": { "type": "LineString", "coordinates": [ [ 70.8368504, 22.8023333 ], [ 70.8369255, 22.8017506 ] ] } },
{ "type": "Feature", "properties": { "name": "", "cls": "residential", "max_depth": 1.8919999599456787, "flooded_km": 0.18791936359475608 }, "geometry": { "type": "LineString", "coordinates": [ [ 70.8293349, 22.791172 ], [ 70.8293509, 22.7894752 ] ] } },
{ "type": "Feature", "properties": { "name": "", "cls": "residential", "max_depth": 4.9369997978210449, "flooded_km": 0.94433226359790512 }, "geometry": { "type": "LineString", "coordinates": [ [ 70.8633125, 22.7969586 ], [ 70.8636612, 22.7967806 ], [ 70.8640773, 22.7968162 ], [ 70.8651687, 22.7971218 ], [ 70.8661504, 22.7975124 ], [ 70.8670355, 22.7978189 ], [ 70.8675935, 22.7979574 ], [ 70.8681245, 22.7980167 ], [ 70.8701363, 22.7984123 ], [ 70.871338, 22.7986793 ], [ 70.8720408, 22.7988523 ], [ 70.8721721, 22.7988272 ], [ 70.8725924, 22.7984835 ], [ 70.8728133, 22.7983282 ] ] } },
{ "type": "Feature", "properties": { "name": "", "cls": "residential", "max_depth": 6.0390000343322754, "flooded_km": 0.5933623420818257 }, "geometry": { "type": "LineString", "coordinates": [ [ 70.8685649, 22.7929622 ], [ 70.8671218, 22.7940108 ], [ 70.8667624, 22.7941641 ], [ 70.866226, 22.7944905 ], [ 70.8659417, 22.7946983 ], [ 70.8655393, 22.7949456 ], [ 70.8651209, 22.7953413 ], [ 70.8648098, 22.7955985 ], [ 70.8644772, 22.7960387 ], [ 70.8642948, 22.7964393 ] ] } },
{ "type": "Feature", "properties": { "name": "", "cls": "residential", "max_depth": 0.70499998331069946, "flooded_km": 0.12809850180659033 }, "geometry": { "type": "LineString", "coordinates": [ [ 70.8712149, 22.793991 ], [ 70.8721, 22.7944955 ], [ 70.8723039, 22.794587 ], [ 70.8726176, 22.7946414 ], [ 70.872792, 22.7947082 ], [ 70.873366, 22.7951138 ] ] } },
{ "type": "Feature", "properties": { "name": "", "cls": "residential", "max_depth": 3.2920000553131104, "flooded_km": 0.29858219824846183 }, "geometry": { "type": "LineString", "coordinates": [ [ 70.8712149, 22.793991 ], [ 70.8707804, 22.7936794 ], [ 70.8703566, 22.7934717 ], [ 70.8693427, 22.7931403 ], [ 70.8687633, 22.7930364 ], [ 70.8685649, 22.7929622 ] ] } },
{ "type": "Feature", "properties": { "name": "", "cls": "residential", "max_depth": 1.1039999723434448, "flooded_km": 0.11621077215393368 }, "geometry": { "type": "LineString", "coordinates": [ [ 70.8721697, 22.7918246 ], [ 70.8718211, 22.7930117 ], [ 70.8715582, 22.7934123 ], [ 70.8715153, 22.7934865 ], [ 70.8714509, 22.7936299 ], [ 70.8712149, 22.793991 ] ] } },
{ "type": "Feature", "properties": { "name": "", "cls": "residential", "max_depth": 4.2020001411437988, "flooded_km": 0.58646398740677563 }, "geometry": { "type": "LineString", "coordinates": [ [ 70.8685649, 22.7929622 ], [ 70.8687902, 22.7926308 ], [ 70.8694983, 22.7913201 ], [ 70.8695734, 22.7911519 ], [ 70.8696377, 22.79087 ], [ 70.8696538, 22.7900094 ], [ 70.8698148, 22.789129 ], [ 70.8709359, 22.7891686 ], [ 70.8711183, 22.789129 ] ] } },
{ "type": "Feature", "properties": { "name": "", "cls": "residential", "max_depth": 3.3959999084472656, "flooded_km": 0.069740644975899532 }, "geometry": { "type": "LineString", "coordinates": [ [ 70.8679636, 22.7986249 ], [ 70.8680387, 22.7983331 ], [ 70.8680709, 22.7982788 ], [ 70.8681138, 22.7981304 ], [ 70.8681245, 22.7980167 ] ] } },
{ "type": "Feature", "properties": { "name": "", "cls": "residential", "max_depth": 4.6909999847412109, "flooded_km": 0.047339614663569805 }, "geometry": { "type": "LineString", "coordinates": [ [ 70.8640773, 22.7968162 ], [ 70.8642948, 22.7964393 ] ] } },
{ "type": "Feature", "properties": { "name": "", "cls": "residential", "max_depth": 1.3990000486373901, "flooded_km": 0.029617473999146764 }, "geometry": { "type": "LineString", "coordinates": [ [ 70.8626533, 22.7965333 ], [ 70.8623653, 22.7965185 ] ] } },
{ "type": "Feature", "properties": { "name": "", "cls": "residential", "max_depth": 1.9010000228881836, "flooded_km": 0.04131936509882151 }, "geometry": { "type": "LineString", "coordinates": [ [ 70.8623243, 22.7967212 ], [ 70.8624548, 22.7967558 ], [ 70.8627123, 22.7968201 ] ] } },
{ "type": "Feature", "properties": { "name": "", "cls": "residential", "max_depth": 2.4300000667572021, "flooded_km": 0.023101627133879501 }, "geometry": { "type": "LineString", "coordinates": [ [ 70.8620727, 22.7968906 ], [ 70.8622312, 22.7969551 ], [ 70.8622707, 22.7969863 ] ] } },
{ "type": "Feature", "properties": { "name": "", "cls": "residential", "max_depth": 8.6040000915527344, "flooded_km": 0.34645216154909192 }, "geometry": { "type": "LineString", "coordinates": [ [ 70.8592361, 22.7993765 ], [ 70.85922, 22.7991391 ], [ 70.8592898, 22.798882 ], [ 70.8593971, 22.7987436 ], [ 70.8595741, 22.798615 ], [ 70.8599228, 22.7976656 ], [ 70.8601749, 22.7964443 ] ] } },
{ "type": "Feature", "properties": { "name": "", "cls": "residential", "max_depth": 4.6459999084472656, "flooded_km": 0.045829689269947536 }, "geometry": { "type": "LineString", "coordinates": [ [ 70.8602929, 22.7960452 ], [ 70.8601749, 22.7964443 ] ] } },
{ "type": "Feature", "properties": { "name": "", "cls": "residential", "max_depth": 3.872999906539917, "flooded_km": 0.080054576300899474 }, "geometry": { "type": "LineString", "coordinates": [ [ 70.8592361, 22.7993765 ], [ 70.8592297, 22.7994538 ], [ 70.8592522, 22.7998017 ], [ 70.8594153, 22.8000571 ] ] } },
{ "type": "Feature", "properties": { "name": "", "cls": "residential", "max_depth": 3.872999906539917, "flooded_km": 0.03222226657483606 }, "geometry": { "type": "LineString", "coordinates": [ [ 70.8592361, 22.7993765 ], [ 70.8593005, 22.7993814 ], [ 70.8595365, 22.7994556 ] ] } },
{ "type": "Feature", "properties": { "name": "", "cls": "residential", "max_depth": 3.755000114440918, "flooded_km": 0.32411531690293716 }, "geometry": { "type": "LineString", "coordinates": [ [ 70.8622939, 22.8053492 ], [ 70.8623582, 22.804924 ], [ 70.8624602, 22.8044592 ], [ 70.8626318, 22.8037176 ], [ 70.8626962, 22.8034506 ], [ 70.8627337, 22.8033813 ], [ 70.8631575, 22.8032676 ], [ 70.8632594, 22.8032676 ], [ 70.8635438, 22.8033912 ], [ 70.8636135, 22.8034753 ], [ 70.8636832, 22.8035346 ], [ 70.8638817, 22.803589 ], [ 70.8640695, 22.8036187 ], [ 70.8641499, 22.8036137 ], [ 70.8642626, 22.8036434 ], [ 70.8644503, 22.803683 ], [ 70.8646971, 22.8037423 ], [ 70.8650512, 22.8038758 ], [ 70.8650994, 22.8038807 ], [ 70.865652, 22.8042406 ], [ 70.865703, 22.8042794 ] ] } },
{ "type": "Feature", "properties": { "name": "", "cls": "residential", "max_depth": 0.5429999828338623, "flooded_km": 0.013844483997713571 }, "geometry": { "type": "LineString", "coordinates": [ [ 70.8643645, 22.8040637 ], [ 70.8644503, 22.803683 ], [ 70.8645415, 22.8033319 ] ] } },
{ "type": "Feature", "properties": { "name": "", "cls": "residential", "max_depth": 0.63899999856948853, "flooded_km": 0.013648672041837907 }, "geometry": { "type": "LineString", "coordinates": [ [ 70.8641772, 22.8040223 ], [ 70.8642626, 22.8036434 ], [ 70.8643216, 22.8034209 ] ] } },
{ "type": "Feature", "properties": { "name": "", "cls": "residential", "max_depth": 1.0279999971389771, "flooded_km": 0.025890057002293361 }, "geometry": { "type": "LineString", "coordinates": [ [ 70.8637852, 22.8039543 ], [ 70.8638817, 22.803589 ], [ 70.8639354, 22.8032676 ] ] } },
{ "type": "Feature", "properties": { "name": "", "cls": "residential", "max_depth": 2.7860000133514404, "flooded_km": 0.15239653287974761 }, "geometry": { "type": "LineString", "coordinates": [ [ 70.8636135, 22.8034753 ], [ 70.8635041, 22.8038978 ], [ 70.8633131, 22.8046175 ], [ 70.8632541, 22.8048103 ] ] } },
{ "type": "Feature", "properties": { "name": "", "cls": "residential", "max_depth": 1.2860000133514404, "flooded_km": 0.012879448326412923 }, "geometry": { "type": "LineString", "coordinates": [ [ 70.8636135, 22.8034753 ], [ 70.8636242, 22.8033962 ], [ 70.863694, 22.8032577 ] ] } },
{ "type": "Feature", "properties": { "name": "", "cls": "residential", "max_depth": 1.8930000066757202, "flooded_km": 0.029540937853194848 }, "geometry": { "type": "LineString", "coordinates": [ [ 70.8637852, 22.8039543 ], [ 70.8635938, 22.8039128 ], [ 70.8635041, 22.8038978 ] ] } },
{ "type": "Feature", "properties": { "name": "", "cls": "residential", "max_depth": 1.0279999971389771, "flooded_km": 0.081571420586003404 }, "geometry": { "type": "LineString", "coordinates": [ [ 70.8637852, 22.8039543 ], [ 70.8640105, 22.8039895 ], [ 70.8641772, 22.8040223 ], [ 70.8643645, 22.8040637 ], [ 70.864563, 22.8041032 ] ] } },
{ "type": "Feature", "properties": { "name": "", "cls": "residential", "max_depth": 3.4140000343322754, "flooded_km": 0.10498302233721779 }, "geometry": { "type": "LineString", "coordinates": [ [ 70.8643645, 22.8040637 ], [ 70.8642465, 22.8043851 ], [ 70.8641499, 22.8045186 ], [ 70.8639836, 22.8049389 ] ] } },
{ "type": "Feature", "properties": { "name": "", "cls": "residential", "max_depth": 4.2630000114440918, "flooded_km": 0.15543401346636027 }, "geometry": { "type": "LineString", "coordinates": [ [ 70.8640105, 22.8039895 ], [ 70.8638817, 22.8046471 ], [ 70.8638549, 22.8047015 ], [ 70.8637637, 22.8050476 ], [ 70.863694, 22.8052157 ], [ 70.8636564, 22.8052652 ], [ 70.8634365, 22.8052355 ] ] } },
{ "type": "Feature", "properties": { "name": "", "cls": "residential", "max_depth": 4.2230000495910645, "flooded_km": 0.14636988689418984 }, "geometry": { "type": "LineString", "coordinates": [ [ 70.8637852, 22.8039543 ], [ 70.8637683, 22.8040331 ], [ 70.8635813, 22.8046669 ], [ 70.8634365, 22.8052355 ] ] } },
{ "type": "Feature", "properties": { "name": "", "cls": "residential", "max_depth": 2.7860000133514404, "flooded_km": 0.028075583593810443 }, "geometry": { "type": "LineString", "coordinates": [ [ 70.8635813, 22.8046669 ], [ 70.8633131, 22.8046175 ] ] } },
{ "type": "Feature", "properties": { "name": "", "cls": "residential", "max_depth": 2.1180000305175781, "flooded_km": 0.028351960658868598 }, "geometry": { "type": "LineString", "coordinates": [ [ 70.8635813, 22.8046669 ], [ 70.8638549, 22.8047015 ] ] } },
{ "type": "Feature", "properties": { "name": "", "cls": "residential", "max_depth": 4.5920000076293945, "flooded_km": 0.091941076001468058 }, "geometry": { "type": "LineString", "coordinates": [ [ 70.8625567, 22.805285 ], [ 70.8629859, 22.8052553 ], [ 70.8632648, 22.80528 ], [ 70.8633882, 22.8052701 ], [ 70.8634365, 22.8052355 ] ] } },
{ "type": "Feature", "properties": { "name": "", "cls": "residential", "max_depth": 3.7420001029968262, "flooded_km": 0.10384784443766713 }, "geometry": { "type": "LineString", "coordinates": [ [ 70.8625567, 22.805285 ], [ 70.8625835, 22.8048845 ], [ 70.8626264, 22.8045136 ], [ 70.8624602, 22.8044592 ] ] } },
{ "type": "Feature", "properties": { "name": "", "cls": "residential", "max_depth": 2.5840001106262207, "flooded_km": 0.14832818248941643 }, "geometry": { "type": "LineString", "coordinates": [ [ 70.8622939, 22.8053492 ], [ 70.8622563, 22.8053888 ], [ 70.8620525, 22.8054284 ], [ 70.8618486, 22.8054333 ], [ 70.861677, 22.805458 ], [ 70.8611727, 22.805463 ], [ 70.8611083, 22.8056558 ], [ 70.8609528, 22.8057003 ], [ 70.8597028, 22.8057646 ], [ 70.8596277, 22.805814 ], [ 70.8595205, 22.8059821 ], [ 70.8594346, 22.80617 ], [ 70.8591879, 22.8064914 ], [ 70.8589652, 22.8066249 ], [ 70.8586622, 22.8065755 ], [ 70.858112, 22.8064222 ], [ 70.8576279, 22.8062887 ], [ 70.8569751, 22.8060909 ], [ 70.8565003, 22.8059376 ], [ 70.8566666, 22.805547 ], [ 70.8567417, 22.8054778 ], [ 70.8571379, 22.8055816 ], [ 70.8571601, 22.8055866 ], [ 70.8577287, 22.8057794 ], [ 70.8577885, 22.8058052 ] ] } },
{ "type": "Feature", "properties": { "name": "", "cls": "residential", "max_depth": 2.2190001010894775, "flooded_km": 0.065429745628326597 }, "geometry": { "type": "LineString", "coordinates": [ [ 70.8650994, 22.8038807 ], [ 70.8652014, 22.8034654 ], [ 70.8652613, 22.8032425 ], [ 70.8653194, 22.8030797 ] ] } },
{ "type": "Feature", "properties": { "name": "", "cls": "residential", "max_depth": 8.0480003356933594, "flooded_km": 0.39150361640624065 }, "geometry": { "type": "LineString", "coordinates": [ [ 70.8339823, 22.8100075 ], [ 70.8339818, 22.8100694 ], [ 70.8339807, 22.8101406 ], [ 70.8339684, 22.8101819 ], [ 70.8339295, 22.8102078 ], [ 70.8334803, 22.8104301 ], [ 70.8329826, 22.810594 ], [ 70.8325469, 22.8107374 ], [ 70.8320507, 22.8109008 ], [ 70.8312339, 22.8111697 ], [ 70.8305907, 22.8113814 ] ] } },
{ "type": "Feature", "properties": { "name": "", "cls": "secondary", "max_depth": 6.2989997863769531, "flooded_km": 0.4926218075884008 }, "geometry": { "type": "LineString", "coordinates": [ [ 70.8305907, 22.8113814 ], [ 70.8307583, 22.8118124 ], [ 70.8308737, 22.8121093 ], [ 70.8311876, 22.8129164 ], [ 70.8312544, 22.8130883 ], [ 70.8314177, 22.8135083 ], [ 70.8315609, 22.8138766 ], [ 70.8316569, 22.8141093 ], [ 70.8316778, 22.8141771 ], [ 70.8319644, 22.8149142 ], [ 70.8321109, 22.81539 ], [ 70.8321106, 22.8155879 ] ] } },
{ "type": "Feature", "properties": { "name": "", "cls": "residential", "max_depth": 6.5170001983642578, "flooded_km": 0.19856482781870136 }, "geometry": { "type": "LineString", "coordinates": [ [ 70.8385593, 22.8052363 ], [ 70.8383318, 22.8053645 ], [ 70.8380774, 22.8052982 ], [ 70.8376249, 22.8052174 ], [ 70.8366848, 22.8051532 ] ] } },
{ "type": "Feature", "properties": { "name": "", "cls": "residential", "max_depth": 6.1069998741149902, "flooded_km": 0.10778533859499351 }, "geometry": { "type": "LineString", "coordinates": [ [ 70.836711, 22.8048457 ], [ 70.8366848, 22.8051532 ], [ 70.8366144, 22.8058148 ] ] } },
{ "type": "Feature", "properties": { "name": "", "cls": "residential", "max_depth": 6.9419999122619629, "flooded_km": 0.27320071188873957 }, "geometry": { "type": "LineString", "coordinates": [ [ 70.8386706, 22.8045857 ], [ 70.8366892, 22.8042166 ], [ 70.836588, 22.8041675 ], [ 70.836711, 22.8036937 ] ] } },
{ "type": "Feature", "properties": { "name": "", "cls": "residential", "max_depth": 6.9419999122619629, "flooded_km": 0.16396489985548185 }, "geometry": { "type": "LineString", "coordinates": [ [ 70.8386706, 22.8045857 ], [ 70.8384276, 22.8050781 ], [ 70.8384329, 22.8051325 ], [ 70.8385593, 22.8052363 ], [ 70.8386958, 22.8052907 ], [ 70.8391303, 22.8055379 ], [ 70.8392364, 22.8056022 ] ] } },
{ "type": "Feature", "properties": { "name": "", "cls": "residential", "max_depth": 6.9419999122619629, "flooded_km": 0.30550345735482048 }, "geometry": { "type": "LineString", "coordinates": [ [ 70.8386706, 22.8045857 ], [ 70.8388889, 22.8038618 ], [ 70.8389213, 22.8036789 ], [ 70.8389928, 22.8033966 ], [ 70.8391357, 22.8025912 ], [ 70.8391786, 22.8021561 ], [ 70.839243, 22.8018841 ] ] } },
{ "type": "Feature", "properties": { "name": "", "cls": "residential", "max_depth": 7.0250000953674316, "flooded_km": 0.15951278620033593 }, "geometry": { "type": "LineString", "coordinates": [ [ 70.840615, 22.803031 ], [ 70.840348, 22.8029469 ], [ 70.8401335, 22.8028826 ], [ 70.8398384, 22.8027939 ], [ 70.8391357, 22.8025912 ] ] } },
{ "type": "Feature", "properties": { "name": "", "cls": "residential", "max_depth": 5.9749999046325684, "flooded_km": 0.14656198700068779 }, "geometry": { "type": "LineString", "coordinates": [ [ 70.8405082, 22.8016056 ], [ 70.8401335, 22.8028826 ] ] } },
{ "type": "Feature", "properties": { "name": "", "cls": "residential", "max_depth": 6.5370001792907715, "flooded_km": 0.070827421439010871 }, "geometry": { "type": "LineString", "coordinates": [ [ 70.8405082, 22.8016056 ], [ 70.8398438, 22.8014336 ] ] } },
{ "type": "Feature", "properties": { "name": "", "cls": "residential", "max_depth": 5.4819998741149902, "flooded_km": 0.052183382938609697 }, "geometry": { "type": "LineString", "coordinates": [ [ 70.8405082, 22.8016056 ], [ 70.840802, 22.8016943 ], [ 70.8409838, 22.8017699 ] ] } },
{ "type": "Feature", "properties": { "name": "", "cls": "residential", "max_depth": 4.7690000534057617, "flooded_km": 1.8690246282735177 }, "geometry": { "type": "LineString", "coordinates": [ [ 70.8399041, 22.7741728 ], [ 70.8387387, 22.7738454 ], [ 70.8385348, 22.7737663 ], [ 70.8384812, 22.7738059 ], [ 70.8378428, 22.7753886 ], [ 70.8373596, 22.7779142 ], [ 70.8373439, 22.7786531 ], [ 70.8372903, 22.779484 ], [ 70.8372259, 22.7797808 ], [ 70.837065, 22.78031 ], [ 70.8369684, 22.7803743 ], [ 70.8368933, 22.780681 ], [ 70.8368964, 22.781215 ], [ 70.8369148, 22.7825506 ], [ 70.8370596, 22.7830155 ], [ 70.8372366, 22.7833816 ], [ 70.8373332, 22.7836486 ], [ 70.8374619, 22.784628 ], [ 70.8376604, 22.7854886 ], [ 70.8377267, 22.7862651 ], [ 70.8377463, 22.786458 ], [ 70.8381379, 22.7889311 ] ] } },
{ "type": "Feature", "properties": { "name": "", "cls": "residential", "max_depth": 3.3689999580383301, "flooded_km": 0.79626206525348164 }, "geometry": { "type": "LineString", "coordinates": [ [ 70.8377267, 22.7862651 ], [ 70.8378053, 22.7862404 ], [ 70.8379233, 22.785998 ], [ 70.8381701, 22.7852314 ], [ 70.8383632, 22.7847665 ], [ 70.8385349, 22.7842719 ], [ 70.8388289, 22.7831342 ], [ 70.8388889, 22.782877 ], [ 70.8389747, 22.7824368 ], [ 70.8390284, 22.7822687 ], [ 70.8390713, 22.7820362 ], [ 70.839141, 22.7818433 ], [ 70.8392, 22.7815268 ], [ 70.8391893, 22.7814575 ], [ 70.8387924, 22.7813833 ], [ 70.8381433, 22.7812943 ], [ 70.8380843, 22.7812851 ], [ 70.8375693, 22.7812547 ], [ 70.8368964, 22.781215 ] ] } },
{ "type": "Feature", "properties": { "name": "", "cls": "residential", "max_depth": 2.9010000228881836, "flooded_km": 0.10367569242975762 }, "geometry": { "type": "LineString", "coordinates": [ [ 70.8381433, 22.7812943 ], [ 70.8381714, 22.7803585 ] ] } },
{ "type": "Feature", "properties": { "name": "", "cls": "residential", "max_depth": 2.7590000629425049, "flooded_km": 0.11040117976089238 }, "geometry": { "type": "LineString", "coordinates": [ [ 70.8387924, 22.7813833 ], [ 70.8388728, 22.7803892 ] ] } },
{ "type": "Feature", "properties": { "name": "", "cls": "residential", "max_depth": 2.9010000228881836, "flooded_km": 0.18585324879868423 }, "geometry": { "type": "LineString", "coordinates": [ [ 70.837065, 22.78031 ], [ 70.8381714, 22.7803585 ], [ 70.8386917, 22.7803813 ], [ 70.8388728, 22.7803892 ] ] } },
{ "type": "Feature", "properties": { "name": "", "cls": "residential", "max_depth": 2.7590000629425049, "flooded_km": 0.056928468733939856 }, "geometry": { "type": "LineString", "coordinates": [ [ 70.8388728, 22.7803892 ], [ 70.8389821, 22.7803869 ], [ 70.8394249, 22.7804282 ] ] } },
{ "type": "Feature", "properties": { "name": "", "cls": "residential", "max_depth": 2.6210000514984131, "flooded_km": 0.11132647165588086 }, "geometry": { "type": "LineString", "coordinates": [ [ 70.8386917, 22.7803813 ], [ 70.8387114, 22.7802612 ], [ 70.8389425, 22.7795631 ], [ 70.8390016, 22.7794197 ] ] } },
{ "type": "Feature", "properties": { "name": "", "cls": "residential", "max_depth": 8.7080001831054688, "flooded_km": 1.5298310896975382 }, "geometry": { "type": "LineString", "coordinates": [ [ 70.8499909, 22.7676395 ], [ 70.8501018, 22.7678208 ], [ 70.8501519, 22.7682066 ], [ 70.850066, 22.7685793 ], [ 70.8497442, 22.7690607 ], [ 70.8491273, 22.7695529 ], [ 70.8486534, 22.7699016 ], [ 70.8482243, 22.7703764 ], [ 70.847627, 22.7713855 ], [ 70.8470047, 22.7725825 ], [ 70.8462352, 22.7740392 ], [ 70.8460116, 22.7745173 ], [ 70.8459151, 22.7746234 ], [ 70.845868, 22.7746133 ], [ 70.8455944, 22.7745095 ], [ 70.8454549, 22.7744996 ], [ 70.8452671, 22.7745391 ], [ 70.845192, 22.7745738 ], [ 70.8448755, 22.7749744 ], [ 70.8448004, 22.7750338 ], [ 70.8446127, 22.7751228 ], [ 70.8444196, 22.7751476 ], [ 70.844264, 22.7751129 ], [ 70.844087, 22.7749794 ], [ 70.8436632, 22.7742869 ], [ 70.8435076, 22.774089 ], [ 70.8433789, 22.7740494 ], [ 70.8430087, 22.7739802 ], [ 70.8428853, 22.7740544 ], [ 70.8422577, 22.7752465 ], [ 70.8420002, 22.775756 ] ] } },
{ "type": "Feature", "properties": { "name": "", "cls": "residential", "max_depth": 4.1710000038146973, "flooded_km": 0.06145367959738466 }, "geometry": { "type": "LineString", "coordinates": [ [ 70.8422577, 22.7752465 ], [ 70.8428104, 22.7754592 ] ] } },
{ "type": "Feature", "properties": { "name": "", "cls": "residential", "max_depth": 3.2100000381469727, "flooded_km": 0.21480896777298997 }, "geometry": { "type": "LineString", "coordinates": [ [ 70.8373439, 22.7786531 ], [ 70.8394253, 22.7788459 ] ] } },
{ "type": "Feature", "properties": { "name": "", "cls": "residential", "max_depth": 2.2219998836517334, "flooded_km": 0.093121568159819756 }, "geometry": { "type": "LineString", "coordinates": [ [ 70.8373596, 22.7779142 ], [ 70.8364581, 22.7778235 ] ] } },
{ "type": "Feature", "properties": { "name": "", "cls": "residential", "max_depth": 6.5300002098083496, "flooded_km": 0.37437150941935238 }, "geometry": { "type": "LineString", "coordinates": [ [ 70.8443499, 22.7811163 ], [ 70.8443556, 22.7813285 ], [ 70.8443259, 22.7815408 ], [ 70.8443391, 22.7817484 ], [ 70.8444078, 22.781956 ], [ 70.8446181, 22.7823797 ], [ 70.8447288, 22.7827958 ], [ 70.8449585, 22.7835973 ], [ 70.8450359, 22.7839981 ], [ 70.8449722, 22.7843912 ] ] } },
{ "type": "Feature", "properties": { "name": "", "cls": "residential", "max_depth": 5.7760000228881836, "flooded_km": 0.16509066150745014 }, "geometry": { "type": "LineString", "coordinates": [ [ 70.8427778, 22.7808046 ], [ 70.8443499, 22.7811163 ] ] } },
{ "type": "Feature", "properties": { "name": "", "cls": "residential", "max_depth": 9.4879999160766602, "flooded_km": 0.31538855160400397 }, "geometry": { "type": "LineString", "coordinates": [ [ 70.8471703, 22.7808096 ], [ 70.8465493, 22.7806859 ], [ 70.846206, 22.7807106 ], [ 70.8455945, 22.7809333 ], [ 70.8451331, 22.7812746 ], [ 70.8449829, 22.781329 ], [ 70.8447469, 22.7813043 ], [ 70.8443499, 22.7811163 ] ] } },
{ "type": "Feature", "properties": { "name": "", "cls": "residential", "max_depth": 4.8769998550415039, "flooded_km": 0.051947876102655915 }, "geometry": { "type": "LineString", "coordinates": [ [ 70.8433951, 22.7924983 ], [ 70.8435716, 22.7920587 ] ] } },
{ "type": "Feature", "properties": { "name": "", "cls": "residential", "max_depth": 4.7820000648498535, "flooded_km": 0.069109875693386072 }, "geometry": { "type": "LineString", "coordinates": [ [ 70.8430047, 22.7930284 ], [ 70.843156, 22.7926336 ], [ 70.8432405, 22.7924441 ] ] } },
{ "type": "Feature", "properties": { "name": "", "cls": "residential", "max_depth": 4.8420000076293945, "flooded_km": 0.064873625717828592 }, "geometry": { "type": "LineString", "coordinates": [ [ 70.8427437, 22.7927872 ], [ 70.8428506, 22.7925233 ], [ 70.843156, 22.7926336 ] ] } },
{ "type": "Feature", "properties": { "name": "", "cls": "residential", "max_depth": 4.9180002212524414, "flooded_km": 0.040561943862980843 }, "geometry": { "type": "LineString", "coordinates": [ [ 70.8436019, 22.7925865 ], [ 70.8434594, 22.7929281 ] ] } },
{ "type": "Feature", "properties": { "name": "", "cls": "residential", "max_depth": 5.304999828338623, "flooded_km": 0.067515821056821093 }, "geometry": { "type": "LineString", "coordinates": [ [ 70.8436019, 22.7925865 ], [ 70.8437298, 22.7926306 ], [ 70.8442048, 22.7928292 ] ] } },
{ "type": "Feature", "properties": { "name": "", "cls": "residential", "max_depth": 5.304999828338623, "flooded_km": 0.064694515354373719 }, "geometry": { "type": "LineString", "coordinates": [ [ 70.8437298, 22.7926306 ], [ 70.843918, 22.7920731 ] ] } },
{ "type": "Feature", "properties": { "name": "", "cls": "residential", "max_depth": 4.6690001487731934, "flooded_km": 0.059702019467162637 }, "geometry": { "type": "LineString", "coordinates": [ [ 70.8430806, 22.7923795 ], [ 70.8432985, 22.7918797 ] ] } },
{ "type": "Feature", "properties": { "name": "", "cls": "residential", "max_depth": 4.6690001487731934, "flooded_km": 0.098681693422498967 }, "geometry": { "type": "LineString", "coordinates": [ [ 70.8430806, 22.7923795 ], [ 70.8427474, 22.7922581 ], [ 70.8427703, 22.792216 ], [ 70.8428532, 22.7920379 ], [ 70.8429766, 22.7917412 ] ] } },
{ "type": "Feature", "properties": { "name": "", "cls": "residential", "max_depth": 4.6690001487731934, "flooded_km": 0.017909944322790014 }, "geometry": { "type": "LineString", "coordinates": [ [ 70.8430806, 22.7923795 ], [ 70.8432405, 22.7924441 ] ] } },
{ "type": "Feature", "properties": { "name": "", "cls": "residential", "max_depth": 4.6690001487731934, "flooded_km": 0.040345321403801704 }, "geometry": { "type": "LineString", "coordinates": [ [ 70.8436019, 22.7925865 ], [ 70.8433951, 22.7924983 ], [ 70.8432405, 22.7924441 ] ] } },
{ "type": "Feature", "properties": { "name": "", "cls": "service", "max_depth": 5.5510001182556152, "flooded_km": 0.36370795377312981 }, "geometry": { "type": "LineString", "coordinates": [ [ 70.8197838, 22.8042926 ], [ 70.8198457, 22.8042269 ], [ 70.8199806, 22.8040548 ], [ 70.820243, 22.8037304 ], [ 70.8203251, 22.803629 ], [ 70.8203925, 22.8035457 ], [ 70.8204432, 22.8034874 ], [ 70.8205793, 22.8033092 ], [ 70.820877, 22.8029195 ], [ 70.8211322, 22.8025854 ], [ 70.8213984, 22.8022397 ], [ 70.8220287, 22.8014213 ] ] } },
{ "type": "Feature", "properties": { "name": "", "cls": "service", "max_depth": 5.0879998207092285, "flooded_km": 0.33457324523393683 }, "geometry": { "type": "LineString", "coordinates": [ [ 70.820243, 22.8037304 ], [ 70.8197451, 22.80334 ], [ 70.8200568, 22.8029471 ], [ 70.82091, 22.8018718 ], [ 70.8215415, 22.801076 ] ] } },
{ "type": "Feature", "properties": { "name": "", "cls": "service", "max_depth": 3.2720000743865967, "flooded_km": 0.37296400286574699 }, "geometry": { "type": "LineString", "coordinates": [ [ 70.8200568, 22.8029471 ], [ 70.819249, 22.8023694 ], [ 70.8199553, 22.8012201 ], [ 70.82091, 22.8018718 ] ] } },
{ "type": "Feature", "properties": { "name": "", "cls": "service", "max_depth": 4.4499998092651367, "flooded_km": 0.13487894469512957 }, "geometry": { "type": "LineString", "coordinates": [ [ 70.8213984, 22.8022397 ], [ 70.8215582, 22.8022939 ], [ 70.8216477, 22.8023091 ], [ 70.8217371, 22.8022904 ], [ 70.8219868, 22.8020259 ], [ 70.8223073, 22.8015758 ] ] } },
{ "type": "Feature", "properties": { "name": "", "cls": "service", "max_depth": 3.1050000190734863, "flooded_km": 0.17829614826556195 }, "geometry": { "type": "LineString", "coordinates": [ [ 70.8203251, 22.803629 ], [ 70.8210922, 22.8041057 ], [ 70.821175, 22.8041254 ], [ 70.8213006, 22.803985 ], [ 70.8220287, 22.803038 ] ] } },
{ "type": "Feature", "properties": { "name": "", "cls": "service", "max_depth": 2.8659999370574951, "flooded_km": 0.25161232044456872 }, "geometry": { "type": "LineString", "coordinates": [ [ 70.8204432, 22.8034874 ], [ 70.820952, 22.8038105 ], [ 70.8210946, 22.8039068 ], [ 70.8212421, 22.8037156 ], [ 70.821367, 22.8035535 ], [ 70.8215175, 22.8033637 ], [ 70.821698, 22.803136 ], [ 70.8217434, 22.8030719 ], [ 70.8217434, 22.802998 ], [ 70.8211322, 22.8025854 ] ] } },
{ "type": "Feature", "properties": { "name": "", "cls": "service", "max_depth": 2.187000036239624, "flooded_km": 0.081588485414128414 }, "geometry": { "type": "LineString", "coordinates": [ [ 70.8205793, 22.8033092 ], [ 70.8212421, 22.8037156 ] ] } },
{ "type": "Feature", "properties": { "name": "", "cls": "service", "max_depth": 2.1040000915527344, "flooded_km": 0.082125849154139563 }, "geometry": { "type": "LineString", "coordinates": [ [ 70.820877, 22.8029195 ], [ 70.8215175, 22.8033637 ] ] } },
{ "type": "Feature", "properties": { "name": "", "cls": "residential", "max_depth": 2.9000000953674316, "flooded_km": 0.3148117981284595 }, "geometry": { "type": "LineString", "coordinates": [ [ 70.8220875, 22.8043516 ], [ 70.8225445, 22.804692 ], [ 70.8230907, 22.8050093 ], [ 70.8230961, 22.8050934 ], [ 70.8229874, 22.8052598 ], [ 70.8229339, 22.8053417 ], [ 70.8228546, 22.8054988 ], [ 70.8226509, 22.8057857 ], [ 70.8221427, 22.8063409 ], [ 70.822085, 22.806403 ] ] } },
{ "type": "Feature", "properties": { "name": "", "cls": "service", "max_depth": 1.4149999618530273, "flooded_km": 0.042808417976080169 }, "geometry": { "type": "LineString", "coordinates": [ [ 70.8208516, 22.8052283 ], [ 70.82091, 22.8051828 ], [ 70.820945, 22.8051478 ], [ 70.8210415, 22.8050736 ], [ 70.8210791, 22.8050489 ], [ 70.8211327, 22.8050192 ], [ 70.8212561, 22.8049154 ], [ 70.8213795, 22.8048116 ] ] } },
{ "type": "Feature", "properties": { "name": "", "cls": "residential", "max_depth": 1.3209999799728394, "flooded_km": 0.027212732433818998 }, "geometry": { "type": "LineString", "coordinates": [ [ 70.8228332, 22.8051824 ], [ 70.8226562, 22.8053653 ] ] } },
{ "type": "Feature", "properties": { "name": "", "cls": "residential", "max_depth": 1.6790000200271606, "flooded_km": 0.034531178708564481 }, "geometry": { "type": "LineString", "coordinates": [ [ 70.8229339, 22.8053417 ], [ 70.8231301, 22.8054265 ], [ 70.8232455, 22.8054565 ] ] } },
{ "type": "Feature", "properties": { "name": "", "cls": "residential", "max_depth": 1.5859999656677246, "flooded_km": 0.049801069261602347 }, "geometry": { "type": "LineString", "coordinates": [ [ 70.8227634, 22.8042884 ], [ 70.8228921, 22.8044354 ], [ 70.8231496, 22.8045393 ] ] } },
{ "type": "Feature", "properties": { "name": "", "cls": "residential", "max_depth": 1.7359999418258667, "flooded_km": 0.14130610008170086 }, "geometry": { "type": "LineString", "coordinates": [ [ 70.8231496, 22.8045393 ], [ 70.8232569, 22.8042178 ], [ 70.8233642, 22.8038964 ], [ 70.8233964, 22.8038172 ], [ 70.8234125, 22.8038073 ], [ 70.8234339, 22.8037974 ], [ 70.8234608, 22.8037974 ], [ 70.8234876, 22.8037974 ], [ 70.823509, 22.8037826 ], [ 70.8235412, 22.803743 ], [ 70.8236163, 22.8035897 ], [ 70.8236968, 22.8034196 ] ] } },
{ "type": "Feature", "properties": { "name": "", "cls": "residential", "max_depth": 1.2589999437332153, "flooded_km": 0.036594991205518304 }, "geometry": { "type": "LineString", "coordinates": [ [ 70.8241631, 22.8033018 ], [ 70.8241152, 22.8034315 ], [ 70.8240133, 22.8036002 ] ] } },
{ "type": "Feature", "properties": { "name": "", "cls": "residential", "max_depth": 3.5739998817443848, "flooded_km": 0.18401651068950814 }, "geometry": { "type": "LineString", "coordinates": [ [ 70.8252955, 22.8035702 ], [ 70.8254939, 22.8037233 ], [ 70.8258406, 22.8040299 ], [ 70.826558, 22.8045646 ], [ 70.8269829, 22.8048856 ] ] } },
{ "type": "Feature", "properties": { "name": "", "cls": "residential", "max_depth": 3.3280000686645508, "flooded_km": 0.077918956593733865 }, "geometry": { "type": "LineString", "coordinates": [ [ 70.8267615, 22.8052147 ], [ 70.8269829, 22.8048856 ], [ 70.8271631, 22.8046177 ] ] } },
{ "type": "Feature", "properties": { "name": "", "cls": "residential", "max_depth": 1.562999963760376, "flooded_km": 0.051059983168894561 }, "geometry": { "type": "LineString", "coordinates": [ [ 70.8228332, 22.8051824 ], [ 70.8228011, 22.8051577 ], [ 70.8227826, 22.8051412 ], [ 70.8227528, 22.8051181 ], [ 70.8226652, 22.8050514 ], [ 70.8225811, 22.8049928 ], [ 70.8224369, 22.804905 ] ] } },
{ "type": "Feature", "properties": { "name": "", "cls": "residential", "max_depth": 4.4279999732971191, "flooded_km": 0.042335733365334159 }, "geometry": { "type": "LineString", "coordinates": [ [ 70.8273499, 22.8060671 ], [ 70.8269529, 22.8059638 ] ] } },
{ "type": "Feature", "properties": { "name": "", "cls": "residential", "max_depth": 2.1099998950958252, "flooded_km": 0.041245797877256164 }, "geometry": { "type": "LineString", "coordinates": [ [ 70.8270495, 22.8056125 ], [ 70.8266622, 22.8055136 ] ] } },
{ "type": "Feature", "properties": { "name": "", "cls": "residential", "max_depth": 2.2720000743865967, "flooded_km": 0.039983226273669736 }, "geometry": { "type": "LineString", "coordinates": [ [ 70.8270495, 22.8056125 ], [ 70.8273338, 22.8056966 ], [ 70.8274168, 22.8057312 ] ] } },
{ "type": "Feature", "properties": { "name": "", "cls": "residential", "max_depth": 2.2909998893737793, "flooded_km": 0.049227212839703834 }, "geometry": { "type": "LineString", "coordinates": [ [ 70.8270495, 22.8056125 ], [ 70.8272123, 22.8051944 ] ] } },
{ "type": "Feature", "properties": { "name": "", "cls": "residential", "max_depth": 2.7269999980926514, "flooded_km": 0.043210739164142191 }, "geometry": { "type": "LineString", "coordinates": [ [ 70.8269529, 22.8059638 ], [ 70.8265493, 22.8058532 ] ] } },
{ "type": "Feature", "properties": { "name": "", "cls": "residential", "max_depth": 3.440000057220459, "flooded_km": 0.04613306762090226 }, "geometry": { "type": "LineString", "coordinates": [ [ 70.8229228, 22.8071788 ], [ 70.8229701, 22.8071433 ], [ 70.8229917, 22.8071195 ], [ 70.8230253, 22.8070137 ], [ 70.8231169, 22.8068121 ] ] } },
{ "type": "Feature", "properties": { "name": "", "cls": "residential", "max_depth": 3.9059998989105225, "flooded_km": 0.0065031406538462681 }, "geometry": { "type": "LineString", "coordinates": [ [ 70.8269428, 22.8071488 ], [ 70.8269209, 22.8072039 ] ] } },
{ "type": "Feature", "properties": { "name": "", "cls": "residential", "max_depth": 3.2119998931884766, "flooded_km": 0.047842120037214823 }, "geometry": { "type": "LineString", "coordinates": [ [ 70.8302549, 22.8193321 ], [ 70.8302575, 22.8195026 ], [ 70.8302195, 22.8197617 ] ] } },
{ "type": "Feature", "properties": { "name": "", "cls": "residential", "max_depth": 1.25, "flooded_km": 0.059416933844772486 }, "geometry": { "type": "LineString", "coordinates": [ [ 70.8467799, 22.827633 ], [ 70.8463625, 22.8274699 ], [ 70.8458948, 22.8272673 ], [ 70.8456629, 22.8271342 ], [ 70.845799, 22.8268356 ] ] } },
{ "type": "Feature", "properties": { "name": "", "cls": "residential", "max_depth": 0.90700000524520874, "flooded_km": 0.013678144978369479 }, "geometry": { "type": "LineString", "coordinates": [ [ 70.8457607, 22.8275391 ], [ 70.846261, 22.8277094 ] ] } },
{ "type": "Feature", "properties": { "name": "", "cls": "residential", "max_depth": 0.31700000166893005, "flooded_km": 0.011755706647677609 }, "geometry": { "type": "LineString", "coordinates": [ [ 70.8463444, 22.8281015 ], [ 70.8464849, 22.8278109 ] ] } },
{ "type": "Feature", "properties": { "name": "", "cls": "residential", "max_depth": 1.2899999618530273, "flooded_km": 0.16118419592739075 }, "geometry": { "type": "LineString", "coordinates": [ [ 70.8481113, 22.8244606 ], [ 70.8485996, 22.824604 ], [ 70.8486533, 22.824604 ], [ 70.8487016, 22.82452 ], [ 70.8490557, 22.8236299 ], [ 70.8492006, 22.8232096 ], [ 70.8492382, 22.8229723 ], [ 70.8492328, 22.8229476 ], [ 70.8489591, 22.8228586 ], [ 70.8487338, 22.8235113 ], [ 70.8478537, 22.8232195 ], [ 70.8478001, 22.8232195 ], [ 70.8475854, 22.8231229 ] ] } },
{ "type": "Feature", "properties": { "name": "", "cls": "residential", "max_depth": 0.57400000095367432, "flooded_km": 0.013946264664211479 }, "geometry": { "type": "LineString", "coordinates": [ [ 70.8493384, 22.8236826 ], [ 70.8487964, 22.8249735 ] ] } },
{ "type": "Feature", "properties": { "name": "", "cls": "residential", "max_depth": 1.6039999723434448, "flooded_km": 0.31224445906472237 }, "geometry": { "type": "LineString", "coordinates": [ [ 70.8100703, 22.8001247 ], [ 70.809803, 22.8003456 ], [ 70.8095401, 22.8006274 ], [ 70.8094489, 22.800751 ], [ 70.8093577, 22.8009983 ], [ 70.809347, 22.8013741 ], [ 70.809347, 22.8015718 ], [ 70.8092504, 22.8017202 ], [ 70.8089983, 22.8016806 ], [ 70.8089393, 22.8016856 ], [ 70.8086496, 22.8016213 ], [ 70.8083653, 22.8015669 ], [ 70.808081, 22.8015323 ], [ 70.8080113, 22.8015026 ], [ 70.8071959, 22.8013741 ], [ 70.807153, 22.8013543 ], [ 70.8067346, 22.8012801 ], [ 70.8066273, 22.8011367 ], [ 70.8065629, 22.8008796 ], [ 70.8064878, 22.8004148 ], [ 70.8065629, 22.7999352 ], [ 70.806638, 22.7996286 ], [ 70.8067131, 22.7994803 ], [ 70.8067453, 22.7993468 ], [ 70.8067399, 22.7992924 ], [ 70.8068472, 22.7991391 ], [ 70.8068794, 22.7989908 ], [ 70.8070028, 22.7988177 ] ] } },
{ "type": "Feature", "properties": { "name": "", "cls": "residential", "max_depth": 1.059999942779541, "flooded_km": 0.058228193622378695 }, "geometry": { "type": "LineString", "coordinates": [ [ 70.8100703, 22.8001247 ], [ 70.8093897, 22.7998193 ], [ 70.8081952, 22.799481 ], [ 70.8068472, 22.7991391 ] ] } },
{ "type": "Feature", "properties": { "name": "", "cls": "residential", "max_depth": 0.54199999570846558, "flooded_km": 0.029840465555919831 }, "geometry": { "type": "LineString", "coordinates": [ [ 70.8080649, 22.7998363 ], [ 70.8092612, 22.8001626 ], [ 70.8093897, 22.7998193 ], [ 70.809465, 22.7995792 ], [ 70.8088588, 22.7993764 ], [ 70.8082849, 22.7992182 ], [ 70.8070028, 22.7988177 ] ] } },
{ "type": "Feature", "properties": { "name": "", "cls": "residential", "max_depth": 0.64800000190734863, "flooded_km": 0.1442877978502706 }, "geometry": { "type": "LineString", "coordinates": [ [ 70.8080649, 22.7998363 ], [ 70.8067131, 22.7994803 ] ] } },
{ "type": "Feature", "properties": { "name": "", "cls": "residential", "max_depth": 0.54199999570846558, "flooded_km": 0.014532941816916344 }, "geometry": { "type": "LineString", "coordinates": [ [ 70.8080649, 22.7998363 ], [ 70.8081952, 22.799481 ], [ 70.8082849, 22.7992182 ], [ 70.8083653, 22.7989611 ] ] } },
{ "type": "Feature", "properties": { "name": "", "cls": "residential", "max_depth": 1.7280000448226929, "flooded_km": 0.10906510310338249 }, "geometry": { "type": "LineString", "coordinates": [ [ 70.8083653, 22.7989611 ], [ 70.8071154, 22.7985457 ] ] } },
{ "type": "Feature", "properties": { "name": "", "cls": "residential", "max_depth": 1.0609999895095825, "flooded_km": 0.080118776643807565 }, "geometry": { "type": "LineString", "coordinates": [ [ 70.8083653, 22.7989611 ], [ 70.8094865, 22.7992726 ] ] } },
{ "type": "Feature", "properties": { "name": "", "cls": "residential", "max_depth": 1.0010000467300415, "flooded_km": 0.057460809336532019 }, "geometry": { "type": "LineString", "coordinates": [ [ 70.8064878, 22.8004148 ], [ 70.8093577, 22.8009983 ] ] } },
{ "type": "Feature", "properties": { "name": "", "cls": "residential", "max_depth": 1.6039999723434448, "flooded_km": 0.13097476927374452 }, "geometry": { "type": "LineString", "coordinates": [ [ 70.8065629, 22.8008796 ], [ 70.809347, 22.8013741 ] ] } },
{ "type": "Feature", "properties": { "name": "", "cls": "residential", "max_depth": 1.0570000410079956, "flooded_km": 0.099393684412371716 }, "geometry": { "type": "LineString", "coordinates": [ [ 70.8077644, 22.8028235 ], [ 70.8071475, 22.8027048 ], [ 70.8069759, 22.8030114 ], [ 70.8067988, 22.8032438 ], [ 70.8067118, 22.8035581 ] ] } },
{ "type": "Feature", "properties": { "name": "", "cls": "residential", "max_depth": 0.82999998331069946, "flooded_km": 0.11904410344319549 }, "geometry": { "type": "LineString", "coordinates": [ [ 70.8067399, 22.7992924 ], [ 70.806359, 22.7992083 ], [ 70.8062893, 22.7992083 ], [ 70.806021, 22.7992874 ], [ 70.8058226, 22.7992677 ], [ 70.8054363, 22.7990996 ], [ 70.805093, 22.798971 ], [ 70.8041542, 22.798615 ] ] } },
{ "type": "Feature", "properties": { "name": "", "cls": "residential", "max_depth": 0.95499998331069946, "flooded_km": 0.012782900123883096 }, "geometry": { "type": "LineString", "coordinates": [ [ 70.8065629, 22.7999352 ], [ 70.8059674, 22.7997671 ] ] } },
{ "type": "Feature", "properties": { "name": "", "cls": "residential", "max_depth": 0.70800000429153442, "flooded_km": 0.028192107590716883 }, "geometry": { "type": "LineString", "coordinates": [ [ 70.8068848, 22.7974926 ], [ 70.8067292, 22.7977645 ], [ 70.8065737, 22.7980365 ], [ 70.8063484, 22.7984617 ], [ 70.8062196, 22.7987534 ], [ 70.8061552, 22.7989314 ], [ 70.8061552, 22.7990353 ], [ 70.8062893, 22.7992083 ] ] } },
{ "type": "Feature", "properties": { "name": "", "cls": "residential", "max_depth": 0.54000002145767212, "flooded_km": 0.029310979889779862 }, "geometry": { "type": "LineString", "coordinates": [ [ 70.8063484, 22.7984617 ], [ 70.8070082, 22.7987139 ] ] } },
{ "type": "Feature", "properties": { "name": "", "cls": "residential", "max_depth": 1.2669999599456787, "flooded_km": 0.11298093574149956 }, "geometry": { "type": "LineString", "coordinates": [ [ 70.8068848, 22.7974926 ], [ 70.807507, 22.7977942 ], [ 70.8073568, 22.798076 ], [ 70.8072066, 22.798343 ], [ 70.8071154, 22.7985457 ], [ 70.8070082, 22.7987139 ], [ 70.8070028, 22.7988177 ] ] } },
{ "type": "Feature", "properties": { "name": "", "cls": "residential", "max_depth": 1.2669999599456787, "flooded_km": 0.029325960439702526 }, "geometry": { "type": "LineString", "coordinates": [ [ 70.8072066, 22.798343 ], [ 70.8065737, 22.7980365 ] ] } },
{ "type": "Feature", "properties": { "name": "", "cls": "residential", "max_depth": 0.67799997329711914, "flooded_km": 0.029237119376673917 }, "geometry": { "type": "LineString", "coordinates": [ [ 70.8067292, 22.7977645 ], [ 70.8073568, 22.798076 ] ] } },
{ "type": "Feature", "properties": { "name": "", "cls": "residential", "max_depth": 0.31999999284744263, "flooded_km": 0.028346553099975934 }, "geometry": { "type": "LineString", "coordinates": [ [ 70.8064235, 22.7969091 ], [ 70.8070403, 22.7972157 ], [ 70.8076465, 22.7975024 ] ] } },
{ "type": "Feature", "properties": { "name": "", "cls": "residential", "max_depth": 0.30000001192092896, "flooded_km": 0.012488804251323609 }, "geometry": { "type": "LineString", "coordinates": [ [ 70.8073676, 22.7970278 ], [ 70.8077967, 22.7972404 ] ] } },
{ "type": "Feature", "properties": { "name": "", "cls": "residential", "max_depth": 1.3600000143051147, "flooded_km": 0.053064633855536024 }, "geometry": { "type": "LineString", "coordinates": [ [ 70.8100703, 22.8001247 ], [ 70.8107711, 22.800432 ] ] } },
{ "type": "Feature", "properties": { "name": "", "cls": "residential", "max_depth": 0.49399998784065247, "flooded_km": 0.013593821802731918 }, "geometry": { "type": "LineString", "coordinates": [ [ 70.8095455, 22.7930265 ], [ 70.809481, 22.793071 ], [ 70.8093201, 22.7931848 ], [ 70.8092719, 22.7932045 ], [ 70.809135, 22.7933321 ] ] } },
{ "type": "Feature", "properties": { "name": "", "cls": "residential", "max_depth": 0.49399998784065247, "flooded_km": 0.014269774338182575 }, "geometry": { "type": "LineString", "coordinates": [ [ 70.8096635, 22.7931106 ], [ 70.8097494, 22.7933134 ], [ 70.8093899, 22.7935793 ] ] } },
{ "type": "Feature", "properties": { "name": "", "cls": "residential", "max_depth": 0.49399998784065247, "flooded_km": 0.058365489095833299 }, "geometry": { "type": "LineString", "coordinates": [ [ 70.8101668, 22.7909961 ], [ 70.8102, 22.7911173 ], [ 70.8102107, 22.7916267 ], [ 70.8102268, 22.7919581 ], [ 70.8101678, 22.792156 ], [ 70.810141, 22.7922846 ], [ 70.8099103, 22.7927 ], [ 70.8096635, 22.7931106 ] ] } },
{ "type": "Feature", "properties": { "name": "", "cls": "residential", "max_depth": 0.49399998784065247, "flooded_km": 0.029699056244035786 }, "geometry": { "type": "LineString", "coordinates": [ [ 70.8078209, 22.7908799 ], [ 70.8079898, 22.7910925 ], [ 70.8080917, 22.7912162 ], [ 70.8085745, 22.7918246 ], [ 70.8087569, 22.7920373 ], [ 70.808891, 22.7922104 ], [ 70.8092773, 22.7926555 ], [ 70.8095455, 22.7930265 ], [ 70.8096635, 22.7931106 ] ] } },
{ "type": "Feature", "properties": { "name": "", "cls": "residential", "max_depth": 0.41899999976158142, "flooded_km": 0.013794318650831168 }, "geometry": { "type": "LineString", "coordinates": [ [ 70.8095455, 22.7908502 ], [ 70.809685, 22.7910282 ], [ 70.8098298, 22.7912162 ], [ 70.8099908, 22.791414 ], [ 70.8100873, 22.7915377 ], [ 70.8102107, 22.7916267 ] ] } },
{ "type": "Feature", "properties": { "name": "", "cls": "secondary", "max_depth": 0.72899997234344482, "flooded_km": 0.025584434322200766 }, "geometry": { "type": "LineString", "coordinates": [ [ 70.848631, 22.8250834 ], [ 70.8487014, 22.8251877 ], [ 70.8487547, 22.8252292 ], [ 70.8488545, 22.8252733 ], [ 70.8489153, 22.8252898 ], [ 70.8489707, 22.8252927 ], [ 70.8490458, 22.8252827 ], [ 70.849073, 22.8252742 ], [ 70.8490956, 22.8252671 ], [ 70.8491453, 22.8252314 ] ] } },
{ "type": "Feature", "properties": { "name": "", "cls": "secondary", "max_depth": 0.80400002002716064, "flooded_km": 0.025724350236406807 }, "geometry": { "type": "LineString", "coordinates": [ [ 70.8491453, 22.8252314 ], [ 70.8491695, 22.8251799 ], [ 70.8491616, 22.8251296 ], [ 70.8491409, 22.8250829 ], [ 70.8490986, 22.8250513 ], [ 70.8490393, 22.8250198 ], [ 70.8489114, 22.8249838 ], [ 70.8487964, 22.8249735 ], [ 70.8487182, 22.8250003 ], [ 70.8486661, 22.8250369 ], [ 70.848631, 22.8250834 ] ] } },
{ "type": "Feature", "properties": { "name": "", "cls": "residential", "max_depth": 2.8840000629425049, "flooded_km": 0.35874221377912396 }, "geometry": { "type": "LineString", "coordinates": [ [ 70.8464333, 22.8207659 ], [ 70.846693, 22.8208755 ], [ 70.8469217, 22.8209082 ], [ 70.8472805, 22.8209009 ], [ 70.8477654, 22.8208464 ], [ 70.8480454, 22.8207592 ], [ 70.8483411, 22.8206029 ], [ 70.8485501, 22.8204903 ], [ 70.8487235, 22.8204466 ], [ 70.848968, 22.8204394 ], [ 70.8492361, 22.8204939 ], [ 70.8494175, 22.8205738 ], [ 70.84952, 22.8205666 ], [ 70.8495831, 22.8205193 ], [ 70.8496772, 22.8203889 ] ] } },
{ "type": "Feature", "properties": { "name": "", "cls": "residential", "max_depth": 0.47900000214576721, "flooded_km": 0.014652471311293129 }, "geometry": { "type": "LineString", "coordinates": [ [ 70.8117633, 22.7963607 ], [ 70.8122313, 22.7960577 ] ] } },
{ "type": "Feature", "properties": { "name": "", "cls": "primary", "max_depth": 5.9130001068115234, "flooded_km": 0.48461941689025728 }, "geometry": { "type": "LineString", "coordinates": [ [ 70.8321106, 22.8155879 ], [ 70.831796, 22.8152895 ], [ 70.8308316, 22.8144223 ], [ 70.8305802, 22.8142053 ], [ 70.8303149, 22.8139763 ], [ 70.8298088, 22.8135395 ], [ 70.829453, 22.8132324 ], [ 70.8290977, 22.8129257 ], [ 70.828655, 22.8126114 ] ] } },
{ "type": "Feature", "properties": { "name": "", "cls": "primary", "max_depth": 5.9130001068115234, "flooded_km": 0.52301622992849672 }, "geometry": { "type": "LineString", "coordinates": [ [ 70.833788, 22.8197083 ], [ 70.8333957, 22.8193988 ], [ 70.8331944, 22.8190932 ], [ 70.8331611, 22.8181566 ], [ 70.8331378, 22.8174641 ], [ 70.83311, 22.8165677 ], [ 70.8330495, 22.81643 ], [ 70.8329544, 22.8163281 ], [ 70.8321106, 22.8155879 ] ] } },
{ "type": "Feature", "properties": { "name": "", "cls": "residential", "max_depth": 2.812000036239624, "flooded_km": 0.03777250748700655 }, "geometry": { "type": "LineString", "coordinates": [ [ 70.8195648, 22.8194672 ], [ 70.8195124, 22.8198048 ] ] } },
{ "type": "Feature", "properties": { "name": "", "cls": "unclassified", "max_depth": 3.4430000782012939, "flooded_km": 0.12688224214877777 }, "geometry": { "type": "LineString", "coordinates": [ [ 70.8202839, 22.8192744 ], [ 70.8202229, 22.8192471 ], [ 70.8201642, 22.8192471 ], [ 70.8200771, 22.8192506 ], [ 70.820043, 22.8192349 ], [ 70.8200146, 22.819179 ], [ 70.8199919, 22.8191232 ], [ 70.8199748, 22.8190516 ], [ 70.8199748, 22.8189958 ], [ 70.8199862, 22.8189417 ], [ 70.8199938, 22.8188963 ], [ 70.8200089, 22.8188579 ], [ 70.8200449, 22.8188352 ], [ 70.8200941, 22.8187933 ], [ 70.8201187, 22.8187654 ], [ 70.8201471, 22.8186974 ], [ 70.820168, 22.818631 ], [ 70.8202077, 22.8185508 ], [ 70.8202456, 22.8185193 ], [ 70.8202778, 22.8184461 ], [ 70.8202891, 22.8184234 ] ] } },
{ "type": "Feature", "properties": { "name": "", "cls": "unclassified", "max_depth": 1.7690000534057617, "flooded_km": 0.090337521292178549 }, "geometry": { "type": "LineString", "coordinates": [ [ 70.8304307, 22.8372245 ], [ 70.8305527, 22.8372412 ], [ 70.8306278, 22.8372462 ], [ 70.8306869, 22.8372536 ], [ 70.8307378, 22.8372561 ], [ 70.8307727, 22.8372338 ], [ 70.8308049, 22.837219 ], [ 70.8309095, 22.8371102 ], [ 70.8309443, 22.8370188 ], [ 70.8309899, 22.8369446 ], [ 70.8310677, 22.8368383 ] ] } },
{ "type": "Feature", "properties": { "name": "", "cls": "residential", "max_depth": 1.1119999885559082, "flooded_km": 0.17331922591344043 }, "geometry": { "type": "LineString", "coordinates": [ [ 70.8226667, 22.7862827 ], [ 70.8243545, 22.7862711 ] ] } },
{ "type": "Feature", "properties": { "name": "", "cls": "residential", "max_depth": 0.8529999852180481, "flooded_km": 0.16838733530904598 }, "geometry": { "type": "LineString", "coordinates": [ [ 70.8237999, 22.7850397 ], [ 70.8237147, 22.785075 ], [ 70.8234838, 22.7851706 ], [ 70.8231325, 22.7853161 ], [ 70.8228445, 22.7854354 ], [ 70.8225161, 22.7855714 ], [ 70.8222145, 22.7856964 ], [ 70.8221779, 22.7857115 ] ] } },
{ "type": "Feature", "properties": { "name": "", "cls": "residential", "max_depth": 1.1119999885559082, "flooded_km": 0.1540582539610437 }, "geometry": { "type": "LineString", "coordinates": [ [ 70.823206, 22.7860857 ], [ 70.8228445, 22.7854354 ], [ 70.8225186, 22.7848492 ] ] } },
{ "type": "Feature", "properties": { "name": "", "cls": "residential", "max_depth": 0.88899999856948853, "flooded_km": 0.054352703554102808 }, "geometry": { "type": "LineString", "coordinates": [ [ 70.822761, 22.7860065 ], [ 70.8225161, 22.7855714 ] ] } },
{ "type": "Feature", "properties": { "name": "", "cls": "residential", "max_depth": 1.0140000581741333, "flooded_km": 0.1808909194086023 }, "geometry": { "type": "LineString", "coordinates": [ [ 70.823557, 22.7860623 ], [ 70.8231325, 22.7853161 ], [ 70.8227604, 22.7846057 ] ] } },
{ "type": "Feature", "properties": { "name": "", "cls": "residential", "max_depth": 0.6940000057220459, "flooded_km": 0.05837030230799508 }, "geometry": { "type": "LineString", "coordinates": [ [ 70.8234838, 22.7851706 ], [ 70.8229783, 22.7842264 ] ] } },
{ "type": "Feature", "properties": { "name": "", "cls": "residential", "max_depth": 0.81699997186660767, "flooded_km": 0.043743453403075457 }, "geometry": { "type": "LineString", "coordinates": [ [ 70.822414, 22.7860454 ], [ 70.8222145, 22.7856964 ] ] } },
{ "type": "Feature", "properties": { "name": "", "cls": "residential", "max_depth": 2.1400001049041748, "flooded_km": 0.20591999436196459 }, "geometry": { "type": "LineString", "coordinates": [ [ 70.8273876, 22.8331979 ], [ 70.8270228, 22.8330743 ], [ 70.8268618, 22.8329803 ], [ 70.8267009, 22.8329358 ], [ 70.8265051, 22.8328196 ], [ 70.8263951, 22.8327677 ], [ 70.8261685, 22.8326712 ], [ 70.8260733, 22.8326342 ], [ 70.8259713, 22.832565 ], [ 70.8257353, 22.8324562 ], [ 70.8256347, 22.8323398 ] ] } },
{ "type": "Feature", "properties": { "name": "", "cls": "residential", "max_depth": 3.3710000514984131, "flooded_km": 0.12086121539538766 }, "geometry": { "type": "LineString", "coordinates": [ [ 70.8229284, 22.8311743 ], [ 70.82286, 22.8312299 ], [ 70.8225596, 22.8311211 ], [ 70.8228439, 22.8304639 ] ] } },
{ "type": "Feature", "properties": { "name": "", "cls": "residential", "max_depth": 5.1479997634887695, "flooded_km": 0.22872963879608368 }, "geometry": { "type": "LineString", "coordinates": [ [ 70.8260733, 22.8452208 ], [ 70.8260679, 22.8451763 ], [ 70.8261323, 22.844855 ], [ 70.8261591, 22.8448056 ], [ 70.8261323, 22.8447265 ], [ 70.8261323, 22.8445832 ], [ 70.8261645, 22.8443508 ], [ 70.8262878, 22.8439603 ], [ 70.82654, 22.8435846 ], [ 70.8266258, 22.8433424 ], [ 70.8266848, 22.843293 ] ] } },
{ "type": "Feature", "properties": { "name": "", "cls": "residential", "max_depth": 4.8649997711181641, "flooded_km": 0.17407305008552904 }, "geometry": { "type": "LineString", "coordinates": [ [ 70.8300858, 22.837025 ], [ 70.8301502, 22.8370497 ], [ 70.8304307, 22.8372245 ], [ 70.8305311, 22.837287 ], [ 70.8306974, 22.8376676 ], [ 70.8307349, 22.837806 ], [ 70.8310193, 22.8382361 ], [ 70.8310997, 22.8386464 ] ] } },
{ "type": "Feature", "properties": { "name": "", "cls": "residential", "max_depth": 2.7100000381469727, "flooded_km": 0.16408712283587715 }, "geometry": { "type": "LineString", "coordinates": [ [ 70.8331061, 22.8256226 ], [ 70.8330953, 22.8257858 ], [ 70.8329827, 22.8259935 ], [ 70.8328969, 22.8261962 ], [ 70.8324677, 22.8269676 ] ] } },
{ "type": "Feature", "properties": { "name": "", "cls": "residential", "max_depth": 3.3220000267028809, "flooded_km": 0.046214921395113684 }, "geometry": { "type": "LineString", "coordinates": [ [ 70.8248812, 22.8244923 ], [ 70.8244396, 22.8244112 ] ] } },
{ "type": "Feature", "properties": { "name": "Morbi Bypass", "cls": "primary", "max_depth": 9.4849996566772461, "flooded_km": 0.98451098435373674 }, "geometry": { "type": "LineString", "coordinates": [ [ 70.8256699, 22.859862 ], [ 70.8263566, 22.8605244 ], [ 70.826885, 22.8610657 ], [ 70.8273578, 22.86158 ], [ 70.8277561, 22.8620237 ], [ 70.8287907, 22.8632125 ], [ 70.8305428, 22.8651879 ], [ 70.8318172, 22.8666354 ], [ 70.8320856, 22.8669403 ], [ 70.8321605, 22.8670251 ], [ 70.8328469, 22.8678017 ], [ 70.8332546, 22.868263 ], [ 70.8338477, 22.8689309 ], [ 70.8344475, 22.8696097 ], [ 70.8345071, 22.8696771 ], [ 70.8348488, 22.8700632 ], [ 70.8350288, 22.8702667 ], [ 70.8355272, 22.870835 ], [ 70.8360443, 22.8714188 ], [ 70.8365259, 22.8719684 ], [ 70.8365463, 22.8719917 ], [ 70.8371578, 22.8726907 ], [ 70.8373037, 22.8728598 ], [ 70.837761, 22.8733897 ], [ 70.8378755, 22.8735145 ], [ 70.8383896, 22.8740747 ], [ 70.8389522, 22.8747286 ], [ 70.8395115, 22.8753451 ], [ 70.8401637, 22.8761157 ], [ 70.8407501, 22.8767836 ], [ 70.8413127, 22.877425 ], [ 70.8414358, 22.8774656 ] ] } },
{ "type": "Feature", "properties": { "name": "", "cls": "primary_link", "max_depth": 0.47400000691413879, "flooded_km": 0.010185255772996888 }, "geometry": { "type": "LineString", "coordinates": [ [ 70.8321605, 22.8670251 ], [ 70.832234, 22.8669633 ] ] } },
{ "type": "Feature", "properties": { "name": "", "cls": "primary_link", "max_depth": 0.56999999284744263, "flooded_km": 0.010139602779652921 }, "geometry": { "type": "LineString", "coordinates": [ [ 70.8318172, 22.8666354 ], [ 70.8318899, 22.8665734 ] ] } },
{ "type": "Feature", "properties": { "name": "Morbi Bypass", "cls": "primary", "max_depth": 7.7839999198913574, "flooded_km": 2.2627674589223221 }, "geometry": { "type": "LineString", "coordinates": [ [ 70.8102186, 22.8397076 ], [ 70.8102799, 22.8398879 ], [ 70.8105512, 22.8406865 ], [ 70.8107983, 22.841273 ], [ 70.8108677, 22.8414379 ], [ 70.8111276, 22.8419592 ], [ 70.8115326, 22.8427206 ], [ 70.8120074, 22.8435264 ], [ 70.8127503, 22.8447178 ], [ 70.8135094, 22.8457708 ], [ 70.8137199, 22.8460501 ], [ 70.8145474, 22.847019 ], [ 70.8153378, 22.8479272 ], [ 70.8158769, 22.8485437 ], [ 70.8163795, 22.8491183 ], [ 70.8174711, 22.8503517 ], [ 70.8182027, 22.851189 ], [ 70.8192714, 22.8524092 ], [ 70.8203316, 22.8536059 ], [ 70.8212076, 22.8546137 ], [ 70.8220007, 22.8555572 ], [ 70.8222689, 22.8558754 ], [ 70.8225178, 22.8561724 ], [ 70.8228965, 22.8566243 ], [ 70.8233069, 22.8571532 ] ] } },
{ "type": "Feature", "properties": { "name": "Morbi Bypass", "cls": "primary", "max_depth": 20.489999771118164, "flooded_km": 0.38577493067683188 }, "geometry": { "type": "LineString", "coordinates": [ [ 70.8233069, 22.8571532 ], [ 70.8238192, 22.8577488 ], [ 70.824935, 22.8590019 ], [ 70.8256699, 22.859862 ] ] } },
{ "type": "Feature", "properties": { "name": "", "cls": "primary_link", "max_depth": 0.89099997282028198, "flooded_km": 0.013437517765218641 }, "geometry": { "type": "LineString", "coordinates": [ [ 70.8158769, 22.8485437 ], [ 70.8159726, 22.8484609 ] ] } },
{ "type": "Feature", "properties": { "name": "Morbi Bypass", "cls": "primary", "max_depth": 7.7839999198913574, "flooded_km": 1.207210299719552 }, "geometry": { "type": "LineString", "coordinates": [ [ 70.8233768, 22.8570815 ], [ 70.8225941, 22.8561148 ], [ 70.822401, 22.8558763 ], [ 70.8206897, 22.8538501 ], [ 70.8189167, 22.8518338 ], [ 70.8171706, 22.8498266 ], [ 70.8159726, 22.8484609 ], [ 70.8154121, 22.8478219 ] ] } },
{ "type": "Feature", "properties": { "name": "", "cls": "tertiary", "max_depth": 3.378000020980835, "flooded_km": 3.2191256924738156 }, "geometry": { "type": "LineString", "coordinates": [ [ 70.8352429, 22.8247128 ], [ 70.8349943, 22.8247128 ], [ 70.8348012, 22.8246584 ], [ 70.8339483, 22.8243271 ], [ 70.8338785, 22.8243321 ], [ 70.8337659, 22.8244854 ], [ 70.8331061, 22.8256226 ], [ 70.8330256, 22.8256451 ], [ 70.8321405, 22.8261246 ], [ 70.8318722, 22.826268 ], [ 70.8314377, 22.8264904 ], [ 70.831309, 22.8265695 ], [ 70.8311695, 22.8266486 ], [ 70.8310783, 22.8266832 ], [ 70.8310032, 22.8267327 ], [ 70.8306384, 22.8269106 ], [ 70.8304131, 22.8270392 ], [ 70.8299786, 22.8272369 ], [ 70.8299303, 22.8272863 ], [ 70.8297962, 22.8273061 ], [ 70.8297157, 22.827311 ], [ 70.8296567, 22.8273456 ], [ 70.8295333, 22.8274643 ], [ 70.8292919, 22.8277708 ], [ 70.8283263, 22.8291204 ], [ 70.8273983, 22.8301733 ], [ 70.8270979, 22.8305144 ], [ 70.8270603, 22.8305391 ], [ 70.8265722, 22.8310601 ], [ 70.826143, 22.8316218 ], [ 70.8256347, 22.8323398 ], [ 70.8251506, 22.8332828 ], [ 70.8249897, 22.8335497 ], [ 70.8245981, 22.8342072 ], [ 70.823375, 22.8362143 ], [ 70.8229512, 22.8367284 ], [ 70.8227473, 22.8369509 ], [ 70.8216208, 22.8380977 ], [ 70.8211004, 22.8386711 ], [ 70.820682, 22.8391605 ], [ 70.8201617, 22.8398229 ], [ 70.8199846, 22.8400799 ], [ 70.8196467, 22.8404853 ], [ 70.8193785, 22.8408906 ], [ 70.8176458, 22.844341 ], [ 70.8171952, 22.8451121 ], [ 70.816986, 22.8453345 ], [ 70.8165675, 22.8460117 ], [ 70.8159131, 22.8471338 ], [ 70.8154121, 22.8478219 ] ] } },
{ "type": "Feature", "properties": { "name": "", "cls": "primary_link", "max_depth": 6.3550000190734863, "flooded_km": 0.010100259876288896 }, "geometry": { "type": "LineString", "coordinates": [ [ 70.8225941, 22.8561148 ], [ 70.8225178, 22.8561724 ] ] } },
{ "type": "Feature", "properties": { "name": "", "cls": "residential", "max_depth": 1.9620000123977661, "flooded_km": 0.027331894226585791 }, "geometry": { "type": "LineString", "coordinates": [ [ 70.8106658, 22.841338 ], [ 70.8107983, 22.841273 ], [ 70.8109038, 22.8412275 ] ] } },
{ "type": "Feature", "properties": { "name": "", "cls": "primary", "max_depth": 2.0380001068115234, "flooded_km": 0.4591617955782476 }, "geometry": { "type": "LineString", "coordinates": [ [ 70.8101642, 22.8340479 ], [ 70.809582, 22.8343068 ], [ 70.8045727, 22.8365407 ] ] } },
{ "type": "Feature", "properties": { "name": "", "cls": "tertiary", "max_depth": 2.0199999809265137, "flooded_km": 1.0390184721496771 }, "geometry": { "type": "LineString", "coordinates": [ [ 70.8103219, 22.8291497 ], [ 70.8102434, 22.8294146 ], [ 70.8102391, 22.8299473 ], [ 70.810237, 22.8304996 ], [ 70.810254, 22.8310843 ], [ 70.8102636, 22.8317034 ], [ 70.8102749, 22.8324269 ], [ 70.810286, 22.8330101 ], [ 70.8102849, 22.8334496 ], [ 70.810287, 22.8336939 ], [ 70.8103371, 22.8337262 ], [ 70.8104148, 22.833738 ], [ 70.810517, 22.8337262 ], [ 70.8105436, 22.8336958 ], [ 70.810525, 22.8325565 ], [ 70.8105047, 22.8317031 ], [ 70.810503, 22.8309727 ], [ 70.8105064, 22.8301349 ], [ 70.8104979, 22.82935 ], [ 70.8104126, 22.8291476 ] ] } },
{ "type": "Feature", "properties": { "name": "", "cls": "primary", "max_depth": 2.7420001029968262, "flooded_km": 0.40314764010557502 }, "geometry": { "type": "LineString", "coordinates": [ [ 70.8100475, 22.8361019 ], [ 70.8099509, 22.8366853 ], [ 70.8099094, 22.8371092 ], [ 70.8099107, 22.8375184 ], [ 70.8099375, 22.8382871 ], [ 70.8099858, 22.8386925 ], [ 70.8100604, 22.8390946 ], [ 70.8102186, 22.8397076 ] ] } },
{ "type": "Feature", "properties": { "name": "Morbi Bypass", "cls": "primary", "max_depth": 3.0290000438690186, "flooded_km": 1.0981032118341876 }, "geometry": { "type": "LineString", "coordinates": [ [ 70.8154121, 22.8478219 ], [ 70.8142062, 22.8464682 ], [ 70.8138329, 22.8460142 ], [ 70.8126858, 22.8444238 ], [ 70.8117582, 22.8429217 ], [ 70.8109164, 22.8412589 ], [ 70.8109038, 22.8412275 ], [ 70.8108567, 22.8411106 ], [ 70.810718, 22.8408058 ], [ 70.8103643, 22.8398486 ], [ 70.8103455, 22.8397978 ], [ 70.8101909, 22.8392624 ] ] } },
{ "type": "Feature", "properties": { "name": "Morbi Bypass", "cls": "primary", "max_depth": 2.9309999942779541, "flooded_km": 0.57253726686131268 }, "geometry": { "type": "LineString", "coordinates": [ [ 70.8101909, 22.8392624 ], [ 70.8101486, 22.8391158 ], [ 70.8100535, 22.8384339 ], [ 70.8100194, 22.8380193 ], [ 70.8100002, 22.8374742 ], [ 70.8100186, 22.8369143 ], [ 70.8104899, 22.8342816 ], [ 70.8104982, 22.8341413 ] ] } },
{ "type": "Feature", "properties": { "name": "Morbi Bypass", "cls": "primary", "max_depth": 0.96799999475479126, "flooded_km": 0.050389623760837117 }, "geometry": { "type": "LineString", "coordinates": [ [ 70.8104982, 22.8341413 ], [ 70.8104954, 22.8336863 ] ] } },
{ "type": "Feature", "properties": { "name": "Morbi Bypass", "cls": "primary", "max_depth": 2.5829999446868896, "flooded_km": 0.21826015192686868 }, "geometry": { "type": "LineString", "coordinates": [ [ 70.8103932, 22.8341585 ], [ 70.8103881, 22.8342873 ], [ 70.8102379, 22.8351426 ], [ 70.8100475, 22.8361019 ] ] } },
{ "type": "Feature", "properties": { "name": "Morbi Bypass", "cls": "primary", "max_depth": 0.99400001764297485, "flooded_km": 0.051787760289511084 }, "geometry": { "type": "LineString", "coordinates": [ [ 70.8103773, 22.8336911 ], [ 70.8103932, 22.8341585 ] ] } },
{ "type": "Feature", "properties": { "name": "Morbi Bypass", "cls": "primary", "max_depth": 1.8669999837875366, "flooded_km": 0.47729877652031327 }, "geometry": { "type": "LineString", "coordinates": [ [ 70.8103223, 22.8293815 ], [ 70.8103708, 22.8329827 ], [ 70.8103773, 22.8336911 ] ] } },
{ "type": "Feature", "properties": { "name": "", "cls": "tertiary", "max_depth": 2.7420001029968262, "flooded_km": 0.65927348859201262 }, "geometry": { "type": "LineString", "coordinates": [ [ 70.8103134, 22.8340448 ], [ 70.8102971, 22.8342415 ], [ 70.8102569, 22.8344602 ], [ 70.8102049, 22.8347132 ], [ 70.8100975, 22.8352222 ], [ 70.8099017, 22.8363742 ], [ 70.8098373, 22.8373803 ], [ 70.8098454, 22.8379908 ], [ 70.8099017, 22.8387497 ], [ 70.8101297, 22.8397261 ], [ 70.8102799, 22.8398879 ] ] } },
{ "type": "Feature", "properties": { "name": "", "cls": "tertiary", "max_depth": 2.9309999942779541, "flooded_km": 0.66155714523256759 }, "geometry": { "type": "LineString", "coordinates": [ [ 70.8103643, 22.8398486 ], [ 70.8103523, 22.8396396 ], [ 70.8102343, 22.8392317 ], [ 70.8101125, 22.8382904 ], [ 70.8100734, 22.8378969 ], [ 70.8100761, 22.837138 ], [ 70.8101056, 22.8367079 ], [ 70.8103309, 22.835378 ], [ 70.8105454, 22.8343224 ], [ 70.8105562, 22.8341775 ], [ 70.8105601, 22.8339341 ] ] } },
{ "type": "Feature", "properties": { "name": "", "cls": "secondary", "max_depth": 3.1830000877380371, "flooded_km": 1.4355481679300837 }, "geometry": { "type": "LineString", "coordinates": [ [ 70.8227477, 22.8284228 ], [ 70.8226015, 22.8284493 ], [ 70.8221748, 22.8286549 ], [ 70.8212878, 22.8290847 ], [ 70.8205379, 22.8294201 ], [ 70.8203128, 22.8295208 ], [ 70.8198488, 22.8297274 ], [ 70.8193445, 22.829952 ], [ 70.8180806, 22.8304986 ], [ 70.8172392, 22.8308817 ], [ 70.816262, 22.8313336 ], [ 70.8154424, 22.8316965 ], [ 70.8149783, 22.8319045 ], [ 70.8142728, 22.8322082 ], [ 70.8133714, 22.8326062 ], [ 70.8132965, 22.8326393 ], [ 70.8125492, 22.8329768 ], [ 70.8119314, 22.8332399 ], [ 70.8116072, 22.833378 ], [ 70.8108813, 22.8337018 ], [ 70.8102096, 22.8339931 ], [ 70.8101642, 22.8340479 ] ] } },
{ "type": "Feature", "properties": { "name": "", "cls": "secondary", "max_depth": 3.4600000381469727, "flooded_km": 0.77160205837028328 }, "geometry": { "type": "LineString", "coordinates": [ [ 70.8227477, 22.8284228 ], [ 70.8229058, 22.8283317 ], [ 70.8229539, 22.8282617 ], [ 70.8229673, 22.8282122 ], [ 70.8229673, 22.8281529 ], [ 70.8229887, 22.8280614 ], [ 70.823029, 22.8280144 ], [ 70.8241984, 22.82752 ], [ 70.8243567, 22.8274335 ], [ 70.8244566, 22.8273691 ], [ 70.8253019, 22.8266056 ], [ 70.826896, 22.8252878 ], [ 70.8272247, 22.8250757 ], [ 70.8275616, 22.8249394 ], [ 70.8278739, 22.8248258 ], [ 70.8290078, 22.8244168 ], [ 70.8300642, 22.82406 ], [ 70.8300843, 22.8240532 ], [ 70.8314431, 22.8235242 ] ] } },
{ "type": "Feature", "properties": { "name": "", "cls": "secondary_link", "max_depth": 2.1540000438690186, "flooded_km": 0.0092970153633599104 }, "geometry": { "type": "LineString", "coordinates": [ [ 70.8134101, 22.8326821 ], [ 70.8133714, 22.8326062 ] ] } },
{ "type": "Feature", "properties": { "name": "", "cls": "secondary_link", "max_depth": 1.9290000200271606, "flooded_km": 0.009191452521783116 }, "geometry": { "type": "LineString", "coordinates": [ [ 70.8119314, 22.8332399 ], [ 70.8119734, 22.8333132 ] ] } },
{ "type": "Feature", "properties": { "name": "", "cls": "residential", "max_depth": 2.937000036239624, "flooded_km": 0.21872956114745043 }, "geometry": { "type": "LineString", "coordinates": [ [ 70.818755, 22.8283774 ], [ 70.8183271, 22.8295339 ], [ 70.8181071, 22.8300531 ], [ 70.8180374, 22.8302367 ] ] } },
{ "type": "Feature", "properties": { "name": "", "cls": "primary_link", "max_depth": 0.56199997663497925, "flooded_km": 0.0094557323030467055 }, "geometry": { "type": "LineString", "coordinates": [ [ 70.8103594, 22.8101199 ], [ 70.8104515, 22.8101199 ] ] } },
{ "type": "Feature", "properties": { "name": "", "cls": "primary_link", "max_depth": 1.5920000076293945, "flooded_km": 0.0083087095752243344 }, "geometry": { "type": "LineString", "coordinates": [ [ 70.8103475, 22.8116448 ], [ 70.8104284, 22.8116468 ] ] } },
{ "type": "Feature", "properties": { "name": "", "cls": "residential", "max_depth": 0.72699999809265137, "flooded_km": 0.029164646775333512 }, "geometry": { "type": "LineString", "coordinates": [ [ 70.804559, 22.8074412 ], [ 70.8056926, 22.8069346 ], [ 70.8060946, 22.8067761 ], [ 70.8061011, 22.8067702 ] ] } },
{ "type": "Feature", "properties": { "name": "", "cls": "residential", "max_depth": 1.156999945640564, "flooded_km": 0.0098227865800802495 }, "geometry": { "type": "LineString", "coordinates": [ [ 70.8061011, 22.8067702 ], [ 70.8061692, 22.8067079 ] ] } },
{ "type": "Feature", "properties": { "name": "Morbi Bypass", "cls": "primary", "max_depth": 0.37200000882148743, "flooded_km": 0.014971530863206028 }, "geometry": { "type": "LineString", "coordinates": [ [ 70.8083654, 22.7927489 ], [ 70.8089929, 22.7934335 ], [ 70.809229, 22.7936684 ], [ 70.8094718, 22.7939151 ], [ 70.809787, 22.7941568 ], [ 70.8100994, 22.7944361 ], [ 70.8102173, 22.7945779 ], [ 70.8103325, 22.7947346 ] ] } },
{ "type": "Feature", "properties": { "name": "Morbi Bypass", "cls": "primary", "max_depth": 2.5329999923706055, "flooded_km": 2.6388703575315815 }, "geometry": { "type": "LineString", "coordinates": [ [ 70.8104148, 22.829379 ], [ 70.8104137, 22.8292507 ], [ 70.8104126, 22.8291476 ], [ 70.8104069, 22.8285935 ], [ 70.810387, 22.8276318 ], [ 70.8104031, 22.826282 ], [ 70.8103969, 22.8257663 ], [ 70.8103971, 22.8249398 ], [ 70.8104078, 22.8236023 ], [ 70.8103998, 22.82225 ], [ 70.8103998, 22.8204824 ], [ 70.8103971, 22.8189125 ], [ 70.8103987, 22.818064 ], [ 70.8103998, 22.8174588 ], [ 70.8104083, 22.8164811 ], [ 70.8104128, 22.8159702 ], [ 70.8104132, 22.8149517 ], [ 70.81042, 22.8141122 ], [ 70.8104267, 22.8133055 ], [ 70.8104301, 22.8125999 ], [ 70.8104267, 22.8117479 ], [ 70.8104284, 22.8116468 ], [ 70.8104402, 22.8109458 ], [ 70.8104515, 22.8101199 ], [ 70.8104605, 22.809463 ], [ 70.8104706, 22.8086282 ], [ 70.8104723, 22.8078572 ], [ 70.8104842, 22.8068915 ], [ 70.8105024, 22.8059881 ], [ 70.8105248, 22.8047314 ], [ 70.8105282, 22.8045032 ], [ 70.8106435, 22.8030217 ], [ 70.8107508, 22.8019214 ], [ 70.810761, 22.8017976 ], [ 70.8108393, 22.8008409 ], [ 70.8109252, 22.7999829 ], [ 70.8109519, 22.7995287 ], [ 70.8109709, 22.7992047 ] ] } },
{ "type": "Feature", "properties": { "name": "Morbi Bypass", "cls": "primary", "max_depth": 0.9570000171661377, "flooded_km": 0.11773681744120428 }, "geometry": { "type": "LineString", "coordinates": [ [ 70.8107827, 22.7959051 ], [ 70.810992, 22.7966133 ], [ 70.81103, 22.7969135 ], [ 70.8110477, 22.7973196 ], [ 70.8109755, 22.7980859 ], [ 70.8108791, 22.7991924 ] ] } },
{ "type": "Feature", "properties": { "name": "Morbi Bypass", "cls": "primary", "max_depth": 1.4769999980926514, "flooded_km": 0.10416870815422316 }, "geometry": { "type": "LineString", "coordinates": [ [ 70.8109709, 22.7992047 ], [ 70.8109842, 22.7989592 ], [ 70.81107, 22.7979652 ], [ 70.8111237, 22.7972778 ], [ 70.811121, 22.7970281 ], [ 70.8110773, 22.7965833 ], [ 70.811003, 22.7963506 ], [ 70.8108631, 22.79588 ] ] } },
{ "type": "Feature", "properties": { "name": "", "cls": "tertiary", "max_depth": 1.6050000190734863, "flooded_km": 0.23859949163857858 }, "geometry": { "type": "LineString", "coordinates": [ [ 70.8109519, 22.7995287 ], [ 70.811029, 22.799158 ], [ 70.8111524, 22.7975978 ], [ 70.8112007, 22.7969821 ], [ 70.8111551, 22.7966161 ], [ 70.8109647, 22.7958991 ], [ 70.8109137, 22.7957389 ], [ 70.8108361, 22.7954952 ], [ 70.8107429, 22.7952025 ], [ 70.8107206, 22.7951325 ], [ 70.8105597, 22.7947666 ], [ 70.8103639, 22.7944822 ], [ 70.8100393, 22.7941731 ], [ 70.8093899, 22.7935793 ], [ 70.809135, 22.7933321 ], [ 70.8086353, 22.7927943 ], [ 70.8083817, 22.7925213 ], [ 70.8082298, 22.7924227 ], [ 70.8080929, 22.7923338 ] ] } },
{ "type": "Feature", "properties": { "name": "", "cls": "primary", "max_depth": 1.4520000219345093, "flooded_km": 0.086155782162018871 }, "geometry": { "type": "LineString", "coordinates": [ [ 70.8104739, 22.7953374 ], [ 70.8108361, 22.7954952 ], [ 70.8110443, 22.7956638 ], [ 70.8110845, 22.7956963 ], [ 70.8116551, 22.7963443 ], [ 70.8123074, 22.7971201 ], [ 70.8124996, 22.7972589 ] ] } },
{ "type": "Feature", "properties": { "name": "", "cls": "primary", "max_depth": 2.6789999008178711, "flooded_km": 0.11229876300217106 }, "geometry": { "type": "LineString", "coordinates": [ [ 70.8124996, 22.7972589 ], [ 70.812679, 22.7974777 ], [ 70.8131528, 22.7980722 ] ] } },
{ "type": "Feature", "properties": { "name": "", "cls": "residential", "max_depth": 0.87300002574920654, "flooded_km": 0.10624636923233639 }, "geometry": { "type": "LineString", "coordinates": [ [ 70.8381648, 22.8380927 ], [ 70.838762, 22.8384073 ], [ 70.8390044, 22.838535 ], [ 70.8390737, 22.8385335 ] ] } },
{ "type": "Feature", "properties": { "name": "", "cls": "residential", "max_depth": 0.87300002574920654, "flooded_km": 0.10636400417258011 }, "geometry": { "type": "LineString", "coordinates": [ [ 70.8381971, 22.8380423 ], [ 70.8385132, 22.8382047 ], [ 70.8386321, 22.8382658 ], [ 70.8387892, 22.8383465 ], [ 70.8390463, 22.8384786 ], [ 70.8390737, 22.8385335 ] ] } },
{ "type": "Feature", "properties": { "name": "", "cls": "residential", "max_depth": 0.8970000147819519, "flooded_km": 0.074289487020148315 }, "geometry": { "type": "LineString", "coordinates": [ [ 70.8386321, 22.8382658 ], [ 70.8390173, 22.8376979 ] ] } },
{ "type": "Feature", "properties": { "name": "", "cls": "residential", "max_depth": 0.8970000147819519, "flooded_km": 0.072210634095343729 }, "geometry": { "type": "LineString", "coordinates": [ [ 70.8387892, 22.8383465 ], [ 70.8391558, 22.83779 ] ] } },
{ "type": "Feature", "properties": { "name": "", "cls": "residential", "max_depth": 0.83399999141693115, "flooded_km": 0.1362931533876704 }, "geometry": { "type": "LineString", "coordinates": [ [ 70.83875, 22.8390307 ], [ 70.8390737, 22.8385335 ], [ 70.839436, 22.837977 ] ] } },
{ "type": "Feature", "properties": { "name": "", "cls": "residential", "max_depth": 0.83399999141693115, "flooded_km": 0.11870708426418763 }, "geometry": { "type": "LineString", "coordinates": [ [ 70.8390737, 22.8385335 ], [ 70.8393888, 22.8386988 ], [ 70.8395745, 22.8387962 ], [ 70.8397678, 22.8388075 ], [ 70.8403379, 22.8388407 ], [ 70.8404603, 22.8386389 ] ] } },
{ "type": "Feature", "properties": { "name": "", "cls": "residential", "max_depth": 0.82200002670288086, "flooded_km": 0.069239817878016627 }, "geometry": { "type": "LineString", "coordinates": [ [ 70.8393888, 22.8386988 ], [ 70.8397485, 22.8381699 ] ] } },
{ "type": "Feature", "properties": { "name": "", "cls": "residential", "max_depth": 0.66600000858306885, "flooded_km": 0.042559368663889659 }, "geometry": { "type": "LineString", "coordinates": [ [ 70.8397678, 22.8388075 ], [ 70.840048, 22.8383658 ] ] } },
{ "type": "Feature", "properties": { "name": "", "cls": "residential", "max_depth": 0.87300002574920654, "flooded_km": 0.074709737234602822 }, "geometry": { "type": "LineString", "coordinates": [ [ 70.8388885, 22.8376267 ], [ 70.8385132, 22.8382047 ] ] } },
{ "type": "Feature", "properties": { "name": "", "cls": "residential", "max_depth": 0.77600002288818359, "flooded_km": 0.065505019061374098 }, "geometry": { "type": "LineString", "coordinates": [ [ 70.838762, 22.8384073 ], [ 70.8384344, 22.8389149 ] ] } },
{ "type": "Feature", "properties": { "name": "", "cls": "residential", "max_depth": 0.82200002670288086, "flooded_km": 0.24594860624612444 }, "geometry": { "type": "LineString", "coordinates": [ [ 70.8373021, 22.8394834 ], [ 70.8376324, 22.8395383 ], [ 70.839027, 22.8394463 ], [ 70.8390882, 22.8394136 ], [ 70.8392009, 22.8392593 ], [ 70.8394199, 22.8389476 ], [ 70.8395037, 22.8389031 ], [ 70.8396228, 22.8388793 ], [ 70.8397323, 22.8388764 ], [ 70.840209, 22.8390366 ] ] } },
{ "type": "Feature", "properties": { "name": "", "cls": "residential", "max_depth": 0.43200001120567322, "flooded_km": 0.22881534018253674 }, "geometry": { "type": "LineString", "coordinates": [ [ 70.8392376, 22.8364947 ], [ 70.8411272, 22.8382129 ] ] } },
{ "type": "Feature", "properties": { "name": "", "cls": "residential", "max_depth": 0.95399999618530273, "flooded_km": 0.089999031083486863 }, "geometry": { "type": "LineString", "coordinates": [ [ 70.8248633, 22.781785 ], [ 70.8300441, 22.7826201 ] ] } },
{ "type": "Feature", "properties": { "name": "", "cls": "residential", "max_depth": 1.3420000076293945, "flooded_km": 0.2684439706223235 }, "geometry": { "type": "LineString", "coordinates": [ [ 70.8279699, 22.7842039 ], [ 70.8305252, 22.7847154 ] ] } },
{ "type": "Feature", "properties": { "name": "", "cls": "unclassified", "max_depth": 8.9829998016357422, "flooded_km": 2.5188470927123929 }, "geometry": { "type": "LineString", "coordinates": [ [ 70.8521829, 22.743813 ], [ 70.8521565, 22.7442683 ], [ 70.8521847, 22.7443907 ], [ 70.8525546, 22.7452472 ], [ 70.853616, 22.7476833 ], [ 70.8541588, 22.7488476 ], [ 70.8550072, 22.7504123 ], [ 70.8552404, 22.7511279 ], [ 70.8558032, 22.7532487 ], [ 70.8562214, 22.7550692 ], [ 70.8562455, 22.7553733 ], [ 70.8562214, 22.7556291 ], [ 70.856153, 22.7559331 ], [ 70.8559359, 22.7568267 ], [ 70.855751, 22.7581132 ], [ 70.8555982, 22.7588139 ], [ 70.8554937, 22.7591884 ], [ 70.8549469, 22.7603785 ], [ 70.854392, 22.7614055 ], [ 70.8542201, 22.7615665 ], [ 70.8539427, 22.7617667 ], [ 70.853814, 22.761915 ], [ 70.8536894, 22.7621412 ], [ 70.8531948, 22.7636761 ], [ 70.8527646, 22.76464 ], [ 70.8519323, 22.7666346 ], [ 70.8514074, 22.7683402 ] ] } },
{ "type": "Feature", "properties": { "name": "", "cls": "unclassified", "max_depth": 8.2799997329711914, "flooded_km": 0.2855402075878552 }, "geometry": { "type": "LineString", "coordinates": [ [ 70.8513815, 22.7684846 ], [ 70.8513616, 22.7685383 ], [ 70.8511724, 22.7690481 ], [ 70.8507324, 22.7702825 ], [ 70.850535, 22.7709398 ] ] } },
{ "type": "Feature", "properties": { "name": "", "cls": "unclassified", "max_depth": 7.744999885559082, "flooded_km": 0.016211423032114206 }, "geometry": { "type": "LineString", "coordinates": [ [ 70.8514074, 22.7683402 ], [ 70.8513815, 22.7684846 ] ] } },
{ "type": "Feature", "properties": { "name": "", "cls": "unclassified", "max_depth": 13.121999740600586, "flooded_km": 1.5118775229608357 }, "geometry": { "type": "LineString", "coordinates": [ [ 70.8636264, 22.7622581 ], [ 70.8625281, 22.7617581 ], [ 70.8623458, 22.761694 ], [ 70.8622423, 22.7616626 ], [ 70.8621897, 22.7616598 ], [ 70.8621063, 22.761664 ], [ 70.8620368, 22.761684 ], [ 70.8612567, 22.762174 ], [ 70.8591439, 22.7635358 ], [ 70.8569007, 22.7650025 ], [ 70.8522829, 22.767939 ], [ 70.8513616, 22.7685383 ] ] } },
{ "type": "Feature", "properties": { "name": "", "cls": "residential", "max_depth": 1.1419999599456787, "flooded_km": 0.19306112446910345 }, "geometry": { "type": "LineString", "coordinates": [ [ 70.8290505, 22.7806527 ], [ 70.8306828, 22.7804185 ], [ 70.830978, 22.7804228 ], [ 70.833054, 22.7807302 ] ] } },
{ "type": "Feature", "properties": { "name": "", "cls": "service", "max_depth": 1.1929999589920044, "flooded_km": 0.16562311293021728 }, "geometry": { "type": "LineString", "coordinates": [ [ 70.8297908, 22.7820906 ], [ 70.831397, 22.781955 ] ] } },
{ "type": "Feature", "properties": { "name": "", "cls": "service", "max_depth": 1.1770000457763672, "flooded_km": 0.14817652665339379 }, "geometry": { "type": "LineString", "coordinates": [ [ 70.8300649, 22.7826675 ], [ 70.831497, 22.7825037 ] ] } },
{ "type": "Feature", "properties": { "name": "", "cls": "unclassified", "max_depth": 8.3889999389648438, "flooded_km": 0.010455848208335731 }, "geometry": { "type": "LineString", "coordinates": [ [ 70.8493283, 22.7697819 ], [ 70.849264, 22.7697087 ] ] } },
{ "type": "Feature", "properties": { "name": "", "cls": "unclassified", "max_depth": 8.3889999389648438, "flooded_km": 0.0070416031510986245 }, "geometry": { "type": "LineString", "coordinates": [ [ 70.8493716, 22.7698312 ], [ 70.8493283, 22.7697819 ] ] } },
{ "type": "Feature", "properties": { "name": "", "cls": "residential", "max_depth": 4.6110000610351562, "flooded_km": 0.2227976710845016 }, "geometry": { "type": "LineString", "coordinates": [ [ 70.8307242, 22.7961129 ], [ 70.8308529, 22.7959447 ], [ 70.8308958, 22.79592 ], [ 70.8309763, 22.795831 ], [ 70.831105, 22.7957271 ], [ 70.8317058, 22.7952127 ], [ 70.8318078, 22.795183 ], [ 70.8318614, 22.7951731 ], [ 70.8318614, 22.7951088 ], [ 70.8317809, 22.7946731 ], [ 70.8317702, 22.7946038 ] ] } },
{ "type": "Feature", "properties": { "name": "", "cls": "residential", "max_depth": 4.3899998664855957, "flooded_km": 0.016492330844705187 }, "geometry": { "type": "LineString", "coordinates": [ [ 70.8317702, 22.7946038 ], [ 70.8317473, 22.7944564 ] ] } },
{ "type": "Feature", "properties": { "name": "", "cls": "secondary", "max_depth": 6.1770000457763672, "flooded_km": 1.4639311450156802 }, "geometry": { "type": "LineString", "coordinates": [ [ 70.8259479, 22.7988937 ], [ 70.8259354, 22.7989482 ], [ 70.8257516, 22.8001528 ], [ 70.8256747, 22.8005187 ], [ 70.8256467, 22.8006522 ], [ 70.825588, 22.8009296 ], [ 70.8255785, 22.8010122 ], [ 70.8255512, 22.8012502 ], [ 70.8255057, 22.8016466 ], [ 70.8254807, 22.8018642 ], [ 70.8254524, 22.8021114 ], [ 70.8254171, 22.8024187 ], [ 70.825411, 22.8025367 ], [ 70.8253922, 22.8028993 ], [ 70.8254564, 22.8030681 ], [ 70.8257541, 22.8034416 ], [ 70.8259795, 22.8036237 ], [ 70.8260931, 22.8037193 ], [ 70.8264043, 22.8040103 ], [ 70.8268031, 22.8043136 ], [ 70.8270067, 22.8044684 ], [ 70.8271631, 22.8046177 ], [ 70.8273267, 22.8047867 ], [ 70.8275819, 22.8050263 ], [ 70.8278412, 22.8052994 ], [ 70.8281773, 22.8056269 ], [ 70.8284541, 22.8059003 ], [ 70.8286262, 22.806329 ], [ 70.8287481, 22.8066424 ], [ 70.8290024, 22.8072966 ], [ 70.8292836, 22.8080198 ], [ 70.8293219, 22.8081184 ], [ 70.8294605, 22.8084748 ], [ 70.829614, 22.8088696 ], [ 70.8297901, 22.8093224 ], [ 70.8299191, 22.8096541 ], [ 70.8300646, 22.8100285 ], [ 70.8302922, 22.8106138 ], [ 70.8304448, 22.8110063 ], [ 70.8305907, 22.8113814 ] ] } },
{ "type": "Feature", "properties": { "name": "", "cls": "secondary", "max_depth": 3.369999885559082, "flooded_km": 0.01293272026078237 }, "geometry": { "type": "LineString", "coordinates": [ [ 70.8259593, 22.7987774 ], [ 70.8259479, 22.7988937 ] ] } },
{ "type": "Feature", "properties": { "name": "", "cls": "residential", "max_depth": 2.4159998893737793, "flooded_km": 0.0066157667178227807 }, "geometry": { "type": "LineString", "coordinates": [ [ 70.828391, 22.797394 ], [ 70.8284335, 22.7974389 ] ] } },
{ "type": "Feature", "properties": { "name": "", "cls": "residential", "max_depth": 2.4159998893737793, "flooded_km": 0.010403055046466138 }, "geometry": { "type": "LineString", "coordinates": [ [ 70.8283211, 22.797326 ], [ 70.828391, 22.797394 ] ] } },
{ "type": "Feature", "properties": { "name": "", "cls": "primary", "max_depth": 3.1689999103546143, "flooded_km": 0.069952017716470444 }, "geometry": { "type": "LineString", "coordinates": [ [ 70.8167936, 22.8020427 ], [ 70.8165146, 22.8017273 ], [ 70.8163609, 22.8015548 ] ] } },
{ "type": "Feature", "properties": { "name": "", "cls": "primary", "max_depth": 4.7940001487731934, "flooded_km": 1.2059023908178779 }, "geometry": { "type": "LineString", "coordinates": [ [ 70.8167936, 22.8020427 ], [ 70.8168139, 22.8021109 ], [ 70.8181656, 22.8030965 ], [ 70.8184517, 22.8033029 ], [ 70.8187141, 22.8034923 ], [ 70.8191875, 22.8038338 ], [ 70.8193827, 22.803984 ], [ 70.8196326, 22.8041763 ], [ 70.8197838, 22.8042926 ], [ 70.8199317, 22.8044064 ], [ 70.8201204, 22.8045516 ], [ 70.8201788, 22.8046049 ], [ 70.8206449, 22.8050303 ], [ 70.8208516, 22.8052283 ], [ 70.8215673, 22.8059137 ], [ 70.8217879, 22.806125 ], [ 70.8218765, 22.8062099 ], [ 70.822085, 22.806403 ], [ 70.8224391, 22.8067292 ], [ 70.822739, 22.8070085 ], [ 70.8229228, 22.8071788 ], [ 70.8233669, 22.8075899 ], [ 70.8236388, 22.8078539 ], [ 70.8245843, 22.8087719 ], [ 70.8249168, 22.8090983 ], [ 70.8252167, 22.8093926 ], [ 70.8253492, 22.8094472 ] ] } },
{ "type": "Feature", "properties": { "name": "", "cls": "primary", "max_depth": 4.7940001487731934, "flooded_km": 1.1908274114083015 }, "geometry": { "type": "LineString", "coordinates": [ [ 70.8253492, 22.8094472 ], [ 70.8252898, 22.8093431 ], [ 70.8249769, 22.8090486 ], [ 70.8248356, 22.8089156 ], [ 70.8244045, 22.8084974 ], [ 70.8240068, 22.8081189 ], [ 70.8236865, 22.8078187 ], [ 70.8234192, 22.8075682 ], [ 70.8229701, 22.8071433 ], [ 70.8228371, 22.8070176 ], [ 70.8227894, 22.8069728 ], [ 70.8224986, 22.8066751 ], [ 70.8223265, 22.8065128 ], [ 70.8221427, 22.8063409 ], [ 70.8218503, 22.8060669 ], [ 70.8216337, 22.8058596 ], [ 70.8210798, 22.8053415 ], [ 70.82091, 22.8051828 ], [ 70.8202439, 22.8045396 ], [ 70.8201273, 22.8044409 ], [ 70.819993, 22.8043459 ], [ 70.8199558, 22.8043134 ], [ 70.8198457, 22.8042269 ], [ 70.8196947, 22.8041081 ], [ 70.819436, 22.8039204 ], [ 70.8190996, 22.8036822 ], [ 70.8187634, 22.8034418 ], [ 70.8184977, 22.8032519 ], [ 70.8175352, 22.8025636 ], [ 70.816864, 22.8020611 ], [ 70.8167936, 22.8020427 ] ] } },
{ "type": "Feature", "properties": { "name": "", "cls": "primary", "max_depth": 2.6029999256134033, "flooded_km": 0.015062591102209921 }, "geometry": { "type": "LineString", "coordinates": [ [ 70.8381928, 22.8228813 ], [ 70.8380463, 22.8228738 ] ] } },
{ "type": "Feature", "properties": { "name": "", "cls": "primary", "max_depth": 2.7219998836517334, "flooded_km": 0.05849498499941623 }, "geometry": { "type": "LineString", "coordinates": [ [ 70.8380463, 22.8228738 ], [ 70.8380188, 22.8228617 ], [ 70.8379886, 22.8228586 ], [ 70.8379589, 22.8228649 ], [ 70.8379332, 22.8228798 ], [ 70.8379144, 22.8229011 ], [ 70.8379042, 22.8229268 ], [ 70.8379034, 22.8229543 ], [ 70.8379122, 22.8229805 ], [ 70.8379297, 22.8230026 ], [ 70.837954, 22.8230185 ], [ 70.8379825, 22.8230263 ], [ 70.8380123, 22.8230252 ], [ 70.8380401, 22.8230154 ], [ 70.8380629, 22.8229978 ], [ 70.8380787, 22.8229739 ], [ 70.8380851, 22.8229464 ], [ 70.8380814, 22.8229186 ], [ 70.838068, 22.8228934 ], [ 70.8380463, 22.8228738 ] ] } },
{ "type": "Feature", "properties": { "name": "", "cls": "primary", "max_depth": 11.975000381469727, "flooded_km": 0.53236236717813457 }, "geometry": { "type": "LineString", "coordinates": [ [ 70.838147, 22.8230254 ], [ 70.8383048, 22.8230487 ], [ 70.8399851, 22.8232677 ], [ 70.8412654, 22.8234256 ], [ 70.8423939, 22.8235576 ], [ 70.843237, 22.8236585 ], [ 70.8432867, 22.8236632 ] ] } },
{ "type": "Feature", "properties": { "name": "", "cls": "primary", "max_depth": 3.125, "flooded_km": 0.16523679271578789 }, "geometry": { "type": "LineString", "coordinates": [ [ 70.8432867, 22.8236632 ], [ 70.8441105, 22.8237409 ], [ 70.8447196, 22.8237923 ], [ 70.8448894, 22.8237872 ] ] } },
{ "type": "Feature", "properties": { "name": "", "cls": "primary", "max_depth": 2.6029999256134033, "flooded_km": 0.0091587822391784625 }, "geometry": { "type": "LineString", "coordinates": [ [ 70.8380629, 22.8229978 ], [ 70.838147, 22.8230254 ] ] } },
{ "type": "Feature", "properties": { "name": "", "cls": "primary", "max_depth": 2.119999885559082, "flooded_km": 0.2795414874768557 }, "geometry": { "type": "LineString", "coordinates": [ [ 70.8461039, 22.8241757 ], [ 70.8467101, 22.8243654 ], [ 70.8483819, 22.824916 ], [ 70.8485762, 22.8250323 ], [ 70.848631, 22.8250834 ] ] } },
{ "type": "Feature", "properties": { "name": "", "cls": "primary", "max_depth": 1.8760000467300415, "flooded_km": 0.052776605472026894 }, "geometry": { "type": "LineString", "coordinates": [ [ 70.8449944, 22.823835 ], [ 70.8450173, 22.8238238 ], [ 70.8450352, 22.8238066 ], [ 70.8450465, 22.823785 ], [ 70.84505, 22.8237613 ], [ 70.8450453, 22.8237378 ], [ 70.8450313, 22.823715 ], [ 70.8450097, 22.8236979 ], [ 70.844996, 22.8236931 ], [ 70.8449831, 22.8236885 ], [ 70.8449546, 22.8236881 ], [ 70.8449277, 22.8236966 ], [ 70.8449056, 22.8237131 ], [ 70.8448908, 22.8237355 ], [ 70.8448852, 22.8237613 ], [ 70.8448894, 22.8237872 ], [ 70.8449013, 22.8238084 ], [ 70.8449199, 22.8238251 ], [ 70.8449431, 22.8238357 ], [ 70.8449688, 22.8238391 ], [ 70.8449944, 22.823835 ] ] } },
{ "type": "Feature", "properties": { "name": "", "cls": "primary", "max_depth": 3.125, "flooded_km": 0.15894178110781976 }, "geometry": { "type": "LineString", "coordinates": [ [ 70.8449546, 22.8236881 ], [ 70.8448109, 22.8235915 ], [ 70.8446818, 22.8235412 ], [ 70.844478, 22.8234822 ], [ 70.8443105, 22.8234559 ], [ 70.84417, 22.8234485 ], [ 70.8438428, 22.8234739 ], [ 70.8434911, 22.8235225 ], [ 70.8433679, 22.823527 ], [ 70.8431874, 22.8235167 ] ] } },
{ "type": "Feature", "properties": { "name": "", "cls": "tertiary", "max_depth": 15.340000152587891, "flooded_km": 0.3640882154412815 }, "geometry": { "type": "LineString", "coordinates": [ [ 70.8410454, 22.8228748 ], [ 70.8426225, 22.8231814 ], [ 70.8429176, 22.8232358 ], [ 70.8430675, 22.8232891 ], [ 70.8434563, 22.8233502 ], [ 70.8438488, 22.8233232 ], [ 70.8440946, 22.8233412 ], [ 70.8444122, 22.8233667 ], [ 70.8446157, 22.8234162 ], [ 70.8448036, 22.8234729 ], [ 70.8450609, 22.823575 ] ] } },
{ "type": "Feature", "properties": { "name": "", "cls": "primary", "max_depth": 1.9160000085830688, "flooded_km": 0.27502999041750037 }, "geometry": { "type": "LineString", "coordinates": [ [ 70.8487964, 22.8249735 ], [ 70.8486493, 22.8249125 ], [ 70.8481354, 22.8247436 ], [ 70.8465266, 22.8242245 ], [ 70.8461405, 22.8240961 ] ] } },
{ "type": "Feature", "properties": { "name": "", "cls": "tertiary", "max_depth": 2.122999906539917, "flooded_km": 0.28423539464260739 }, "geometry": { "type": "LineString", "coordinates": [ [ 70.845274, 22.8266132 ], [ 70.8453956, 22.8263569 ], [ 70.845499, 22.826004 ], [ 70.8456199, 22.8257657 ], [ 70.8456299, 22.8257 ], [ 70.8456347, 22.8256682 ], [ 70.845642, 22.8256201 ], [ 70.8457084, 22.8253144 ], [ 70.8458221, 22.8250377 ], [ 70.8458948, 22.8247873 ], [ 70.8459611, 22.8246329 ], [ 70.8460022, 22.8245368 ], [ 70.8460392, 22.8244121 ], [ 70.8460596, 22.8243067 ], [ 70.8460789, 22.8242497 ], [ 70.8461039, 22.8241757 ] ] } },
{ "type": "Feature", "properties": { "name": "", "cls": "tertiary", "max_depth": 2.122999906539917, "flooded_km": 0.2505855005110067 }, "geometry": { "type": "LineString", "coordinates": [ [ 70.8460596, 22.8243067 ], [ 70.8461689, 22.8244049 ], [ 70.8464291, 22.8245229 ], [ 70.8467009, 22.824619 ], [ 70.8472071, 22.8247562 ], [ 70.848004, 22.8249143 ], [ 70.848631, 22.8250834 ] ] } },
{ "type": "Feature", "properties": { "name": "", "cls": "primary", "max_depth": 1.9119999408721924, "flooded_km": 0.13007188209894172 }, "geometry": { "type": "LineString", "coordinates": [ [ 70.8461405, 22.8240961 ], [ 70.8460625, 22.8240702 ], [ 70.8459587, 22.8240229 ], [ 70.8457444, 22.8238783 ], [ 70.8456904, 22.8238374 ], [ 70.8455762, 22.8237728 ], [ 70.845447, 22.8237232 ], [ 70.8452552, 22.8236806 ], [ 70.845109, 22.8236685 ], [ 70.844996, 22.8236931 ] ] } },
{ "type": "Feature", "properties": { "name": "", "cls": "tertiary", "max_depth": 1.465999960899353, "flooded_km": 0.0095827457929074534 }, "geometry": { "type": "LineString", "coordinates": [ [ 70.8461039, 22.8241757 ], [ 70.8461405, 22.8240961 ] ] } },
{ "type": "Feature", "properties": { "name": "", "cls": "primary", "max_depth": 2.0290000438690186, "flooded_km": 0.11824926692267358 }, "geometry": { "type": "LineString", "coordinates": [ [ 70.8450173, 22.8238238 ], [ 70.8453263, 22.8239211 ], [ 70.8457794, 22.8240532 ], [ 70.846037, 22.8241547 ], [ 70.8461039, 22.8241757 ] ] } },
{ "type": "Feature", "properties": { "name": "", "cls": "primary", "max_depth": 0.99400001764297485, "flooded_km": 0.059806443433315253 }, "geometry": { "type": "LineString", "coordinates": [ [ 70.848631, 22.8250834 ], [ 70.8487386, 22.8254805 ], [ 70.848878, 22.8260016 ], [ 70.8491351, 22.8270829 ], [ 70.8493348, 22.8278617 ], [ 70.849363, 22.82794 ], [ 70.8494059, 22.8280593 ], [ 70.8495215, 22.8282867 ], [ 70.8495948, 22.8284078 ], [ 70.849698, 22.8285782 ], [ 70.8497346, 22.8286233 ], [ 70.8498409, 22.8287539 ], [ 70.8499426, 22.8288472 ], [ 70.850083, 22.8289647 ], [ 70.8502781, 22.8291349 ], [ 70.8504136, 22.829292 ], [ 70.8505266, 22.8294472 ], [ 70.8505997, 22.8296303 ], [ 70.850675, 22.8299495 ], [ 70.8507278, 22.8303181 ], [ 70.8509222, 22.8313746 ], [ 70.8509636, 22.8316255 ], [ 70.8509782, 22.8317144 ], [ 70.8510638, 22.8322339 ], [ 70.8510971, 22.8324724 ], [ 70.8511047, 22.8325264 ], [ 70.8511441, 22.83266 ], [ 70.8513054, 22.8329819 ], [ 70.8516116, 22.8335577 ], [ 70.8516442, 22.8336246 ], [ 70.8517905, 22.8339073 ], [ 70.852315, 22.8348247 ], [ 70.8528209, 22.8357277 ], [ 70.8533401, 22.8366801 ], [ 70.8534337, 22.8367356 ] ] } },
{ "type": "Feature", "properties": { "name": "", "cls": "tertiary", "max_depth": 1.2779999971389771, "flooded_km": 0.014678360644560818 }, "geometry": { "type": "LineString", "coordinates": [ [ 70.8450609, 22.823575 ], [ 70.844996, 22.8236931 ] ] } },
{ "type": "Feature", "properties": { "name": "", "cls": "unclassified", "max_depth": 2.565000057220459, "flooded_km": 0.060124658063491827 }, "geometry": { "type": "LineString", "coordinates": [ [ 70.8281947, 22.8181846 ], [ 70.8276093, 22.8181687 ] ] } },
{ "type": "Feature", "properties": { "name": "", "cls": "tertiary", "max_depth": 2.5959999561309814, "flooded_km": 0.17685923020876107 }, "geometry": { "type": "LineString", "coordinates": [ [ 70.8281947, 22.8181846 ], [ 70.8281752, 22.8185453 ], [ 70.8281608, 22.8188109 ], [ 70.828155, 22.8190613 ], [ 70.8281469, 22.8194084 ], [ 70.8281395, 22.8197806 ] ] } },
{ "type": "Feature", "properties": { "name": "", "cls": "tertiary", "max_depth": 2.7620000839233398, "flooded_km": 0.17554120893354444 }, "geometry": { "type": "LineString", "coordinates": [ [ 70.8326257, 22.8181491 ], [ 70.8326634, 22.8197338 ] ] } },
{ "type": "Feature", "properties": { "name": "", "cls": "tertiary", "max_depth": 2.7620000839233398, "flooded_km": 0.05497213778029332 }, "geometry": { "type": "LineString", "coordinates": [ [ 70.8326257, 22.8181491 ], [ 70.8331611, 22.8181566 ] ] } },
{ "type": "Feature", "properties": { "name": "", "cls": "tertiary", "max_depth": 1.7790000438690186, "flooded_km": 0.11548823263953577 }, "geometry": { "type": "LineString", "coordinates": [ [ 70.8326634, 22.8197338 ], [ 70.8331912, 22.8197219 ], [ 70.833788, 22.8197083 ] ] } },
{ "type": "Feature", "properties": { "name": "", "cls": "residential", "max_depth": 6.5170001983642578, "flooded_km": 1.4189902413324704 }, "geometry": { "type": "LineString", "coordinates": [ [ 70.8381686, 22.7890858 ], [ 70.8381701, 22.7891431 ], [ 70.8382988, 22.7897027 ], [ 70.8382988, 22.7898362 ], [ 70.8384919, 22.7909145 ], [ 70.8385241, 22.7915426 ], [ 70.8386153, 22.7920026 ], [ 70.8386636, 22.7926061 ], [ 70.8388084, 22.7932491 ], [ 70.8389855, 22.7939267 ], [ 70.8389962, 22.7940157 ], [ 70.8390766, 22.7942778 ], [ 70.8391142, 22.7943372 ], [ 70.8393502, 22.794451 ], [ 70.8394629, 22.7945548 ], [ 70.8395112, 22.7946735 ], [ 70.8395541, 22.7948565 ], [ 70.8396185, 22.7964443 ], [ 70.8397257, 22.7989663 ], [ 70.8397311, 22.7992482 ], [ 70.839597, 22.8003658 ], [ 70.8395434, 22.8010927 ], [ 70.8395434, 22.8012856 ], [ 70.8396276, 22.8013602 ], [ 70.8398438, 22.8014336 ] ] } },
{ "type": "Feature", "properties": { "name": "", "cls": "residential", "max_depth": 4.7690000534057617, "flooded_km": 0.017419945204480716 }, "geometry": { "type": "LineString", "coordinates": [ [ 70.8381379, 22.7889311 ], [ 70.8381686, 22.7890858 ] ] } },
{ "type": "Feature", "properties": { "name": "", "cls": "residential", "max_depth": 0.36300000548362732, "flooded_km": 0.04461761387509873 }, "geometry": { "type": "LineString", "coordinates": [ [ 70.8228928, 22.9138382 ], [ 70.822866, 22.9138085 ], [ 70.8221149, 22.9129583 ], [ 70.8211671, 22.9118325 ], [ 70.8204643, 22.9109416 ], [ 70.8195797, 22.9098907 ], [ 70.8184058, 22.9085885 ], [ 70.8175956, 22.9077127 ], [ 70.8173972, 22.907568 ], [ 70.8170417, 22.9073091 ], [ 70.8167688, 22.9070654 ], [ 70.8162893, 22.9067608 ], [ 70.8144623, 22.9055499 ], [ 70.8139993, 22.9051159 ], [ 70.8136521, 22.9047046 ], [ 70.8133214, 22.9041944 ], [ 70.8122301, 22.9025647 ], [ 70.8118988, 22.9020581 ] ] } },
{ "type": "Feature", "properties": { "name": "", "cls": "residential", "max_depth": 2.0639998912811279, "flooded_km": 0.17303413437559162 }, "geometry": { "type": "LineString", "coordinates": [ [ 70.8272121, 22.8011358 ], [ 70.8273248, 22.8011801 ], [ 70.827592, 22.8012854 ], [ 70.827944, 22.801424 ], [ 70.8284823, 22.801636 ], [ 70.8287632, 22.8017467 ] ] } },
{ "type": "Feature", "properties": { "name": "", "cls": "residential", "max_depth": 3.7839999198913574, "flooded_km": 0.16015310577455133 }, "geometry": { "type": "LineString", "coordinates": [ [ 70.823053, 22.8082724 ], [ 70.8227796, 22.8079965 ], [ 70.8224896, 22.8077095 ], [ 70.8225102, 22.8076079 ], [ 70.8226439, 22.8074708 ], [ 70.8229228, 22.8071788 ] ] } },
{ "type": "Feature", "properties": { "name": "", "cls": "residential", "max_depth": 3.5769999027252197, "flooded_km": 0.034676708704446287 }, "geometry": { "type": "LineString", "coordinates": [ [ 70.8236865, 22.8078187 ], [ 70.8240498, 22.807572 ] ] } },
{ "type": "Feature", "properties": { "name": "", "cls": "residential", "max_depth": 0.6380000114440918, "flooded_km": 0.018003557349832517 }, "geometry": { "type": "LineString", "coordinates": [ [ 70.8228332, 22.8051824 ], [ 70.8229874, 22.8052598 ] ] } },
{ "type": "Feature", "properties": { "name": "", "cls": "primary", "max_depth": 4.0260000228881836, "flooded_km": 0.6841530685451942 }, "geometry": { "type": "LineString", "coordinates": [ [ 70.8068897, 22.8263978 ], [ 70.80571, 22.826578 ], [ 70.8050609, 22.8266771 ], [ 70.8035332, 22.8269105 ], [ 70.8006711, 22.8274007 ], [ 70.7978511, 22.8282901 ], [ 70.7975775, 22.8283764 ], [ 70.7970036, 22.8285574 ], [ 70.7941189, 22.8293144 ] ] } }
]
}
