{
"type": "FeatureCollection",
"name": "flood_extent",
"crs": { "type": "name", "properties": { "name": "urn:ogc:def:crs:OGC:1.3:CRS84" } },
"features": [
{ "type": "Feature", "properties": { "cls": 1, "depth_cls": "0.1-0.5 m", "area_km2": 2.304, "scenario": "Cf39713a" }, "geometry": { "type": "MultiPolygon", "coordinates": [ [ [ [ 70.794811101704894, 22.878759463155305 ], [ 70.795395763480542, 22.878752862078397 ], [ 70.795381513647783, 22.877669366537074 ], [ 70.794796856506451, 22.877675967266686 ], [ 70.794811101704894, 22.878759463155305 ] ] ], [ [ [ 70.792486679966245, 22.879869343108947 ], [ 70.793656014298989, 22.879856155293641 ], [ 70.793648895794149, 22.879314407099663 ], [ 70.792479566096105, 22.879327594568064 ], [ 70.792486679966245, 22.879869343108947 ] ] ], [ [ [ 70.789170452313243, 22.894536078944263 ], [ 70.790339914425473, 22.894522907551007 ], [ 70.790332804003242, 22.893981159369638 ], [ 70.789163346529548, 22.893994330416593 ], [ 70.789170452313243, 22.894536078944263 ] ] ], [ [ [ 70.790967326137633, 22.897766805860499 ], [ 70.791552070571569, 22.897760213751265 ], [ 70.791544954215937, 22.897218466150431 ], [ 70.79096021210168, 22.897225058086363 ], [ 70.790967326137633, 22.897766805860499 ] ] ], [ [ [ 70.794482917672582, 22.898268967657629 ], [ 70.795067663130226, 22.898262362478015 ], [ 70.795060532640335, 22.897720615957173 ], [ 70.794475789502428, 22.897727220963159 ], [ 70.794482917672582, 22.898268967657629 ] ] ], [ [ [ 70.794482917672582, 22.898268967657629 ], [ 70.793898171998762, 22.898275570687748 ], [ 70.793905298065312, 22.898817317516801 ], [ 70.794490046058925, 22.8988107143131 ], [ 70.794482917672582, 22.898268967657629 ] ] ], [ [ [ 70.788057806254216, 22.89888323132714 ], [ 70.788642556405847, 22.89887664961925 ], [ 70.788635451217687, 22.898334901230481 ], [ 70.788050703385906, 22.898341482765353 ], [ 70.788057806254216, 22.89888323132714 ] ] ], [ [ [ 70.791573420933474, 22.899385456319731 ], [ 70.791566303930338, 22.898843708835912 ], [ 70.790981554856828, 22.898850301291752 ], [ 70.790988669540084, 22.899392048948876 ], [ 70.791573420933474, 22.899385456319731 ] ] ], [ [ [ 70.793334797997176, 22.899907412459072 ], [ 70.793327673818339, 22.899365665534503 ], [ 70.79274292307268, 22.899372264612541 ], [ 70.792750044931566, 22.899914011710578 ], [ 70.793334797997176, 22.899907412459072 ] ] ], [ [ [ 70.789284174166269, 22.903204050083215 ], [ 70.789868942448038, 22.903197462691033 ], [ 70.789861830895092, 22.902655714960503 ], [ 70.789277064933728, 22.902662302179554 ], [ 70.789284174166269, 22.903204050083215 ] ] ], [ [ [ 70.78636032952501, 22.903236954793449 ], [ 70.786945098884004, 22.903230378151509 ], [ 70.786937998933084, 22.902688629555836 ], [ 70.786353231894495, 22.902695206024916 ], [ 70.78636032952501, 22.903236954793449 ] ] ], [ [ [ 70.788121741763206, 22.903758966628242 ], [ 70.788706512796566, 22.903752383363116 ], [ 70.788699405668908, 22.903210635325369 ], [ 70.788114636956038, 22.903217218417467 ], [ 70.788121741763206, 22.903758966628242 ] ] ], [ [ [ 70.795188914548262, 22.907472047362628 ], [ 70.795773699235681, 22.907465437080468 ], [ 70.795752290421916, 22.905840199912006 ], [ 70.795167512697034, 22.905846809673019 ], [ 70.795174646431121, 22.906388555608583 ], [ 70.794005085690927, 22.906401769026985 ], [ 70.794012214999626, 22.90694351527079 ], [ 70.79518178038154, 22.90693030150512 ], [ 70.795188914548262, 22.907472047362628 ] ] ], [ [ [ 70.785261731888909, 22.908667590623047 ], [ 70.785846524886395, 22.90866101655368 ], [ 70.785832330177783, 22.90757751941203 ], [ 70.785247541822486, 22.907584093135874 ], [ 70.785261731888909, 22.908667590623047 ] ] ], [ [ [ 70.783521528605533, 22.909770798294392 ], [ 70.784106326890665, 22.909764230331739 ], [ 70.784099235962174, 22.909222481340308 ], [ 70.783514439998299, 22.909229049130364 ], [ 70.783521528605533, 22.909770798294392 ] ] ], [ [ [ 70.786466819812944, 22.911363181641079 ], [ 70.787051623986571, 22.911356602406066 ], [ 70.787044520805679, 22.91081485439549 ], [ 70.786459718953509, 22.910821433457613 ], [ 70.786466819812944, 22.911363181641079 ] ] ], [ [ [ 70.784719500110654, 22.911924655103395 ], [ 70.784712406000565, 22.911382906440643 ], [ 70.784127600966201, 22.911389477072007 ], [ 70.784134692754719, 22.911931225907413 ], [ 70.784719500110654, 22.911924655103395 ] ] ], [ [ [ 70.786488123682972, 22.91298842595738 ], [ 70.786481022177668, 22.912446677890951 ], [ 70.78472659443581, 22.912466403727141 ], [ 70.784733688976061, 22.913008152311882 ], [ 70.786488123682972, 22.91298842595738 ] ] ], [ [ [ 70.78297925233332, 22.913027859306602 ], [ 70.783564064762544, 22.913021292459458 ], [ 70.783556974865689, 22.91247954352945 ], [ 70.782972164758178, 22.912486110204057 ], [ 70.78297925233332, 22.913027859306602 ] ] ], [ [ [ 70.792928161608558, 22.913457676481155 ], [ 70.793512972695765, 22.913451072892354 ], [ 70.793505843114417, 22.912909326943307 ], [ 70.792921034348922, 22.912915930358601 ], [ 70.792928161608558, 22.913457676481155 ] ] ], [ [ [ 70.790596033288253, 22.914025816102349 ], [ 70.791180847561137, 22.91401922094467 ], [ 70.791173727050776, 22.913477474340954 ], [ 70.790588915099676, 22.913484069325353 ], [ 70.790596033288253, 22.914025816102349 ] ] ], [ [ [ 70.78241569673844, 22.914659671593732 ], [ 70.783000516348082, 22.9146531063802 ], [ 70.782986340123358, 22.913569608370143 ], [ 70.782401525157482, 22.913576173238688 ], [ 70.78241569673844, 22.914659671593732 ] ] ], [ [ [ 70.783613700059362, 22.916813533877217 ], [ 70.784198528527483, 22.916806963670727 ], [ 70.784191434803702, 22.916265215186399 ], [ 70.783606608657777, 22.916271785220282 ], [ 70.783613700059362, 22.916813533877217 ] ] ], [ [ [ 70.791237819415826, 22.918353192369402 ], [ 70.792407484467574, 22.918339992826589 ], [ 70.792400357585421, 22.917798246881855 ], [ 70.791230697178364, 22.917811446077913 ], [ 70.791237819415826, 22.918353192369402 ] ] ], [ [ [ 70.79069571058929, 22.921610266882421 ], [ 70.791280557374677, 22.921603669298648 ], [ 70.791273433841752, 22.921061923241361 ], [ 70.790688589379144, 22.921068520651833 ], [ 70.79069571058929, 22.921610266882421 ] ] ], [ [ [ 70.78426947759354, 22.922224446368112 ], [ 70.784262381719117, 22.921682698273958 ], [ 70.783677532348094, 22.921689270034015 ], [ 70.783684625899639, 22.922231018300796 ], [ 70.78426947759354, 22.922224446368112 ] ] ], [ [ [ 70.782543279638574, 22.924411149767277 ], [ 70.782536189873312, 22.923869401311482 ], [ 70.781951330565448, 22.923875967305364 ], [ 70.781958418007505, 22.924417715933622 ], [ 70.782543279638574, 22.924411149767277 ] ] ], [ [ [ 70.788976743382065, 22.924338779887282 ], [ 70.789561602429799, 22.924332187893715 ], [ 70.789554484786592, 22.923790441511859 ], [ 70.788969628062006, 22.923797033332285 ], [ 70.788976743382065, 22.924338779887282 ] ] ], [ [ [ 70.780802860336394, 22.925514339638397 ], [ 70.781387727043636, 22.925507777431935 ], [ 70.781359386138618, 22.923340782307342 ], [ 70.780774528724294, 22.923347343824418 ], [ 70.780802860336394, 22.925514339638397 ] ] ], [ [ [ 70.773220733978164, 22.927224705609188 ], [ 70.773805610441414, 22.92721817086943 ], [ 70.773798554455155, 22.926676420027675 ], [ 70.773213680315507, 22.926682954595812 ], [ 70.773220733978164, 22.927224705609188 ] ] ], [ [ [ 70.778491689232041, 22.927707564885232 ], [ 70.779661442736881, 22.927694454161948 ], [ 70.77965436330031, 22.927152705078516 ], [ 70.778484614442746, 22.927165815457474 ], [ 70.778491689232041, 22.927707564885232 ] ] ], [ [ [ 70.773819723055496, 22.928301672435943 ], [ 70.774404603952277, 22.928295135200216 ], [ 70.774397545214569, 22.927753384608142 ], [ 70.773812666641518, 22.927759921672191 ], [ 70.773819723055496, 22.928301672435943 ] ] ], [ [ [ 70.778505839453913, 22.928791063623695 ], [ 70.779090720961065, 22.928784508994116 ], [ 70.779083643419142, 22.928242759816523 ], [ 70.778498764235763, 22.928249314273973 ], [ 70.778505839453913, 22.928791063623695 ] ] ], [ [ [ 70.77441872206947, 22.929378636267344 ], [ 70.775003607400009, 22.929372096535417 ], [ 70.774996545910568, 22.928830346193099 ], [ 70.774411662903901, 22.928836885753281 ], [ 70.77441872206947, 22.929378636267344 ] ] ], [ [ [ 70.789625670927151, 22.929207903573722 ], [ 70.789618551342201, 22.928666157543219 ], [ 70.789033673706797, 22.928672750921947 ], [ 70.789040790967974, 22.929214497125603 ], [ 70.789625670927151, 22.929207903573722 ] ] ], [ [ [ 70.785538610219419, 22.929795760431151 ], [ 70.785531506685686, 22.929254013228807 ], [ 70.784946625218097, 22.929260591711298 ], [ 70.784953726427943, 22.929802339086397 ], [ 70.785538610219419, 22.929795760431151 ] ] ], [ [ [ 70.776765330782482, 22.929894214210393 ], [ 70.777350217580477, 22.929887665695173 ], [ 70.777343146581316, 22.929345916079377 ], [ 70.776758262107236, 22.929352464422625 ], [ 70.776765330782482, 22.929894214210393 ] ] ], [ [ [ 70.77212148231591, 22.932655280050213 ], [ 70.772706382446543, 22.932648747900561 ], [ 70.772699328970205, 22.93210699710567 ], [ 70.772114431163857, 22.932113529083793 ], [ 70.77212148231591, 22.932655280050213 ] ] ], [ [ [ 70.770951681413649, 22.932668337889922 ], [ 70.771536581971574, 22.932661810046667 ], [ 70.771529533143834, 22.932120058908787 ], [ 70.770944634910222, 22.932126586580633 ], [ 70.770951681413649, 22.932668337889922 ] ] ], [ [ [ 70.769232179311132, 22.935396667031331 ], [ 70.769817092132158, 22.935390144791469 ], [ 70.769810049210349, 22.934848393334555 ], [ 70.769225138714006, 22.934854915403175 ], [ 70.769232179311132, 22.935396667031331 ] ] ], [ [ [ 70.763432166783517, 22.939254043258074 ], [ 70.76401709800983, 22.939247541358473 ], [ 70.764010076845906, 22.938705788464627 ], [ 70.763425147944787, 22.938712290193546 ], [ 70.763432166783517, 22.939254043258074 ] ] ], [ [ [ 70.77220611280859, 22.939156288604472 ], [ 70.77279104083641, 22.939149754396489 ], [ 70.772783984794799, 22.938608004069742 ], [ 70.772199059092131, 22.938614538106197 ], [ 70.77220611280859, 22.939156288604472 ] ] ], [ [ [ 70.765193985851383, 22.93977628361084 ], [ 70.766363851464732, 22.939763264392482 ], [ 70.766356820786996, 22.939221512220957 ], [ 70.765186959824163, 22.939234531097529 ], [ 70.765193985851383, 22.93977628361084 ] ] ], [ [ [ 70.762269318093757, 22.939808793962275 ], [ 70.762262303692935, 22.939267040595524 ], [ 70.76167737182881, 22.939273536033362 ], [ 70.761684383904338, 22.939815289570632 ], [ 70.762269318093757, 22.939808793962275 ] ] ], [ [ [ 70.768132724233652, 22.94082722261015 ], [ 70.768125686153653, 22.940285471029714 ], [ 70.767540751767427, 22.940291988348829 ], [ 70.76754778752202, 22.940833740100345 ], [ 70.768132724233652, 22.94082722261015 ] ] ], [ [ [ 70.766384944776121, 22.941388520673055 ], [ 70.766969884239501, 22.941382007320016 ], [ 70.76696285059721, 22.94084025543647 ], [ 70.766377913459294, 22.940846768618535 ], [ 70.766384944776121, 22.941388520673055 ] ] ], [ [ [ 70.770528855686493, 22.945135136868331 ], [ 70.77111380993675, 22.945128607236846 ], [ 70.771099707318811, 22.944045106373828 ], [ 70.770514757720377, 22.944051635662547 ], [ 70.770528855686493, 22.945135136868331 ] ] ], [ [ [ 70.769972090413177, 22.947308666973925 ], [ 70.770557054181452, 22.947302138811633 ], [ 70.770535904989899, 22.945676887412688 ], [ 70.769950948200091, 22.945683415060984 ], [ 70.769972090413177, 22.947308666973925 ] ] ], [ [ [ 70.768830336231431, 22.949488720208553 ], [ 70.769415309732267, 22.94948219567085 ], [ 70.769408263586897, 22.948940445057044 ], [ 70.768238321024867, 22.948953491635095 ], [ 70.768287615950797, 22.952745747509002 ], [ 70.768872603625596, 22.95273922409925 ], [ 70.768830336231431, 22.949488720208553 ] ] ], [ [ [ 70.800970890318624, 22.858100357348185 ], [ 70.801555461710038, 22.858093739270611 ], [ 70.801548319438339, 22.857551991951762 ], [ 70.80096375036139, 22.857558609855118 ], [ 70.800970890318624, 22.858100357348185 ] ] ], [ [ [ 70.799823154169985, 22.859738830357639 ], [ 70.800407732938723, 22.859732216048325 ], [ 70.80040059464595, 22.859190468498014 ], [ 70.799816018191919, 22.859197082633219 ], [ 70.799823154169985, 22.859738830357639 ] ] ], [ [ [ 70.798661127547902, 22.860293800573377 ], [ 70.79924570906455, 22.860287190380994 ], [ 70.799238575184646, 22.85974544252149 ], [ 70.798653995982761, 22.859752052539879 ], [ 70.798661127547902, 22.860293800573377 ] ] ], [ [ [ 70.799844563403909, 22.861364073297068 ], [ 70.79983742677598, 22.860822325689565 ], [ 70.799252843161014, 22.860828938201532 ], [ 70.799259977474023, 22.86137068598309 ], [ 70.799844563403909, 22.861364073297068 ] ] ], [ [ [ 70.813297169948029, 22.86175313287983 ], [ 70.813289979859917, 22.861211389330226 ], [ 70.81270539893022, 22.861218051365004 ], [ 70.812712586703441, 22.861759795089966 ], [ 70.813297169948029, 22.86175313287983 ] ] ], [ [ [ 70.81507970868779, 22.863900105078415 ], [ 70.815664300319199, 22.863893433583488 ], [ 70.815657100097411, 22.863351690891925 ], [ 70.81507251078115, 22.863358362211262 ], [ 70.81507970868779, 22.863900105078415 ] ] ], [ [ [ 70.81043168749737, 22.866120376476839 ], [ 70.811016290136067, 22.866113721448098 ], [ 70.811009107563734, 22.865571977509433 ], [ 70.810424507240512, 22.865578632363025 ], [ 70.81043168749737, 22.866120376476839 ] ] ], [ [ [ 70.809854262800016, 22.86666877360938 ], [ 70.810438867972181, 22.866662120551638 ], [ 70.81043168749737, 22.866120376476839 ], [ 70.809847084640765, 22.86612702935949 ], [ 70.809854262800016, 22.86666877360938 ] ] ], [ [ [ 70.811608077662626, 22.866648807997741 ], [ 70.812192682180793, 22.866642148501594 ], [ 70.81218549475939, 22.866100404952387 ], [ 70.811600892556754, 22.866107064273283 ], [ 70.811608077662626, 22.866648807997741 ] ] ], [ [ [ 70.796415408970375, 22.867362949817601 ], [ 70.797000021451225, 22.867356345948188 ], [ 70.796992894018658, 22.866814597899651 ], [ 70.796408283853523, 22.866821201595275 ], [ 70.796415408970375, 22.867362949817601 ] ] ], [ [ [ 70.808692225548043, 22.867223817847321 ], [ 70.809861441177119, 22.867210517820265 ], [ 70.809854262800016, 22.86666877360938 ], [ 70.808685051802186, 22.86668207328643 ], [ 70.808692225548043, 22.867223817847321 ] ] ], [ [ [ 70.809868619772075, 22.867752261992148 ], [ 70.810453229575543, 22.867745608584229 ], [ 70.8104460486649, 22.867203864587442 ], [ 70.809861441177119, 22.867210517820265 ], [ 70.809868619772075, 22.867752261992148 ] ] ], [ [ [ 70.807537347930037, 22.868320598993893 ], [ 70.808121960920303, 22.868313953996154 ], [ 70.80811478905477, 22.867772209338344 ], [ 70.808699399511625, 22.867765562369211 ], [ 70.808692225548043, 22.867223817847321 ], [ 70.807523009048097, 22.867237109289547 ], [ 70.807537347930037, 22.868320598993893 ] ] ], [ [ [ 70.808706573692945, 22.868307306852095 ], [ 70.809291186247833, 22.868300657561711 ], [ 70.809284009750755, 22.867758913253809 ], [ 70.808699399511625, 22.867765562369211 ], [ 70.808706573692945, 22.868307306852095 ] ] ], [ [ [ 70.808129133003504, 22.868855698614961 ], [ 70.808713748091961, 22.868849051295975 ], [ 70.808706573692945, 22.868307306852095 ], [ 70.808121960920303, 22.868313953996154 ], [ 70.808129133003504, 22.868855698614961 ] ] ], [ [ [ 70.802874738878444, 22.869457174049945 ], [ 70.803459358239294, 22.86945054587407 ], [ 70.803452204465842, 22.868908799896911 ], [ 70.802867587420963, 22.868915427898372 ], [ 70.802874738878444, 22.869457174049945 ] ] ], [ [ [ 70.806981405833355, 22.870494221485217 ], [ 70.807566028305018, 22.870487577934561 ], [ 70.807558857884885, 22.869945833257898 ], [ 70.80697423772925, 22.869952476633745 ], [ 70.806981405833355, 22.870494221485217 ] ] ], [ [ [ 70.802304418234584, 22.870547292614251 ], [ 70.803473666437512, 22.870534037711412 ], [ 70.803466512229846, 22.869992291812238 ], [ 70.802297268659089, 22.870005546366293 ], [ 70.802304418234584, 22.870547292614251 ] ] ], [ [ [ 70.797634548012624, 22.871141973963944 ], [ 70.79821917627261, 22.871135364584635 ], [ 70.798212042693365, 22.870593617156715 ], [ 70.797627416749577, 22.870600226362111 ], [ 70.797634548012624, 22.871141973963944 ] ] ], [ [ [ 70.800564830207747, 22.871650652293575 ], [ 70.801149459700852, 22.871644032006806 ], [ 70.801142314323883, 22.871102285488281 ], [ 70.80055768714702, 22.871108905600853 ], [ 70.800564830207747, 22.871650652293575 ] ] ], [ [ [ 70.815180502321894, 22.871484501121788 ], [ 70.815765126372938, 22.871477827168487 ], [ 70.815757923091198, 22.8709360850232 ], [ 70.81517330135631, 22.87094275880089 ], [ 70.815180502321894, 22.871484501121788 ] ] ], [ [ [ 70.801748385014264, 22.872720902144913 ], [ 70.801734088977128, 22.871637409573339 ], [ 70.801149459700852, 22.871644032006806 ], [ 70.801163751105307, 22.872727524926891 ], [ 70.801748385014264, 22.872720902144913 ] ] ], [ [ [ 70.807010080425073, 22.872661200501074 ], [ 70.807002911450837, 22.872119455805624 ], [ 70.806418281813009, 22.872126097734004 ], [ 70.806425448470918, 22.872667842604223 ], [ 70.807010080425073, 22.872661200501074 ] ] ], [ [ [ 70.797698739119184, 22.876017700626157 ], [ 70.798283388228043, 22.876011089681587 ], [ 70.798261982294363, 22.874385848333493 ], [ 70.797677340135763, 22.874392458756294 ], [ 70.797698739119184, 22.876017700626157 ] ] ], [ [ [ 70.797713006190378, 22.877101195011114 ], [ 70.798297659933084, 22.877094583718698 ], [ 70.798290523972312, 22.876552836719636 ], [ 70.797705872546558, 22.876559447838126 ], [ 70.797713006190378, 22.877101195011114 ] ] ], [ [ [ 70.795402888721199, 22.879294609790577 ], [ 70.795987552597921, 22.879288006392496 ], [ 70.795980425040014, 22.878746258854026 ], [ 70.795395763480542, 22.878752862078397 ], [ 70.795402888721199, 22.879294609790577 ] ] ], [ [ [ 70.80477181004278, 22.880272187455901 ], [ 70.805356475085517, 22.880265549348671 ], [ 70.805349310017206, 22.879723804675187 ], [ 70.804764647291819, 22.879730442607812 ], [ 70.80477181004278, 22.880272187455901 ] ] ], [ [ [ 70.803623954957388, 22.881910692584995 ], [ 70.804208627387155, 22.881904058249425 ], [ 70.804201466301748, 22.881362313343811 ], [ 70.803616796189544, 22.881368947504875 ], [ 70.803623954957388, 22.881910692584995 ] ] ], [ [ [ 70.796615000052498, 22.882531884216331 ], [ 70.797199677401608, 22.882525275480273 ], [ 70.797192543910725, 22.881983528523346 ], [ 70.796607868879292, 22.88199013708558 ], [ 70.796615000052498, 22.882531884216331 ] ] ], [ [ [ 70.797228213529451, 22.884692262918009 ], [ 70.797812899933518, 22.884685651338554 ], [ 70.797805763258964, 22.884143904711511 ], [ 70.797221079172843, 22.884150516117078 ], [ 70.797228213529451, 22.884692262918009 ] ] ], [ [ [ 70.803666912125635, 22.88516116224644 ], [ 70.803659752054571, 22.884619417400394 ], [ 70.803075067818753, 22.884626050460458 ], [ 70.803082225571842, 22.885167795480953 ], [ 70.803666912125635, 22.88516116224644 ] ] ], [ [ [ 70.814234448234359, 22.888291846060689 ], [ 70.814227245129345, 22.887750104598737 ], [ 70.813642550905584, 22.887756777375913 ], [ 70.813649751692267, 22.888298519013343 ], [ 70.814234448234359, 22.888291846060689 ] ] ], [ [ [ 70.803139495414058, 22.889501754240346 ], [ 70.803724200514225, 22.889495119610149 ], [ 70.803717038705329, 22.888953375076248 ], [ 70.803132335923706, 22.888960009531989 ], [ 70.803139495414058, 22.889501754240346 ] ] ], [ [ [ 70.807246778643787, 22.890538753564226 ], [ 70.807831486859001, 22.890532103544505 ], [ 70.807824308384923, 22.889990360311508 ], [ 70.807239602488366, 22.889997010156364 ], [ 70.807246778643787, 22.890538753564226 ] ] ], [ [ [ 70.812509144735884, 22.890478826035967 ], [ 70.813093850988849, 22.890472156678602 ], [ 70.813086651646998, 22.889930415021919 ], [ 70.812501947712676, 22.889937084203918 ], [ 70.812509144735884, 22.890478826035967 ] ] ], [ [ [ 70.810755024667444, 22.890498821216372 ], [ 70.811339731575117, 22.890492158304859 ], [ 70.811332539189166, 22.889950416122229 ], [ 70.810747834600136, 22.889957078858547 ], [ 70.810755024667444, 22.890498821216372 ] ] ], [ [ [ 70.811931633187427, 22.891027235213045 ], [ 70.8125163419774, 22.891020567828978 ], [ 70.812509144735884, 22.890478826035967 ], [ 70.811924438264612, 22.890485493244721 ], [ 70.811931633187427, 22.891027235213045 ] ] ], [ [ [ 70.813122650539995, 22.892639122914868 ], [ 70.813707365849751, 22.892632450707158 ], [ 70.813700163315474, 22.892090709382099 ], [ 70.813115450324617, 22.89209738141437 ], [ 70.813122650539995, 22.892639122914868 ] ] ], [ [ [ 70.797919976035232, 22.892811846063701 ], [ 70.798504697000425, 22.892805229726836 ], [ 70.798497554758825, 22.892263483858855 ], [ 70.797912836112616, 22.892270100021758 ], [ 70.797919976035232, 22.892811846063701 ] ] ], [ [ [ 70.811953219265376, 22.892652460883767 ], [ 70.81194602368781, 22.892110719032573 ], [ 70.811361310041988, 22.892117384618494 ], [ 70.811368503300642, 22.892659126644951 ], [ 70.811953219265376, 22.892652460883767 ] ] ], [ [ [ 70.797934256530169, 22.893895338030568 ], [ 70.797927116174421, 22.893353592066649 ], [ 70.797342392673599, 22.893360206428504 ], [ 70.797349530710193, 22.893901952566342 ], [ 70.797934256530169, 22.893895338030568 ] ] ], [ [ [ 70.796215748657858, 22.896623907033046 ], [ 70.796800486507578, 22.896617295926344 ], [ 70.796793349707912, 22.896075549809712 ], [ 70.796208614177701, 22.896082160742608 ], [ 70.796215748657858, 22.896623907033046 ] ] ], [ [ [ 70.803838819004895, 22.898163026845076 ], [ 70.804423560994039, 22.898156387273787 ], [ 70.804416393389047, 22.897614643538866 ], [ 70.803831653719584, 22.897621282935614 ], [ 70.803838819004895, 22.898163026845076 ] ] ], [ [ [ 70.805614562358144, 22.899768331605635 ], [ 70.806199310654307, 22.899761685061851 ], [ 70.80619213543757, 22.899219941968017 ], [ 70.805607389461272, 22.899226588337076 ], [ 70.805614562358144, 22.899768331605635 ] ] ], [ [ [ 70.806791236487143, 22.900296779248478 ], [ 70.807375986667964, 22.900290128230647 ], [ 70.807368806593772, 22.899748385525466 ], [ 70.806784058732873, 22.899755036368465 ], [ 70.806791236487143, 22.900296779248478 ] ] ], [ [ [ 70.80387464869122, 22.900871745806885 ], [ 70.804459402279733, 22.900865105362861 ], [ 70.804452233587824, 22.900323361823123 ], [ 70.803867482319319, 22.900330002092595 ], [ 70.80387464869122, 22.900871745806885 ] ] ], [ [ [ 70.799218056900713, 22.902550027060094 ], [ 70.799802819186453, 22.902543403291748 ], [ 70.799795668404258, 22.902001658474273 ], [ 70.799210908438781, 22.902008282068515 ], [ 70.799218056900713, 22.902550027060094 ] ] ], [ [ [ 70.7986404407566, 22.903098393805099 ], [ 70.799225205579432, 22.903091772012644 ], [ 70.799218056900713, 22.902550027060094 ], [ 70.798633294398215, 22.902556648678498 ], [ 70.7986404407566, 22.903098393805099 ] ] ], [ [ [ 70.805072841873312, 22.903025435839236 ], [ 70.805080013972628, 22.903567179009162 ], [ 70.804495249000396, 22.903573822475973 ], [ 70.804502418996776, 22.904115565781471 ], [ 70.805671953364623, 22.904102276348546 ], [ 70.805657604307711, 22.903018790397081 ], [ 70.805072841873312, 22.903025435839236 ] ] ], [ [ [ 70.835209170811922, 22.795399471739369 ], [ 70.835194664162046, 22.794315988848023 ], [ 70.836947527402316, 22.794295804377597 ], [ 70.836940267489993, 22.793754063405977 ], [ 70.835771696829156, 22.793767521503025 ], [ 70.83576444174949, 22.79322578013738 ], [ 70.837517290491846, 22.793205590316855 ], [ 70.837510028715045, 22.792663849444907 ], [ 70.836925748327502, 22.792670581345842 ], [ 70.83691848907732, 22.792128840257327 ], [ 70.836334210774893, 22.79213556984239 ], [ 70.836341467719265, 22.792677311108466 ], [ 70.834588624571026, 22.792697487566421 ], [ 70.834595874818334, 22.793239229325859 ], [ 70.835180158394152, 22.793232505800809 ], [ 70.835187411167851, 22.793774247343897 ], [ 70.834603125286051, 22.793780971046338 ], [ 70.834610375974194, 22.794322712727848 ], [ 70.834026087565917, 22.794329434469191 ], [ 70.834040584991186, 22.795412918069992 ], [ 70.834624878011766, 22.795406195973985 ], [ 70.834639380931122, 22.796489679064258 ], [ 70.833470785444376, 22.796503121826902 ], [ 70.833485280019758, 22.797586605470553 ], [ 70.835238186757849, 22.79756643705446 ], [ 70.835245441295626, 22.798108178285808 ], [ 70.836414049298241, 22.798094721625962 ], [ 70.836406790147393, 22.797552980749575 ], [ 70.835822488562926, 22.797559709971434 ], [ 70.835815231939208, 22.797017968878563 ], [ 70.835230932440595, 22.797024695784138 ], [ 70.835216424467646, 22.795941213126596 ], [ 70.835800719353543, 22.795934486575923 ], [ 70.835793463391582, 22.795392745366154 ], [ 70.835209170811922, 22.795399471739369 ] ] ], [ [ [ 70.835793463391582, 22.795392745366154 ], [ 70.836377755750632, 22.795386016854334 ], [ 70.836370497703086, 22.794844275783102 ], [ 70.835786207650202, 22.794851004117415 ], [ 70.835793463391582, 22.795392745366154 ] ] ], [ [ [ 70.834675642087362, 22.799198386107989 ], [ 70.835259951032782, 22.799191660631593 ], [ 70.835252696053928, 22.798649919478184 ], [ 70.834668389415199, 22.798656644777186 ], [ 70.834675642087362, 22.799198386107989 ] ] ], [ [ [ 70.837020138665125, 22.799713211950298 ], [ 70.837604449034714, 22.79970647774029 ], [ 70.837597184608384, 22.799164737336032 ], [ 70.837012876545543, 22.799171471368414 ], [ 70.837020138665125, 22.799713211950298 ] ] ], [ [ [ 70.831761335413518, 22.799773723582923 ], [ 70.832345647767326, 22.799767008624443 ], [ 70.832338404101733, 22.799225266623552 ], [ 70.831754094054688, 22.799231981404912 ], [ 70.831761335413518, 22.799773723582923 ] ] ], [ [ [ 70.837049189351049, 22.801880173888051 ], [ 70.837633508948244, 22.801873438967519 ], [ 70.837626243638624, 22.801331698719181 ], [ 70.837041926348434, 22.801338433462089 ], [ 70.837049189351049, 22.801880173888051 ] ] ], [ [ [ 70.832374624631683, 22.801933976238317 ], [ 70.83295894599307, 22.801927258432038 ], [ 70.832951699139628, 22.801385516764203 ], [ 70.832367380085302, 22.801392234393298 ], [ 70.832374624631683, 22.801933976238317 ] ] ], [ [ [ 70.833557766116144, 22.803004021350734 ], [ 70.834142091651174, 22.802997298911283 ], [ 70.834134839742831, 22.802455557675923 ], [ 70.833550516514975, 22.802462279938084 ], [ 70.833557766116144, 22.803004021350734 ] ] ], [ [ [ 70.831804788189203, 22.803024175832686 ], [ 70.831797545509588, 22.802482433888471 ], [ 70.831213221400745, 22.802489147593224 ], [ 70.831220461773171, 22.80303088971451 ], [ 70.831804788189203, 22.803024175832686 ] ] ], [ [ [ 70.835902325983923, 22.803518859420649 ], [ 70.835895066933446, 22.80297711875652 ], [ 70.835310742059889, 22.802983847614165 ], [ 70.835317998803134, 22.80352558845577 ], [ 70.835902325983923, 22.803518859420649 ] ] ], [ [ [ 70.830650611927553, 22.804121085936604 ], [ 70.831234943178245, 22.804114373840161 ], [ 70.831220461773171, 22.80303088971451 ], [ 70.830636135137084, 22.803037601456914 ], [ 70.830650611927553, 22.804121085936604 ] ] ], [ [ [ 70.835909585255024, 22.804060600045808 ], [ 70.836493914522478, 22.804053868693718 ], [ 70.83648665294406, 22.803512128246084 ], [ 70.835902325983923, 22.803518859420649 ], [ 70.835909585255024, 22.804060600045808 ] ] ], [ [ [ 70.83650117632159, 22.804595609102371 ], [ 70.83766983880902, 22.804582139624461 ], [ 70.837662572395175, 22.804040399571043 ], [ 70.838246901000275, 22.80403366180046 ], [ 70.838239632499992, 22.803491921885751 ], [ 70.837070979683517, 22.803505394932081 ], [ 70.837078243569209, 22.804047135202126 ], [ 70.836493914522478, 22.804053868693718 ], [ 70.83650117632159, 22.804595609102371 ] ] ], [ [ [ 70.832410850666776, 22.804642684878843 ], [ 70.832995183564407, 22.804635966186627 ], [ 70.832987935609566, 22.804094224713658 ], [ 70.832403605019323, 22.804100943228679 ], [ 70.832410850666776, 22.804642684878843 ] ] ], [ [ [ 70.831249425463625, 22.80519785780994 ], [ 70.830665089598043, 22.805204570260432 ], [ 70.830657850652798, 22.804662828118008 ], [ 70.830073516874677, 22.804669538251883 ], [ 70.830087990370203, 22.805753022851693 ], [ 70.831256666936454, 22.805739599736373 ], [ 70.831249425463625, 22.80519785780994 ] ] ], [ [ [ 70.833594017427316, 22.805712727829363 ], [ 70.834178354499272, 22.805706004503392 ], [ 70.834171101488792, 22.80516426346292 ], [ 70.833586766724352, 22.805170986611586 ], [ 70.833594017427316, 22.805712727829363 ] ] ], [ [ [ 70.836515700581984, 22.805679089802712 ], [ 70.837100036551021, 22.805672355778363 ], [ 70.837092772002975, 22.80513061562527 ], [ 70.836508438341426, 22.805137349472034 ], [ 70.836515700581984, 22.805679089802712 ] ] ], [ [ [ 70.833608519494376, 22.806796210147979 ], [ 70.833601268350662, 22.806254469008159 ], [ 70.833016928750723, 22.8062611903717 ], [ 70.833024177586779, 22.806802931688772 ], [ 70.833608519494376, 22.806796210147979 ] ] ], [ [ [ 70.83595314551529, 22.807311042978128 ], [ 70.835945884920264, 22.806769302586865 ], [ 70.835361543894606, 22.80677603268683 ], [ 70.83536880218189, 22.807317773255576 ], [ 70.83595314551529, 22.807311042978128 ] ] ], [ [ [ 70.829532592156667, 22.807926700639452 ], [ 70.830116940000678, 22.807919991583688 ], [ 70.830109702263115, 22.807378249459145 ], [ 70.829525356726947, 22.807384958337991 ], [ 70.829532592156667, 22.807926700639452 ] ] ], [ [ [ 70.835967667367299, 22.808394523643699 ], [ 70.836552015095677, 22.80838779087134 ], [ 70.836537488627997, 22.807304310560845 ], [ 70.83595314551529, 22.807311042978128 ], [ 70.835967667367299, 22.808394523643699 ] ] ], [ [ [ 70.830708527890138, 22.808455022296588 ], [ 70.831292877602039, 22.808448308783937 ], [ 70.831307363409039, 22.809531792130137 ], [ 70.831891717516811, 22.809525076123329 ], [ 70.831877227093827, 22.808441593131306 ], [ 70.832461576365432, 22.808434875338691 ], [ 70.832447082207466, 22.807351392545044 ], [ 70.83186273755156, 22.807358109983369 ], [ 70.831869982212609, 22.807899851576824 ], [ 70.83070128762472, 22.807913280387996 ], [ 70.830708527890138, 22.808455022296588 ] ] ], [ [ [ 70.833644778518718, 22.809504915262369 ], [ 70.83481348475145, 22.809491463987992 ], [ 70.834806227889771, 22.808949723397763 ], [ 70.833637526273066, 22.808963174317451 ], [ 70.833644778518718, 22.809504915262369 ] ] ], [ [ [ 70.832483319254266, 22.810060099236825 ], [ 70.833067675229685, 22.810053378772633 ], [ 70.833053175134097, 22.808969896567262 ], [ 70.832468823774775, 22.80897661667705 ], [ 70.832483319254266, 22.810060099236825 ] ] ], [ [ [ 70.831920701005075, 22.811692041639628 ], [ 70.832505064125471, 22.811685322784129 ], [ 70.832497815614801, 22.811143581640678 ], [ 70.831913454802702, 22.811150300319028 ], [ 70.831920701005075, 22.811692041639628 ] ] ], [ [ [ 70.831949688016621, 22.813859006532223 ], [ 70.832534060370946, 22.813852286968107 ], [ 70.832526810979147, 22.813310545980592 ], [ 70.831942440933403, 22.813317265367548 ], [ 70.831949688016621, 22.813859006532223 ] ] ], [ [ [ 70.834294432649969, 22.814373855849254 ], [ 70.834279919794383, 22.813290374976834 ], [ 70.833695550409715, 22.813297100785231 ], [ 70.833710058648066, 22.814380582012305 ], [ 70.834294432649969, 22.814373855849254 ] ] ], [ [ [ 70.836214673928623, 22.82681367109366 ], [ 70.836221942690827, 22.827355410041978 ], [ 70.836806371238481, 22.827348671054924 ], [ 70.836791829314336, 22.826265193474455 ], [ 70.837376253020551, 22.82625845270077 ], [ 70.837368980079631, 22.825716714029657 ], [ 70.836200137066655, 22.825730193079998 ], [ 70.836207405387242, 22.826271932106344 ], [ 70.835622981239339, 22.826278668596402 ], [ 70.835630247470476, 22.82682040776125 ], [ 70.836214673928623, 22.82681367109366 ] ] ], [ [ [ 70.835652047488338, 22.828445625021743 ], [ 70.836236480877645, 22.828438887821562 ], [ 70.836229211673825, 22.827897148951276 ], [ 70.835644780594976, 22.827903885973925 ], [ 70.835652047488338, 22.828445625021743 ] ] ], [ [ [ 70.835140271845034, 22.833869750187059 ], [ 70.835724728563591, 22.833863013354094 ], [ 70.835717459462586, 22.833321274696438 ], [ 70.835133005055212, 22.833328011351917 ], [ 70.835140271845034, 22.833869750187059 ] ] ], [ [ [ 70.832831475149348, 22.836063633880773 ], [ 70.833415941995739, 22.83605690490921 ], [ 70.833408681257396, 22.835515165697998 ], [ 70.832824216722457, 22.835521894492299 ], [ 70.832831475149348, 22.836063633880773 ] ] ], [ [ [ 70.836389185172379, 22.839815395084102 ], [ 70.836973666876631, 22.839808652012206 ], [ 70.836966390722921, 22.839266914138996 ], [ 70.836381911330591, 22.839273657033274 ], [ 70.836389185172379, 22.839815395084102 ] ] ], [ [ [ 70.827658132249752, 22.842624986929874 ], [ 70.828242628821116, 22.842618275122852 ], [ 70.828235386247115, 22.842076534786376 ], [ 70.8276508919881, 22.842083246416621 ], [ 70.827658132249752, 22.842624986929874 ] ] ], [ [ [ 70.826496374304241, 22.843180144940867 ], [ 70.827080873627651, 22.843173437244296 ], [ 70.827073635458547, 22.842631696593333 ], [ 70.826489138447542, 22.842638404113238 ], [ 70.826496374304241, 22.843180144940867 ] ] ], [ [ [ 70.826503610380655, 22.843721885729479 ], [ 70.826496374304241, 22.843180144940867 ], [ 70.825911874761076, 22.843186850493808 ], [ 70.825919108525014, 22.84372859145904 ], [ 70.826503610380655, 22.843721885729479 ] ] ], [ [ [ 70.827088112016568, 22.84371517785625 ], [ 70.826503610380655, 22.843721885729479 ], [ 70.826510846676811, 22.844263626479087 ], [ 70.827095350625271, 22.844256918429178 ], [ 70.827088112016568, 22.84371517785625 ] ] ], [ [ [ 70.827102589453787, 22.844798658963096 ], [ 70.827687095495065, 22.844791948592739 ], [ 70.827679854353917, 22.844250208235547 ], [ 70.827095350625271, 22.844256918429178 ], [ 70.827102589453787, 22.844798658963096 ] ] ], [ [ [ 70.837652788529084, 22.846844493286785 ], [ 70.838237299852679, 22.846837743617836 ], [ 70.838230016200399, 22.846296006607531 ], [ 70.837645507189649, 22.846302756098737 ], [ 70.837652788529084, 22.846844493286785 ] ] ], [ [ [ 70.833034800619387, 22.851232320914569 ], [ 70.832450268803044, 22.851239052705786 ], [ 70.83244300651549, 22.850697314232811 ], [ 70.831858476792092, 22.850704043702404 ], [ 70.831872996960726, 22.851787520963704 ], [ 70.833042065440907, 22.851774059171259 ], [ 70.833034800619387, 22.851232320914569 ] ] ], [ [ [ 70.827196714228677, 22.851841282353419 ], [ 70.827781250340422, 22.851834569685494 ], [ 70.827774006340547, 22.851292829835572 ], [ 70.827189472542329, 22.85129954232675 ], [ 70.827196714228677, 22.851841282353419 ] ] ], [ [ [ 70.823133859453961, 22.854055175641129 ], [ 70.823126633084954, 22.853513434534896 ], [ 70.822542088275156, 22.853520130575447 ], [ 70.82254931233031, 22.854061871857972 ], [ 70.823133859453961, 22.854055175641129 ] ] ], [ [ [ 70.833078392857075, 22.854482749869092 ], [ 70.833071126932694, 22.853941011807599 ], [ 70.832486583548146, 22.853947744485094 ], [ 70.832493847158673, 22.854489482723839 ], [ 70.833078392857075, 22.854482749869092 ] ] ], [ [ [ 70.822570985811694, 22.855687095471435 ], [ 70.822563761098579, 22.855145354305961 ], [ 70.821979209127718, 22.85515204873052 ], [ 70.821986431526767, 22.855693790072237 ], [ 70.822570985811694, 22.855687095471435 ] ] ], [ [ [ 70.822570985811694, 22.855687095471435 ], [ 70.82257821074414, 22.856228836597879 ], [ 70.823162767123861, 22.856222139675832 ], [ 70.823155539877305, 22.855680398725685 ], [ 70.822570985811694, 22.855687095471435 ] ] ], [ [ [ 70.82085341444062, 22.858415880723943 ], [ 70.821437980735396, 22.858409189532352 ], [ 70.821430759554431, 22.857867448209539 ], [ 70.820846195574077, 22.857874139224997 ], [ 70.82085341444062, 22.858415880723943 ] ] ], [ [ [ 70.827882689433451, 22.859418923486277 ], [ 70.82787544235417, 22.858877184182795 ], [ 70.827290876160077, 22.858883899148513 ], [ 70.827298120924823, 22.85942563862876 ], [ 70.827882689433451, 22.859418923486277 ] ] ], [ [ [ 70.819128564124085, 22.860602909145271 ], [ 70.819121351325123, 22.860061167274306 ], [ 70.818536777210497, 22.860067850412694 ], [ 70.818543987694753, 22.860609592459582 ], [ 70.819128564124085, 22.860602909145271 ] ] ], [ [ [ 70.819200704156202, 22.866020325708821 ], [ 70.819785303517591, 22.866013638489218 ], [ 70.819778086213617, 22.865471897184452 ], [ 70.81919348916766, 22.865478584228072 ], [ 70.819200704156202, 22.866020325708821 ] ] ], [ [ [ 70.816328134067746, 22.869845925042611 ], [ 70.816912750733337, 22.869839247323238 ], [ 70.816905543475514, 22.869297505412248 ], [ 70.816320929125865, 22.869304182955915 ], [ 70.816328134067746, 22.869845925042611 ] ] ], [ [ [ 70.843090713828474, 22.773093779535163 ], [ 70.843083437184802, 22.772552039000601 ], [ 70.841915051144667, 22.772565530248979 ], [ 70.841922323181805, 22.773107271139736 ], [ 70.843090713828474, 22.773093779535163 ] ] ], [ [ [ 70.843689467377914, 22.774170511124375 ], [ 70.843682187988179, 22.773628770845917 ], [ 70.844266385061474, 22.77362201952478 ], [ 70.84425910358982, 22.773080279385606 ], [ 70.843090713828474, 22.773093779535163 ], [ 70.843105267779819, 22.774177260487409 ], [ 70.843689467377914, 22.774170511124375 ] ] ], [ [ [ 70.84256472130474, 22.777434450704639 ], [ 70.841980507442145, 22.777441196863418 ], [ 70.842002330189814, 22.779066418366995 ], [ 70.841418109194095, 22.779073162923151 ], [ 70.841425381581672, 22.77961490352445 ], [ 70.842009604881497, 22.779608158790271 ], [ 70.842016879794414, 22.780149899174585 ], [ 70.842601105177181, 22.780143152125387 ], [ 70.84260838261558, 22.780684892292651 ], [ 70.843192610081275, 22.780678142928323 ], [ 70.843178050817372, 22.77959466291113 ], [ 70.843762273453279, 22.779587911766168 ], [ 70.843747710466744, 22.778504431949511 ], [ 70.843163492438961, 22.778511182738075 ], [ 70.843134378338561, 22.776344221924418 ], [ 70.842550169304829, 22.776350969863618 ], [ 70.84256472130474, 22.777434450704639 ] ] ], [ [ [ 70.843207170230727, 22.781761622789652 ], [ 70.842038705860631, 22.781775120093744 ], [ 70.842031430283981, 22.781233379826315 ], [ 70.8426156602753, 22.781226632420942 ], [ 70.84260838261558, 22.780684892292651 ], [ 70.841439927020332, 22.780698384610179 ], [ 70.841447200071414, 22.781240125094598 ], [ 70.840862969637655, 22.781246868225775 ], [ 70.84087024060554, 22.781788608849212 ], [ 70.841454473343674, 22.781781865540054 ], [ 70.841461746837126, 22.782323605946551 ], [ 70.843214450637532, 22.782303362661871 ], [ 70.843207170230727, 22.781761622789652 ] ] ], [ [ [ 70.840892054835834, 22.783413830485753 ], [ 70.841476294487578, 22.783407086642651 ], [ 70.841469020551756, 22.782865346314082 ], [ 70.840884783204629, 22.7828720899792 ], [ 70.840892054835834, 22.783413830485753 ] ] ], [ [ [ 70.840921143572004, 22.785580792122296 ], [ 70.840899326688188, 22.783955570953339 ], [ 70.84031508451065, 22.783962312837037 ], [ 70.840336894480018, 22.785587534539793 ], [ 70.840921143572004, 22.785580792122296 ] ] ], [ [ [ 70.839752645166968, 22.785594274819726 ], [ 70.839774450210868, 22.787219496705422 ], [ 70.840358706439005, 22.787212755891851 ], [ 70.840336894480018, 22.785587534539793 ], [ 70.839752645166968, 22.785594274819726 ] ] ], [ [ [ 70.843294549725428, 22.788262498684183 ], [ 70.843878809236401, 22.788255744687852 ], [ 70.843871524088811, 22.787714005422544 ], [ 70.843287266883038, 22.787720759240653 ], [ 70.843294549725428, 22.788262498684183 ] ] ], [ [ [ 70.839204726952275, 22.788309716799215 ], [ 70.839788988011861, 22.788302977767721 ], [ 70.839781719000854, 22.787761237256053 ], [ 70.839197460246524, 22.787767976109716 ], [ 70.839204726952275, 22.788309716799215 ] ] ], [ [ [ 70.843309116074508, 22.789345977454296 ], [ 70.843893380196121, 22.789339223101525 ], [ 70.843886094605509, 22.78879748391418 ], [ 70.843301832789251, 22.78880423808873 ], [ 70.843309116074508, 22.789345977454296 ] ] ], [ [ [ 70.839226528395244, 22.789934938633881 ], [ 70.839810796370983, 22.78992819906891 ], [ 70.839803526696912, 22.789386458674144 ], [ 70.839219261026628, 22.789393198061294 ], [ 70.839226528395244, 22.789934938633881 ] ] ], [ [ [ 70.838649525482609, 22.790483416772233 ], [ 70.839233795984811, 22.790476679167501 ], [ 70.839226528395244, 22.789934938633881 ], [ 70.838642260198569, 22.789941676060842 ], [ 70.838649525482609, 22.790483416772233 ] ] ], [ [ [ 70.837488244709306, 22.791038626595277 ], [ 70.838072517958835, 22.791031893089038 ], [ 70.838065254759513, 22.790490152238892 ], [ 70.836896712650884, 22.790503616757963 ], [ 70.83691848907732, 22.792128840257327 ], [ 70.837502767159037, 22.792122108534006 ], [ 70.837488244709306, 22.791038626595277 ] ] ], [ [ [ 70.838664056713384, 22.79156689807812 ], [ 70.839248331826866, 22.791560160117836 ], [ 70.839241063795356, 22.791018419662151 ], [ 70.838656790987557, 22.791025157444661 ], [ 70.838664056713384, 22.79156689807812 ] ] ], [ [ [ 70.839262868552794, 22.792643640912274 ], [ 70.839255600079341, 22.792101900534544 ], [ 70.838087045020004, 22.792115374672431 ], [ 70.838094308881821, 22.792657115405664 ], [ 70.839262868552794, 22.792643640912274 ] ] ], [ [ [ 70.842775824789541, 22.793144905383919 ], [ 70.842761259951686, 22.792061426803169 ], [ 70.842176983859389, 22.792068177770638 ], [ 70.842198824530698, 22.793693396117657 ], [ 70.843367390329036, 22.793679890975604 ], [ 70.843360105272083, 22.793138151921873 ], [ 70.842775824789541, 22.793144905383919 ] ] ], [ [ [ 70.843966248286407, 22.794756612831019 ], [ 70.844550535243897, 22.794749854557434 ], [ 70.844535955241469, 22.79366637727999 ], [ 70.843951672896026, 22.793673135196986 ], [ 70.843966248286407, 22.794756612831019 ] ] ], [ [ [ 70.838700388656164, 22.794275600660846 ], [ 70.83811610179238, 22.79428233737157 ], [ 70.838123366537602, 22.794824077948928 ], [ 70.837539077146857, 22.794830812698851 ], [ 70.837546339806764, 22.795372553414907 ], [ 70.838714922979719, 22.795359081421118 ], [ 70.838700388656164, 22.794275600660846 ] ] ], [ [ [ 70.842804957122112, 22.795311862077639 ], [ 70.843389246828764, 22.795305107902873 ], [ 70.843381961107369, 22.794763368966102 ], [ 70.842797673706841, 22.794770122962692 ], [ 70.842804957122112, 22.795311862077639 ] ] ], [ [ [ 70.841636377044622, 22.795325364011489 ], [ 70.842220667194027, 22.795318614113846 ], [ 70.842213386084921, 22.794776874820769 ], [ 70.841044810177067, 22.794790372121401 ], [ 70.841037533901428, 22.794248632433256 ], [ 70.842206105197135, 22.794235135488702 ], [ 70.842198824530698, 22.793693396117657 ], [ 70.839861690278511, 22.793720380741004 ], [ 70.839868961720924, 22.794262120823984 ], [ 70.840453247921744, 22.794255377697848 ], [ 70.840489619980957, 22.796964076638545 ], [ 70.841073917491727, 22.796957330484169 ], [ 70.841081194873439, 22.797499069977405 ], [ 70.841665494469396, 22.797492321506262 ], [ 70.841650935314433, 22.79640884283684 ], [ 70.842235230076341, 22.796402092583058 ], [ 70.842242511849534, 22.796943831759183 ], [ 70.842826808696429, 22.796937079188595 ], [ 70.842812240758803, 22.79585360115361 ], [ 70.841643656068882, 22.795867103443658 ], [ 70.841636377044622, 22.795325364011489 ] ] ], [ [ [ 70.838736726122008, 22.796984302269227 ], [ 70.839321024296027, 22.796977562531076 ], [ 70.839306484034225, 22.795894082360238 ], [ 70.838722190472879, 22.795900821742794 ], [ 70.838736726122008, 22.796984302269227 ] ] ], [ [ [ 70.837575392654301, 22.797539515889405 ], [ 70.838159693576571, 22.797532780251093 ], [ 70.838137896690597, 22.795907558986716 ], [ 70.83755360268745, 22.795914294091986 ], [ 70.837575392654301, 22.797539515889405 ] ] ], [ [ [ 70.838166959646983, 22.7980745205946 ], [ 70.838751262654895, 22.798067782639734 ], [ 70.838743994277976, 22.797526042473962 ], [ 70.838159693576571, 22.797532780251093 ], [ 70.838166959646983, 22.7980745205946 ] ] ], [ [ [ 70.841088472476358, 22.798040809431654 ], [ 70.841081194873439, 22.797499069977405 ], [ 70.840496895056219, 22.797505816309744 ], [ 70.840511445870249, 22.798589295535191 ], [ 70.841680054509553, 22.798575800019741 ], [ 70.841672774378821, 22.798034060782491 ], [ 70.841088472476358, 22.798040809431654 ] ] ], [ [ [ 70.836998352968578, 22.798087990087712 ], [ 70.837005614646699, 22.79862973074755 ], [ 70.837589920402891, 22.798622996892799 ], [ 70.837597184608384, 22.799164737336032 ], [ 70.838181492450431, 22.799158001164674 ], [ 70.838166959646983, 22.7980745205946 ], [ 70.836998352968578, 22.798087990087712 ] ] ], [ [ [ 70.842855947228927, 22.799104034790709 ], [ 70.844024558710473, 22.799090521807592 ], [ 70.844017269131953, 22.798548783321991 ], [ 70.842848662263648, 22.79856229594866 ], [ 70.842855947228927, 22.799104034790709 ] ] ], [ [ [ 70.842855947228927, 22.799104034790709 ], [ 70.842271641155932, 22.799110788073833 ], [ 70.84227892403598, 22.799652527055027 ], [ 70.842863232415652, 22.799645773593763 ], [ 70.842855947228927, 22.799104034790709 ] ] ], [ [ [ 70.837611713681852, 22.800248218105569 ], [ 70.838780338372089, 22.800234742913005 ], [ 70.838773069111355, 22.799693002903162 ], [ 70.837604449034714, 22.79970647774029 ], [ 70.837611713681852, 22.800248218105569 ] ] ], [ [ [ 70.840540550152298, 22.800756253518276 ], [ 70.841124863809526, 22.80074950611813 ], [ 70.841117585100406, 22.800207766858811 ], [ 70.840533273750026, 22.800214514080984 ], [ 70.840540550152298, 22.800756253518276 ] ] ], [ [ [ 70.839386466414595, 22.801853221370319 ], [ 70.839970785128031, 22.801846477892738 ], [ 70.839963510590394, 22.801304738355505 ], [ 70.839379194183948, 22.801311481655226 ], [ 70.839386466414595, 22.801853221370319 ] ] ], [ [ [ 70.838225096162176, 22.802408441939381 ], [ 70.838809417624717, 22.802401702562562 ], [ 70.838802147480095, 22.801859962708654 ], [ 70.83821782832463, 22.80186670190772 ], [ 70.838225096162176, 22.802408441939381 ] ] ], [ [ [ 70.839985334866654, 22.802929956850246 ], [ 70.841153980858508, 22.802916462765531 ], [ 70.841146701264378, 22.802374723662165 ], [ 70.839978059886789, 22.802388217390984 ], [ 70.839985334866654, 22.802929956850246 ] ] ], [ [ [ 70.837648040230036, 22.802956919347249 ], [ 70.837640774478714, 22.802415179176872 ], [ 70.83705645257443, 22.80242191427504 ], [ 70.837063716018577, 22.80296365462306 ], [ 70.837648040230036, 22.802956919347249 ] ] ], [ [ [ 70.838933043896304, 22.811611274113758 ], [ 70.838925769994503, 22.811069534922702 ], [ 70.83834141160925, 22.811076277143691 ], [ 70.838348683202796, 22.811618016512515 ], [ 70.838933043896304, 22.811611274113758 ] ] ], [ [ [ 70.839524680799968, 22.812146268548972 ], [ 70.840109043359661, 22.812139521691787 ], [ 70.840101764620144, 22.811597782895433 ], [ 70.839517404368777, 22.811604529574737 ], [ 70.839524680799968, 22.812146268548972 ] ] ], [ [ [ 70.839042178951118, 22.819737357299573 ], [ 70.839626574055927, 22.819730610092961 ], [ 70.839619294528717, 22.819188871664792 ], [ 70.839034901733214, 22.819195618693559 ], [ 70.839042178951118, 22.819737357299573 ] ] ], [ [ [ 70.844316323594626, 22.820760029249641 ], [ 70.844900721325089, 22.820753262416353 ], [ 70.844893420570614, 22.820211525669407 ], [ 70.844309025149556, 22.820218292324338 ], [ 70.844316323594626, 22.820760029249641 ] ] ], [ [ [ 70.842628762693522, 22.825655952286706 ], [ 70.843213181877047, 22.825649190273271 ], [ 70.843205886056253, 22.825107453342628 ], [ 70.842621469182802, 22.825114215177859 ], [ 70.842628762693522, 22.825655952286706 ] ] ], [ [ [ 70.842058926354255, 22.826746186615324 ], [ 70.842643350379674, 22.826739426387324 ], [ 70.842636056425818, 22.82619768935653 ], [ 70.842051634710586, 22.826204449406383 ], [ 70.842058926354255, 22.826746186615324 ] ] ], [ [ [ 70.842102680867967, 22.829996609049417 ], [ 70.842687118756103, 22.82998984775249 ], [ 70.842657938952144, 22.827822900331828 ], [ 70.842073510306093, 22.82782966091613 ], [ 70.842102680867967, 22.829996609049417 ] ] ], [ [ [ 70.837427169793671, 22.830050622306135 ], [ 70.838011609452082, 22.830043878146725 ], [ 70.838004332653824, 22.829502139926429 ], [ 70.837419895306056, 22.829508883908133 ], [ 70.837427169793671, 22.830050622306135 ] ] ], [ [ [ 70.84040037435777, 22.833809041556695 ], [ 70.840393086767605, 22.83326730432098 ], [ 70.839808634128445, 22.833274058116793 ], [ 70.839815919407471, 22.833815795530445 ], [ 70.84040037435777, 22.833809041556695 ] ] ], [ [ [ 70.839830490629382, 22.834899270240651 ], [ 70.839823204907788, 22.834357532905063 ], [ 70.839238747425, 22.834364284914113 ], [ 70.839246030835326, 22.834906022427592 ], [ 70.839830490629382, 22.834899270240651 ] ] ], [ [ [ 70.838106227945403, 22.837086471459397 ], [ 70.83869069742768, 22.837079722846756 ], [ 70.838683415444038, 22.836537985311562 ], [ 70.838098948273341, 22.836544733746425 ], [ 70.838106227945403, 22.837086471459397 ] ] ], [ [ [ 70.837579985083067, 22.841427119649499 ], [ 70.838164473281495, 22.841420371757952 ], [ 70.838157191840594, 22.840878634357257 ], [ 70.837572705954301, 22.840885382071061 ], [ 70.837579985083067, 22.841427119649499 ] ] ], [ [ [ 70.837616384042704, 22.844135806956125 ], [ 70.838200883802827, 22.844129058175895 ], [ 70.838193601256307, 22.843587320970389 ], [ 70.837609103808646, 22.843594069572877 ], [ 70.837616384042704, 22.844135806956125 ] ] ], [ [ [ 70.837638226071292, 22.845761018871649 ], [ 70.838222732769296, 22.845754269558192 ], [ 70.838215449559328, 22.845212532469798 ], [ 70.837630945174013, 22.845219281605516 ], [ 70.837638226071292, 22.845761018871649 ] ] ], [ [ [ 70.841225520067724, 22.851679586442948 ], [ 70.841810050881762, 22.851672822307503 ], [ 70.841802751358202, 22.851131086716371 ], [ 70.84121822285762, 22.851137850673716 ], [ 70.841225520067724, 22.851679586442948 ] ] ], [ [ [ 70.838324720931524, 22.853338584695795 ], [ 70.838909259793382, 22.853331830749134 ], [ 70.838901971173257, 22.852790094385238 ], [ 70.838317434625083, 22.852796848154071 ], [ 70.838324720931524, 22.853338584695795 ] ] ], [ [ [ 70.852203885547681, 22.755649914093066 ], [ 70.852788003320782, 22.755643136636966 ], [ 70.85278069464087, 22.755101397892268 ], [ 70.852196579168719, 22.75510817516933 ], [ 70.852203885547681, 22.755649914093066 ] ] ], [ [ [ 70.852218498972576, 22.75673339182369 ], [ 70.852211192148957, 22.756191652977851 ], [ 70.851627071852505, 22.756198428478552 ], [ 70.851634376375017, 22.756740167503374 ], [ 70.852218498972576, 22.75673339182369 ] ] ], [ [ [ 70.851050253555186, 22.756746941048554 ], [ 70.851057555998807, 22.75728868021335 ], [ 70.851641681119801, 22.75728190648924 ], [ 70.851634376375017, 22.756740167503374 ], [ 70.851050253555186, 22.756746941048554 ] ] ], [ [ [ 70.851648986086843, 22.757823645436147 ], [ 70.8522331132868, 22.757816869398486 ], [ 70.852225806018524, 22.757275130630557 ], [ 70.851641681119801, 22.75728190648924 ], [ 70.851648986086843, 22.757823645436147 ] ] ], [ [ [ 70.850502633446638, 22.759462408788085 ], [ 70.851670902321615, 22.759448862043158 ], [ 70.851663596687743, 22.758907123213113 ], [ 70.85049533241569, 22.758920669600215 ], [ 70.850502633446638, 22.759462408788085 ] ] ], [ [ [ 70.849933096801152, 22.76055265757488 ], [ 70.850517236175008, 22.760545887046952 ], [ 70.850509934699758, 22.760004147936996 ], [ 70.849925797627492, 22.760010918286092 ], [ 70.849933096801152, 22.76055265757488 ] ] ], [ [ [ 70.851108679325762, 22.76108085327623 ], [ 70.85169282055692, 22.761074078299551 ], [ 70.851685514256189, 22.760532339586376 ], [ 70.851101375326706, 22.760539114384116 ], [ 70.851108679325762, 22.76108085327623 ] ] ], [ [ [ 70.850539141933666, 22.762171104143086 ], [ 70.851123287990589, 22.762164330943587 ], [ 70.851108679325762, 22.76108085327623 ], [ 70.850524537872403, 22.761087626117948 ], [ 70.850539141933666, 22.762171104143086 ] ] ], [ [ [ 70.849370849153431, 22.762184644136848 ], [ 70.849954995654599, 22.762177875207502 ], [ 70.849947695814691, 22.761636136035587 ], [ 70.84936355161534, 22.761642904786154 ], [ 70.849370849153431, 22.762184644136848 ] ] ], [ [ [ 70.848808589470792, 22.763816629285621 ], [ 70.849392743099841, 22.763809861955195 ], [ 70.849378146913537, 22.762726383448584 ], [ 70.848793997888464, 22.76273315042156 ], [ 70.848808589470792, 22.763816629285621 ] ] ], [ [ [ 70.848815885594888, 22.764358368659217 ], [ 70.848808589470792, 22.763816629285621 ], [ 70.848224435619755, 22.763823394480795 ], [ 70.848231729441764, 22.764365134033053 ], [ 70.848815885594888, 22.764358368659217 ] ] ], [ [ [ 70.847647573066752, 22.76437189727158 ], [ 70.847632990248769, 22.763288417770884 ], [ 70.846464686041614, 22.763301937127878 ], [ 70.846493834147708, 22.765468897401682 ], [ 70.847077995570757, 22.765462138076792 ], [ 70.847063416469894, 22.764378658374792 ], [ 70.847647573066752, 22.76437189727158 ] ] ], [ [ [ 70.851159813541713, 22.76487302443018 ], [ 70.852328128008864, 22.764859469836203 ], [ 70.852320817849858, 22.764317731574767 ], [ 70.85115250798701, 22.764331285810783 ], [ 70.851159813541713, 22.76487302443018 ] ] ], [ [ [ 70.847654864808476, 22.764913636963506 ], [ 70.848239023485661, 22.764906873546366 ], [ 70.848231729441764, 22.764365134033053 ], [ 70.847647573066752, 22.76437189727158 ], [ 70.847654864808476, 22.764913636963506 ] ] ], [ [ [ 70.847662156772031, 22.765455376616465 ], [ 70.847077995570757, 22.765462138076792 ], [ 70.847085285453844, 22.766003877869363 ], [ 70.846501121728465, 22.766010637372755 ], [ 70.846508409530927, 22.766552377304876 ], [ 70.847676741364651, 22.766538855805532 ], [ 70.847662156772031, 22.765455376616465 ] ] ], [ [ [ 70.846522985800931, 22.767635857052248 ], [ 70.847107156433694, 22.767629097013341 ], [ 70.847099865885298, 22.767087357337633 ], [ 70.846515697555077, 22.767094117198038 ], [ 70.846522985800931, 22.767635857052248 ] ] ], [ [ [ 70.847121738195824, 22.768712576247871 ], [ 70.848290088006436, 22.768699049048696 ], [ 70.848275497033768, 22.767615570528541 ], [ 70.847107156433694, 22.767629097013341 ], [ 70.847121738195824, 22.768712576247871 ] ] ], [ [ [ 70.847129029409572, 22.769254315806695 ], [ 70.846544851868799, 22.769261076381138 ], [ 70.846552141001538, 22.769802816079519 ], [ 70.845967960936235, 22.769809574696588 ], [ 70.84598253526103, 22.770893054333389 ], [ 70.845398350368214, 22.770899811171372 ], [ 70.845420206608608, 22.772525030869598 ], [ 70.846004398410727, 22.772518273496395 ], [ 70.845997110472496, 22.771976533814357 ], [ 70.847165488805288, 22.771963013016428 ], [ 70.847158196482539, 22.771421273652408 ], [ 70.846574009730105, 22.771428034940907 ], [ 70.846559430355995, 22.770344555738941 ], [ 70.84714361250245, 22.770337794807471 ], [ 70.847129029409572, 22.769254315806695 ] ] ], [ [ [ 70.852415867264682, 22.77136032593388 ], [ 70.853584236104581, 22.771346758500087 ], [ 70.853576918670655, 22.770805021064504 ], [ 70.852408554436707, 22.770818588140081 ], [ 70.852415867264682, 22.77136032593388 ] ] ], [ [ [ 70.845427492465291, 22.773066770691088 ], [ 70.845420206608608, 22.772525030869598 ], [ 70.844836014584885, 22.772531786106622 ], [ 70.844843298138329, 22.773073526106462 ], [ 70.845427492465291, 22.773066770691088 ] ] ], [ [ [ 70.851868238471553, 22.774075795726223 ], [ 70.851846304228118, 22.772450582275457 ], [ 70.85126211464592, 22.772457361010236 ], [ 70.85128404197954, 22.774082574997919 ], [ 70.851868238471553, 22.774075795726223 ] ] ], [ [ [ 70.848954554131154, 22.774651409354838 ], [ 70.849538753815452, 22.774644638449658 ], [ 70.849531451169867, 22.774102899995128 ], [ 70.848947253789007, 22.77410967072155 ], [ 70.848954554131154, 22.774651409354838 ] ] ], [ [ [ 70.850714459992304, 22.775172828288056 ], [ 70.851298661313535, 22.775166050794834 ], [ 70.85128404197954, 22.774082574997919 ], [ 70.850699845265197, 22.774089352133302 ], [ 70.850714459992304, 22.775172828288056 ] ] ], [ [ [ 70.849546056683138, 22.775186376865218 ], [ 70.850130258448814, 22.775179603644855 ], [ 70.850122953277634, 22.774637865408103 ], [ 70.849538753815452, 22.774644638449658 ], [ 70.849546056683138, 22.775186376865218 ] ] ], [ [ [ 70.844295513162834, 22.7757889796919 ], [ 70.844879719228629, 22.775782225521262 ], [ 70.844872434567463, 22.775240485716225 ], [ 70.844288230805276, 22.775247239708559 ], [ 70.844295513162834, 22.7757889796919 ] ] ], [ [ [ 70.852489007779127, 22.776777701728086 ], [ 70.853073215344011, 22.776770917288314 ], [ 70.853065897987804, 22.7762291800634 ], [ 70.852481692726599, 22.776235964324076 ], [ 70.852489007779127, 22.776777701728086 ] ] ], [ [ [ 70.848428746525926, 22.778992087216487 ], [ 70.84901296486224, 22.778985317018083 ], [ 70.848998360847105, 22.777901840336124 ], [ 70.849582574353434, 22.777895068358411 ], [ 70.849567966618935, 22.776811591878058 ], [ 70.848983757720234, 22.776818363498258 ], [ 70.848976456489893, 22.776276625020859 ], [ 70.848392249672841, 22.776283394325752 ], [ 70.848428746525926, 22.778992087216487 ] ] ], [ [ [ 70.847866421831085, 22.780624071080748 ], [ 70.848450647301789, 22.780617302483229 ], [ 70.84843604656254, 22.779533825677706 ], [ 70.847851825700175, 22.779540593917918 ], [ 70.847866421831085, 22.780624071080748 ] ] ], [ [ [ 70.84436834892108, 22.781206377382258 ], [ 70.844361064348433, 22.780664637788572 ], [ 70.843776837325578, 22.780671391426964 ], [ 70.84378411959392, 22.781213131198911 ], [ 70.84436834892108, 22.781206377382258 ] ] ], [ [ [ 70.849071389805999, 22.78331922218679 ], [ 70.849056782237497, 22.782235746128499 ], [ 70.848472550075783, 22.782242517399158 ], [ 70.848465248929102, 22.78170077913283 ], [ 70.847881018849776, 22.78170754808766 ], [ 70.847895616756261, 22.782791024938657 ], [ 70.848479851444495, 22.782784255626513 ], [ 70.848487153035236, 22.783325993814884 ], [ 70.849071389805999, 22.78331922218679 ] ] ], [ [ [ 70.847910215550613, 22.78387450163374 ], [ 70.848494454848009, 22.783867731964271 ], [ 70.848487153035236, 22.783325993814884 ], [ 70.847902916042457, 22.783332763305687 ], [ 70.847910215550613, 22.78387450163374 ] ] ], [ [ [ 70.849078693923389, 22.783860960157465 ], [ 70.849662932776653, 22.783854186213315 ], [ 70.849655626354647, 22.783312448421412 ], [ 70.849071389805999, 22.78331922218679 ], [ 70.849078693923389, 22.783860960157465 ] ] ], [ [ [ 70.848501756882825, 22.784409470074682 ], [ 70.849085998262893, 22.784402698089146 ], [ 70.849078693923389, 22.783860960157465 ], [ 70.848494454848009, 22.783867731964271 ], [ 70.848501756882825, 22.784409470074682 ] ] ], [ [ [ 70.849684853375791, 22.78547939935509 ], [ 70.850269098921132, 22.785472622737103 ], [ 70.85026178952775, 22.784930885241003 ], [ 70.849677546287225, 22.78493766168015 ], [ 70.849684853375791, 22.78547939935509 ] ] ], [ [ [ 70.845609710915426, 22.786610253564106 ], [ 70.845602419517348, 22.786068514716856 ], [ 70.845018169891517, 22.78607527441309 ], [ 70.845025458984608, 22.786617013438722 ], [ 70.845609710915426, 22.786610253564106 ] ] ], [ [ [ 70.845609710915426, 22.786610253564106 ], [ 70.845617002535235, 22.787151992372365 ], [ 70.846201256549421, 22.787145230181665 ], [ 70.846193962624554, 22.786603491551848 ], [ 70.845609710915426, 22.786610253564106 ] ] ], [ [ [ 70.845040037835716, 22.787700491373037 ], [ 70.844455781073052, 22.787707249466671 ], [ 70.844463068525855, 22.788248988553704 ], [ 70.845047327593733, 22.788242230281735 ], [ 70.84505461757341, 22.788783969151446 ], [ 70.845638878724913, 22.788777208563275 ], [ 70.845631586439964, 22.788235469871953 ], [ 70.846215845064478, 22.788228707324357 ], [ 70.846208550696062, 22.787686968772498 ], [ 70.845624294376748, 22.787693731141648 ], [ 70.845617002535235, 22.787151992372365 ], [ 70.845032748299346, 22.78715875242537 ], [ 70.845040037835716, 22.787700491373037 ] ] ], [ [ [ 70.846245024756115, 22.790395661141947 ], [ 70.846237729500515, 22.789853922746026 ], [ 70.845653463959977, 22.789860685828966 ], [ 70.845660756910107, 22.790402424403339 ], [ 70.846245024756115, 22.790395661141947 ] ] ], [ [ [ 70.845083779708659, 22.790950924240477 ], [ 70.84506919819772, 22.789867446773929 ], [ 70.843316399581227, 22.789887716780896 ], [ 70.843330967259007, 22.790971195317137 ], [ 70.843915238297114, 22.79096444042969 ], [ 70.843922524773816, 22.791506179461116 ], [ 70.843338251430069, 22.7915129345268 ], [ 70.843360105272083, 22.793138151921873 ], [ 70.843944385533163, 22.793131396321495 ], [ 70.843929811472066, 22.792047918453562 ], [ 70.844514086899977, 22.792041161071435 ], [ 70.844521376125527, 22.792582899846604 ], [ 70.845105653637603, 22.792576140147911 ], [ 70.845091070796627, 22.791492662915278 ], [ 70.845675343475563, 22.791485901435124 ], [ 70.845668050081954, 22.790944162938725 ], [ 70.845083779708659, 22.790950924240477 ] ] ], [ [ [ 70.84630339478629, 22.79472956690573 ], [ 70.846887680856838, 22.794722800078187 ], [ 70.846880381520648, 22.794181062172701 ], [ 70.846296097756138, 22.79418782882172 ], [ 70.84630339478629, 22.79472956690573 ] ] ], [ [ [ 70.846902280194954, 22.795806275772179 ], [ 70.847486570655889, 22.795799506448997 ], [ 70.8474792685697, 22.795257768800077 ], [ 70.846894980414945, 22.795264537944679 ], [ 70.846902280194954, 22.795806275772179 ] ] ], [ [ [ 70.849349102442289, 22.80390523766016 ], [ 70.84993342661565, 22.803898457100413 ], [ 70.849926111970419, 22.803356720751481 ], [ 70.849341790104276, 22.803363501132402 ], [ 70.849349102442289, 22.80390523766016 ] ] ], [ [ [ 70.852270721085134, 22.803871313467219 ], [ 70.852855044146168, 22.803864522210386 ], [ 70.852847717964963, 22.803322786756425 ], [ 70.852263397211118, 22.803329577834152 ], [ 70.852270721085134, 22.803871313467219 ] ] ], [ [ [ 70.848823266291987, 22.80824590832826 ], [ 70.849407609147832, 22.808239128477744 ], [ 70.849400295031685, 22.807697392262106 ], [ 70.848815954483612, 22.807704171933839 ], [ 70.848823266291987, 22.80824590832826 ] ] ], [ [ [ 70.848823266291987, 22.80824590832826 ], [ 70.848238923213927, 22.808252686038895 ], [ 70.848246232936674, 22.808794422573023 ], [ 70.848830578322577, 22.808787644683662 ], [ 70.848823266291987, 22.80824590832826 ] ] ], [ [ [ 70.847135990347354, 22.81314186565864 ], [ 70.84772035464286, 22.813135090620232 ], [ 70.847713045451243, 22.812593354219569 ], [ 70.847128683464149, 22.812600129079357 ], [ 70.847135990347354, 22.81314186565864 ] ] ], [ [ [ 70.846047600666466, 22.819114513038933 ], [ 70.846040295959014, 22.818572776531798 ], [ 70.845455907909454, 22.818579546933599 ], [ 70.845463210307713, 22.819121283619204 ], [ 70.846047600666466, 22.819114513038933 ] ] ], [ [ [ 70.846076821715812, 22.821281458677209 ], [ 70.846069516120536, 22.820739722326177 ], [ 70.844900721325089, 22.820753262416353 ], [ 70.844908022301382, 22.821294999124273 ], [ 70.846076821715812, 22.821281458677209 ] ] ], [ [ [ 70.844330921149975, 22.821843502983182 ], [ 70.844915323499492, 22.82183673579317 ], [ 70.844908022301382, 22.821294999124273 ], [ 70.844323622261413, 22.821301766135917 ], [ 70.844330921149975, 22.821843502983182 ] ] ], [ [ [ 70.856248773715478, 22.752352000478357 ], [ 70.855080568226427, 22.752365576716549 ], [ 70.855087884996806, 22.752907314939307 ], [ 70.853919674015984, 22.752920882999817 ], [ 70.853926986407686, 22.753462621542091 ], [ 70.853342878282803, 22.753469402550351 ], [ 70.85335749913223, 22.754552879876321 ], [ 70.852773386183344, 22.754559659108612 ], [ 70.85278069464087, 22.755101397892268 ], [ 70.853948924917944, 22.755087836935168 ], [ 70.853934299021915, 22.754004360045403 ], [ 70.855686628963369, 22.753984003677925 ], [ 70.855693948702509, 22.754525741604485 ], [ 70.857446283541719, 22.75450536549091 ], [ 70.857438956900211, 22.75396362810265 ], [ 70.856270738498466, 22.753977213953693 ], [ 70.856248773715478, 22.752352000478357 ] ] ], [ [ [ 70.853963551704098, 22.756171313669096 ], [ 70.854547671110808, 22.756164529630642 ], [ 70.85454035530546, 22.755622791462365 ], [ 70.853956238199743, 22.75562957532161 ], [ 70.853963551704098, 22.756171313669096 ] ] ], [ [ [ 70.858037723874276, 22.755040306354321 ], [ 70.856869496715092, 22.755053897191818 ], [ 70.856884146510936, 22.756137372132518 ], [ 70.857468264803913, 22.756130577421935 ], [ 70.857475592337224, 22.756672314654345 ], [ 70.858059712708297, 22.756665517629799 ], [ 70.858037723874276, 22.755040306354321 ] ] ], [ [ [ 70.855146427175697, 22.757241219318889 ], [ 70.855730550739352, 22.757234430652915 ], [ 70.855723229886479, 22.75669269292116 ], [ 70.855139108623973, 22.7566994814078 ], [ 70.855146427175697, 22.757241219318889 ] ] ], [ [ [ 70.853992807946881, 22.758338266669472 ], [ 70.85457693655836, 22.758331481914155 ], [ 70.854569619862545, 22.757789743901714 ], [ 70.853985493552358, 22.757796528477815 ], [ 70.853992807946881, 22.758338266669472 ] ] ], [ [ [ 70.855161064947197, 22.758324695024175 ], [ 70.855745193113364, 22.758317905999547 ], [ 70.855737871814966, 22.757776168345718 ], [ 70.855153745950091, 22.757782957191012 ], [ 70.855161064947197, 22.758324695024175 ] ] ], [ [ [ 70.853445242916337, 22.761053740559792 ], [ 70.853437929710637, 22.760512002383784 ], [ 70.852853791448226, 22.760518783586207 ], [ 70.852861102352264, 22.761060521941332 ], [ 70.853445242916337, 22.761053740559792 ] ] ], [ [ [ 70.869305475498706, 22.767370633041871 ], [ 70.869298097456991, 22.766828900191214 ], [ 70.868129777525681, 22.766842580077661 ], [ 70.86813715096261, 22.767384313289554 ], [ 70.869305475498706, 22.767370633041871 ] ] ], [ [ [ 70.866384662476392, 22.767404817644529 ], [ 70.867552988358085, 22.767391150210084 ], [ 70.867545617223527, 22.766849416817664 ], [ 70.866377295946634, 22.766863083891199 ], [ 70.866384662476392, 22.767404817644529 ] ] ], [ [ [ 70.869897017998738, 22.767905522345654 ], [ 70.870481182008092, 22.767898676702217 ], [ 70.870473799137045, 22.767356944252047 ], [ 70.869889637430134, 22.767363789714722 ], [ 70.869897017998738, 22.767905522345654 ] ] ], [ [ [ 70.852978107070541, 22.769728330323922 ], [ 70.853562284470499, 22.769721546076422 ], [ 70.853554967704284, 22.769179808523916 ], [ 70.852970792607081, 22.769186592592284 ], [ 70.852978107070541, 22.769728330323922 ] ] ], [ [ [ 70.855314815334722, 22.769701180518851 ], [ 70.855898991844001, 22.769694387727981 ], [ 70.855891665866736, 22.769152650892565 ], [ 70.855307491660213, 22.76915944350408 ], [ 70.855314815334722, 22.769701180518851 ] ] ], [ [ [ 70.869933924209576, 22.770614184915114 ], [ 70.869948688265637, 22.771697649669793 ], [ 70.870532868394065, 22.771690802760972 ], [ 70.870540253061904, 22.772232534899011 ], [ 70.871124435268726, 22.772225685673384 ], [ 70.871102275030239, 22.770600489684696 ], [ 70.870518099732209, 22.770607338367835 ], [ 70.870488565103727, 22.768440409113367 ], [ 70.86990439879186, 22.76844725493757 ], [ 70.869919161051669, 22.769530720004376 ], [ 70.86933498991003, 22.769537564054353 ], [ 70.869349748462412, 22.77062102932652 ], [ 70.869933924209576, 22.770614184915114 ] ] ], [ [ [ 70.871153985399019, 22.77439261311201 ], [ 70.871146597529389, 22.773850881310885 ], [ 70.87173078642094, 22.773844029406558 ], [ 70.87170861725086, 22.772218834311726 ], [ 70.871124435268726, 22.772225685673384 ], [ 70.87113182246425, 22.772767417591574 ], [ 70.87054763795436, 22.772774266998034 ], [ 70.870555023071446, 22.773315999058035 ], [ 70.869386648771595, 22.773329691824188 ], [ 70.869394029506864, 22.773871424206668 ], [ 70.870562408413164, 22.773857731079019 ], [ 70.870569793979485, 22.774399463060981 ], [ 70.871153985399019, 22.77439261311201 ] ] ], [ [ [ 70.853051263943016, 22.77514570549662 ], [ 70.853635464374506, 22.77513891945771 ], [ 70.853620826612996, 22.774055445093289 ], [ 70.854205022215041, 22.774048657276381 ], [ 70.854197701364853, 22.773506920214896 ], [ 70.853613508066118, 22.773513707852604 ], [ 70.853606189741853, 22.772971970572954 ], [ 70.853021998523801, 22.772978755895274 ], [ 70.853051263943016, 22.77514570549662 ] ] ], [ [ [ 70.870577179770464, 22.774941195003919 ], [ 70.870569793979485, 22.774399463060981 ], [ 70.869985602335333, 22.774406310873687 ], [ 70.869992985822947, 22.774948042997408 ], [ 70.870577179770464, 22.774941195003919 ] ] ], [ [ [ 70.869416173059619, 22.775496621120006 ], [ 70.869408791650869, 22.77495488885458 ], [ 70.868824597254289, 22.774961732575431 ], [ 70.868831976359601, 22.775503465021526 ], [ 70.869416173059619, 22.775496621120006 ] ] ], [ [ [ 70.853065897987804, 22.7762291800634 ], [ 70.853650103026467, 22.776222393666195 ], [ 70.85364278358918, 22.775680656581446 ], [ 70.853058580854125, 22.775687442799502 ], [ 70.853065897987804, 22.7762291800634 ] ] ], [ [ [ 70.865341522690272, 22.776627950507358 ], [ 70.867094129975925, 22.776607449766278 ], [ 70.867086757332501, 22.776065716856543 ], [ 70.865334156957616, 22.776086217056452 ], [ 70.865341522690272, 22.776627950507358 ] ] ], [ [ [ 70.867101502843596, 22.777149182636997 ], [ 70.86768570712745, 22.777142344603117 ], [ 70.867678331956114, 22.776600611912901 ], [ 70.867094129975925, 22.776607449766278 ], [ 70.867101502843596, 22.777149182636997 ] ] ], [ [ [ 70.864772047343564, 22.777718246960045 ], [ 70.865356254827645, 22.777711417292146 ], [ 70.865348888646949, 22.777169683919254 ], [ 70.864764683466603, 22.777176513406872 ], [ 70.864772047343564, 22.777718246960045 ] ] ], [ [ [ 70.867722586348648, 22.779851007468896 ], [ 70.868306801927503, 22.77984416639562 ], [ 70.868292044958139, 22.778760701727514 ], [ 70.868876255704677, 22.778753858878662 ], [ 70.86885411502216, 22.777128662125691 ], [ 70.868269911186971, 22.777135504432678 ], [ 70.868284666810041, 22.778218969334926 ], [ 70.867700458142991, 22.778225809866488 ], [ 70.867693082523061, 22.777684077254317 ], [ 70.867108875935486, 22.7776909154687 ], [ 70.867123622791993, 22.778774381015047 ], [ 70.866539411372528, 22.778781217453719 ], [ 70.866561526427105, 22.780406416021965 ], [ 70.865393089091612, 22.780420083571332 ], [ 70.865400456616527, 22.780961816710121 ], [ 70.864816235308524, 22.780968647459741 ], [ 70.864772047343564, 22.777718246960045 ], [ 70.864187839635505, 22.777725074491308 ], [ 70.864239376917027, 22.781517209532677 ], [ 70.864823600753255, 22.7815103807398 ], [ 70.864830966421962, 22.782052113980836 ], [ 70.865415192338503, 22.782045282870637 ], [ 70.865407824365491, 22.781503549809891 ], [ 70.866576270917733, 22.781489881539024 ], [ 70.866583643499339, 22.782031614239017 ], [ 70.867167868743493, 22.782024776717595 ], [ 70.867153119195976, 22.780941311639506 ], [ 70.867737339607373, 22.780934472342047 ], [ 70.867722586348648, 22.779851007468896 ] ] ], [ [ [ 70.864889899835575, 22.786385978504434 ], [ 70.865474144189037, 22.786379145951848 ], [ 70.865481514178711, 22.786920878661387 ], [ 70.866065760613012, 22.786914043790908 ], [ 70.866058388318422, 22.786372311261733 ], [ 70.866642632223645, 22.786365474434092 ], [ 70.866613136067784, 22.784198544648763 ], [ 70.865444666471177, 22.784212214723432 ], [ 70.865422560535578, 22.782587015892364 ], [ 70.864254103869769, 22.782600676336212 ], [ 70.864261467682013, 22.78314240967946 ], [ 70.863677236708739, 22.783149236875854 ], [ 70.863684598440386, 22.783690970360258 ], [ 70.863100364938745, 22.783697795599576 ], [ 70.863115084464368, 22.784781262811595 ], [ 70.862530846129658, 22.784788086273803 ], [ 70.862552920182182, 22.786413287339411 ], [ 70.861968674709317, 22.786420109204304 ], [ 70.861976030869357, 22.78696184299482 ], [ 70.861391782867855, 22.78696866290213 ], [ 70.861399136946531, 22.787510396833603 ], [ 70.861983387253048, 22.787503576746328 ], [ 70.861990743860432, 22.788045310458809 ], [ 70.86257499624837, 22.78803848805385 ], [ 70.862567637335886, 22.787496754521388 ], [ 70.863151887194988, 22.787489930158799 ], [ 70.863144526201239, 22.786948196767394 ], [ 70.863728773531506, 22.786941370447284 ], [ 70.863714047605654, 22.785857903907694 ], [ 70.864882532374835, 22.785844245575561 ], [ 70.864889899835575, 22.786385978504434 ] ] ], [ [ [ 70.866080505874734, 22.787997508732182 ], [ 70.866664756694931, 22.787990671363289 ], [ 70.866650006823178, 22.78690720678285 ], [ 70.866065760613012, 22.786914043790908 ], [ 70.866080505874734, 22.787997508732182 ] ] ], [ [ [ 70.865496254830347, 22.788004343963387 ], [ 70.865488884392477, 22.787462611331897 ], [ 70.864904635429085, 22.78746944424509 ], [ 70.864912003561884, 22.788011177056887 ], [ 70.865496254830347, 22.788004343963387 ] ] ], [ [ [ 70.861406491248829, 22.788052130726054 ], [ 70.861399136946531, 22.787510396833603 ], [ 70.860814886416406, 22.787517214783207 ], [ 70.860822238413604, 22.788058948855578 ], [ 70.861406491248829, 22.788052130726054 ] ] ], [ [ [ 70.864335118121048, 22.788559740965709 ], [ 70.864919371918702, 22.788552909829654 ], [ 70.864912003561884, 22.788011177056887 ], [ 70.864327752069372, 22.788018008012688 ], [ 70.864335118121048, 22.788559740965709 ] ] ], [ [ [ 70.868424889997442, 22.788511878120531 ], [ 70.869009142225366, 22.78850503202024 ], [ 70.869001757732633, 22.787963300510818 ], [ 70.868417507809809, 22.787970146430464 ], [ 70.868424889997442, 22.788511878120531 ] ] ], [ [ [ 70.860245335270378, 22.788607499060582 ], [ 70.860829590634324, 22.78860068288893 ], [ 70.860822238413604, 22.788058948855578 ], [ 70.860237985354843, 22.788065764847371 ], [ 70.860245335270378, 22.788607499060582 ] ] ], [ [ [ 70.86726376266995, 22.789067295920049 ], [ 70.867848017651923, 22.789060453914697 ], [ 70.867840637545044, 22.788518722083083 ], [ 70.867256384868256, 22.788525563907893 ], [ 70.86726376266995, 22.789067295920049 ] ] ], [ [ [ 70.866102625448576, 22.789622705851368 ], [ 70.866686883184386, 22.789615867941201 ], [ 70.866679507463644, 22.789074135787594 ], [ 70.866095252033119, 22.789080973517336 ], [ 70.866102625448576, 22.789622705851368 ] ] ], [ [ [ 70.859683123854538, 22.790239516039382 ], [ 70.860267386357904, 22.790232701466095 ], [ 70.860252685409421, 22.78914923323477 ], [ 70.859668427516752, 22.789156047448444 ], [ 70.859683123854538, 22.790239516039382 ] ] ], [ [ [ 70.862020172526783, 22.790212244918539 ], [ 70.863772956682411, 22.790191769129489 ], [ 70.863765592264187, 22.789650036113354 ], [ 70.864349850896303, 22.789643206754665 ], [ 70.864342484396701, 22.7891014738797 ], [ 70.862589714744558, 22.789121955001704 ], [ 70.862597074328292, 22.789663688417093 ], [ 70.86201281502467, 22.789670511362143 ], [ 70.862020172526783, 22.790212244918539 ] ] ], [ [ [ 70.865533110381278, 22.790713006535366 ], [ 70.865525738822868, 22.790171274099034 ], [ 70.864941478333407, 22.790178107913775 ], [ 70.86494884758639, 22.790719840530429 ], [ 70.865533110381278, 22.790713006535366 ] ] ], [ [ [ 70.862027530252618, 22.790753978435916 ], [ 70.862020172526783, 22.790212244918539 ], [ 70.860851648637777, 22.790225884754861 ], [ 70.860859001752715, 22.790767618632131 ], [ 70.862027530252618, 22.790753978435916 ] ] ], [ [ [ 70.865562598856172, 22.79287993589038 ], [ 70.865555226401256, 22.792338203610171 ], [ 70.864970956689675, 22.792345038146184 ], [ 70.864963586764532, 22.791803305646635 ], [ 70.864379319134528, 22.791810137864232 ], [ 70.864386686754045, 22.792351870544046 ], [ 70.863802416594424, 22.792358700803753 ], [ 70.863809782132236, 22.792900433624748 ], [ 70.865562598856172, 22.79287993589038 ] ] ], [ [ [ 70.865562598856172, 22.79287993589038 ], [ 70.865592090917261, 22.795046864620822 ], [ 70.866176371933889, 22.795040027044767 ], [ 70.866146870649303, 22.792873099035841 ], [ 70.865562598856172, 22.79287993589038 ] ] ], [ [ [ 70.863831880089208, 22.794525631853531 ], [ 70.863824513879607, 22.793983899149634 ], [ 70.862655959053953, 22.793997554335302 ], [ 70.862670682473222, 22.795081020424568 ], [ 70.864423528211617, 22.795060533357638 ], [ 70.864416159472086, 22.794518800872989 ], [ 70.863831880089208, 22.794525631853531 ] ] ], [ [ [ 70.860340904510181, 22.795650040281448 ], [ 70.860326199091645, 22.794566572830572 ], [ 70.85974191814266, 22.794573388842345 ], [ 70.859734568074614, 22.794031654878548 ], [ 70.859150289208131, 22.794038468572158 ], [ 70.859164984955697, 22.795121936820241 ], [ 70.857996417328721, 22.795135558511092 ], [ 70.858003760925371, 22.795677292935956 ], [ 70.860340904510181, 22.795650040281448 ] ] ], [ [ [ 70.865599464492902, 22.795588596705841 ], [ 70.865592090917261, 22.795046864620822 ], [ 70.864423528211617, 22.795060533357638 ], [ 70.86443089717514, 22.795602265803247 ], [ 70.865599464492902, 22.795588596705841 ] ] ], [ [ [ 70.861509474961707, 22.795636401123076 ], [ 70.86267804451856, 22.795622753410655 ], [ 70.862670682473222, 22.795081020424568 ], [ 70.861502117528516, 22.795094667776951 ], [ 70.861509474961707, 22.795636401123076 ] ] ], [ [ [ 70.858602739632062, 22.79675395135348 ], [ 70.85977132064933, 22.796740324307279 ], [ 70.859763969687478, 22.796198590499579 ], [ 70.85859539328267, 22.796212217186312 ], [ 70.858602739632062, 22.79675395135348 ] ] ], [ [ [ 70.859793374875693, 22.798365525496202 ], [ 70.860377671968266, 22.798358708225667 ], [ 70.860370318029567, 22.797816974714884 ], [ 70.85978602324343, 22.797823791805587 ], [ 70.859793374875693, 22.798365525496202 ] ] ], [ [ [ 70.855133657125819, 22.799503456800565 ], [ 70.855126323499363, 22.798961721751404 ], [ 70.854542022091493, 22.798968519951909 ], [ 70.854549353411315, 22.799510255180383 ], [ 70.855133657125819, 22.799503456800565 ] ] ], [ [ [ 70.85396504947397, 22.799517051421262 ], [ 70.853972378709969, 22.800058786789982 ], [ 70.854556684953991, 22.800051990369841 ], [ 70.854549353411315, 22.799510255180383 ], [ 70.85396504947397, 22.799517051421262 ] ] ] ] } },
{ "type": "Feature", "properties": { "cls": 2, "depth_cls": "0.5-1.5 m", "area_km2": 5.191, "scenario": "Cf39713a" }, "geometry": { "type": "MultiPolygon", "coordinates": [ [ [ [ 70.785718803494248, 22.898909536662703 ], [ 70.786303554507114, 22.898902963553223 ], [ 70.786296458598329, 22.898361214472718 ], [ 70.786881207076135, 22.898354639386479 ], [ 70.786874109062779, 22.897812890439823 ], [ 70.785119869943159, 22.897832608731509 ], [ 70.785126960997175, 22.898374358196538 ], [ 70.785711709905314, 22.898367787409406 ], [ 70.785718803494248, 22.898909536662703 ] ] ], [ [ [ 70.786895403748687, 22.899438137162797 ], [ 70.787480156650986, 22.899431559581199 ], [ 70.787473055887176, 22.898889810885436 ], [ 70.786888305304771, 22.898896388294137 ], [ 70.786895403748687, 22.899438137162797 ] ] ], [ [ [ 70.786317746970298, 22.899986461597258 ], [ 70.78690250240787, 22.899979885992465 ], [ 70.786895403748687, 22.899438137162797 ], [ 70.786310650631094, 22.899444712594736 ], [ 70.786317746970298, 22.899986461597258 ] ] ], [ [ [ 70.786916700372089, 22.901063383534808 ], [ 70.786909601282332, 22.900521634783139 ], [ 70.786324843524696, 22.900528210560783 ], [ 70.786331940294303, 22.901069959485312 ], [ 70.786916700372089, 22.901063383534808 ] ] ], [ [ [ 70.788121741763206, 22.903758966628242 ], [ 70.788114636956038, 22.903217218417467 ], [ 70.785775559950778, 22.903243529285326 ], [ 70.785782655476055, 22.903785278187666 ], [ 70.788121741763206, 22.903758966628242 ] ] ], [ [ [ 70.785832330177783, 22.90757751941203 ], [ 70.785825233146269, 22.907035770782702 ], [ 70.785240447111946, 22.907042344333785 ], [ 70.785247541822486, 22.907584093135874 ], [ 70.785832330177783, 22.90757751941203 ] ] ], [ [ [ 70.786431317668658, 22.908654440333688 ], [ 70.786417118317871, 22.907570943537671 ], [ 70.785832330177783, 22.90757751941203 ], [ 70.785853622563494, 22.909202765065992 ], [ 70.787023212555141, 22.909189610129687 ], [ 70.787016110235655, 22.908647861963068 ], [ 70.786431317668658, 22.908654440333688 ] ] ], [ [ [ 70.784113418034167, 22.910305979284168 ], [ 70.784106326890665, 22.909764230331739 ], [ 70.783521528605533, 22.909770798294392 ], [ 70.783528617427706, 22.910312547419409 ], [ 70.784113418034167, 22.910305979284168 ] ] ], [ [ [ 70.784120509392679, 22.910847728197584 ], [ 70.784705312105586, 22.910841157738886 ], [ 70.78469821842566, 22.910299408998117 ], [ 70.784113418034167, 22.910305979284168 ], [ 70.784120509392679, 22.910847728197584 ] ] ], [ [ [ 70.787044520805679, 22.91081485439549 ], [ 70.787037417840153, 22.910273106345898 ], [ 70.786452618309383, 22.910279685235146 ], [ 70.786459718953509, 22.910821433457613 ], [ 70.787044520805679, 22.91081485439549 ] ] ], [ [ [ 70.786481022177668, 22.912446677890951 ], [ 70.786466819812944, 22.911363181641079 ], [ 70.785882015424008, 22.911369758725172 ], [ 70.785896213145591, 22.91245325532071 ], [ 70.786481022177668, 22.912446677890951 ] ] ], [ [ [ 70.784141784758262, 22.912472974703814 ], [ 70.78472659443581, 22.912466403727141 ], [ 70.784719500110654, 22.911924655103395 ], [ 70.784134692754719, 22.911931225907413 ], [ 70.784141784758262, 22.912472974703814 ] ] ], [ [ [ 70.783000516348082, 22.9146531063802 ], [ 70.783585335742828, 22.914646539015408 ], [ 70.783578245201113, 22.91410479020243 ], [ 70.78416306205898, 22.914098220858978 ], [ 70.784155969410392, 22.9135564721796 ], [ 70.783571154874352, 22.91356304135045 ], [ 70.783564064762544, 22.913021292459458 ], [ 70.78297925233332, 22.913027859306602 ], [ 70.783000516348082, 22.9146531063802 ] ] ], [ [ [ 70.784747878701836, 22.914091649364334 ], [ 70.785332695129583, 22.914085075718475 ], [ 70.785325597837314, 22.913543327384474 ], [ 70.784740783731394, 22.913549900857607 ], [ 70.784747878701836, 22.914091649364334 ] ] ], [ [ [ 70.784177248001271, 22.915181718100708 ], [ 70.784170154922606, 22.914639969499351 ], [ 70.783585335742828, 22.914646539015408 ], [ 70.783592426499496, 22.915188287789377 ], [ 70.784177248001271, 22.915181718100708 ] ] ], [ [ [ 70.784191434803702, 22.916265215186399 ], [ 70.784184341294974, 22.91572346666306 ], [ 70.783599517471146, 22.91573003652433 ], [ 70.783606608657777, 22.916271785220282 ], [ 70.784191434803702, 22.916265215186399 ] ] ], [ [ [ 70.783113957092823, 22.923321084843071 ], [ 70.783698813647746, 22.923314514717301 ], [ 70.78369171966618, 22.92277276652856 ], [ 70.783106865434306, 22.92277933648176 ], [ 70.783113957092823, 22.923321084843071 ] ] ], [ [ [ 70.783128141054746, 22.924404581448645 ], [ 70.783121048966308, 22.923862833165366 ], [ 70.782536189873312, 22.923869401311482 ], [ 70.782543279638574, 22.924411149767277 ], [ 70.783128141054746, 22.924404581448645 ] ] ], [ [ [ 70.781958418007505, 22.924417715933622 ], [ 70.781965505664402, 22.924959464522853 ], [ 70.782550369618718, 22.924952898184046 ], [ 70.782543279638574, 22.924411149767277 ], [ 70.781958418007505, 22.924417715933622 ] ] ], [ [ [ 70.781387727043636, 22.925507777431935 ], [ 70.781972593536111, 22.925501213073066 ], [ 70.781965505664402, 22.924959464522853 ], [ 70.781380641495261, 22.924966028709321 ], [ 70.781387727043636, 22.925507777431935 ] ] ], [ [ [ 70.781387727043636, 22.925507777431935 ], [ 70.780802860336394, 22.925514339638397 ], [ 70.780781611305315, 22.92388909283644 ], [ 70.780196751353188, 22.923895652373613 ], [ 70.780203831825688, 22.924437401518908 ], [ 70.779618969335758, 22.924443959076079 ], [ 70.779633126277943, 22.925527457594097 ], [ 70.779048258926863, 22.92553401334332 ], [ 70.77905533539635, 22.926075762715993 ], [ 70.779640205070848, 22.926069206794583 ], [ 70.779647284078308, 22.926610955956058 ], [ 70.779062412080322, 22.926617512049649 ], [ 70.779069488978763, 22.927159261344286 ], [ 70.77965436330031, 22.927152705078516 ], [ 70.779661442736881, 22.927694454161948 ], [ 70.780246319167503, 22.927687895571346 ], [ 70.780239237407301, 22.927146146660153 ], [ 70.780824111299651, 22.927139586089211 ], [ 70.78080994377612, 22.926056088494352 ], [ 70.781394812806766, 22.926049526115541 ], [ 70.781387727043636, 22.925507777431935 ] ] ], [ [ [ 70.778470465507368, 22.926082316484923 ], [ 70.778477539867836, 22.926624065990708 ], [ 70.779062412080322, 22.926617512049649 ], [ 70.77905533539635, 22.926075762715993 ], [ 70.778470465507368, 22.926082316484923 ] ] ], [ [ [ 70.777314864727487, 22.927178917226083 ], [ 70.777899739692288, 22.927172367418077 ], [ 70.777892667440966, 22.926630617779239 ], [ 70.777307794799739, 22.926637167415223 ], [ 70.777314864727487, 22.927178917226083 ] ] ], [ [ [ 70.774982423573704, 22.927746845391429 ], [ 70.775567301718837, 22.927740304022045 ], [ 70.77555317559073, 22.92665680340793 ], [ 70.77496830209283, 22.926663344433731 ], [ 70.774982423573704, 22.927746845391429 ] ] ], [ [ [ 70.773227787854609, 22.927766456583566 ], [ 70.773812666641518, 22.927759921672191 ], [ 70.773805610441414, 22.92721817086943 ], [ 70.773220733978164, 22.927224705609188 ], [ 70.773227787854609, 22.927766456583566 ] ] ], [ [ [ 70.778491689232041, 22.927707564885232 ], [ 70.778484614442746, 22.927165815457474 ], [ 70.777899739692288, 22.927172367418077 ], [ 70.777906812157966, 22.927714117017903 ], [ 70.778491689232041, 22.927707564885232 ] ] ], [ [ [ 70.786687053258305, 22.928157355975056 ], [ 70.78667994572308, 22.927615609001297 ], [ 70.786095071657286, 22.927622191270739 ], [ 70.786102176868852, 22.92816393841737 ], [ 70.786687053258305, 22.928157355975056 ] ] ], [ [ [ 70.779090720961065, 22.928784508994116 ], [ 70.779675602253704, 22.928777952211778 ], [ 70.779661442736881, 22.927694454161948 ], [ 70.779076566091703, 22.927701010599918 ], [ 70.779090720961065, 22.928784508994116 ] ] ], [ [ [ 70.778512914886491, 22.929332812934405 ], [ 70.778505839453913, 22.928791063623695 ], [ 70.777920957732348, 22.928797616100518 ], [ 70.777928030841082, 22.929339365583299 ], [ 70.778512914886491, 22.929332812934405 ] ] ], [ [ [ 70.773248950766671, 22.929391709272675 ], [ 70.773241896248862, 22.928849958415309 ], [ 70.772657012600618, 22.928856491517134 ], [ 70.772664064794554, 22.929398242546071 ], [ 70.773248950766671, 22.929391709272675 ] ] ], [ [ [ 70.78670126897498, 22.929240849805488 ], [ 70.787286149796529, 22.929234264864665 ], [ 70.787279039506686, 22.928692518141894 ], [ 70.786694161008938, 22.928699102909789 ], [ 70.78670126897498, 22.929240849805488 ] ] ], [ [ [ 70.774425781448983, 22.929920386742396 ], [ 70.774411662903901, 22.928836885753281 ], [ 70.773826779683318, 22.928843423160689 ], [ 70.773840893580569, 22.929926924493166 ], [ 70.774425781448983, 22.929920386742396 ] ] ], [ [ [ 70.777935104164172, 22.929881115027076 ], [ 70.777928030841082, 22.929339365583299 ], [ 70.777343146581316, 22.929345916079377 ], [ 70.777350217580477, 22.929887665695173 ], [ 70.777935104164172, 22.929881115027076 ] ] ], [ [ [ 70.784368842421273, 22.929808915588815 ], [ 70.784953726427943, 22.929802339086397 ], [ 70.784946625218097, 22.929260591711298 ], [ 70.7843617435353, 22.929267168041012 ], [ 70.784368842421273, 22.929808915588815 ] ] ], [ [ [ 70.785538610219419, 22.929795760431151 ], [ 70.786123493795586, 22.929789179623068 ], [ 70.786116387938009, 22.929247432593534 ], [ 70.785531506685686, 22.929254013228807 ], [ 70.785538610219419, 22.929795760431151 ] ] ], [ [ [ 70.787300371022653, 22.930317758193098 ], [ 70.787885256276496, 22.930311170753544 ], [ 70.787878143231765, 22.929769424281833 ], [ 70.787293260301837, 22.929776011548402 ], [ 70.787300371022653, 22.930317758193098 ] ] ], [ [ [ 70.775602620785364, 22.930449054874678 ], [ 70.775595556543905, 22.929907304782176 ], [ 70.775010669103438, 22.92991384683873 ], [ 70.775031855497872, 22.931539097514605 ], [ 70.775616749910554, 22.931532554942653 ], [ 70.775609685240923, 22.930990804928172 ], [ 70.776779468775644, 22.93097771366886 ], [ 70.776772399671941, 22.930435963959134 ], [ 70.777357288793937, 22.930429415271949 ], [ 70.777350217580477, 22.929887665695173 ], [ 70.776180443770258, 22.929900760572725 ], [ 70.776187510335731, 22.930442510493375 ], [ 70.775602620785364, 22.930449054874678 ] ] ], [ [ [ 70.773270115602926, 22.931016961610734 ], [ 70.773263060443711, 22.930475210870387 ], [ 70.772678169823592, 22.930481744486926 ], [ 70.772685222658737, 22.931023495398843 ], [ 70.773270115602926, 22.931016961610734 ] ] ], [ [ [ 70.772699328970205, 22.93210699710567 ], [ 70.773284226562794, 22.932100462974407 ], [ 70.773277170975945, 22.931558712312075 ], [ 70.772692275707584, 22.931565246271759 ], [ 70.772699328970205, 22.93210699710567 ] ] ], [ [ [ 70.775045980830939, 22.932622597770127 ], [ 70.77503891805739, 22.932080847661872 ], [ 70.77445402110645, 22.932087388252508 ], [ 70.774461081555714, 22.932629138532512 ], [ 70.775045980830939, 22.932622597770127 ] ] ], [ [ [ 70.770951681413649, 22.932668337889922 ], [ 70.770944634910222, 22.932126586580633 ], [ 70.76977483780243, 22.932139635464914 ], [ 70.769781879657216, 22.932681387116844 ], [ 70.770951681413649, 22.932668337889922 ] ] ], [ [ [ 70.780317148574738, 22.933105382537157 ], [ 70.780902048030811, 22.933098820070853 ], [ 70.780887875783549, 22.9320153233345 ], [ 70.78030298097606, 22.932021885456184 ], [ 70.780317148574738, 22.933105382537157 ] ] ], [ [ [ 70.771543631012918, 22.933203561145543 ], [ 70.771536581971574, 22.932661810046667 ], [ 70.770951681413649, 22.932668337889922 ], [ 70.770958728130594, 22.933210089160216 ], [ 70.771543631012918, 22.933203561145543 ] ] ], [ [ [ 70.770373825034739, 22.933216615021625 ], [ 70.770380869640775, 22.933758366424254 ], [ 70.7709657750611, 22.933751840391487 ], [ 70.770958728130594, 22.933210089160216 ], [ 70.770373825034739, 22.933216615021625 ] ] ], [ [ [ 70.778576603429556, 22.934208554974916 ], [ 70.779161508178305, 22.934201998623944 ], [ 70.779154428491225, 22.93366024983656 ], [ 70.77856952606696, 22.933666806015392 ], [ 70.778576603429556, 22.934208554974916 ] ] ], [ [ [ 70.769803006501959, 22.934306641838635 ], [ 70.770387914460301, 22.934300117787881 ], [ 70.770380869640775, 22.933758366424254 ], [ 70.769795964006974, 22.933764890303706 ], [ 70.769803006501959, 22.934306641838635 ] ] ], [ [ [ 70.769225138714006, 22.934854915403175 ], [ 70.769810049210349, 22.934848393334555 ], [ 70.769803006501959, 22.934306641838635 ], [ 70.769218098330214, 22.934313163736004 ], [ 70.769225138714006, 22.934854915403175 ] ] ], [ [ [ 70.773946775080745, 22.938053179512888 ], [ 70.773939714816706, 22.937511429451344 ], [ 70.773354794191761, 22.937517967452113 ], [ 70.77336185213079, 22.938059717685309 ], [ 70.773946775080745, 22.938053179512888 ] ] ], [ [ [ 70.763432166783517, 22.939254043258074 ], [ 70.763425147944787, 22.938712290193546 ], [ 70.76284021883103, 22.938718789768593 ], [ 70.762847235344523, 22.939260543003758 ], [ 70.763432166783517, 22.939254043258074 ] ] ], [ [ [ 70.762269318093757, 22.939808793962275 ], [ 70.762854252070611, 22.939802296199936 ], [ 70.762847235344523, 22.939260543003758 ], [ 70.762262303692935, 22.939267040595524 ], [ 70.762269318093757, 22.939808793962275 ] ] ], [ [ [ 70.765193985851383, 22.93977628361084 ], [ 70.765186959824163, 22.939234531097529 ], [ 70.764602029023408, 22.93924103730496 ], [ 70.764609052725334, 22.939782789989067 ], [ 70.765193985851383, 22.93977628361084 ] ] ], [ [ [ 70.772227275240311, 22.940781539865235 ], [ 70.77220611280859, 22.939156288604472 ], [ 70.771621184567024, 22.939162820658591 ], [ 70.771642340022865, 22.940788072433797 ], [ 70.772227275240311, 22.940781539865235 ] ] ], [ [ [ 70.766955817168011, 22.940298503513926 ], [ 70.767540751767427, 22.940291988348829 ], [ 70.767533716225998, 22.939750236558304 ], [ 70.766948783951918, 22.939756751552373 ], [ 70.766955817168011, 22.940298503513926 ] ] ], [ [ [ 70.764616076640095, 22.940324542634169 ], [ 70.764609052725334, 22.939782789989067 ], [ 70.764024119386477, 22.939789294213327 ], [ 70.764031140975902, 22.940331047029176 ], [ 70.764616076640095, 22.940324542634169 ] ] ], [ [ [ 70.765792976108358, 22.940853279646525 ], [ 70.765785947329974, 22.940311527382086 ], [ 70.765201012091467, 22.940318036085138 ], [ 70.765208038544458, 22.940859788520438 ], [ 70.765792976108358, 22.940853279646525 ] ] ], [ [ [ 70.771071504646343, 22.941878104179551 ], [ 70.771656444728421, 22.94187157342218 ], [ 70.771642340022865, 22.940788072433797 ], [ 70.771057404591758, 22.940794602848314 ], [ 70.771071504646343, 22.941878104179551 ] ] ], [ [ [ 70.768795119270791, 22.946779965893189 ], [ 70.768210157188449, 22.94678648742012 ], [ 70.768238321024867, 22.948953491635095 ], [ 70.769993234547769, 22.948933918535658 ], [ 70.769950948200091, 22.945683415060984 ], [ 70.770535904989899, 22.945676887412688 ], [ 70.770514757720377, 22.944051635662547 ], [ 70.771099707318811, 22.944045106373828 ], [ 70.771071504646343, 22.941878104179551 ], [ 70.770486564350676, 22.94188463278277 ], [ 70.77050770905764, 22.943509885001134 ], [ 70.769922761571451, 22.943516411964143 ], [ 70.769936854458805, 22.944599913590604 ], [ 70.769351902107459, 22.944606438741801 ], [ 70.769365991196764, 22.945689940554729 ], [ 70.768781033980062, 22.945696463893906 ], [ 70.768795119270791, 22.946779965893189 ] ] ], [ [ [ 70.764150540549153, 22.94954083893121 ], [ 70.764735515755021, 22.949534331633306 ], [ 70.764728488221849, 22.948992579651303 ], [ 70.764143515342525, 22.948999086778439 ], [ 70.764150540549153, 22.94954083893121 ] ] ], [ [ [ 70.765341581604815, 22.951153077379839 ], [ 70.765327520820648, 22.950069573952568 ], [ 70.764742543501058, 22.950076083576288 ], [ 70.764756599631795, 22.95115958734522 ], [ 70.765341581604815, 22.951153077379839 ] ] ], [ [ [ 70.768287615950797, 22.952745747509002 ], [ 70.768238321024867, 22.948953491635095 ], [ 70.767653349423867, 22.948960011691753 ], [ 70.767702628062665, 22.952752268763451 ], [ 70.768287615950797, 22.952745747509002 ] ] ], [ [ [ 70.797527601788204, 22.863015755843673 ], [ 70.798112195312726, 22.863009149072901 ], [ 70.798105064980291, 22.862467401060314 ], [ 70.797520473770902, 22.862474007657198 ], [ 70.797527601788204, 22.863015755843673 ] ] ], [ [ [ 70.798140718806764, 22.865176140733531 ], [ 70.798133587608589, 22.864634392876845 ], [ 70.797548987138242, 22.864641000169289 ], [ 70.797556116020985, 22.865182748199885 ], [ 70.798140718806764, 22.865176140733531 ] ] ], [ [ [ 70.797577503967489, 22.866807992057812 ], [ 70.797570374435608, 22.866266244144143 ], [ 70.796985766802408, 22.866272849812137 ], [ 70.796992894018658, 22.866814597899651 ], [ 70.797577503967489, 22.866807992057812 ] ] ], [ [ [ 70.795845042524093, 22.868453048215937 ], [ 70.796429659852819, 22.868446446145327 ], [ 70.79642253430346, 22.867904698000956 ], [ 70.795837919290605, 22.867911299897827 ], [ 70.795845042524093, 22.868453048215937 ] ] ], [ [ [ 70.798190643254514, 22.868968374639049 ], [ 70.798183510541179, 22.868426627055193 ], [ 70.797598893861419, 22.868433235564957 ], [ 70.797606024258869, 22.868974983322715 ], [ 70.798190643254514, 22.868968374639049 ] ] ], [ [ [ 70.795852165973784, 22.86899479649508 ], [ 70.795845042524093, 22.868453048215937 ], [ 70.795260424979205, 22.868459648140156 ], [ 70.795267546112953, 22.869001396592978 ], [ 70.795852165973784, 22.86899479649508 ] ] ], [ [ [ 70.794690045069885, 22.869549743131891 ], [ 70.795274667462834, 22.869543145006819 ], [ 70.795267546112953, 22.869001396592978 ], [ 70.794682926036018, 22.869007994544425 ], [ 70.794690045069885, 22.869549743131891 ] ] ], [ [ [ 70.794212199148987, 22.877682565848936 ], [ 70.794796856506451, 22.877675967266686 ], [ 70.794789734231387, 22.877134219263898 ], [ 70.794205079190988, 22.877140817672565 ], [ 70.794212199148987, 22.877682565848936 ] ] ], [ [ [ 70.794219319323034, 22.878224313986333 ], [ 70.794212199148987, 22.877682565848936 ], [ 70.793627541575503, 22.877689162283836 ], [ 70.793634659432414, 22.878230910594763 ], [ 70.794219319323034, 22.878224313986333 ] ] ], [ [ [ 70.797727274127396, 22.878184689240115 ], [ 70.797720140050657, 22.877642942145112 ], [ 70.79713548377444, 22.877649551464117 ], [ 70.797142615534085, 22.878191298733004 ], [ 70.797727274127396, 22.878184689240115 ] ] ], [ [ [ 70.794818224628287, 22.879301211041135 ], [ 70.794803978997621, 22.878217715230484 ], [ 70.794219319323034, 22.878224313986333 ], [ 70.794233560319242, 22.879307810144162 ], [ 70.794818224628287, 22.879301211041135 ] ] ], [ [ [ 70.796572216258383, 22.879281400846892 ], [ 70.797156879702513, 22.879274793153776 ], [ 70.797149747510105, 22.878733045962885 ], [ 70.796565086383225, 22.878739653482185 ], [ 70.796572216258383, 22.879281400846892 ] ] ], [ [ [ 70.794240681141417, 22.879849558164597 ], [ 70.794233560319242, 22.879307810144162 ], [ 70.793648895794149, 22.879314407099663 ], [ 70.793656014298989, 22.879856155293641 ], [ 70.794240681141417, 22.879849558164597 ] ] ], [ [ [ 70.797755812599007, 22.880351677230205 ], [ 70.797748677656401, 22.879809930291167 ], [ 70.796579346349887, 22.879823148172616 ], [ 70.796586476657737, 22.880364895459348 ], [ 70.797755812599007, 22.880351677230205 ] ] ], [ [ [ 70.794832471123442, 22.880384706695828 ], [ 70.796001808362533, 22.880371501352478 ], [ 70.795994680372104, 22.879829753891975 ], [ 70.794825347767798, 22.879842958887977 ], [ 70.794832471123442, 22.880384706695828 ] ] ], [ [ [ 70.798361893324284, 22.881970304955502 ], [ 70.798354755414621, 22.881428558307395 ], [ 70.797770083133685, 22.881435170991278 ], [ 70.797777218725756, 22.881976917813319 ], [ 70.798361893324284, 22.881970304955502 ] ] ], [ [ [ 70.798383308352641, 22.88359554466582 ], [ 70.798376169793286, 22.883053798134707 ], [ 70.797791490559362, 22.883060411340413 ], [ 70.797798626800912, 22.883602158045463 ], [ 70.798383308352641, 22.88359554466582 ] ] ], [ [ [ 70.797249617897933, 22.886317503086818 ], [ 70.797834311256267, 22.886310890985683 ], [ 70.797827173932177, 22.885769144475645 ], [ 70.797242482891988, 22.885775756402882 ], [ 70.797249617897933, 22.886317503086818 ] ] ], [ [ [ 70.796686323684753, 22.887949353379007 ], [ 70.796679190347831, 22.887407606638241 ], [ 70.797263888559158, 22.887400996337679 ], [ 70.797256753120323, 22.886859249731753 ], [ 70.795502664792153, 22.886879073666989 ], [ 70.795509793276068, 22.887420820794265 ], [ 70.796094491920101, 22.887414214790432 ], [ 70.79610162293865, 22.887955961704986 ], [ 70.796686323684753, 22.887949353379007 ] ] ], [ [ [ 70.798497554758825, 22.892263483858855 ], [ 70.798468987958671, 22.890096499996783 ], [ 70.797884278587787, 22.890103115463841 ], [ 70.797912836112616, 22.892270100021758 ], [ 70.798497554758825, 22.892263483858855 ] ] ], [ [ [ 70.796771940607599, 22.894450311225743 ], [ 70.798526125025106, 22.894430467096708 ], [ 70.798504697000425, 22.892805229726836 ], [ 70.797919976035232, 22.892811846063701 ], [ 70.797934256530169, 22.893895338030568 ], [ 70.797349530710193, 22.893901952566342 ], [ 70.797342392673599, 22.893360206428504 ], [ 70.796757668956261, 22.893366818641375 ], [ 70.796771940607599, 22.894450311225743 ] ] ], [ [ [ 70.789184664527212, 22.895619575882616 ], [ 70.78917755831246, 22.895077827432942 ], [ 70.788592824613687, 22.89508441007893 ], [ 70.788599928509015, 22.895626158701671 ], [ 70.789184664527212, 22.895619575882616 ] ] ], [ [ [ 70.797378085021691, 22.896068936727549 ], [ 70.797363807432916, 22.894985444724973 ], [ 70.796779076757943, 22.894992057459419 ], [ 70.796793349707912, 22.896075549809712 ], [ 70.797378085021691, 22.896068936727549 ] ] ], [ [ [ 70.789198877603297, 22.896703072664994 ], [ 70.789783618044993, 22.896696487350436 ], [ 70.789769400329874, 22.895612990914312 ], [ 70.789184664527212, 22.895619575882616 ], [ 70.789198877603297, 22.896703072664994 ] ] ], [ [ [ 70.791537838076124, 22.896676718510587 ], [ 70.791530722152132, 22.896134970831746 ], [ 70.790945984677009, 22.896141562421089 ], [ 70.790953098281463, 22.896683310273229 ], [ 70.791537838076124, 22.896676718510587 ] ] ], [ [ [ 70.796807623523705, 22.897159042003953 ], [ 70.796800486507578, 22.896617295926344 ], [ 70.796215748657858, 22.896623907033046 ], [ 70.796222883354403, 22.897165653284464 ], [ 70.796807623523705, 22.897159042003953 ] ] ], [ [ [ 70.790375469771661, 22.897231647872889 ], [ 70.79096021210168, 22.897225058086363 ], [ 70.790953098281463, 22.896683310273229 ], [ 70.790368358271081, 22.89668989988651 ], [ 70.790375469771661, 22.897231647872889 ] ] ], [ [ [ 70.789797836622554, 22.897779983630556 ], [ 70.789790727225977, 22.897238235509999 ], [ 70.789205984464658, 22.897244820997685 ], [ 70.789198877603297, 22.896703072664994 ], [ 70.78802939607337, 22.896716236846007 ], [ 70.788036498295469, 22.897257985524789 ], [ 70.788621241487803, 22.897251404335947 ], [ 70.788628346245005, 22.897793152802713 ], [ 70.789797836622554, 22.897779983630556 ] ] ], [ [ [ 70.796230018267337, 22.897707399496866 ], [ 70.796222883354403, 22.897165653284464 ], [ 70.795638142968727, 22.897172262415587 ], [ 70.795645275562009, 22.897714008801742 ], [ 70.796230018267337, 22.897707399496866 ] ] ], [ [ [ 70.789804946234767, 22.898321731712123 ], [ 70.790389693419897, 22.898315143728638 ], [ 70.790382581487947, 22.897773395820263 ], [ 70.789797836622554, 22.897779983630556 ], [ 70.789804946234767, 22.898321731712123 ] ] ], [ [ [ 70.788050703385906, 22.898341482765353 ], [ 70.788635451217687, 22.898334901230481 ], [ 70.788628346245005, 22.897793152802713 ], [ 70.788043600732991, 22.897799734164572 ], [ 70.788050703385906, 22.898341482765353 ] ] ], [ [ [ 70.793912424347965, 22.899359064306839 ], [ 70.794497174661458, 22.899352460929556 ], [ 70.794490046058925, 22.8988107143131 ], [ 70.793905298065312, 22.898817317516801 ], [ 70.793912424347965, 22.899359064306839 ] ] ], [ [ [ 70.792172411404806, 22.900462356044851 ], [ 70.792186651562247, 22.901545850392704 ], [ 70.792771411804139, 22.901539252770608 ], [ 70.792778534526988, 22.902080999712595 ], [ 70.793363296873096, 22.902074399767173 ], [ 70.793341922392074, 22.900449159344614 ], [ 70.793926677561643, 22.900442557769889 ], [ 70.793912424347965, 22.899359064306839 ], [ 70.793327673818339, 22.899365665534503 ], [ 70.793334797997176, 22.899907412459072 ], [ 70.791580538152445, 22.899927203764541 ], [ 70.791587655587264, 22.900468951170346 ], [ 70.792172411404806, 22.900462356044851 ] ] ], [ [ [ 70.788100427987985, 22.902133721878894 ], [ 70.788093323827127, 22.901591973551099 ], [ 70.786923799677126, 22.901605132247486 ], [ 70.786937998933084, 22.902688629555836 ], [ 70.787522765756378, 22.902682050936757 ], [ 70.787515663700404, 22.902140302474994 ], [ 70.788100427987985, 22.902133721878894 ] ] ], [ [ [ 70.792208013417877, 22.903171091621896 ], [ 70.792792780620687, 22.903164493479537 ], [ 70.792778534526988, 22.902080999712595 ], [ 70.792193771964861, 22.902087597508114 ], [ 70.792208013417877, 22.903171091621896 ] ] ], [ [ [ 70.78988316620088, 22.904280958035049 ], [ 70.789868942448038, 22.903197462691033 ], [ 70.789284174166269, 22.903204050083215 ], [ 70.789298393278116, 22.904287545773531 ], [ 70.78988316620088, 22.904280958035049 ] ] ], [ [ [ 70.789312613252335, 22.905371041307816 ], [ 70.789305503157422, 22.904829293560184 ], [ 70.788720727698447, 22.904835879321595 ], [ 70.78872783547267, 22.90537762724232 ], [ 70.789312613252335, 22.905371041307816 ] ] ], [ [ [ 70.796322791828459, 22.904750096707481 ], [ 70.795738018961288, 22.904756708271247 ], [ 70.795745154583415, 22.90529845411114 ], [ 70.795160379179237, 22.905305063698435 ], [ 70.795167512697034, 22.905846809673019 ], [ 70.796337067930423, 22.905833588000704 ], [ 70.796322791828459, 22.904750096707481 ] ] ], [ [ [ 70.788756268724924, 22.907544618535145 ], [ 70.78873494346243, 22.905919375124046 ], [ 70.788150163146483, 22.905925959081308 ], [ 70.788171481446312, 22.907551203011533 ], [ 70.788756268724924, 22.907544618535145 ] ] ], [ [ [ 70.794019344524514, 22.907485261475568 ], [ 70.794012214999626, 22.90694351527079 ], [ 70.793427431984384, 22.906950118928005 ], [ 70.793434559188327, 22.907491865306334 ], [ 70.794019344524514, 22.907485261475568 ] ] ], [ [ [ 70.792864024050203, 22.908581959973212 ], [ 70.793448814244556, 22.908575357945931 ], [ 70.793441686608389, 22.908033611645646 ], [ 70.79285689873511, 22.908040213499429 ], [ 70.792864024050203, 22.908581959973212 ] ] ], [ [ [ 70.792864024050203, 22.908581959973212 ], [ 70.792279233639789, 22.908588559849907 ], [ 70.792293480275745, 22.909672053027275 ], [ 70.792878275328519, 22.909665452803701 ], [ 70.792864024050203, 22.908581959973212 ] ] ], [ [ [ 70.791715806327659, 22.910220397803691 ], [ 70.792300603917695, 22.910213799557436 ], [ 70.792293480275745, 22.909672053027275 ], [ 70.791708685006981, 22.909678651100151 ], [ 70.791715806327659, 22.910220397803691 ] ] ], [ [ [ 70.791722927864242, 22.910762144468208 ], [ 70.791715806327659, 22.910220397803691 ], [ 70.791131008521688, 22.910226993899176 ], [ 70.7911381277369, 22.910768740737026 ], [ 70.791722927864242, 22.910762144468208 ] ] ], [ [ [ 70.793491584600147, 22.91182583492812 ], [ 70.793484455667226, 22.91128408886199 ], [ 70.792899653866428, 22.911290691756768 ], [ 70.79290678047785, 22.911832437996399 ], [ 70.793491584600147, 22.91182583492812 ] ] ], [ [ [ 70.790567561828723, 22.911858828760217 ], [ 70.79115236681487, 22.911852234295665 ], [ 70.791145247167947, 22.911310487535864 ], [ 70.790560444503328, 22.911317081827136 ], [ 70.790567561828723, 22.911858828760217 ] ] ], [ [ [ 70.792913907305348, 22.912374184197013 ], [ 70.79290678047785, 22.911832437996399 ], [ 70.792321976139505, 22.911839038913758 ], [ 70.792329100645432, 22.912380785287816 ], [ 70.792913907305348, 22.912374184197013 ] ] ], [ [ [ 70.794090651663765, 22.912902721376973 ], [ 70.794083519976908, 22.912360975562457 ], [ 70.793498713749202, 22.912367580955227 ], [ 70.793505843114417, 22.912909326943307 ], [ 70.794090651663765, 22.912902721376973 ] ] ], [ [ [ 70.791751416169774, 22.912929130736057 ], [ 70.792336225367364, 22.912922531622854 ], [ 70.792329100645432, 22.912380785287816 ], [ 70.791744293769497, 22.912387384227628 ], [ 70.791751416169774, 22.912929130736057 ] ] ], [ [ [ 70.790588915099676, 22.913484069325353 ], [ 70.790581797126904, 22.912942322509327 ], [ 70.789996987281739, 22.912948915169377 ], [ 70.79000410293277, 22.91349066215863 ], [ 70.790588915099676, 22.913484069325353 ] ] ], [ [ [ 70.792935289084298, 22.913999422564679 ], [ 70.792928161608558, 22.913457676481155 ], [ 70.792343350305288, 22.913464277918855 ], [ 70.79235047545923, 22.914006024175837 ], [ 70.792935289084298, 22.913999422564679 ] ] ], [ [ [ 70.789461975055019, 22.916747734995813 ], [ 70.790046801369513, 22.916741143274614 ], [ 70.790032567694297, 22.915657649725379 ], [ 70.790617389148792, 22.915651056199188 ], [ 70.790596033288253, 22.914025816102349 ], [ 70.790011218799563, 22.914032409108849 ], [ 70.790018334882078, 22.914574156020048 ], [ 70.78943351785577, 22.914580747048557 ], [ 70.789461975055019, 22.916747734995813 ] ] ], [ [ [ 70.791216453351154, 22.916727953377844 ], [ 70.791801279018159, 22.916721355202291 ], [ 70.79179415510626, 22.916179608967056 ], [ 70.79120933176138, 22.916186206969265 ], [ 70.791216453351154, 22.916727953377844 ] ] ], [ [ [ 70.790645866650948, 22.917818042448598 ], [ 70.791230697178364, 22.917811446077913 ], [ 70.79122357515682, 22.91726969974739 ], [ 70.790638746951686, 22.917276295944792 ], [ 70.790645866650948, 22.917818042448598 ] ] ], [ [ [ 70.79069571058929, 22.921610266882421 ], [ 70.790688589379144, 22.921068520651833 ], [ 70.790103744700687, 22.921075115910405 ], [ 70.790110863588069, 22.921616862314238 ], [ 70.79069571058929, 22.921610266882421 ] ] ], [ [ [ 70.789526016371042, 22.921623455594091 ], [ 70.789518899806453, 22.921081709017066 ], [ 70.788934054696497, 22.921088299971824 ], [ 70.788941168938308, 22.921630046721976 ], [ 70.789526016371042, 22.921623455594091 ] ] ], [ [ [ 70.788370545774669, 22.922720129427276 ], [ 70.78895539806885, 22.922713540105196 ], [ 70.788948283395754, 22.922171793433105 ], [ 70.788363433424507, 22.9221783825821 ], [ 70.788370545774669, 22.922720129427276 ] ] ], [ [ [ 70.788377658340409, 22.923261876233408 ], [ 70.787792803507628, 22.923268463576427 ], [ 70.787799913965884, 22.92381021051656 ], [ 70.788384771121741, 22.923803623000524 ], [ 70.788377658340409, 22.923261876233408 ] ] ], [ [ [ 70.788391884118653, 22.924345369728602 ], [ 70.788976743382065, 22.924338779887282 ], [ 70.788969628062006, 22.923797033332285 ], [ 70.788384771121741, 22.923803623000524 ], [ 70.788391884118653, 22.924345369728602 ] ] ], [ [ [ 70.788463025946129, 22.929762834862437 ], [ 70.789047908444843, 22.929756243290228 ], [ 70.789040790967974, 22.929214497125603 ], [ 70.788455910793104, 22.929221088524724 ], [ 70.788463025946129, 22.929762834862437 ] ] ], [ [ [ 70.801548319438339, 22.857551991951762 ], [ 70.801541177383442, 22.857010244593937 ], [ 70.800956610620915, 22.857016862323075 ], [ 70.80096375036139, 22.857558609855118 ], [ 70.801548319438339, 22.857551991951762 ] ] ], [ [ [ 70.800379181067711, 22.857565225613236 ], [ 70.800407732938723, 22.859732216048325 ], [ 70.800992311490759, 22.859725599593549 ], [ 70.80096375036139, 22.857558609855118 ], [ 70.800379181067711, 22.857565225613236 ] ] ], [ [ [ 70.79924570906455, 22.860287190380994 ], [ 70.799830290364667, 22.860280578043085 ], [ 70.799823154169985, 22.859738830357639 ], [ 70.799238575184646, 22.85974544252149 ], [ 70.79924570906455, 22.860287190380994 ] ] ], [ [ [ 70.798682523542197, 22.861919044440061 ], [ 70.799267112003605, 22.861912433725681 ], [ 70.799259977474023, 22.86137068598309 ], [ 70.798675391327592, 22.861377296523468 ], [ 70.798682523542197, 22.861919044440061 ] ] ], [ [ [ 70.811572154313879, 22.86394008898537 ], [ 70.812156747255059, 22.863933430365485 ], [ 70.812149560924297, 22.863391686621242 ], [ 70.811564970298292, 22.863398345065878 ], [ 70.811572154313879, 22.86394008898537 ] ] ], [ [ [ 70.799309923728899, 22.865162919362721 ], [ 70.799281381712419, 22.862995929093923 ], [ 70.798696788620816, 22.863002540156319 ], [ 70.798725321376082, 22.865169531121147 ], [ 70.799309923728899, 22.865162919362721 ] ] ], [ [ [ 70.811579338547503, 22.864481832865859 ], [ 70.811572154313879, 22.86394008898537 ], [ 70.810987561154647, 22.863946745459405 ], [ 70.810994743073024, 22.864488489515082 ], [ 70.811579338547503, 22.864481832865859 ] ] ], [ [ [ 70.810424507240512, 22.865578632363025 ], [ 70.811009107563734, 22.865571977509433 ], [ 70.811001925209368, 22.865030233531762 ], [ 70.810417327201563, 22.865036888210213 ], [ 70.810424507240512, 22.865578632363025 ] ] ], [ [ [ 70.81218549475939, 22.866100404952387 ], [ 70.81217830755611, 22.865558661364172 ], [ 70.811593707668948, 22.865565320509816 ], [ 70.811600892556754, 22.866107064273283 ], [ 70.81218549475939, 22.866100404952387 ] ] ], [ [ [ 70.811030655934729, 22.86719720920841 ], [ 70.811023472926408, 22.866655465347762 ], [ 70.809854262800016, 22.86666877360938 ], [ 70.809861441177119, 22.867210517820265 ], [ 70.811030655934729, 22.86719720920841 ] ] ], [ [ [ 70.798176378044289, 22.867884879432371 ], [ 70.798760992191731, 22.867878268950196 ], [ 70.798746723215913, 22.86679477393551 ], [ 70.798162113699931, 22.866801384069763 ], [ 70.798176378044289, 22.867884879432371 ] ] ], [ [ [ 70.805191733507087, 22.867805411989988 ], [ 70.805184573437757, 22.867263666419429 ], [ 70.804015354328513, 22.867276932107025 ], [ 70.804022509766384, 22.867818678026694 ], [ 70.805191733507087, 22.867805411989988 ] ] ], [ [ [ 70.809868619772075, 22.867752261992148 ], [ 70.809861441177119, 22.867210517820265 ], [ 70.808692225548043, 22.867223817847321 ], [ 70.808699399511625, 22.867765562369211 ], [ 70.809868619772075, 22.867752261992148 ] ] ], [ [ [ 70.808121960920303, 22.868313953996154 ], [ 70.808706573692945, 22.868307306852095 ], [ 70.808699399511625, 22.867765562369211 ], [ 70.80811478905477, 22.867772209338344 ], [ 70.808121960920303, 22.868313953996154 ] ] ], [ [ [ 70.811052206267775, 22.868822440556318 ], [ 70.811636820266855, 22.868815782505489 ], [ 70.811629634288678, 22.86827403893707 ], [ 70.811045022605413, 22.86828069681269 ], [ 70.811052206267775, 22.868822440556318 ] ] ], [ [ [ 70.804043977383031, 22.869443915551738 ], [ 70.804628596309598, 22.869437283082949 ], [ 70.804614279716191, 22.868353791787634 ], [ 70.804029665421439, 22.868360423907365 ], [ 70.804022509766384, 22.867818678026694 ], [ 70.803437897570262, 22.867825307825616 ], [ 70.803452204465842, 22.868908799896911 ], [ 70.80403682129365, 22.868902169749049 ], [ 70.804043977383031, 22.869443915551738 ] ] ], [ [ [ 70.811073758562941, 22.87044767155313 ], [ 70.811052206267775, 22.868822440556318 ], [ 70.810467592050671, 22.868829096460789 ], [ 70.810489137397951, 22.870454327983051 ], [ 70.811073758562941, 22.87044767155313 ] ] ], [ [ [ 70.808157823512971, 22.871022676700129 ], [ 70.808121960920303, 22.868313953996154 ], [ 70.807537347930037, 22.868320598993893 ], [ 70.807573198942777, 22.871029322572213 ], [ 70.808157823512971, 22.871022676700129 ] ] ], [ [ [ 70.799965919225613, 22.87057377666093 ], [ 70.800550544303064, 22.870567158869139 ], [ 70.800543401675853, 22.870025412098435 ], [ 70.799958778914501, 22.870032029716089 ], [ 70.799965919225613, 22.87057377666093 ] ] ], [ [ [ 70.802896194553185, 22.871082412270717 ], [ 70.802889042444562, 22.870540666236121 ], [ 70.802304418234584, 22.870547292614251 ], [ 70.802311568027037, 22.871089038823207 ], [ 70.802896194553185, 22.871082412270717 ] ] ], [ [ [ 70.804650072829062, 22.871062519733446 ], [ 70.804642913772, 22.870520774222275 ], [ 70.804058290213334, 22.870527407040125 ], [ 70.804065446954269, 22.871069152725831 ], [ 70.804650072829062, 22.871062519733446 ] ] ], [ [ [ 70.805826487833556, 22.871590992431727 ], [ 70.806411115372583, 22.871584352824776 ], [ 70.806403949149626, 22.87104260787655 ], [ 70.805819323926812, 22.8710492473088 ], [ 70.805826487833556, 22.871590992431727 ] ] ], [ [ [ 70.807580369798146, 22.871571067170866 ], [ 70.807573198942777, 22.871029322572213 ], [ 70.806988574154971, 22.871035966297686 ], [ 70.806995742694127, 22.871577711071158 ], [ 70.807580369798146, 22.871571067170866 ] ] ], [ [ [ 70.80057911697952, 22.872734145562053 ], [ 70.800571973485233, 22.872192398947309 ], [ 70.799987341459058, 22.872199017261512 ], [ 70.799994482636933, 22.872740764050391 ], [ 70.80057911697952, 22.872734145562053 ] ] ], [ [ [ 70.801170897132806, 22.873269271328439 ], [ 70.801755533358204, 22.873262648372211 ], [ 70.801748385014264, 22.872720902144913 ], [ 70.801163751105307, 22.872727524926891 ], [ 70.801170897132806, 22.873269271328439 ] ] ], [ [ [ 70.804101233916768, 22.87377788056936 ], [ 70.804685871373366, 22.87377124670429 ], [ 70.804678711229954, 22.873229501388121 ], [ 70.804094076089882, 22.873236135078649 ], [ 70.804101233916768, 22.87377788056936 ] ] ], [ [ [ 70.805862310628427, 22.874299717461341 ], [ 70.806446949749528, 22.874293076980855 ], [ 70.80643978243917, 22.873751332227652 ], [ 70.805855145634624, 22.873757972533433 ], [ 70.805862310628427, 22.874299717461341 ] ] ], [ [ [ 70.807616227339196, 22.874279789579017 ], [ 70.80760905539573, 22.873738045175401 ], [ 70.807024419026234, 22.873744689774973 ], [ 70.807031588653146, 22.874286434353412 ], [ 70.807616227339196, 22.874279789579017 ] ] ], [ [ [ 70.799452685796126, 22.875997861350946 ], [ 70.799445545634754, 22.875456114621915 ], [ 70.798860899275823, 22.875462729686785 ], [ 70.798868037120386, 22.876004476589845 ], [ 70.799452685796126, 22.875997861350946 ] ] ], [ [ [ 70.797705872546558, 22.876559447838126 ], [ 70.798875175181536, 22.876546223453911 ], [ 70.798868037120386, 22.876004476589845 ], [ 70.797698739119184, 22.876017700626157 ], [ 70.797705872546558, 22.876559447838126 ] ] ], [ [ [ 70.810575338404135, 22.876955250560897 ], [ 70.810568153788012, 22.876413507227337 ], [ 70.809983506924013, 22.876420163436869 ], [ 70.809990689223227, 22.876961906945542 ], [ 70.810575338404135, 22.876955250560897 ] ] ], [ [ [ 70.809406039824395, 22.87696856118297 ], [ 70.809413220024609, 22.877510304827677 ], [ 70.809997871740379, 22.877503650415196 ], [ 70.809990689223227, 22.876961906945542 ], [ 70.809406039824395, 22.87696856118297 ] ] ], [ [ [ 70.798932287468375, 22.880880196962671 ], [ 70.798918008097004, 22.879796703819455 ], [ 70.798333342984975, 22.879803318129099 ], [ 70.798347617721518, 22.880886811620297 ], [ 70.798932287468375, 22.880880196962671 ] ] ], [ [ [ 70.79952409932676, 22.881415326496438 ], [ 70.799516956998616, 22.880873580157377 ], [ 70.798932287468375, 22.880880196962671 ], [ 70.798939427478999, 22.881421943475782 ], [ 70.79952409932676, 22.881415326496438 ] ] ], [ [ [ 70.803659752054571, 22.884619417400394 ], [ 70.803623954957388, 22.881910692584995 ], [ 70.803039282310436, 22.8819173247728 ], [ 70.803075067818753, 22.884626050460458 ], [ 70.803659752054571, 22.884619417400394 ] ] ], [ [ [ 70.80310370013396, 22.886793030308354 ], [ 70.803688393642133, 22.886786396550466 ], [ 70.803666912125635, 22.88516116224644 ], [ 70.803082225571842, 22.885167795480953 ], [ 70.80310370013396, 22.886793030308354 ] ] ], [ [ [ 70.803132335923706, 22.888960009531989 ], [ 70.803717038705329, 22.888953375076248 ], [ 70.803702715739263, 22.887869885891398 ], [ 70.8031180175945, 22.887876519998205 ], [ 70.803132335923706, 22.888960009531989 ] ] ], [ [ [ 70.807239602488366, 22.889997010156364 ], [ 70.807824308384923, 22.889990360311508 ], [ 70.807817130128583, 22.889448617039488 ], [ 70.807232426550613, 22.889455266709472 ], [ 70.807239602488366, 22.889997010156364 ] ] ], [ [ [ 70.803168135547295, 22.891668732683591 ], [ 70.803146655121594, 22.890043498909684 ], [ 70.802561947485614, 22.890050131565744 ], [ 70.802583420955045, 22.891675365862884 ], [ 70.803168135547295, 22.891668732683591 ] ] ], [ [ [ 70.807838665550833, 22.891073846738472 ], [ 70.807831486859001, 22.890532103544505 ], [ 70.807246778643787, 22.890538753564226 ], [ 70.807253955016904, 22.891080496933046 ], [ 70.807838665550833, 22.891073846738472 ] ] ], [ [ [ 70.806091705249216, 22.891635534555466 ], [ 70.806676418537265, 22.891628888483535 ], [ 70.806669244265279, 22.891087144978925 ], [ 70.806084533296044, 22.891093790876106 ], [ 70.806091705249216, 22.891635534555466 ] ] ], [ [ [ 70.805521331664806, 22.892725666069648 ], [ 70.805514161595482, 22.892183922293654 ], [ 70.80492944555354, 22.892190564242696 ], [ 70.804936613303909, 22.892732308193334 ], [ 70.805521331664806, 22.892725666069648 ] ] ], [ [ [ 70.811368503300642, 22.892659126644951 ], [ 70.811361310041988, 22.892117384618494 ], [ 70.810776596177988, 22.892124048055624 ], [ 70.810783787117728, 22.892665790257293 ], [ 70.811368503300642, 22.892659126644951 ] ] ], [ [ [ 70.806106049808207, 22.892719021797088 ], [ 70.806690767734068, 22.892712375375648 ], [ 70.806683593026861, 22.892170631949107 ], [ 70.806098877419942, 22.892177278195792 ], [ 70.806106049808207, 22.892719021797088 ] ] ], [ [ [ 70.810206259555557, 22.893214194058562 ], [ 70.810199070716706, 22.892672451720774 ], [ 70.809029637260579, 22.892685768201186 ], [ 70.809036821461447, 22.893227510889101 ], [ 70.810206259555557, 22.893214194058562 ] ] ], [ [ [ 70.803196779155613, 22.893835710502458 ], [ 70.803182456917042, 22.892752221671071 ], [ 70.802597737686938, 22.892758855199201 ], [ 70.802612055287341, 22.893842344379426 ], [ 70.803196779155613, 22.893835710502458 ] ] ], [ [ [ 70.807874562276325, 22.893782562122766 ], [ 70.808459284187208, 22.89377590890486 ], [ 70.8084521020875, 22.893234166080997 ], [ 70.807867382495701, 22.893240819123978 ], [ 70.807874562276325, 22.893782562122766 ] ] ], [ [ [ 70.804373392323868, 22.894364180309648 ], [ 70.804366226240447, 22.893822436301509 ], [ 70.803781502806657, 22.893829074476482 ], [ 70.803788666570938, 22.894370818659166 ], [ 70.804373392323868, 22.894364180309648 ] ] ], [ [ [ 70.805550014116932, 22.894892640783336 ], [ 70.805542843177662, 22.894350897163463 ], [ 70.804958117859485, 22.894357539811082 ], [ 70.804965286479501, 22.894899283605611 ], [ 70.805550014116932, 22.894892640783336 ] ] ], [ [ [ 70.804387725142817, 22.895447668208849 ], [ 70.804972455316957, 22.895441027361095 ], [ 70.804965286479501, 22.894899283605611 ], [ 70.804380558624672, 22.894905924278763 ], [ 70.804387725142817, 22.895447668208849 ] ] ], [ [ [ 70.805008302765785, 22.898149745553052 ], [ 70.805001132841141, 22.897608001992726 ], [ 70.804416393389047, 22.897614643538866 ], [ 70.804423560994039, 22.898156387273787 ], [ 70.805008302765785, 22.898149745553052 ] ] ], [ [ [ 70.80619213543757, 22.899219941968017 ], [ 70.806184960438415, 22.898678198835142 ], [ 70.805015472907897, 22.898691489074334 ], [ 70.805022643267435, 22.899233232556583 ], [ 70.80619213543757, 22.899219941968017 ] ] ], [ [ [ 70.806206486088641, 22.90030342811664 ], [ 70.806791236487143, 22.900296779248478 ], [ 70.806776881196271, 22.899213293449399 ], [ 70.80619213543757, 22.899219941968017 ], [ 70.806206486088641, 22.90030342811664 ] ] ], [ [ [ 70.802113227210171, 22.900349910002923 ], [ 70.802106068015448, 22.899808165726288 ], [ 70.800936568163593, 22.899821426569474 ], [ 70.800943722718387, 22.900363171194694 ], [ 70.802113227210171, 22.900349910002923 ] ] ], [ [ [ 70.80387464869122, 22.900871745806885 ], [ 70.803867482319319, 22.900330002092595 ], [ 70.803282730833502, 22.900336640212391 ], [ 70.803289894885381, 22.900878384101173 ], [ 70.80387464869122, 22.900871745806885 ] ] ], [ [ [ 70.802120386622008, 22.900891654240528 ], [ 70.802705140862287, 22.90088502024572 ], [ 70.802697979130429, 22.900343276182497 ], [ 70.802113227210171, 22.900349910002923 ], [ 70.802120386622008, 22.900891654240528 ] ] ], [ [ [ 70.800950877490138, 22.900904915780885 ], [ 70.800943722718387, 22.900363171194694 ], [ 70.800358970146988, 22.900369798566036 ], [ 70.800366122598717, 22.900911543326444 ], [ 70.800950877490138, 22.900904915780885 ] ] ], [ [ [ 70.799795668404258, 22.902001658474273 ], [ 70.799788517838891, 22.901459913617771 ], [ 70.799203760193606, 22.901466537037908 ], [ 70.799210908438781, 22.902008282068515 ], [ 70.799795668404258, 22.902001658474273 ] ] ], [ [ [ 70.805058498327128, 22.901941949382248 ], [ 70.805643256121002, 22.901935304289431 ], [ 70.805636082353985, 22.901393561177045 ], [ 70.80505132688026, 22.901400206095193 ], [ 70.805058498327128, 22.901941949382248 ] ] ], [ [ [ 70.804495249000396, 22.903573822475973 ], [ 70.805080013972628, 22.903567179009162 ], [ 70.805065669991478, 22.902483692630263 ], [ 70.804480909659915, 22.902490335747849 ], [ 70.804495249000396, 22.903573822475973 ] ] ], [ [ [ 70.833016928750723, 22.8062611903717 ], [ 70.833601268350662, 22.806254469008159 ], [ 70.833586766724352, 22.805170986611586 ], [ 70.834171101488792, 22.80516426346292 ], [ 70.834163848698736, 22.804622522383479 ], [ 70.833579516241755, 22.804629245354839 ], [ 70.833565015937651, 22.803545762724411 ], [ 70.834149343779927, 22.803539040107651 ], [ 70.834142091651174, 22.802997298911283 ], [ 70.832973440360746, 22.803010741650795 ], [ 70.832966193066767, 22.802469000060903 ], [ 70.831797545509588, 22.802482433888471 ], [ 70.831804788189203, 22.803024175832686 ], [ 70.831220461773171, 22.80303088971451 ], [ 70.831234943178245, 22.804114373840161 ], [ 70.830650611927553, 22.804121085936604 ], [ 70.830665089598043, 22.805204570260432 ], [ 70.831249425463625, 22.80519785780994 ], [ 70.831263908629381, 22.80628134162383 ], [ 70.831848248890012, 22.806274626679539 ], [ 70.831833761109124, 22.805191143219805 ], [ 70.833002431739544, 22.805177707620629 ], [ 70.833016928750723, 22.8062611903717 ] ], [ [ 70.831819274208854, 22.804107659604178 ], [ 70.831826517548905, 22.804649401431483 ], [ 70.831242184210893, 22.804656115844541 ], [ 70.831234943178245, 22.804114373840161 ], [ 70.831819274208854, 22.804107659604178 ] ], [ [ 70.832410850666776, 22.804642684878843 ], [ 70.832403605019323, 22.804100943228679 ], [ 70.832987935609566, 22.804094224713658 ], [ 70.832995183564407, 22.804635966186627 ], [ 70.832410850666776, 22.804642684878843 ] ] ], [ [ [ 70.835916844746777, 22.804602340631988 ], [ 70.835931364392223, 22.805685821687394 ], [ 70.836515700581984, 22.805679089802712 ], [ 70.836493914522478, 22.804053868693718 ], [ 70.835909585255024, 22.804060600045808 ], [ 70.835902325983923, 22.803518859420649 ], [ 70.834733671401779, 22.80353231535144 ], [ 70.834740926058274, 22.80407405633148 ], [ 70.835325255766932, 22.804067329258398 ], [ 70.835332512951325, 22.80460907002205 ], [ 70.835916844746777, 22.804602340631988 ] ] ], [ [ [ 70.83476269135079, 22.805699279037732 ], [ 70.834755436032779, 22.80515753817463 ], [ 70.834171101488792, 22.80516426346292 ], [ 70.834178354499272, 22.805706004503392 ], [ 70.83476269135079, 22.805699279037732 ] ] ], [ [ [ 70.832439835458871, 22.806809651089754 ], [ 70.833024177586779, 22.806802931688772 ], [ 70.833016928750723, 22.8062611903717 ], [ 70.832432588930487, 22.806267909595494 ], [ 70.832439835458871, 22.806809651089754 ] ] ], [ [ [ 70.835361543894606, 22.80677603268683 ], [ 70.835354285827904, 22.806234292079107 ], [ 70.834769946889324, 22.806241019861865 ], [ 70.834777202648354, 22.806782760647003 ], [ 70.835361543894606, 22.80677603268683 ] ] ], [ [ [ 70.831869982212609, 22.807899851576824 ], [ 70.83186273755156, 22.807358109983369 ], [ 70.832447082207466, 22.807351392545044 ], [ 70.832439835458871, 22.806809651089754 ], [ 70.831271150542378, 22.806823083472317 ], [ 70.8312783926755, 22.80736482528183 ], [ 70.830109702263115, 22.807378249459145 ], [ 70.830116940000678, 22.807919991583688 ], [ 70.831869982212609, 22.807899851576824 ] ] ], [ [ [ 70.835974928624324, 22.808936263918 ], [ 70.83655927866063, 22.808929530968104 ], [ 70.836552015095677, 22.80838779087134 ], [ 70.835967667367299, 22.808394523643699 ], [ 70.835974928624324, 22.808936263918 ] ] ], [ [ [ 70.835989451800401, 22.810019744349649 ], [ 70.835974928624324, 22.808936263918 ], [ 70.835390578367353, 22.808942994727889 ], [ 70.835405096927346, 22.810026475514505 ], [ 70.835989451800401, 22.810019744349649 ] ] ], [ [ [ 70.832483319254266, 22.810060099236825 ], [ 70.832505064125471, 22.811685322784129 ], [ 70.833089427025598, 22.811678601788316 ], [ 70.833074925607988, 22.810595119816842 ], [ 70.833659283671238, 22.810588397035254 ], [ 70.83365203098478, 22.810046656168304 ], [ 70.834820741833681, 22.810033204539238 ], [ 70.83481348475145, 22.809491463987992 ], [ 70.833060425071722, 22.809511637689443 ], [ 70.833067675229685, 22.810053378772633 ], [ 70.832483319254266, 22.810060099236825 ] ] ], [ [ [ 70.836011238219655, 22.811644964704701 ], [ 70.836595599796652, 22.811638230867086 ], [ 70.836588335127942, 22.811096490965276 ], [ 70.836003975859199, 22.811103224625338 ], [ 70.836011238219655, 22.811644964704701 ] ] ], [ [ [ 70.831927947427644, 22.81223378292125 ], [ 70.832512312856409, 22.812227063888599 ], [ 70.832505064125471, 22.811685322784129 ], [ 70.831920701005075, 22.811692041639628 ], [ 70.831927947427644, 22.81223378292125 ] ] ], [ [ [ 70.835441397188134, 22.812735176798753 ], [ 70.83602576360262, 22.812728444746451 ], [ 70.836011238219655, 22.811644964704701 ], [ 70.835426876421948, 22.811651696402024 ], [ 70.835441397188134, 22.812735176798753 ] ] ], [ [ [ 70.834279919794383, 22.813290374976834 ], [ 70.834272663697362, 22.812748634482137 ], [ 70.834857030553025, 22.812741906710649 ], [ 70.834849772368045, 22.812200166354344 ], [ 70.833681043053062, 22.812213619402197 ], [ 70.833688296621176, 22.812755360113211 ], [ 70.832519561807644, 22.812768804954089 ], [ 70.832526810979147, 22.813310545980592 ], [ 70.834279919794383, 22.813290374976834 ] ] ], [ [ [ 70.831343581778654, 22.812240499813527 ], [ 70.831350826112981, 22.812782241233268 ], [ 70.830766457935397, 22.812788956162215 ], [ 70.830773700181325, 22.813330697720009 ], [ 70.831942440933403, 22.813317265367548 ], [ 70.831927947427644, 22.81223378292125 ], [ 70.831343581778654, 22.812240499813527 ] ] ], [ [ [ 70.835045820791592, 22.826827142286966 ], [ 70.835060349295375, 22.827910620854581 ], [ 70.835644780594976, 22.827903885973925 ], [ 70.83563751392235, 22.827362146887101 ], [ 70.836221942690827, 22.827355410041978 ], [ 70.836214673928623, 22.82681367109366 ], [ 70.835045820791592, 22.826827142286966 ] ] ], [ [ [ 70.836806371238481, 22.827348671054924 ], [ 70.836221942690827, 22.827355410041978 ], [ 70.836236480877645, 22.828438887821562 ], [ 70.836820914046129, 22.82843214847934 ], [ 70.836806371238481, 22.827348671054924 ] ] ], [ [ [ 70.836835457737337, 22.829515625747693 ], [ 70.837419895306056, 22.829508883908133 ], [ 70.837405346993748, 22.828425406995077 ], [ 70.836820914046129, 22.82843214847934 ], [ 70.836835457737337, 22.829515625747693 ] ] ], [ [ [ 70.836294642457887, 22.832772797379278 ], [ 70.836879094112547, 22.832766056616304 ], [ 70.836871820831078, 22.832224318235745 ], [ 70.83628737148743, 22.832231058821126 ], [ 70.836294642457887, 22.832772797379278 ] ] ], [ [ [ 70.836301913649194, 22.833314535898406 ], [ 70.836294642457887, 22.832772797379278 ], [ 70.835710190582375, 22.832779535999766 ], [ 70.835717459462586, 22.833321274696438 ], [ 70.836301913649194, 22.833314535898406 ] ] ], [ [ [ 70.835147538855594, 22.834411488983186 ], [ 70.835140271845034, 22.833869750187059 ], [ 70.834555814905784, 22.833876484877418 ], [ 70.83456307960509, 22.834418223850975 ], [ 70.835147538855594, 22.834411488983186 ] ] ], [ [ [ 70.833408681257396, 22.835515165697998 ], [ 70.833993145571824, 22.835508434760914 ], [ 70.833985882742596, 22.83496669568801 ], [ 70.834570344525048, 22.834959962785518 ], [ 70.83456307960509, 22.834418223850975 ], [ 70.833978620133948, 22.834424956576093 ], [ 70.833971357745895, 22.833883217425154 ], [ 70.833386900365397, 22.833889947830272 ], [ 70.833408681257396, 22.835515165697998 ] ] ], [ [ [ 70.832261520974498, 22.837153839723818 ], [ 70.832845992664502, 22.837147112540677 ], [ 70.832838733796692, 22.836605373230235 ], [ 70.83225426441831, 22.83661210023616 ], [ 70.832261520974498, 22.837153839723818 ] ] ], [ [ [ 70.83168430352903, 22.83770230438979 ], [ 70.832268777751082, 22.837695579172461 ], [ 70.832261520974498, 22.837153839723818 ], [ 70.831677049064112, 22.837160564763995 ], [ 70.83168430352903, 22.83770230438979 ] ] ], [ [ [ 70.8316988131198, 22.838785783524347 ], [ 70.831691558214246, 22.83824404397658 ], [ 70.831107081460104, 22.838250767227994 ], [ 70.831114334053851, 22.838792506952863 ], [ 70.8316988131198, 22.838785783524347 ] ] ], [ [ [ 70.827658132249752, 22.842624986929874 ], [ 70.8276508919881, 22.842083246416621 ], [ 70.827066397509228, 22.842089955903365 ], [ 70.827073635458547, 22.842631696593333 ], [ 70.827658132249752, 22.842624986929874 ] ] ], [ [ [ 70.826503610380655, 22.843721885729479 ], [ 70.827088112016568, 22.84371517785625 ], [ 70.827080873627651, 22.843173437244296 ], [ 70.826496374304241, 22.843180144940867 ], [ 70.826503610380655, 22.843721885729479 ] ] ], [ [ [ 70.833553937927803, 22.84634994250786 ], [ 70.833546672998907, 22.845808204038125 ], [ 70.832962164534209, 22.84581493620076 ], [ 70.832969427150317, 22.84635667484779 ], [ 70.833553937927803, 22.84634994250786 ] ] ], [ [ [ 70.832998479820048, 22.848523629045594 ], [ 70.832991216321815, 22.847981890554692 ], [ 70.832406698385, 22.847988621282422 ], [ 70.832413959570147, 22.848530359950566 ], [ 70.832998479820048, 22.848523629045594 ] ] ], [ [ [ 70.835921077760077, 22.848489942358533 ], [ 70.836505596685683, 22.84848319858871 ], [ 70.836498319309058, 22.847941461162453 ], [ 70.835913802696496, 22.847948204754694 ], [ 70.835921077760077, 22.848489942358533 ] ] ], [ [ [ 70.827752275660416, 22.849667610051657 ], [ 70.827745032540221, 22.849125870045643 ], [ 70.82716050799543, 22.849132581829856 ], [ 70.827167748802381, 22.849674322012614 ], [ 70.827752275660416, 22.849667610051657 ] ] ], [ [ [ 70.83244300651549, 22.850697314232811 ], [ 70.83242848260187, 22.849613837169755 ], [ 70.831843957505114, 22.849620566284958 ], [ 70.831858476792092, 22.850704043702404 ], [ 70.83244300651549, 22.850697314232811 ] ] ], [ [ [ 70.836541986883276, 22.851191885134323 ], [ 70.837126517154246, 22.851185138332152 ], [ 70.837119236359371, 22.85064340127877 ], [ 70.836534708401814, 22.850650147903291 ], [ 70.836541986883276, 22.851191885134323 ] ] ], [ [ [ 70.834203863590332, 22.851218850898846 ], [ 70.834788394744791, 22.851212112674354 ], [ 70.83478112320357, 22.850670374910713 ], [ 70.83419659436251, 22.850677112957797 ], [ 70.834203863590332, 22.851218850898846 ] ] ], [ [ [ 70.831880257375673, 22.852329259535797 ], [ 70.832464794039581, 22.852322529534622 ], [ 70.832457531311064, 22.851780791139728 ], [ 70.831872996960726, 22.851787520963704 ], [ 70.831880257375673, 22.852329259535797 ] ] ], [ [ [ 70.837155642544246, 22.85335208615523 ], [ 70.837148360865157, 22.852810349258036 ], [ 70.836563823653563, 22.852817096593146 ], [ 70.836571103018983, 22.853358833667993 ], [ 70.837155642544246, 22.85335208615523 ] ] ], [ [ [ 70.82254931233031, 22.854061871857972 ], [ 70.822542088275156, 22.853520130575447 ], [ 70.821957543246057, 22.853526824471285 ], [ 70.821964764987356, 22.854068565930053 ], [ 70.82254931233031, 22.854061871857972 ] ] ], [ [ [ 70.822556536604793, 22.854603613101474 ], [ 70.82372563526053, 22.854590218170358 ], [ 70.823718406358211, 22.854048477279505 ], [ 70.82254931233031, 22.854061871857972 ], [ 70.822556536604793, 22.854603613101474 ] ] ], [ [ [ 70.82257821074414, 22.856228836597879 ], [ 70.822570985811694, 22.855687095471435 ], [ 70.821986431526767, 22.855693790072237 ], [ 70.821993654145075, 22.856235531374939 ], [ 70.82257821074414, 22.856228836597879 ] ] ], [ [ [ 70.821416317850122, 22.856783965446855 ], [ 70.821401877022581, 22.855700482528103 ], [ 70.82081732229922, 22.855707172839011 ], [ 70.8208317584984, 22.856790656110039 ], [ 70.821416317850122, 22.856783965446855 ] ] ], [ [ [ 70.822585435895917, 22.856770577685314 ], [ 70.823169994589833, 22.856763880586957 ], [ 70.823162767123861, 22.856222139675832 ], [ 70.82257821074414, 22.856228836597879 ], [ 70.822585435895917, 22.856770577685314 ] ] ], [ [ [ 70.822015323315583, 22.857860755048911 ], [ 70.822008100039483, 22.857319013863272 ], [ 70.821423538592683, 22.85732570684771 ], [ 70.821430759554431, 22.857867448209539 ], [ 70.822015323315583, 22.857860755048911 ] ] ], [ [ [ 70.830206448812973, 22.858308564232516 ], [ 70.830199192916197, 22.857766825558571 ], [ 70.829614632231241, 22.857773548751304 ], [ 70.829621885813665, 22.858315287602238 ], [ 70.830206448812973, 22.858308564232516 ] ] ], [ [ [ 70.817382040253108, 22.861164695011304 ], [ 70.817966619434884, 22.861158015812141 ], [ 70.817959411046559, 22.860616273628409 ], [ 70.81737483417956, 22.860622952651763 ], [ 70.817382040253108, 22.861164695011304 ] ] ], [ [ [ 70.824981552529707, 22.861077698071561 ], [ 70.825566128861581, 22.861070990980725 ], [ 70.825558890381274, 22.860529251087623 ], [ 70.824974316364148, 22.860535958001918 ], [ 70.824981552529707, 22.861077698071561 ] ] ], [ [ [ 70.813881752974382, 22.861746468524078 ], [ 70.814466335782413, 22.861739802022715 ], [ 70.814459141064518, 22.861198058823994 ], [ 70.813874560571378, 22.861204725149893 ], [ 70.813881752974382, 22.861746468524078 ] ] ], [ [ [ 70.813888945595721, 22.862288211859266 ], [ 70.813881752974382, 22.861746468524078 ], [ 70.813297169948029, 22.86175313287983 ], [ 70.813304360254406, 22.862294876390429 ], [ 70.813888945595721, 22.862288211859266 ] ] ], [ [ [ 70.812719774694841, 22.862301538775927 ], [ 70.812712586703441, 22.861759795089966 ], [ 70.812128003240687, 22.861766455154488 ], [ 70.812135188917097, 22.862308199015743 ], [ 70.812719774694841, 22.862301538775927 ] ] ], [ [ [ 70.82382686293775, 22.862174586544768 ], [ 70.824411444338566, 22.862167883392061 ], [ 70.824404210048584, 22.861626143223997 ], [ 70.823819630962674, 22.861632846200273 ], [ 70.82382686293775, 22.862174586544768 ] ] ], [ [ [ 70.823834095132355, 22.862716326850229 ], [ 70.82382686293775, 22.862174586544768 ], [ 70.823242281317434, 22.862181287551859 ], [ 70.823249511197062, 22.862723028033699 ], [ 70.823834095132355, 22.862716326850229 ] ] ], [ [ [ 70.815086906812894, 22.864441847906548 ], [ 70.81507970868779, 22.863900105078415 ], [ 70.814495116837904, 22.863906774427502 ], [ 70.814502312647775, 22.864448517431168 ], [ 70.815086906812894, 22.864441847906548 ] ] ], [ [ [ 70.819778086213617, 22.865471897184452 ], [ 70.820362683040528, 22.86546520799487 ], [ 70.820355463640269, 22.864923466827126 ], [ 70.819770869128689, 22.864930155840661 ], [ 70.819778086213617, 22.865471897184452 ] ] ], [ [ [ 70.819207919363734, 22.866562067150547 ], [ 70.819200704156202, 22.866020325708821 ], [ 70.818616104575838, 22.866027010782386 ], [ 70.818623317467896, 22.866568752400042 ], [ 70.819207919363734, 22.866562067150547 ] ] ], [ [ [ 70.818038715353126, 22.866575435503449 ], [ 70.818045926148514, 22.867117177257967 ], [ 70.81863053057883, 22.867110493978682 ], [ 70.818623317467896, 22.866568752400042 ], [ 70.818038715353126, 22.866575435503449 ] ] ], [ [ [ 70.815750720028063, 22.870394342838889 ], [ 70.816335339228303, 22.870387667090291 ], [ 70.816328134067746, 22.869845925042611 ], [ 70.81574351718352, 22.869852600615545 ], [ 70.815750720028063, 22.870394342838889 ] ] ], [ [ [ 70.8134482122192, 22.873129738409965 ], [ 70.814032843874486, 22.87312307037022 ], [ 70.814025646886037, 22.87258132781534 ], [ 70.813441017547106, 22.872587995679641 ], [ 70.8134482122192, 22.873129738409965 ] ] ], [ [ [ 70.814234448234359, 22.888291846060689 ], [ 70.81481914455793, 22.888285170959648 ], [ 70.814811939134586, 22.887743429673232 ], [ 70.814227245129345, 22.887750104598737 ], [ 70.814234448234359, 22.888291846060689 ] ] ], [ [ [ 70.814248855099919, 22.889375328867452 ], [ 70.814241651557879, 22.888833587483589 ], [ 70.8136569526974, 22.888840260611726 ], [ 70.813664153920953, 22.889382002171068 ], [ 70.814248855099919, 22.889375328867452 ] ] ], [ [ [ 70.813079452523553, 22.889388673326192 ], [ 70.813086651646998, 22.889930415021919 ], [ 70.81367135536297, 22.889923743691369 ], [ 70.813664153920953, 22.889382002171068 ], [ 70.813079452523553, 22.889388673326192 ] ] ], [ [ [ 70.813678557023408, 22.890465485172619 ], [ 70.814263262839532, 22.890458811518027 ], [ 70.814256058860465, 22.889917070212263 ], [ 70.81367135536297, 22.889923743691369 ], [ 70.813678557023408, 22.890465485172619 ] ] ], [ [ [ 70.813700163315474, 22.892090709382099 ], [ 70.81369296099966, 22.891548968017986 ], [ 70.813108250327645, 22.891555639874824 ], [ 70.813115450324617, 22.89209738141437 ], [ 70.813700163315474, 22.892090709382099 ] ] ], [ [ [ 70.846559430355995, 22.770344555738941 ], [ 70.846574009730105, 22.771428034940907 ], [ 70.84774238301317, 22.771414510227849 ], [ 70.847727794427115, 22.770331031740064 ], [ 70.848311976129892, 22.770324266536715 ], [ 70.848304679866814, 22.769782527413007 ], [ 70.848888859044791, 22.769775760252408 ], [ 70.848874262578875, 22.768692282245457 ], [ 70.847121738195824, 22.768712576247871 ], [ 70.84714361250245, 22.770337794807471 ], [ 70.846559430355995, 22.770344555738941 ] ] ], [ [ [ 70.842513793177432, 22.773642267079296 ], [ 70.843097990693479, 22.773635520030762 ], [ 70.843090713828474, 22.773093779535163 ], [ 70.842506518615764, 22.773100526405575 ], [ 70.842513793177432, 22.773642267079296 ] ] ], [ [ [ 70.844266385061474, 22.77362201952478 ], [ 70.845434778543563, 22.773608510473615 ], [ 70.845449351364977, 22.774691989921788 ], [ 70.846033552380462, 22.774685231834944 ], [ 70.846018974952216, 22.773601752743595 ], [ 70.846603171139208, 22.773594992877292 ], [ 70.846588589991171, 22.772511513987027 ], [ 70.847172781349855, 22.772504752341483 ], [ 70.847165488805288, 22.771963013016428 ], [ 70.845997110472496, 22.771976533814357 ], [ 70.846004398410727, 22.772518273496395 ], [ 70.845420206608608, 22.772525030869598 ], [ 70.845427492465291, 22.773066770691088 ], [ 70.84425910358982, 22.773080279385606 ], [ 70.844266385061474, 22.77362201952478 ] ] ], [ [ [ 70.846610462045859, 22.774136732263983 ], [ 70.847194660314457, 22.774129970082871 ], [ 70.847187367104439, 22.773588230874712 ], [ 70.846603171139208, 22.773594992877292 ], [ 70.846610462045859, 22.774136732263983 ] ] ], [ [ [ 70.84428094866918, 22.774705499686256 ], [ 70.844273666754589, 22.774163759624997 ], [ 70.843689467377914, 22.774170511124375 ], [ 70.843696746989039, 22.774712251363884 ], [ 70.84428094866918, 22.774705499686256 ] ] ], [ [ [ 70.84428094866918, 22.774705499686256 ], [ 70.844288230805276, 22.775247239708559 ], [ 70.844872434567463, 22.775240485716225 ], [ 70.844865150127845, 22.774698745872225 ], [ 70.84428094866918, 22.774705499686256 ] ] ], [ [ [ 70.846201256549421, 22.787145230181665 ], [ 70.846785510341803, 22.787138465853264 ], [ 70.846778214111893, 22.78659672740195 ], [ 70.846193962624554, 22.786603491551848 ], [ 70.846201256549421, 22.787145230181665 ] ] ], [ [ [ 70.846201256549421, 22.787145230181665 ], [ 70.845617002535235, 22.787151992372365 ], [ 70.845624294376748, 22.787693731141648 ], [ 70.846208550696062, 22.787686968772498 ], [ 70.846201256549421, 22.787145230181665 ] ] ], [ [ [ 70.846215845064478, 22.788228707324357 ], [ 70.845631586439964, 22.788235469871953 ], [ 70.845653463959977, 22.789860685828966 ], [ 70.846237729500515, 22.789853922746026 ], [ 70.846223139654697, 22.788770445837233 ], [ 70.846807400362692, 22.788763680973329 ], [ 70.846792806793573, 22.787680204265602 ], [ 70.846208550696062, 22.787686968772498 ], [ 70.846215845064478, 22.788228707324357 ] ] ], [ [ [ 70.835245441295626, 22.798108178285808 ], [ 70.835281717292531, 22.800816883857969 ], [ 70.834697401426666, 22.800823609866583 ], [ 70.834704654980712, 22.801365351041515 ], [ 70.835288973153538, 22.801358624855485 ], [ 70.835296229235098, 22.801900365814024 ], [ 70.835880549494391, 22.801893637311309 ], [ 70.835902325983923, 22.803518859420649 ], [ 70.83765530620218, 22.803498659478635 ], [ 70.837648040230036, 22.802956919347249 ], [ 70.837063716018577, 22.80296365462306 ], [ 70.83705645257443, 22.80242191427504 ], [ 70.838225096162176, 22.802408441939381 ], [ 70.83821782832463, 22.80186670190772 ], [ 70.839386466414595, 22.801853221370319 ], [ 70.839379194183948, 22.801311481655226 ], [ 70.840547826775733, 22.801297992916581 ], [ 70.840533273750026, 22.800214514080984 ], [ 70.841117585100406, 22.800207766858811 ], [ 70.841095750300525, 22.798582548846923 ], [ 70.839927141218823, 22.798596040084554 ], [ 70.839941688304151, 22.799679519509887 ], [ 70.838773069111355, 22.799693002903162 ], [ 70.838780338372089, 22.800234742913005 ], [ 70.837611713681852, 22.800248218105569 ], [ 70.837604449034714, 22.79970647774029 ], [ 70.837020138665125, 22.799713211950298 ], [ 70.837012876545543, 22.799171471368414 ], [ 70.837597184608384, 22.799164737336032 ], [ 70.837589920402891, 22.798622996892799 ], [ 70.837005614646699, 22.79862973074755 ], [ 70.836998352968578, 22.798087990087712 ], [ 70.838166959646983, 22.7980745205946 ], [ 70.838159693576571, 22.797532780251093 ], [ 70.837575392654301, 22.797539515889405 ], [ 70.83755360268745, 22.795914294091986 ], [ 70.838137896690597, 22.795907558986716 ], [ 70.838145162098385, 22.796449299447147 ], [ 70.838729458186975, 22.796442562025501 ], [ 70.838714922979719, 22.795359081421118 ], [ 70.837546339806764, 22.795372553414907 ], [ 70.837539077146857, 22.794830812698851 ], [ 70.838123366537602, 22.794824077948928 ], [ 70.83811610179238, 22.79428233737157 ], [ 70.839868961720924, 22.794262120823984 ], [ 70.839861690278511, 22.793720380741004 ], [ 70.842198824530698, 22.793693396117657 ], [ 70.842176983859389, 22.792068177770638 ], [ 70.842761259951686, 22.792061426803169 ], [ 70.842753977864874, 22.791519687454318 ], [ 70.843922524773816, 22.791506179461116 ], [ 70.843915238297114, 22.79096444042969 ], [ 70.843330967259007, 22.790971195317137 ], [ 70.843316399581227, 22.789887716780896 ], [ 70.844484932213788, 22.789874205580897 ], [ 70.84447764409623, 22.789332466610819 ], [ 70.843309116074508, 22.789345977454296 ], [ 70.843287266883038, 22.787720759240653 ], [ 70.843871524088811, 22.787714005422544 ], [ 70.843878809236401, 22.788255744687852 ], [ 70.844463068525855, 22.788248988553704 ], [ 70.844455781073052, 22.787707249466671 ], [ 70.845040037835716, 22.787700491373037 ], [ 70.845018169891517, 22.78607527441309 ], [ 70.845602419517348, 22.786068514716856 ], [ 70.845609710915426, 22.786610253564106 ], [ 70.846193962624554, 22.786603491551848 ], [ 70.846179375440173, 22.785520014175262 ], [ 70.84559512834096, 22.785526775830636 ], [ 70.845573256141989, 22.783901558938108 ], [ 70.844989015735422, 22.783908317920805 ], [ 70.844974439987112, 22.782824839440806 ], [ 70.845558675784432, 22.782818080814863 ], [ 70.845544096313617, 22.781734602535732 ], [ 70.844375633715231, 22.781748116936974 ], [ 70.84436834892108, 22.781206377382258 ], [ 70.84378411959392, 22.781213131198911 ], [ 70.843776837325578, 22.780671391426964 ], [ 70.844361064348433, 22.780664637788572 ], [ 70.84435377999732, 22.780122898155916 ], [ 70.844938004494423, 22.780116142558814 ], [ 70.844923431848514, 22.779032663533222 ], [ 70.845507651515774, 22.779025906155887 ], [ 70.845493075148241, 22.777942427331165 ], [ 70.846077289985914, 22.777935668173821 ], [ 70.846055420185522, 22.776310450179732 ], [ 70.845471212259255, 22.776317208801814 ], [ 70.845456638108104, 22.775233729587427 ], [ 70.844872434567463, 22.775240485716225 ], [ 70.844879719228629, 22.775782225521262 ], [ 70.843127100366843, 22.775802481623604 ], [ 70.843163492438961, 22.778511182738075 ], [ 70.843747710466744, 22.778504431949511 ], [ 70.843762273453279, 22.779587911766168 ], [ 70.843178050817372, 22.77959466291113 ], [ 70.843192610081275, 22.780678142928323 ], [ 70.84260838261558, 22.780684892292651 ], [ 70.8426156602753, 22.781226632420942 ], [ 70.842031430283981, 22.781233379826315 ], [ 70.842038705860631, 22.781775120093744 ], [ 70.843207170230727, 22.781761622789652 ], [ 70.843214450637532, 22.782303362661871 ], [ 70.841461746837126, 22.782323605946551 ], [ 70.841476294487578, 22.783407086642651 ], [ 70.840892054835834, 22.783413830485753 ], [ 70.840921143572004, 22.785580792122296 ], [ 70.840336894480018, 22.785587534539793 ], [ 70.840358706439005, 22.787212755891851 ], [ 70.839774450210868, 22.787219496705422 ], [ 70.839810796370983, 22.78992819906891 ], [ 70.839226528395244, 22.789934938633881 ], [ 70.839262868552794, 22.792643640912274 ], [ 70.838094308881821, 22.792657115405664 ], [ 70.838072517958835, 22.791031893089038 ], [ 70.837488244709306, 22.791038626595277 ], [ 70.837502767159037, 22.792122108534006 ], [ 70.83691848907732, 22.792128840257327 ], [ 70.836925748327502, 22.792670581345842 ], [ 70.837510028715045, 22.792663849444907 ], [ 70.837517290491846, 22.793205590316855 ], [ 70.836933007798407, 22.793212322395398 ], [ 70.836947527402316, 22.794295804377597 ], [ 70.835194664162046, 22.794315988848023 ], [ 70.835209170811922, 22.795399471739369 ], [ 70.835793463391582, 22.795392745366154 ], [ 70.835800719353543, 22.795934486575923 ], [ 70.835216424467646, 22.795941213126596 ], [ 70.835230932440595, 22.797024695784138 ], [ 70.835815231939208, 22.797017968878563 ], [ 70.835822488562926, 22.797559709971434 ], [ 70.836406790147393, 22.797552980749575 ], [ 70.836414049298241, 22.798094721625962 ], [ 70.835245441295626, 22.798108178285808 ] ], [ [ 70.84270300945586, 22.787727510920995 ], [ 70.842695729140061, 22.787185771260329 ], [ 70.843279984262111, 22.787179019758149 ], [ 70.843287266883038, 22.787720759240653 ], [ 70.84270300945586, 22.787727510920995 ] ], [ [ 70.844382918730929, 22.782289856452724 ], [ 70.843798684794962, 22.782296610625895 ], [ 70.84379140208371, 22.781754870931891 ], [ 70.844375633715231, 22.781748116936974 ], [ 70.844382918730929, 22.782289856452724 ] ], [ [ 70.835786207650202, 22.794851004117415 ], [ 70.836370497703086, 22.794844275783102 ], [ 70.836377755750632, 22.795386016854334 ], [ 70.835793463391582, 22.795392745366154 ], [ 70.835786207650202, 22.794851004117415 ] ], [ [ 70.837049189351049, 22.801880173888051 ], [ 70.837041926348434, 22.801338433462089 ], [ 70.837626243638624, 22.801331698719181 ], [ 70.837633508948244, 22.801873438967519 ], [ 70.837049189351049, 22.801880173888051 ] ], [ [ 70.840438700646018, 22.793171897848715 ], [ 70.840431427339837, 22.792630157865688 ], [ 70.84101570640172, 22.792623413134951 ], [ 70.841022982013754, 22.793165152940034 ], [ 70.840438700646018, 22.793171897848715 ] ], [ [ 70.844901574541495, 22.777407444702582 ], [ 70.844894289215645, 22.776865705014441 ], [ 70.84547849966728, 22.776858948350565 ], [ 70.845485787296923, 22.777400687860347 ], [ 70.844901574541495, 22.777407444702582 ] ] ], [ [ [ 70.845689930928003, 22.792569378310965 ], [ 70.845675343475563, 22.791485901435124 ], [ 70.845091070796627, 22.791492662915278 ], [ 70.845105653637603, 22.792576140147911 ], [ 70.845689930928003, 22.792569378310965 ] ] ], [ [ [ 70.848027037871361, 22.792542309580565 ], [ 70.848005129357105, 22.790917096350814 ], [ 70.846836590163292, 22.790930633920937 ], [ 70.846865783513962, 22.793097586244741 ], [ 70.847450062444722, 22.793090817814445 ], [ 70.8474427614684, 22.792549079970552 ], [ 70.848027037871361, 22.792542309580565 ] ] ], [ [ [ 70.844535955241469, 22.79366637727999 ], [ 70.845120237365293, 22.793659617224613 ], [ 70.845112945390611, 22.793117878705758 ], [ 70.844528665572696, 22.793124638582785 ], [ 70.844535955241469, 22.79366637727999 ] ] ], [ [ [ 70.846880381520648, 22.794181062172701 ], [ 70.846873082406361, 22.793639324228216 ], [ 70.846288800947818, 22.793646090698719 ], [ 70.846296097756138, 22.79418782882172 ], [ 70.846880381520648, 22.794181062172701 ] ] ], [ [ [ 70.84162909824164, 22.79478362454034 ], [ 70.841621819659906, 22.794241885030207 ], [ 70.841037533901428, 22.794248632433256 ], [ 70.841044810177067, 22.794790372121401 ], [ 70.84162909824164, 22.79478362454034 ] ] ], [ [ [ 70.846894980414945, 22.795264537944679 ], [ 70.8474792685697, 22.795257768800077 ], [ 70.847464665063271, 22.79417429338525 ], [ 70.846880381520648, 22.794181062172701 ], [ 70.846894980414945, 22.795264537944679 ] ] ], [ [ [ 70.844565116132813, 22.795833331678914 ], [ 70.844550535243897, 22.794749854557434 ], [ 70.843966248286407, 22.794756612831019 ], [ 70.843980824563005, 22.795840090309095 ], [ 70.844565116132813, 22.795833331678914 ] ] ], [ [ [ 70.843396532771649, 22.795846846800657 ], [ 70.843403818936025, 22.796388585659461 ], [ 70.84398811303366, 22.796381828989656 ], [ 70.843980824563005, 22.795840090309095 ], [ 70.843396532771649, 22.795846846800657 ] ] ], [ [ [ 70.845748289608053, 22.79690328425475 ], [ 70.84633258512531, 22.796896518851831 ], [ 70.846317989512116, 22.795813042956762 ], [ 70.845733698607432, 22.795819808002751 ], [ 70.845748289608053, 22.79690328425475 ] ] ], [ [ [ 70.843418391929276, 22.797472063260095 ], [ 70.843403818936025, 22.796388585659461 ], [ 70.842819524616914, 22.7963953401906 ], [ 70.842834092997407, 22.797478818147606 ], [ 70.843418391929276, 22.797472063260095 ] ] ], [ [ [ 70.846931481534185, 22.797973226692221 ], [ 70.84692418086648, 22.797431489020706 ], [ 70.846339883264704, 22.797438256740865 ], [ 70.84634718162593, 22.797979994590907 ], [ 70.846931481534185, 22.797973226692221 ] ] ], [ [ [ 70.844009979775024, 22.798007044797391 ], [ 70.844002690639655, 22.797465306233804 ], [ 70.843418391929276, 22.797472063260095 ], [ 70.843425678758152, 22.798013802001929 ], [ 70.844009979775024, 22.798007044797391 ] ] ], [ [ [ 70.841672774378821, 22.798034060782491 ], [ 70.841665494469396, 22.797492321506262 ], [ 70.841081194873439, 22.797499069977405 ], [ 70.841088472476358, 22.798040809431654 ], [ 70.841672774378821, 22.798034060782491 ] ] ], [ [ [ 70.844601572233771, 22.798542023800312 ], [ 70.844594280570277, 22.79800028545402 ], [ 70.844009979775024, 22.798007044797391 ], [ 70.844017269131953, 22.798548783321991 ], [ 70.844601572233771, 22.798542023800312 ] ] ], [ [ [ 70.842300774004372, 22.801277743764661 ], [ 70.844053719240478, 22.801257475360078 ], [ 70.844024558710473, 22.799090521807592 ], [ 70.842855947228927, 22.799104034790709 ], [ 70.842863232415652, 22.799645773593763 ], [ 70.841694615434918, 22.799659278377273 ], [ 70.841701896229551, 22.800201017497553 ], [ 70.842286207137391, 22.800194265997227 ], [ 70.842300774004372, 22.801277743764661 ] ] ], [ [ [ 70.842315341756944, 22.802361221376128 ], [ 70.842300774004372, 22.801277743764661 ], [ 70.841716458482793, 22.801284495621157 ], [ 70.841731021621328, 22.802367973588794 ], [ 70.842315341756944, 22.802361221376128 ] ] ], [ [ [ 70.841146701264378, 22.802374723662165 ], [ 70.841153980858508, 22.802916462765531 ], [ 70.84173830352259, 22.802909712514129 ], [ 70.841731021621328, 22.802367973588794 ], [ 70.841146701264378, 22.802374723662165 ] ] ], [ [ [ 70.839992610067654, 22.803471696270513 ], [ 70.839408284432807, 22.80347844028169 ], [ 70.83940101153901, 22.802936700683556 ], [ 70.838816687990303, 22.802943442377494 ], [ 70.838838500413019, 22.804568661588362 ], [ 70.839422830883564, 22.804561919360996 ], [ 70.839415557547653, 22.804020179840833 ], [ 70.840584213210789, 22.804006689323277 ], [ 70.84057693548138, 22.803464950119917 ], [ 70.841161260673914, 22.803458201829898 ], [ 70.841153980858508, 22.802916462765531 ], [ 70.839985334866654, 22.802929956850246 ], [ 70.839992610067654, 22.803471696270513 ] ] ], [ [ [ 70.838853043133128, 22.805652140867334 ], [ 70.839437378218577, 22.805645398284341 ], [ 70.839430104440538, 22.805103658842164 ], [ 70.838845771662577, 22.805110401247344 ], [ 70.838838500413019, 22.804568661588362 ], [ 70.83825416972148, 22.804575401676185 ], [ 70.838261438663622, 22.805117141512916 ], [ 70.837092772002975, 22.80513061562527 ], [ 70.837100036551021, 22.805672355778363 ], [ 70.837684372299279, 22.805665619614349 ], [ 70.837691639375706, 22.806207359550807 ], [ 70.838860314824686, 22.806193880448337 ], [ 70.838853043133128, 22.805652140867334 ] ] ], [ [ [ 70.838297786688287, 22.807825840111779 ], [ 70.838882131225432, 22.807819098957403 ], [ 70.838874858870824, 22.807277359493369 ], [ 70.838290516641464, 22.807284100469985 ], [ 70.838297786688287, 22.807825840111779 ] ] ], [ [ [ 70.839510128158707, 22.811062790561508 ], [ 70.839495576401916, 22.809979312418037 ], [ 70.83832686908508, 22.809992798289024 ], [ 70.83834141160925, 22.811076277143691 ], [ 70.839510128158707, 22.811062790561508 ] ] ], [ [ [ 70.847698427734301, 22.811509881301195 ], [ 70.847676502824626, 22.809884671630993 ], [ 70.847092152378579, 22.809891445597685 ], [ 70.847114070363844, 22.811516655803736 ], [ 70.847698427734301, 22.811509881301195 ] ] ], [ [ [ 70.839517404368777, 22.811604529574737 ], [ 70.840101764620144, 22.811597782895433 ], [ 70.840094486101819, 22.811056044060088 ], [ 70.839510128158707, 22.811062790561508 ], [ 70.839517404368777, 22.811604529574737 ] ] ], [ [ [ 70.847135990347354, 22.81314186565864 ], [ 70.846551625829818, 22.813148638556655 ], [ 70.846566235645284, 22.814232111955285 ], [ 70.847150604779898, 22.81422533870014 ], [ 70.847135990347354, 22.81314186565864 ] ] ], [ [ [ 70.847157912329237, 22.814767075162361 ], [ 70.847742283550403, 22.81476029958808 ], [ 70.84773497369244, 22.814218563304483 ], [ 70.847150604779898, 22.81422533870014 ], [ 70.847157912329237, 22.814767075162361 ] ] ], [ [ [ 70.845426700535015, 22.816412599800977 ], [ 70.846011079348472, 22.816405830113027 ], [ 70.845996472374779, 22.815322356669515 ], [ 70.84541209817894, 22.815329126000542 ], [ 70.845426700535015, 22.816412599800977 ] ] ], [ [ [ 70.846040295959014, 22.818572776531798 ], [ 70.846025687209888, 22.817489303400457 ], [ 70.845441303778514, 22.817496073445334 ], [ 70.845455907909454, 22.818579546933599 ], [ 70.846040295959014, 22.818572776531798 ] ] ], [ [ [ 70.841949574955294, 22.818620124383894 ], [ 70.841942286633767, 22.818078386589658 ], [ 70.841357899341759, 22.818085141826511 ], [ 70.841365185354135, 22.818626879798828 ], [ 70.841949574955294, 22.818620124383894 ] ] ], [ [ [ 70.845485118833764, 22.820746493441863 ], [ 70.846069516120536, 22.820739722326177 ], [ 70.846047600666466, 22.819114513038933 ], [ 70.845463210307713, 22.819121283619204 ], [ 70.845485118833764, 22.820746493441863 ] ] ], [ [ [ 70.838472334105504, 22.820827579815663 ], [ 70.83905673405026, 22.820820834394581 ], [ 70.839049456390129, 22.820279095866578 ], [ 70.838465058754821, 22.820285841109868 ], [ 70.838472334105504, 22.820827579815663 ] ] ], [ [ [ 70.843739221999712, 22.821308531006309 ], [ 70.844908022301382, 22.821294999124273 ], [ 70.844900721325089, 22.820753262416353 ], [ 70.843731925642388, 22.820766793941726 ], [ 70.843739221999712, 22.821308531006309 ] ] ], [ [ [ 70.843768409645776, 22.823475478874414 ], [ 70.843761112401722, 22.822933741965926 ], [ 70.843176704989432, 22.822940505229802 ], [ 70.843183999923696, 22.82348224231654 ], [ 70.843768409645776, 22.823475478874414 ] ] ], [ [ [ 70.837953401254737, 22.82570997129185 ], [ 70.837946126224637, 22.825168232759413 ], [ 70.837361707359634, 22.825174975319527 ], [ 70.837368980079631, 22.825716714029657 ], [ 70.837953401254737, 22.82570997129185 ] ] ], [ [ [ 70.836806371238481, 22.827348671054924 ], [ 70.837390799565242, 22.827341929925957 ], [ 70.837376253020551, 22.82625845270077 ], [ 70.836791829314336, 22.826265193474455 ], [ 70.836806371238481, 22.827348671054924 ] ] ], [ [ [ 70.842657938952144, 22.827822900331828 ], [ 70.842643350379674, 22.826739426387324 ], [ 70.842058926354255, 22.826746186615324 ], [ 70.842073510306093, 22.82782966091613 ], [ 70.842657938952144, 22.827822900331828 ] ] ], [ [ [ 70.842102680867967, 22.829996609049417 ], [ 70.842088095143978, 22.828913135060834 ], [ 70.841503661655508, 22.828919893859382 ], [ 70.841518242758298, 22.830003368204164 ], [ 70.842102680867967, 22.829996609049417 ] ] ], [ [ [ 70.83744171943178, 22.831134098985075 ], [ 70.838026163711731, 22.831127354470251 ], [ 70.838018886471389, 22.830585616328001 ], [ 70.837434444502236, 22.830592360665115 ], [ 70.83744171943178, 22.831134098985075 ] ] ], [ [ [ 70.842124561115426, 22.83162181973956 ], [ 70.842117267478059, 22.831080082881879 ], [ 70.841532824746935, 22.831086842392832 ], [ 70.841540116073446, 22.831628579428617 ], [ 70.842124561115426, 22.83162181973956 ] ] ], [ [ [ 70.837456269953805, 22.832217575507933 ], [ 70.837448994582303, 22.831675837266012 ], [ 70.836864547770503, 22.831682579816171 ], [ 70.836871820831078, 22.832224318235745 ], [ 70.837456269953805, 22.832217575507933 ] ] ], [ [ [ 70.840970249505531, 22.832718811285908 ], [ 70.841554699390898, 22.832712053383105 ], [ 70.841547407621434, 22.832170316425376 ], [ 70.840962960047065, 22.832177074150131 ], [ 70.840970249505531, 22.832718811285908 ] ] ], [ [ [ 70.836959114790176, 22.83872517622676 ], [ 70.837543591649677, 22.838718431366981 ], [ 70.837536313626117, 22.83817669359339 ], [ 70.836951839078395, 22.83818343827549 ], [ 70.836959114790176, 22.83872517622676 ] ] ], [ [ [ 70.838157191840594, 22.840878634357257 ], [ 70.83874167750578, 22.840871884500128 ], [ 70.838734393973951, 22.840330147238181 ], [ 70.838149910620828, 22.84033689691752 ], [ 70.838157191840594, 22.840878634357257 ] ] ], [ [ [ 70.837587264432884, 22.841968857188895 ], [ 70.837579985083067, 22.841427119649499 ], [ 70.83699549666359, 22.84143386539764 ], [ 70.837002773701187, 22.841975603114722 ], [ 70.837587264432884, 22.841968857188895 ] ] ], [ [ [ 70.839348021808988, 22.842490343517735 ], [ 70.83933344901493, 22.841406869544727 ], [ 70.838748961258801, 22.841413621723031 ], [ 70.838763529428419, 22.842497096051741 ], [ 70.839348021808988, 22.842490343517735 ] ] ], [ [ [ 70.837630945174013, 22.845219281605516 ], [ 70.838215449559328, 22.845212532469798 ], [ 70.838200883802827, 22.844129058175895 ], [ 70.837616384042704, 22.844135806956125 ], [ 70.837630945174013, 22.845219281605516 ] ] ], [ [ [ 70.838230016200399, 22.846296006607531 ], [ 70.838222732769296, 22.845754269558192 ], [ 70.837638226071292, 22.845761018871649 ], [ 70.837645507189649, 22.846302756098737 ], [ 70.838230016200399, 22.846296006607531 ] ] ], [ [ [ 70.840640989032167, 22.851686348433951 ], [ 70.840633694135477, 22.851144612486674 ], [ 70.840049165191871, 22.851151372155247 ], [ 70.840056457775106, 22.851693108280507 ], [ 70.840640989032167, 22.851686348433951 ] ] ], [ [ [ 70.837718330533534, 22.851720126222215 ], [ 70.838302862675789, 22.85171337495348 ], [ 70.838295577032937, 22.851171638294598 ], [ 70.837711047204138, 22.851178389385574 ], [ 70.837718330533534, 22.851720126222215 ] ] ], [ [ [ 70.841240115152601, 22.852763057864234 ], [ 70.841232817499389, 22.852221322173119 ], [ 70.840648284150291, 22.852228084342165 ], [ 70.840655579489933, 22.852769820211321 ], [ 70.841240115152601, 22.852763057864234 ] ] ], [ [ [ 70.838324720931524, 22.853338584695795 ], [ 70.838317434625083, 22.852796848154071 ], [ 70.837732897855687, 22.852803599778341 ], [ 70.83774018184846, 22.853345336497831 ], [ 70.838324720931524, 22.853338584695795 ] ] ], [ [ [ 70.859826746627832, 22.757728586660157 ], [ 70.859242622323762, 22.757735390447547 ], [ 70.859235287440953, 22.757193653831902 ], [ 70.858067042765711, 22.757207254643681 ], [ 70.858059712708297, 22.756665517629799 ], [ 70.857475592337224, 22.756672314654345 ], [ 70.857468264803913, 22.756130577421935 ], [ 70.856884146510936, 22.756137372132518 ], [ 70.856869496715092, 22.755053897191818 ], [ 70.857453610406168, 22.755047102840219 ], [ 70.857446283541719, 22.75450536549091 ], [ 70.855693948702509, 22.754525741604485 ], [ 70.855686628963369, 22.753984003677925 ], [ 70.853934299021915, 22.754004360045403 ], [ 70.853948924917944, 22.755087836935168 ], [ 70.85278069464087, 22.755101397892268 ], [ 70.852788003320782, 22.755643136636966 ], [ 70.852203885547681, 22.755649914093066 ], [ 70.852218498972576, 22.75673339182369 ], [ 70.851634376375017, 22.756740167503374 ], [ 70.851641681119801, 22.75728190648924 ], [ 70.852225806018524, 22.757275130630557 ], [ 70.8522331132868, 22.757816869398486 ], [ 70.851648986086843, 22.757823645436147 ], [ 70.851670902321615, 22.759448862043158 ], [ 70.852255036425703, 22.75944208546851 ], [ 70.852247728490383, 22.758900346817462 ], [ 70.853415991428562, 22.758886787621986 ], [ 70.85340867911286, 22.758345049290131 ], [ 70.853992807946881, 22.758338266669472 ], [ 70.853985493552358, 22.757796528477815 ], [ 70.856906122876353, 22.757762584251328 ], [ 70.856920774901141, 22.758846058802376 ], [ 70.857504904700122, 22.758839263194304 ], [ 70.857512233348288, 22.759381000231869 ], [ 70.858680496880083, 22.759367402252469 ], [ 70.858687830354185, 22.759909138891885 ], [ 70.859271964086901, 22.759902336520387 ], [ 70.859264628311337, 22.759360600060642 ], [ 70.859848759519394, 22.759353795734075 ], [ 70.859841421665607, 22.758812059415082 ], [ 70.860425550349021, 22.758805253133556 ], [ 70.86041821041718, 22.758263516955367 ], [ 70.8598340840351, 22.758270323057104 ], [ 70.859826746627832, 22.757728586660157 ] ], [ [ 70.855146427175697, 22.757241219318889 ], [ 70.855139108623973, 22.7566994814078 ], [ 70.853970865430966, 22.756713051977631 ], [ 70.853956238199743, 22.75562957532161 ], [ 70.85454035530546, 22.755622791462365 ], [ 70.854547671110808, 22.756164529630642 ], [ 70.855715909256375, 22.756150955150432 ], [ 70.855730550739352, 22.757234430652915 ], [ 70.855146427175697, 22.757241219318889 ] ] ], [ [ [ 70.855752514634503, 22.758859643614418 ], [ 70.855745193113364, 22.758317905999547 ], [ 70.855161064947197, 22.758324695024175 ], [ 70.855168384167001, 22.758866432818376 ], [ 70.855752514634503, 22.758859643614418 ] ] ], [ [ [ 70.861608496785109, 22.759875105686447 ], [ 70.861601151803697, 22.759333369945942 ], [ 70.861017021265639, 22.75934018067672 ], [ 70.861024363945603, 22.759881916597116 ], [ 70.861608496785109, 22.759875105686447 ] ] ], [ [ [ 70.862199976907547, 22.760410028162539 ], [ 70.86219262940115, 22.759868292640974 ], [ 70.861608496785109, 22.759875105686447 ], [ 70.861615841989988, 22.760416841387958 ], [ 70.862199976907547, 22.760410028162539 ] ] ], [ [ [ 70.862791461633094, 22.760944948104846 ], [ 70.86278411160157, 22.760403212802281 ], [ 70.862199976907547, 22.760410028162539 ], [ 70.862207324637509, 22.760951763645117 ], [ 70.862791461633094, 22.760944948104846 ] ] ], [ [ [ 70.854029383257881, 22.761046957043312 ], [ 70.854022067750549, 22.760505219046468 ], [ 70.853437929710637, 22.760512002383784 ], [ 70.853445242916337, 22.761053740559792 ], [ 70.854029383257881, 22.761046957043312 ] ] ], [ [ [ 70.851086767995227, 22.759455636483011 ], [ 70.850502633446638, 22.759462408788085 ], [ 70.850517236175008, 22.760545887046952 ], [ 70.849933096801152, 22.76055265757488 ], [ 70.849954995654599, 22.762177875207502 ], [ 70.850539141933666, 22.762171104143086 ], [ 70.850524537872403, 22.761087626117948 ], [ 70.851108679325762, 22.76108085327623 ], [ 70.851101375326706, 22.760539114384116 ], [ 70.8522696529634, 22.76052556265374 ], [ 70.85226234458338, 22.759983824080606 ], [ 70.851094071549866, 22.75999737545304 ], [ 70.851086767995227, 22.759455636483011 ] ] ], [ [ [ 70.855781802946808, 22.761026593684225 ], [ 70.855774480534564, 22.760484856225222 ], [ 70.85460620556789, 22.760498433574266 ], [ 70.854620841408476, 22.761581909170541 ], [ 70.855204983606527, 22.761575121204896 ], [ 70.855197663273188, 22.761033383605522 ], [ 70.855781802946808, 22.761026593684225 ] ] ], [ [ [ 70.853459869995206, 22.762137216794923 ], [ 70.853452556344507, 22.76159547869684 ], [ 70.851115983547061, 22.761622592129392 ], [ 70.851123287990589, 22.762164330943587 ], [ 70.853459869995206, 22.762137216794923 ] ] ], [ [ [ 70.850546444297535, 22.762712843097216 ], [ 70.851130592656332, 22.762706069718828 ], [ 70.851123287990589, 22.762164330943587 ], [ 70.850539141933666, 22.762171104143086 ], [ 70.850546444297535, 22.762712843097216 ] ] ], [ [ [ 70.850568352722163, 22.764338059725841 ], [ 70.850575655974737, 22.764879798524142 ], [ 70.851159813541713, 22.76487302443018 ], [ 70.851145202654536, 22.763789547152427 ], [ 70.850561049691791, 22.763796320888595 ], [ 70.850553746883577, 22.763254582012383 ], [ 70.849969596000676, 22.763261353434473 ], [ 70.849954995654599, 22.762177875207502 ], [ 70.849370849153431, 22.762184644136848 ], [ 70.849392743099841, 22.763809861955195 ], [ 70.848808589470792, 22.763816629285621 ], [ 70.848815885594888, 22.764358368659217 ], [ 70.848231729441764, 22.764365134033053 ], [ 70.848239023485661, 22.764906873546366 ], [ 70.847654864808476, 22.764913636963506 ], [ 70.847647573066752, 22.76437189727158 ], [ 70.847063416469894, 22.764378658374792 ], [ 70.847077995570757, 22.765462138076792 ], [ 70.847662156772031, 22.765455376616465 ], [ 70.847676741364651, 22.766538855805532 ], [ 70.846508409530927, 22.766552377304876 ], [ 70.846515697555077, 22.767094117198038 ], [ 70.847099865885298, 22.767087357337633 ], [ 70.847107156433694, 22.767629097013341 ], [ 70.847691326844654, 22.767622334838766 ], [ 70.84768403399373, 22.767080595341632 ], [ 70.84826820188033, 22.76707383121002 ], [ 70.848260906948795, 22.766532091852543 ], [ 70.848845072311022, 22.766525325764018 ], [ 70.848837775299017, 22.765983586546252 ], [ 70.849421938136885, 22.765976818500921 ], [ 70.849400041526053, 22.764351601150064 ], [ 70.850568352722163, 22.764338059725841 ] ] ], [ [ [ 70.855862364186095, 22.766985703161129 ], [ 70.855855039323018, 22.766443966130833 ], [ 70.854686713712653, 22.766457547424814 ], [ 70.854694033970929, 22.76699928481376 ], [ 70.855862364186095, 22.766985703161129 ] ] ], [ [ [ 70.869305475498706, 22.767370633041871 ], [ 70.870473799137045, 22.767356944252047 ], [ 70.870466416490558, 22.766815211762875 ], [ 70.869298097456991, 22.766828900191214 ], [ 70.869305475498706, 22.767370633041871 ] ] ], [ [ [ 70.848282792409137, 22.768157309808096 ], [ 70.848866964678933, 22.768150543183538 ], [ 70.848859667000966, 22.767608804082656 ], [ 70.848275497033768, 22.767615570528541 ], [ 70.848282792409137, 22.768157309808096 ] ] ], [ [ [ 70.855285521973329, 22.767534232225902 ], [ 70.855300168208473, 22.768617706450332 ], [ 70.855884340112326, 22.768610914018176 ], [ 70.855877014580742, 22.768069177104806 ], [ 70.856461183959141, 22.768062382716344 ], [ 70.856453856347855, 22.767520645943403 ], [ 70.855285521973329, 22.767534232225902 ] ] ], [ [ [ 70.856461183959141, 22.768062382716344 ], [ 70.856475839850418, 22.769145856145276 ], [ 70.855891665866736, 22.769152650892565 ], [ 70.855920971112866, 22.771319598000321 ], [ 70.856505154307968, 22.771312802535363 ], [ 70.856483168130438, 22.769687592801276 ], [ 70.85706734419395, 22.769680795738736 ], [ 70.857060013611189, 22.769139059262208 ], [ 70.857644187148978, 22.769132260243378 ], [ 70.857636854486529, 22.768590523907395 ], [ 70.857052683251425, 22.768597322746704 ], [ 70.857045353114628, 22.768055586192212 ], [ 70.856461183959141, 22.768062382716344 ] ] ], [ [ [ 70.865267875443863, 22.771210614242811 ], [ 70.865260511951163, 22.770668880401811 ], [ 70.864676334410248, 22.770675707726163 ], [ 70.86468369560005, 22.771217441747424 ], [ 70.865267875443863, 22.771210614242811 ] ] ], [ [ [ 70.869992985822947, 22.774948042997408 ], [ 70.869985602335333, 22.774406310873687 ], [ 70.870569793979485, 22.774399463060981 ], [ 70.870562408413164, 22.773857731079019 ], [ 70.869394029506864, 22.773871424206668 ], [ 70.869386648771595, 22.773329691824188 ], [ 70.870555023071446, 22.773315999058035 ], [ 70.87054763795436, 22.772774266998034 ], [ 70.87113182246425, 22.772767417591574 ], [ 70.871124435268726, 22.772225685673384 ], [ 70.870540253061904, 22.772232534899011 ], [ 70.870532868394065, 22.771690802760972 ], [ 70.869948688265637, 22.771697649669793 ], [ 70.869933924209576, 22.770614184915114 ], [ 70.869349748462412, 22.77062102932652 ], [ 70.86933498991003, 22.769537564054353 ], [ 70.869919161051669, 22.769530720004376 ], [ 70.869897017998738, 22.767905522345654 ], [ 70.86872868930655, 22.767919207225766 ], [ 70.86872131334286, 22.767377474233477 ], [ 70.86813715096261, 22.767384313289554 ], [ 70.868122404313027, 22.766300846826763 ], [ 70.867538246313202, 22.766307683386234 ], [ 70.867552988358085, 22.767391150210084 ], [ 70.864632171973355, 22.767425302779564 ], [ 70.864639531819776, 22.767967037034833 ], [ 70.863471199093269, 22.767980683474072 ], [ 70.863478554558455, 22.768522418050686 ], [ 70.865231060220111, 22.768501944647795 ], [ 70.865223697847242, 22.767960210611783 ], [ 70.866976194585646, 22.767939718528986 ], [ 70.866990933370786, 22.769023185479774 ], [ 70.86815927261928, 22.769009512691174 ], [ 70.868166646953455, 22.769551245747039 ], [ 70.867582475138661, 22.769558083389736 ], [ 70.867589847394413, 22.770099816587127 ], [ 70.867005673052631, 22.770106652274546 ], [ 70.867020413631181, 22.771190118913282 ], [ 70.867604592578672, 22.771183282864879 ], [ 70.86761196550718, 22.771725015945243 ], [ 70.867027784256734, 22.771731852174131 ], [ 70.867035155106493, 22.772273585395979 ], [ 70.866450971328831, 22.7722804196693 ], [ 70.866458340099683, 22.772822153032578 ], [ 70.865874153794792, 22.772828985350227 ], [ 70.865888887402477, 22.773912452320506 ], [ 70.866473078313788, 22.773905619642086 ], [ 70.866465709094669, 22.773363886356833 ], [ 70.868218273573774, 22.773343376045727 ], [ 70.868225649702609, 22.773885108789486 ], [ 70.867641459463911, 22.773891947876571 ], [ 70.867656207787945, 22.774975413608153 ], [ 70.86824040263329, 22.774968574159956 ], [ 70.86824777943518, 22.775510306786668 ], [ 70.867663582286369, 22.775517146415421 ], [ 70.867670957009096, 22.776058879183669 ], [ 70.867086757332501, 22.776065716856543 ], [ 70.867094129975925, 22.776607449766278 ], [ 70.867678331956114, 22.776600611912901 ], [ 70.867700458142991, 22.778225809866488 ], [ 70.868284666810041, 22.778218969334926 ], [ 70.868269911186971, 22.777135504432678 ], [ 70.86885411502216, 22.777128662125691 ], [ 70.868824597254289, 22.774961732575431 ], [ 70.869992985822947, 22.774948042997408 ] ] ], [ [ [ 70.85128404197954, 22.774082574997919 ], [ 70.85126211464592, 22.772457361010236 ], [ 70.850677924841406, 22.772464137608875 ], [ 70.850699845265197, 22.774089352133302 ], [ 70.85128404197954, 22.774082574997919 ] ] ], [ [ [ 70.867086757332501, 22.776065716856543 ], [ 70.867079384913282, 22.775523983907789 ], [ 70.865910989494523, 22.77553765248334 ], [ 70.865918357306697, 22.776079385792933 ], [ 70.867086757332501, 22.776065716856543 ] ] ], [ [ [ 70.853073215344011, 22.776770917288314 ], [ 70.853657422686354, 22.776764130711967 ], [ 70.853650103026467, 22.776222393666195 ], [ 70.853065897987804, 22.7762291800634 ], [ 70.853073215344011, 22.776770917288314 ] ] ], [ [ [ 70.848406847748095, 22.777366871598968 ], [ 70.848392249672841, 22.776283394325752 ], [ 70.847808042633815, 22.776290161494085 ], [ 70.847822636101569, 22.77737363912459 ], [ 70.848406847748095, 22.777366871598968 ] ] ], [ [ [ 70.865348888646949, 22.777169683919254 ], [ 70.865341522690272, 22.776627950507358 ], [ 70.864757319813606, 22.776634779814692 ], [ 70.864764683466603, 22.777176513406872 ], [ 70.865348888646949, 22.777169683919254 ] ] ], [ [ [ 70.864187839635505, 22.777725074491308 ], [ 70.864772047343564, 22.777718246960045 ], [ 70.864764683466603, 22.777176513406872 ], [ 70.864180478062295, 22.777183340757915 ], [ 70.864187839635505, 22.777725074491308 ] ] ], [ [ [ 70.852503638551624, 22.777861176419169 ], [ 70.853087850724094, 22.777854391621208 ], [ 70.853080532922775, 22.777312654474255 ], [ 70.85249632305414, 22.777319439093116 ], [ 70.852503638551624, 22.777861176419169 ] ] ], [ [ [ 70.847851825700175, 22.779540593917918 ], [ 70.84843604656254, 22.779533825677706 ], [ 70.848450647301789, 22.780617302483229 ], [ 70.847866421831085, 22.780624071080748 ], [ 70.847859123654644, 22.780082332518823 ], [ 70.847274900266214, 22.780089098800737 ], [ 70.847296788548491, 22.781714314905365 ], [ 70.846712558025331, 22.781721079585949 ], [ 70.846734441391064, 22.783346295875429 ], [ 70.847318678827705, 22.783339530659205 ], [ 70.847333273456641, 22.784423007633531 ], [ 70.847917515280727, 22.784416239922802 ], [ 70.847932115406877, 22.785499716383999 ], [ 70.849100607608236, 22.785486173835569 ], [ 70.849122523292195, 22.787111387162799 ], [ 70.848538270387621, 22.787118160041942 ], [ 70.848552877343934, 22.788201635755943 ], [ 70.850305649222037, 22.788181309632773 ], [ 70.850276408536772, 22.786014360194219 ], [ 70.850860656164755, 22.786007581259838 ], [ 70.850853344244214, 22.785465843981616 ], [ 70.851437589344968, 22.785459063088624 ], [ 70.851430275341954, 22.78491732595036 ], [ 70.850846032546016, 22.784924106664402 ], [ 70.850838721070133, 22.784382369308197 ], [ 70.851422961561326, 22.784375588773099 ], [ 70.851408334667255, 22.78329211430162 ], [ 70.850239862681107, 22.783305672518761 ], [ 70.850217937834671, 22.781680459445646 ], [ 70.849633708421621, 22.78168723481182 ], [ 70.84961909757709, 22.780603758877174 ], [ 70.84903487255049, 22.780610531748703 ], [ 70.849020267202903, 22.779527055300598 ], [ 70.849604487621193, 22.779520282786603 ], [ 70.849597182976467, 22.77897854468285 ], [ 70.85018140086855, 22.778971770210788 ], [ 70.850174094141991, 22.778430032246874 ], [ 70.850758309507867, 22.778423255816861 ], [ 70.85074369211361, 22.777339780129839 ], [ 70.851327902649487, 22.777333001920912 ], [ 70.851320591982002, 22.776791264197861 ], [ 70.851904799991772, 22.776784484031271 ], [ 70.851890174716488, 22.775701008826189 ], [ 70.852474377896542, 22.775694226881086 ], [ 70.852481692726599, 22.776235964324076 ], [ 70.853065897987804, 22.7762291800634 ], [ 70.853058580854125, 22.775687442799502 ], [ 70.854226986101622, 22.775673868226928 ], [ 70.854205022215041, 22.774048657276381 ], [ 70.853620826612996, 22.774055445093289 ], [ 70.853635464374506, 22.77513891945771 ], [ 70.853051263943016, 22.77514570549662 ], [ 70.853021998523801, 22.772978755895274 ], [ 70.853606189741853, 22.772971970572954 ], [ 70.853613508066118, 22.773513707852604 ], [ 70.854197701364853, 22.773506920214896 ], [ 70.85418306033246, 22.77242344597499 ], [ 70.853014682725316, 22.77243701839749 ], [ 70.853007367149345, 22.771895280860729 ], [ 70.853591553761092, 22.771888495896686 ], [ 70.853584236104581, 22.771346758500087 ], [ 70.854168420190703, 22.77133997157916 ], [ 70.85416110045378, 22.770798234322775 ], [ 70.854745282014278, 22.770791445445084 ], [ 70.854730638602661, 22.769707971173883 ], [ 70.855314815334722, 22.769701180518851 ], [ 70.855307491660213, 22.76915944350408 ], [ 70.854723317230921, 22.76916623397981 ], [ 70.854715996081879, 22.768624496746764 ], [ 70.853547651160625, 22.768638070932433 ], [ 70.853562284470499, 22.769721546076422 ], [ 70.852978107070541, 22.769728330323922 ], [ 70.852970792607081, 22.769186592592284 ], [ 70.851802441745292, 22.769200154321631 ], [ 70.851824371986069, 22.770825368473922 ], [ 70.851240189313046, 22.77083214667179 ], [ 70.85126211464592, 22.772457361010236 ], [ 70.851846304228118, 22.772450582275457 ], [ 70.851882862412452, 22.77515927116518 ], [ 70.850714459992304, 22.775172828288056 ], [ 70.850699845265197, 22.774089352133302 ], [ 70.850115648328625, 22.774096127132374 ], [ 70.850108343601804, 22.773554388817669 ], [ 70.849524148746397, 22.773561161501615 ], [ 70.849538753815452, 22.774644638449658 ], [ 70.848954554131154, 22.774651409354838 ], [ 70.848983757720234, 22.776818363498258 ], [ 70.849567966618935, 22.776811591878058 ], [ 70.849582574353434, 22.777895068358411 ], [ 70.848998360847105, 22.777901840336124 ], [ 70.84901296486224, 22.778985317018083 ], [ 70.847844527967638, 22.778998855278054 ], [ 70.847851825700175, 22.779540593917918 ] ], [ [ 70.852415867264682, 22.77136032593388 ], [ 70.852408554436707, 22.770818588140081 ], [ 70.85299273666493, 22.770811805670274 ], [ 70.852985421756486, 22.770270068016586 ], [ 70.853569601459284, 22.770263283589948 ], [ 70.853584236104581, 22.771346758500087 ], [ 70.852415867264682, 22.77136032593388 ] ], [ [ 70.850122953277634, 22.774637865408103 ], [ 70.850130258448814, 22.775179603644855 ], [ 70.849546056683138, 22.775186376865218 ], [ 70.849538753815452, 22.774644638449658 ], [ 70.850122953277634, 22.774637865408103 ] ], [ [ 70.849684853375791, 22.78547939935509 ], [ 70.849677546287225, 22.78493766168015 ], [ 70.85026178952775, 22.784930885241003 ], [ 70.850269098921132, 22.785472622737103 ], [ 70.849684853375791, 22.78547939935509 ] ], [ [ 70.848465248929102, 22.78170077913283 ], [ 70.848472550075783, 22.782242517399158 ], [ 70.849056782237497, 22.782235746128499 ], [ 70.849064085910697, 22.782777484177135 ], [ 70.849648320154785, 22.78277071059053 ], [ 70.849662932776653, 22.783854186213315 ], [ 70.849078693923389, 22.783860960157465 ], [ 70.849085998262893, 22.784402698089146 ], [ 70.848501756882825, 22.784409470074682 ], [ 70.848494454848009, 22.783867731964271 ], [ 70.847910215550613, 22.78387450163374 ], [ 70.847902916042457, 22.783332763305687 ], [ 70.848487153035236, 22.783325993814884 ], [ 70.848479851444495, 22.782784255626513 ], [ 70.847895616756261, 22.782791024938657 ], [ 70.847881018849776, 22.78170754808766 ], [ 70.848465248929102, 22.78170077913283 ] ] ], [ [ [ 70.857228673437106, 22.781598988358077 ], [ 70.857221337947749, 22.781057252739362 ], [ 70.856637113510402, 22.781064053571118 ], [ 70.856644446695483, 22.781605789369326 ], [ 70.857228673437106, 22.781598988358077 ] ] ], [ [ [ 70.861976030869357, 22.78696184299482 ], [ 70.861968674709317, 22.786420109204304 ], [ 70.862552920182182, 22.786413287339411 ], [ 70.862530846129658, 22.784788086273803 ], [ 70.863115084464368, 22.784781262811595 ], [ 70.863100364938745, 22.783697795599576 ], [ 70.863684598440386, 22.783690970360258 ], [ 70.863677236708739, 22.783149236875854 ], [ 70.864261467682013, 22.78314240967946 ], [ 70.864254103869769, 22.782600676336212 ], [ 70.864838332314662, 22.782593847182859 ], [ 70.864823600753255, 22.7815103807398 ], [ 70.864239376917027, 22.781517209532677 ], [ 70.864187839635505, 22.777725074491308 ], [ 70.863603631703583, 22.777731899885943 ], [ 70.863625710854876, 22.779357101392552 ], [ 70.863041495787456, 22.779363925190893 ], [ 70.863056211732641, 22.780447393027149 ], [ 70.861887771710286, 22.780461034933534 ], [ 70.861917187851631, 22.782627971578183 ], [ 70.86074872850044, 22.782641606376256 ], [ 70.860763428694938, 22.783725075184222 ], [ 70.8595949592317, 22.783738702152917 ], [ 70.859609651101636, 22.784822171524112 ], [ 70.85844117152628, 22.784835790662513 ], [ 70.858448513186801, 22.785377525649011 ], [ 70.857864270759464, 22.785384332191736 ], [ 70.857871610338364, 22.785926067318851 ], [ 70.858455855070545, 22.785919260596501 ], [ 70.858477882061266, 22.787544465204924 ], [ 70.857893630414154, 22.78755127246616 ], [ 70.85790097088578, 22.788093007437247 ], [ 70.859069478566965, 22.788079390417778 ], [ 70.859098861127762, 22.790246328474701 ], [ 70.859683123854538, 22.790239516039382 ], [ 70.859668427516752, 22.789156047448444 ], [ 70.860252685409421, 22.78914923323477 ], [ 70.860237985354843, 22.788065764847371 ], [ 70.860822238413604, 22.788058948855578 ], [ 70.860814886416406, 22.787517214783207 ], [ 70.861399136946531, 22.787510396833603 ], [ 70.861391782867855, 22.78696866290213 ], [ 70.861976030869357, 22.78696184299482 ] ], [ [ 70.859646384685632, 22.787530844269419 ], [ 70.859062133485111, 22.787537655806016 ], [ 70.859054788626565, 22.786995921155235 ], [ 70.859639037522058, 22.786989109798384 ], [ 70.859646384685632, 22.787530844269419 ] ], [ [ 70.859631690581864, 22.78644737528834 ], [ 70.860215936949004, 22.786440561973667 ], [ 70.860223286194142, 22.786982296303918 ], [ 70.859639037522058, 22.786989109798384 ], [ 70.859631690581864, 22.78644737528834 ] ] ], [ [ [ 70.866065760613012, 22.786914043790908 ], [ 70.866650006823178, 22.78690720678285 ], [ 70.866642632223645, 22.786365474434092 ], [ 70.866058388318422, 22.786372311261733 ], [ 70.866065760613012, 22.786914043790908 ] ] ], [ [ [ 70.869586007430925, 22.787956452453496 ], [ 70.869578620857681, 22.787414721085742 ], [ 70.868410125846651, 22.787428414701353 ], [ 70.868417507809809, 22.787970146430464 ], [ 70.869586007430925, 22.787956452453496 ] ] ], [ [ [ 70.866672131967164, 22.78853240359496 ], [ 70.866679507463644, 22.789074135787594 ], [ 70.86726376266995, 22.789067295920049 ], [ 70.867249007290894, 22.7879838318567 ], [ 70.866080505874734, 22.787997508732182 ], [ 70.866065760613012, 22.786914043790908 ], [ 70.865481514178711, 22.786920878661387 ], [ 70.865496254830347, 22.788004343963387 ], [ 70.864912003561884, 22.788011177056887 ], [ 70.864919371918702, 22.788552909829654 ], [ 70.866672131967164, 22.78853240359496 ] ] ], [ [ [ 70.867840637545044, 22.788518722083083 ], [ 70.868424889997442, 22.788511878120531 ], [ 70.868417507809809, 22.787970146430464 ], [ 70.867833257662554, 22.787976990212421 ], [ 70.867840637545044, 22.788518722083083 ] ] ], [ [ [ 70.864934109304471, 22.789636375258098 ], [ 70.864919371918702, 22.788552909829654 ], [ 70.864335118121048, 22.788559740965709 ], [ 70.864349850896303, 22.789643206754665 ], [ 70.864934109304471, 22.789636375258098 ] ] ], [ [ [ 70.857346071607623, 22.790266752952899 ], [ 70.857331393712741, 22.78918328292465 ], [ 70.856747134703753, 22.789190086449068 ], [ 70.856761807987894, 22.790273556836361 ], [ 70.857346071607623, 22.790266752952899 ] ] ], [ [ [ 70.864941478333407, 22.790178107913775 ], [ 70.865525738822868, 22.790171274099034 ], [ 70.865518367488576, 22.789629541623668 ], [ 70.864934109304471, 22.789636375258098 ], [ 70.864941478333407, 22.790178107913775 ] ] ], [ [ [ 70.863772956682411, 22.790191769129489 ], [ 70.864357217619897, 22.790184939590596 ], [ 70.864349850896303, 22.789643206754665 ], [ 70.863765592264187, 22.789650036113354 ], [ 70.863772956682411, 22.790191769129489 ] ] ], [ [ [ 70.859690472358551, 22.790781250276314 ], [ 70.860859001752715, 22.790767618632131 ], [ 70.860851648637777, 22.790225884754861 ], [ 70.859683123854538, 22.790239516039382 ], [ 70.859690472358551, 22.790781250276314 ] ] ], [ [ [ 70.863203420418259, 22.791282062805923 ], [ 70.863196057857721, 22.790740329687697 ], [ 70.863780321324555, 22.790733502106601 ], [ 70.863772956682411, 22.790191769129489 ], [ 70.862020172526783, 22.790212244918539 ], [ 70.862027530252618, 22.790753978435916 ], [ 70.862611794167051, 22.790747155130802 ], [ 70.862619154422077, 22.791288888429126 ], [ 70.863203420418259, 22.791282062805923 ] ] ], [ [ [ 70.864963586764532, 22.791803305646635 ], [ 70.86494884758639, 22.790719840530429 ], [ 70.864364584567468, 22.790726672387507 ], [ 70.864379319134528, 22.791810137864232 ], [ 70.864963586764532, 22.791803305646635 ] ] ], [ [ [ 70.863802416594424, 22.792358700803753 ], [ 70.864386686754045, 22.792351870544046 ], [ 70.864379319134528, 22.791810137864232 ], [ 70.863795051280547, 22.791816967943735 ], [ 70.863802416594424, 22.792358700803753 ] ] ], [ [ [ 70.865592090917261, 22.795046864620822 ], [ 70.865562598856172, 22.79287993589038 ], [ 70.863809782132236, 22.792900433624748 ], [ 70.863817147893954, 22.793442166406706 ], [ 70.864985697212191, 22.793428503028196 ], [ 70.865000438630958, 22.794511967754069 ], [ 70.864416159472086, 22.794518800872989 ], [ 70.864423528211617, 22.795060533357638 ], [ 70.865592090917261, 22.795046864620822 ] ] ], [ [ [ 70.860326199091645, 22.794566572830572 ], [ 70.860318846717661, 22.794024839046589 ], [ 70.859734568074614, 22.794031654878548 ], [ 70.85974191814266, 22.794573388842345 ], [ 70.860326199091645, 22.794566572830572 ] ] ], [ [ [ 70.862064322237302, 22.793462645437415 ], [ 70.86208640011273, 22.795087845169988 ], [ 70.862670682473222, 22.795081020424568 ], [ 70.862655959053953, 22.793997554335302 ], [ 70.863824513879607, 22.793983899149634 ], [ 70.863817147893954, 22.793442166406706 ], [ 70.862064322237302, 22.793462645437415 ] ] ], [ [ [ 70.864416159472086, 22.794518800872989 ], [ 70.864408790956574, 22.793977068349303 ], [ 70.863824513879607, 22.793983899149634 ], [ 70.863831880089208, 22.794525631853531 ], [ 70.864416159472086, 22.794518800872989 ] ] ], [ [ [ 70.856221555517294, 22.793530769884267 ], [ 70.856236227758799, 22.7946142400063 ], [ 70.856820510047427, 22.794607436825029 ], [ 70.856827848808763, 22.795149171648035 ], [ 70.857412133180318, 22.795142366148799 ], [ 70.857426815984596, 22.796225835318705 ], [ 70.858011104745259, 22.796219027321801 ], [ 70.857996417328721, 22.795135558511092 ], [ 70.859164984955697, 22.795121936820241 ], [ 70.859150289208131, 22.794038468572158 ], [ 70.859734568074614, 22.794031654878548 ], [ 70.859719868608863, 22.792948186833886 ], [ 70.857382770249814, 22.792975427340782 ], [ 70.8573901106477, 22.793517162101313 ], [ 70.856221555517294, 22.793530769884267 ] ] ], [ [ [ 70.860340904510181, 22.795650040281448 ], [ 70.861509474961707, 22.795636401123076 ], [ 70.861502117528516, 22.795094667776951 ], [ 70.860333551689138, 22.795108306575521 ], [ 70.860340904510181, 22.795650040281448 ] ] ], [ [ [ 70.858602739632062, 22.79675395135348 ], [ 70.85859539328267, 22.796212217186312 ], [ 70.858011104745259, 22.796219027321801 ], [ 70.858018448788414, 22.796760761668626 ], [ 70.858602739632062, 22.79675395135348 ] ] ], [ [ [ 70.85978602324343, 22.797823791805587 ], [ 70.85977132064933, 22.796740324307279 ], [ 70.859187030252386, 22.796747138899701 ], [ 70.859201728233828, 22.79783060675754 ], [ 70.85978602324343, 22.797823791805587 ] ] ], [ [ [ 70.85804048225738, 22.798385964474953 ], [ 70.858624780020179, 22.798379153620843 ], [ 70.858617433000816, 22.797837419570751 ], [ 70.858033137544467, 22.797844230245204 ], [ 70.85804048225738, 22.798385964474953 ] ] ], [ [ [ 70.854534690994512, 22.798426784684409 ], [ 70.854527360120372, 22.797885049377907 ], [ 70.852774468399019, 22.797905430070816 ], [ 70.85278179235371, 22.798447165914947 ], [ 70.853950391670324, 22.798433580566758 ], [ 70.85396504947397, 22.799517051421262 ], [ 70.854549353411315, 22.799510255180383 ], [ 70.854542022091493, 22.798968519951909 ], [ 70.856294925646296, 22.798948118933751 ], [ 70.856280249836146, 22.797864649436004 ], [ 70.857448841864866, 22.797851038780895 ], [ 70.857441499681599, 22.797309304332522 ], [ 70.855688618223084, 22.797329716568573 ], [ 70.855703288974254, 22.798413186503222 ], [ 70.854534690994512, 22.798426784684409 ] ] ], [ [ [ 70.860385026130515, 22.798900441697423 ], [ 70.860377671968266, 22.798358708225667 ], [ 70.85920907755964, 22.798372340627928 ], [ 70.859216427108862, 22.79891407445928 ], [ 70.860385026130515, 22.798900441697423 ] ] ], [ [ [ 70.853402726769914, 22.801149052049933 ], [ 70.852818415466771, 22.801155844550376 ], [ 70.852833066270549, 22.802239315731434 ], [ 70.852248750130855, 22.802246106450948 ], [ 70.852263397211118, 22.803329577834152 ], [ 70.852847717964963, 22.803322786756425 ], [ 70.852840392006428, 22.802781051263445 ], [ 70.853424710230485, 22.802774258225526 ], [ 70.853417382187558, 22.802232522872682 ], [ 70.854001697881856, 22.802225727874688 ], [ 70.853972378709969, 22.800058786789982 ], [ 70.853388072243149, 22.800065581071117 ], [ 70.853402726769914, 22.801149052049933 ] ] ], [ [ [ 70.852270721085134, 22.803871313467219 ], [ 70.852263397211118, 22.803329577834152 ], [ 70.85167907623466, 22.80333636677252 ], [ 70.85166443376859, 22.802252895031224 ], [ 70.851080117183798, 22.802259681472258 ], [ 70.851094755035689, 22.803343153571532 ], [ 70.849926111970419, 22.803356720751481 ], [ 70.84993342661565, 22.803898457100413 ], [ 70.852270721085134, 22.803871313467219 ] ] ], [ [ [ 70.849371040789848, 22.805530447009364 ], [ 70.849363727785075, 22.804988710598639 ], [ 70.848779398774823, 22.804995489376502 ], [ 70.848786709472193, 22.805537225965999 ], [ 70.849371040789848, 22.805530447009364 ] ] ], [ [ [ 70.849385667466223, 22.806613919713765 ], [ 70.849970003176679, 22.806607138259874 ], [ 70.849955371885272, 22.805523665913142 ], [ 70.849371040789848, 22.805530447009364 ], [ 70.849385667466223, 22.806613919713765 ] ] ], [ [ [ 70.848231613713338, 22.807710949465751 ], [ 70.848238923213927, 22.808252686038895 ], [ 70.848823266291987, 22.80824590832826 ], [ 70.848815954483612, 22.807704171933839 ], [ 70.849400295031685, 22.807697392262106 ], [ 70.849385667466223, 22.806613919713765 ], [ 70.848801331533494, 22.806620699027945 ], [ 70.848808642897453, 22.807162435500398 ], [ 70.847639965750176, 22.807175988067005 ], [ 70.84764727272092, 22.807717724857834 ], [ 70.848231613713338, 22.807710949465751 ] ] ], [ [ [ 70.848845203050416, 22.809871117277428 ], [ 70.848830578322577, 22.808787644683662 ], [ 70.848246232936674, 22.808794422573023 ], [ 70.848238923213927, 22.808252686038895 ], [ 70.847654579913737, 22.808259461609644 ], [ 70.847676502824626, 22.809884671630993 ], [ 70.848845203050416, 22.809871117277428 ] ] ] ] } },
{ "type": "Feature", "properties": { "cls": 3, "depth_cls": "1.5-3 m", "area_km2": 5.479, "scenario": "Cf39713a" }, "geometry": { "type": "MultiPolygon", "coordinates": [ [ [ [ 70.78861413694608, 22.896709655830186 ], [ 70.789198877603297, 22.896703072664994 ], [ 70.789184664527212, 22.895619575882616 ], [ 70.788599928509015, 22.895626158701671 ], [ 70.78861413694608, 22.896709655830186 ] ] ], [ [ [ 70.788043600732991, 22.897799734164572 ], [ 70.788628346245005, 22.897793152802713 ], [ 70.788621241487803, 22.897251404335947 ], [ 70.788036498295469, 22.897257985524789 ], [ 70.788043600732991, 22.897799734164572 ] ] ], [ [ [ 70.786310650631094, 22.899444712594736 ], [ 70.786895403748687, 22.899438137162797 ], [ 70.786881207076135, 22.898354639386479 ], [ 70.786296458598329, 22.898361214472718 ], [ 70.786310650631094, 22.899444712594736 ] ] ], [ [ [ 70.788072012637102, 22.89996672833373 ], [ 70.788064909337947, 22.899424979849933 ], [ 70.787480156650986, 22.899431559581199 ], [ 70.787487257630175, 22.89997330823795 ], [ 70.788072012637102, 22.89996672833373 ] ] ], [ [ [ 70.786909601282332, 22.900521634783139 ], [ 70.78690250240787, 22.899979885992465 ], [ 70.786317746970298, 22.899986461597258 ], [ 70.786324843524696, 22.900528210560783 ], [ 70.786909601282332, 22.900521634783139 ] ] ], [ [ [ 70.788093323827127, 22.901591973551099 ], [ 70.788678085578994, 22.901585390978088 ], [ 70.78867097931338, 22.901043642784323 ], [ 70.788086219881677, 22.90105022518431 ], [ 70.788093323827127, 22.901591973551099 ] ] ], [ [ [ 70.786945098884004, 22.903230378151509 ], [ 70.788699405668908, 22.903210635325369 ], [ 70.788692298756757, 22.902668887248613 ], [ 70.788107532364293, 22.902675470167679 ], [ 70.788100427987985, 22.902133721878894 ], [ 70.787515663700404, 22.902140302474994 ], [ 70.787522765756378, 22.902682050936757 ], [ 70.786937998933084, 22.902688629555836 ], [ 70.786945098884004, 22.903230378151509 ] ] ], [ [ [ 70.788749160088557, 22.907002870770455 ], [ 70.789333944830673, 22.906996284316666 ], [ 70.789312613252335, 22.905371041307816 ], [ 70.78872783547267, 22.90537762724232 ], [ 70.788749160088557, 22.907002870770455 ] ] ], [ [ [ 70.786410018965384, 22.907029195081158 ], [ 70.785825233146269, 22.907035770782702 ], [ 70.785832330177783, 22.90757751941203 ], [ 70.786417118317871, 22.907570943537671 ], [ 70.786410018965384, 22.907029195081158 ] ] ], [ [ [ 70.786424217885639, 22.908112691955186 ], [ 70.787009008131506, 22.908106113757441 ], [ 70.787001906242708, 22.907564365512801 ], [ 70.786417118317871, 22.907570943537671 ], [ 70.786424217885639, 22.908112691955186 ] ] ], [ [ [ 70.787023212555141, 22.909189610129687 ], [ 70.787608007227988, 22.909183029435514 ], [ 70.78759379816205, 22.908099533409132 ], [ 70.787009008131506, 22.908106113757441 ], [ 70.787023212555141, 22.909189610129687 ] ] ], [ [ [ 70.782950903321947, 22.9108608626624 ], [ 70.783535706464789, 22.910854296505423 ], [ 70.783521528605533, 22.909770798294392 ], [ 70.782936730105476, 22.909777364106287 ], [ 70.782950903321947, 22.9108608626624 ] ] ], [ [ [ 70.786473920887659, 22.911904929785518 ], [ 70.787058727382828, 22.911898350377626 ], [ 70.787051623986571, 22.911356602406066 ], [ 70.786466819812944, 22.911363181641079 ], [ 70.786473920887659, 22.911904929785518 ] ] ], [ [ [ 70.784705312105586, 22.910841157738886 ], [ 70.783535706464789, 22.910854296505423 ], [ 70.783556974865689, 22.91247954352945 ], [ 70.784141784758262, 22.912472974703814 ], [ 70.784127600966201, 22.911389477072007 ], [ 70.784712406000565, 22.911382906440643 ], [ 70.784705312105586, 22.910841157738886 ] ] ], [ [ [ 70.784148876976815, 22.913014723461217 ], [ 70.784733688976061, 22.913008152311882 ], [ 70.78472659443581, 22.912466403727141 ], [ 70.784141784758262, 22.912472974703814 ], [ 70.784148876976815, 22.913014723461217 ] ] ], [ [ [ 70.783571154874352, 22.91356304135045 ], [ 70.784155969410392, 22.9135564721796 ], [ 70.784148876976815, 22.913014723461217 ], [ 70.783564064762544, 22.913021292459458 ], [ 70.783571154874352, 22.91356304135045 ] ] ], [ [ [ 70.784170154922606, 22.914639969499351 ], [ 70.78416306205898, 22.914098220858978 ], [ 70.783578245201113, 22.91410479020243 ], [ 70.783585335742828, 22.914646539015408 ], [ 70.784170154922606, 22.914639969499351 ] ] ], [ [ [ 70.788855812268167, 22.915129083144301 ], [ 70.788891373774035, 22.917837818651286 ], [ 70.788306542383722, 22.917844406415703 ], [ 70.788320763850564, 22.918927900691468 ], [ 70.788905599885666, 22.918921312580906 ], [ 70.788898486722047, 22.918379565635611 ], [ 70.789483320219105, 22.918372975546493 ], [ 70.789469089894027, 22.917289481885064 ], [ 70.790053918530731, 22.91728288999068 ], [ 70.790046801369513, 22.916741143274614 ], [ 70.789461975055019, 22.916747734995813 ], [ 70.789440631832079, 22.915122494093904 ], [ 70.788855812268167, 22.915129083144301 ] ] ], [ [ [ 70.788363433424507, 22.9221783825821 ], [ 70.788948283395754, 22.922171793433105 ], [ 70.788941168938308, 22.921630046721976 ], [ 70.788356321289925, 22.921636635697901 ], [ 70.788363433424507, 22.9221783825821 ] ] ], [ [ [ 70.784276573683044, 22.92276619442325 ], [ 70.78426947759354, 22.922224446368112 ], [ 70.783684625899639, 22.922231018300796 ], [ 70.78369171966618, 22.92277276652856 ], [ 70.784276573683044, 22.92276619442325 ] ] ], [ [ [ 70.788377658340409, 22.923261876233408 ], [ 70.788370545774669, 22.922720129427276 ], [ 70.787785693264894, 22.922726716597264 ], [ 70.787792803507628, 22.923268463576427 ], [ 70.788377658340409, 22.923261876233408 ] ] ], [ [ [ 70.783121048966308, 22.923862833165366 ], [ 70.783705907844336, 22.923856262867027 ], [ 70.783698813647746, 22.923314514717301 ], [ 70.783113957092823, 22.923321084843071 ], [ 70.783121048966308, 22.923862833165366 ] ] ], [ [ [ 70.787807024639662, 22.92435195741767 ], [ 70.788391884118653, 22.924345369728602 ], [ 70.788384771121741, 22.923803623000524 ], [ 70.787799913965884, 22.92381021051656 ], [ 70.787807024639662, 22.92435195741767 ] ] ], [ [ [ 70.787229273511215, 22.924900289989516 ], [ 70.787814135528947, 22.924893704279743 ], [ 70.787807024639662, 22.92435195741767 ], [ 70.787222164945135, 22.924358542954472 ], [ 70.787229273511215, 22.924900289989516 ] ] ], [ [ [ 70.779647284078308, 22.926610955956058 ], [ 70.779640205070848, 22.926069206794583 ], [ 70.77905533539635, 22.926075762715993 ], [ 70.779062412080322, 22.926617512049649 ], [ 70.779647284078308, 22.926610955956058 ] ] ], [ [ [ 70.777892667440966, 22.926630617779239 ], [ 70.777899739692288, 22.927172367418077 ], [ 70.779069488978763, 22.927159261344286 ], [ 70.779062412080322, 22.926617512049649 ], [ 70.777892667440966, 22.926630617779239 ] ] ], [ [ [ 70.784932423444005, 22.928177096844006 ], [ 70.786102176868852, 22.92816393841737 ], [ 70.786095071657286, 22.927622191270739 ], [ 70.784925322879758, 22.927635349351814 ], [ 70.784932423444005, 22.928177096844006 ] ] ], [ [ [ 70.778527066394943, 22.930416311438773 ], [ 70.778519990533496, 22.929874562206098 ], [ 70.779689762628792, 22.92986145010553 ], [ 70.77968268233397, 22.929319701178159 ], [ 70.780267565735869, 22.929313142070825 ], [ 70.780260483331773, 22.92877139327668 ], [ 70.780845364195216, 22.92876483218884 ], [ 70.78083119538347, 22.927681334828108 ], [ 70.781416071384754, 22.927674771932232 ], [ 70.781401898784665, 22.926591274760124 ], [ 70.781986769924018, 22.926584710056435 ], [ 70.781979681622644, 22.926042961584262 ], [ 70.782564550223697, 22.926036394900528 ], [ 70.782557459813759, 22.925494646561791 ], [ 70.783142325876511, 22.925488077898123 ], [ 70.783128141054746, 22.924404581448645 ], [ 70.782543279638574, 22.924411149767277 ], [ 70.782550369618718, 22.924952898184046 ], [ 70.781965505664402, 22.924959464522853 ], [ 70.781972593536111, 22.925501213073066 ], [ 70.781387727043636, 22.925507777431935 ], [ 70.781394812806766, 22.926049526115541 ], [ 70.78080994377612, 22.926056088494352 ], [ 70.780824111299651, 22.927139586089211 ], [ 70.780239237407301, 22.927146146660153 ], [ 70.780246319167503, 22.927687895571346 ], [ 70.779661442736881, 22.927694454161948 ], [ 70.779675602253704, 22.928777952211778 ], [ 70.778505839453913, 22.928791063623695 ], [ 70.778512914886491, 22.929332812934405 ], [ 70.777928030841082, 22.929339365583299 ], [ 70.777935104164172, 22.929881115027076 ], [ 70.777350217580477, 22.929887665695173 ], [ 70.777357288793937, 22.930429415271949 ], [ 70.776772399671941, 22.930435963959134 ], [ 70.776779468775644, 22.93097771366886 ], [ 70.775609685240923, 22.930990804928172 ], [ 70.775616749910554, 22.931532554942653 ], [ 70.775031855497872, 22.931539097514605 ], [ 70.775024793152383, 22.930997347328326 ], [ 70.774439900849814, 22.931003887575471 ], [ 70.77445402110645, 22.932087388252508 ], [ 70.77503891805739, 22.932080847661872 ], [ 70.775045980830939, 22.932622597770127 ], [ 70.775630879892134, 22.932616054854574 ], [ 70.775623814794287, 22.932074304918121 ], [ 70.776208711317096, 22.932067760021251 ], [ 70.77620164410915, 22.931526010217638 ], [ 70.77737143186377, 22.931512914308449 ], [ 70.777364360221696, 22.930971164809701 ], [ 70.77794925145345, 22.930964613797556 ], [ 70.777942177701632, 22.930422864431826 ], [ 70.778527066394943, 22.930416311438773 ] ] ], [ [ [ 70.777906812157966, 22.927714117017903 ], [ 70.777899739692288, 22.927172367418077 ], [ 70.776729989548429, 22.927185464881486 ], [ 70.776737057366816, 22.927727214825289 ], [ 70.776152179649884, 22.927733760499997 ], [ 70.77615924535877, 22.928275510576697 ], [ 70.775574365103978, 22.928282054270586 ], [ 70.775567301718837, 22.927740304022045 ], [ 70.774982423573704, 22.927746845391429 ], [ 70.775003607400009, 22.929372096535417 ], [ 70.77441872206947, 22.929378636267344 ], [ 70.774425781448983, 22.929920386742396 ], [ 70.775595556543905, 22.929907304782176 ], [ 70.775588492516505, 22.929365554650651 ], [ 70.776173377418957, 22.929359010613055 ], [ 70.776166311281784, 22.92881726061438 ], [ 70.77675119364622, 22.928810714595858 ], [ 70.776744125399418, 22.928268964730076 ], [ 70.777329005225837, 22.928262416730757 ], [ 70.777321934869519, 22.927720666997924 ], [ 70.777906812157966, 22.927714117017903 ] ] ], [ [ [ 70.773812666641518, 22.927759921672191 ], [ 70.773227787854609, 22.927766456583566 ], [ 70.773248950766671, 22.929391709272675 ], [ 70.772664064794554, 22.929398242546071 ], [ 70.772678169823592, 22.930481744486926 ], [ 70.773263060443711, 22.930475210870387 ], [ 70.773256005498283, 22.929933460091036 ], [ 70.773840893580569, 22.929926924493166 ], [ 70.773826779683318, 22.928843423160689 ], [ 70.774411662903901, 22.928836885753281 ], [ 70.774404603952277, 22.928295135200216 ], [ 70.773819723055496, 22.928301672435943 ], [ 70.773812666641518, 22.927759921672191 ] ] ], [ [ [ 70.784946625218097, 22.929260591711298 ], [ 70.784939524223446, 22.928718844297165 ], [ 70.784354644864464, 22.928725420454178 ], [ 70.7843617435353, 22.929267168041012 ], [ 70.784946625218097, 22.929260591711298 ] ] ], [ [ [ 70.788463025946129, 22.929762834862437 ], [ 70.788455910793104, 22.929221088524724 ], [ 70.787871030402599, 22.929227677771074 ], [ 70.787878143231765, 22.929769424281833 ], [ 70.788463025946129, 22.929762834862437 ] ] ], [ [ [ 70.783783958199464, 22.929815489938381 ], [ 70.784368842421273, 22.929808915588815 ], [ 70.7843617435353, 22.929267168041012 ], [ 70.783776861637364, 22.929273742217937 ], [ 70.783783958199464, 22.929815489938381 ] ] ], [ [ [ 70.770373825034739, 22.933216615021625 ], [ 70.770958728130594, 22.933210089160216 ], [ 70.770951681413649, 22.932668337889922 ], [ 70.770366780642163, 22.932674863579987 ], [ 70.770373825034739, 22.933216615021625 ] ] ], [ [ [ 70.773876182066516, 22.932635677141707 ], [ 70.773291282363445, 22.932642213597731 ], [ 70.773305394606226, 22.933725714727348 ], [ 70.774475203096117, 22.933712638975472 ], [ 70.774468142218936, 22.933170888773503 ], [ 70.775053043818517, 22.933164347839369 ], [ 70.775045980830939, 22.932622597770127 ], [ 70.774461081555714, 22.932629138532512 ], [ 70.77445402110645, 22.932087388252508 ], [ 70.773869123941566, 22.932093926690019 ], [ 70.773876182066516, 22.932635677141707 ] ] ], [ [ [ 70.769803006501959, 22.934306641838635 ], [ 70.769795964006974, 22.933764890303706 ], [ 70.769211058159769, 22.933771412029841 ], [ 70.769218098330214, 22.934313163736004 ], [ 70.769803006501959, 22.934306641838635 ] ] ], [ [ [ 70.770972822205152, 22.93429359158376 ], [ 70.7709657750611, 22.933751840391487 ], [ 70.770380869640775, 22.933758366424254 ], [ 70.770387914460301, 22.934300117787881 ], [ 70.770972822205152, 22.93429359158376 ] ] ], [ [ [ 70.776251119062479, 22.93531825802356 ], [ 70.776836029317863, 22.935311709942063 ], [ 70.776828958500218, 22.934769960544479 ], [ 70.77624405056946, 22.93477650845405 ], [ 70.776251119062479, 22.93531825802356 ] ] ], [ [ [ 70.776258187769713, 22.935860007554037 ], [ 70.776251119062479, 22.93531825802356 ], [ 70.775666208592924, 22.935324803951602 ], [ 70.775673274975432, 22.935866553653948 ], [ 70.776258187769713, 22.935860007554037 ] ] ], [ [ [ 70.775095426238877, 22.936414847435493 ], [ 70.775088361967022, 22.93587309760035 ], [ 70.774503448744568, 22.935879639393235 ], [ 70.774510510691641, 22.936421389400131 ], [ 70.775095426238877, 22.936414847435493 ] ] ], [ [ [ 70.773932654766597, 22.936969679350778 ], [ 70.774517572852673, 22.936963139368011 ], [ 70.774510510691641, 22.936421389400131 ], [ 70.773925594930404, 22.936427929211195 ], [ 70.773932654766597, 22.936969679350778 ] ] ], [ [ [ 70.773939714816706, 22.937511429451344 ], [ 70.773932654766597, 22.936969679350778 ], [ 70.77334773646659, 22.9369762171799 ], [ 70.773354794191761, 22.937517967452113 ], [ 70.773939714816706, 22.937511429451344 ] ] ], [ [ [ 70.769260343833153, 22.937563673153921 ], [ 70.769253302382609, 22.937021921681783 ], [ 70.768668382373761, 22.937028442281722 ], [ 70.768675421499339, 22.937570193925055 ], [ 70.769260343833153, 22.937563673153921 ] ] ], [ [ [ 70.772776928966991, 22.93806625370398 ], [ 70.77336185213079, 22.938059717685309 ], [ 70.773354794191761, 22.937517967452113 ], [ 70.772769873352956, 22.937524503299194 ], [ 70.772776928966991, 22.93806625370398 ] ] ], [ [ [ 70.767512610880701, 22.938124980952704 ], [ 70.768682460838207, 22.938111945529382 ], [ 70.768675421499339, 22.937570193925055 ], [ 70.767505576191908, 22.937583229006158 ], [ 70.767512610880701, 22.938124980952704 ] ] ], [ [ [ 70.772199059092131, 22.938614538106197 ], [ 70.772783984794799, 22.938608004069742 ], [ 70.772776928966991, 22.93806625370398 ], [ 70.772192005589389, 22.938072787568895 ], [ 70.772199059092131, 22.938614538106197 ] ] ], [ [ [ 70.77220611280859, 22.939156288604472 ], [ 70.772199059092131, 22.938614538106197 ], [ 70.771614133175717, 22.93862106998883 ], [ 70.771621184567024, 22.939162820658591 ], [ 70.77220611280859, 22.939156288604472 ] ] ], [ [ [ 70.764609052725334, 22.939782789989067 ], [ 70.764602029023408, 22.93924103730496 ], [ 70.762847235344523, 22.939260543003758 ], [ 70.762854252070611, 22.939802296199936 ], [ 70.764609052725334, 22.939782789989067 ] ] ], [ [ [ 70.766363851464732, 22.939763264392482 ], [ 70.764609052725334, 22.939782789989067 ], [ 70.764616076640095, 22.940324542634169 ], [ 70.765785947329974, 22.940311527382086 ], [ 70.765792976108358, 22.940853279646525 ], [ 70.766377913459294, 22.940846768618535 ], [ 70.766363851464732, 22.939763264392482 ] ] ], [ [ [ 70.771642340022865, 22.940788072433797 ], [ 70.771635287990591, 22.940246321881077 ], [ 70.771050354884849, 22.940252852124168 ], [ 70.771057404591758, 22.940794602848314 ], [ 70.771642340022865, 22.940788072433797 ] ] ], [ [ [ 70.76754778752202, 22.940833740100345 ], [ 70.767540751767427, 22.940291988348829 ], [ 70.766955817168011, 22.940298503513926 ], [ 70.76696285059721, 22.94084025543647 ], [ 70.76754778752202, 22.940833740100345 ] ] ], [ [ [ 70.770486564350676, 22.94188463278277 ], [ 70.771071504646343, 22.941878104179551 ], [ 70.771057404591758, 22.940794602848314 ], [ 70.770472468947048, 22.940801131108788 ], [ 70.770486564350676, 22.94188463278277 ] ] ], [ [ [ 70.767561859670735, 22.941917243486355 ], [ 70.767554823489789, 22.94137549181286 ], [ 70.766969884239501, 22.941382007320016 ], [ 70.766976918094926, 22.941923759164549 ], [ 70.767561859670735, 22.941917243486355 ] ] ], [ [ [ 70.769901623841477, 22.941891159231822 ], [ 70.769915715447979, 22.942974661092382 ], [ 70.769330770074063, 22.942981185729796 ], [ 70.769344857882928, 22.94406468777682 ], [ 70.768759907644053, 22.944071210602363 ], [ 70.768773991654712, 22.945154712835745 ], [ 70.768189036550652, 22.945161233849195 ], [ 70.768210157188449, 22.94678648742012 ], [ 70.768795119270791, 22.946779965893189 ], [ 70.768781033980062, 22.945696463893906 ], [ 70.769365991196764, 22.945689940554729 ], [ 70.769351902107459, 22.944606438741801 ], [ 70.769936854458805, 22.944599913590604 ], [ 70.769922761571451, 22.943516411964143 ], [ 70.77050770905764, 22.943509885001134 ], [ 70.770486564350676, 22.94188463278277 ], [ 70.769901623841477, 22.941891159231822 ] ] ], [ [ [ 70.765278314783927, 22.946277310728188 ], [ 70.76586327560581, 22.946270800145587 ], [ 70.765856244697616, 22.945729048271218 ], [ 70.765271286201866, 22.945735558682941 ], [ 70.765278314783927, 22.946277310728188 ] ] ], [ [ [ 70.767653349423867, 22.948960011691753 ], [ 70.768238321024867, 22.948953491635095 ], [ 70.768217197827624, 22.947328238532382 ], [ 70.767632233205759, 22.94733475807573 ], [ 70.767653349423867, 22.948960011691753 ] ] ], [ [ [ 70.764728488221849, 22.948992579651303 ], [ 70.765313460888294, 22.948986070369244 ], [ 70.765306431241541, 22.948444318519051 ], [ 70.764721460901555, 22.948450827630293 ], [ 70.764728488221849, 22.948992579651303 ] ] ], [ [ [ 70.765327520820648, 22.950069573952568 ], [ 70.765320490747996, 22.949527822180414 ], [ 70.764735515755021, 22.949534331633306 ], [ 70.764742543501058, 22.950076083576288 ], [ 70.765327520820648, 22.950069573952568 ] ] ], [ [ [ 70.767702628062665, 22.952752268763451 ], [ 70.767653349423867, 22.948960011691753 ], [ 70.767068377609647, 22.948966529593505 ], [ 70.767117639961285, 22.952758787862589 ], [ 70.767702628062665, 22.952752268763451 ] ] ], [ [ [ 70.798133587608589, 22.864634392876845 ], [ 70.798718187862505, 22.864627783438401 ], [ 70.798668259329517, 22.860835548567913 ], [ 70.798083675281518, 22.86084215678871 ], [ 70.798090804964687, 22.861383904918213 ], [ 70.797506218385365, 22.861390511167315 ], [ 70.797520473770902, 22.862474007657198 ], [ 70.798105064980291, 22.862467401060314 ], [ 70.798133587608589, 22.864634392876845 ] ] ], [ [ [ 70.798147850221369, 22.865717888551256 ], [ 70.798140718806764, 22.865176140733531 ], [ 70.797556116020985, 22.865182748199885 ], [ 70.797577503967489, 22.866807992057812 ], [ 70.798746723215913, 22.86679477393551 ], [ 70.798732455106176, 22.865711278764913 ], [ 70.798147850221369, 22.865717888551256 ] ] ], [ [ [ 70.796415408970375, 22.867362949817601 ], [ 70.79642253430346, 22.867904698000956 ], [ 70.797591763680387, 22.867891487768222 ], [ 70.797577503967489, 22.866807992057812 ], [ 70.796992894018658, 22.866814597899651 ], [ 70.797000021451225, 22.867356345948188 ], [ 70.796415408970375, 22.867362949817601 ] ] ], [ [ [ 70.797598893861419, 22.868433235564957 ], [ 70.798183510541179, 22.868426627055193 ], [ 70.798176378044289, 22.867884879432371 ], [ 70.797591763680387, 22.867891487768222 ], [ 70.797598893861419, 22.868433235564957 ] ] ], [ [ [ 70.798782397279496, 22.86950351117985 ], [ 70.798775262033701, 22.868961763808947 ], [ 70.797021405046806, 22.868981589859946 ], [ 70.797028533344658, 22.869523337752568 ], [ 70.798782397279496, 22.86950351117985 ] ] ], [ [ [ 70.795288910810953, 22.870626641717585 ], [ 70.795274667462834, 22.869543145006819 ], [ 70.794690045069885, 22.869549743131891 ], [ 70.794704283785819, 22.870633240189914 ], [ 70.795288910810953, 22.870626641717585 ] ] ], [ [ [ 70.797042790589344, 22.870606833420897 ], [ 70.797627416749577, 22.870600226362111 ], [ 70.797620285702934, 22.870058478721294 ], [ 70.797035661858843, 22.870065085606225 ], [ 70.797042790589344, 22.870606833420897 ] ] ], [ [ [ 70.795296032809219, 22.8711683900145 ], [ 70.796465290843472, 22.871155186282561 ], [ 70.796458164212808, 22.870613438333073 ], [ 70.795288910810953, 22.870626641717585 ], [ 70.795296032809219, 22.8711683900145 ] ] ], [ [ [ 70.797655943100281, 22.872767216535554 ], [ 70.798240578309247, 22.872760606634507 ], [ 70.798226310068344, 22.871677111973575 ], [ 70.797641679492088, 22.871683721526793 ], [ 70.797655943100281, 22.872767216535554 ] ] ], [ [ [ 70.79825484741616, 22.873844101139483 ], [ 70.79824771275446, 22.873302353906485 ], [ 70.797663075229011, 22.873308963981451 ], [ 70.797677340135763, 22.874392458756294 ], [ 70.799431265961971, 22.874372621046891 ], [ 70.79942412645056, 22.873830874200891 ], [ 70.79825484741616, 22.873844101139483 ] ] ], [ [ [ 70.798882313459259, 22.877087970278989 ], [ 70.798875175181536, 22.876546223453911 ], [ 70.798290523972312, 22.876552836719636 ], [ 70.798297659933084, 22.877094583718698 ], [ 70.798882313459259, 22.877087970278989 ] ] ], [ [ [ 70.798297659933084, 22.877094583718698 ], [ 70.797713006190378, 22.877101195011114 ], [ 70.797705872546558, 22.876559447838126 ], [ 70.797121220904359, 22.876566056809391 ], [ 70.79713548377444, 22.877649551464117 ], [ 70.798304796110386, 22.877636330678765 ], [ 70.798297659933084, 22.877094583718698 ] ] ], [ [ [ 70.794803978997621, 22.878217715230484 ], [ 70.794796856506451, 22.877675967266686 ], [ 70.794212199148987, 22.877682565848936 ], [ 70.794219319323034, 22.878224313986333 ], [ 70.794803978997621, 22.878217715230484 ] ] ], [ [ [ 70.797734408420595, 22.878726436296127 ], [ 70.797727274127396, 22.878184689240115 ], [ 70.797142615534085, 22.878191298733004 ], [ 70.797149747510105, 22.878733045962885 ], [ 70.797734408420595, 22.878726436296127 ] ] ], [ [ [ 70.794818224628287, 22.879301211041135 ], [ 70.795402888721199, 22.879294609790577 ], [ 70.795395763480542, 22.878752862078397 ], [ 70.794811101704894, 22.878759463155305 ], [ 70.794818224628287, 22.879301211041135 ] ] ], [ [ [ 70.798918008097004, 22.879796703819455 ], [ 70.798910868736229, 22.879254957189353 ], [ 70.797741542930254, 22.879268183313144 ], [ 70.797748677656401, 22.879809930291167 ], [ 70.798918008097004, 22.879796703819455 ] ] ], [ [ [ 70.794825347767798, 22.879842958887977 ], [ 70.794818224628287, 22.879301211041135 ], [ 70.794233560319242, 22.879307810144162 ], [ 70.794240681141417, 22.879849558164597 ], [ 70.794825347767798, 22.879842958887977 ] ] ], [ [ [ 70.796001808362533, 22.880371501352478 ], [ 70.796586476657737, 22.880364895459348 ], [ 70.796572216258383, 22.879281400846892 ], [ 70.795987552597921, 22.879288006392496 ], [ 70.796001808362533, 22.880371501352478 ] ] ], [ [ [ 70.797199677401608, 22.882525275480273 ], [ 70.797784354534301, 22.882518664596365 ], [ 70.797777218725756, 22.881976917813319 ], [ 70.797192543910725, 22.881983528523346 ], [ 70.797199677401608, 22.882525275480273 ] ] ], [ [ [ 70.797791490559362, 22.883060411340413 ], [ 70.798376169793286, 22.883053798134707 ], [ 70.798369031450505, 22.882512051564603 ], [ 70.797784354534301, 22.882518664596365 ], [ 70.797791490559362, 22.883060411340413 ] ] ], [ [ [ 70.797798626800912, 22.883602158045463 ], [ 70.797213945032681, 22.883608769277142 ], [ 70.797221079172843, 22.884150516117078 ], [ 70.797805763258964, 22.884143904711511 ], [ 70.797798626800912, 22.883602158045463 ] ] ], [ [ [ 70.797820036824589, 22.885227397926599 ], [ 70.798404725330158, 22.885220784025126 ], [ 70.798390447128583, 22.88413729115792 ], [ 70.797805763258964, 22.884143904711511 ], [ 70.797820036824589, 22.885227397926599 ] ] ], [ [ [ 70.797263888559158, 22.887400996337679 ], [ 70.797848586554039, 22.887394383888761 ], [ 70.797834311256267, 22.886310890985683 ], [ 70.797249617897933, 22.886317503086818 ], [ 70.797263888559158, 22.887400996337679 ] ] ], [ [ [ 70.797271024214467, 22.887942742904603 ], [ 70.797263888559158, 22.887400996337679 ], [ 70.796679190347831, 22.887407606638241 ], [ 70.796686323684753, 22.887949353379007 ], [ 70.797271024214467, 22.887942742904603 ] ] ], [ [ [ 70.799075128844464, 22.891715119814108 ], [ 70.799060840806746, 22.890631628231109 ], [ 70.798476129333778, 22.890638246020821 ], [ 70.798490412733827, 22.891721737951855 ], [ 70.799075128844464, 22.891715119814108 ] ] ], [ [ [ 70.798511839458669, 22.893346975555811 ], [ 70.799096562526287, 22.893340356895997 ], [ 70.799082273188375, 22.89225686554709 ], [ 70.798497554758825, 22.892263483858855 ], [ 70.798511839458669, 22.893346975555811 ] ] ], [ [ [ 70.789769400329874, 22.895612990914312 ], [ 70.789755183477155, 22.894529494322203 ], [ 70.789170452313243, 22.894536078944263 ], [ 70.789184664527212, 22.895619575882616 ], [ 70.789769400329874, 22.895612990914312 ] ] ], [ [ [ 70.798533268133284, 22.894972212808636 ], [ 70.798526125025106, 22.894430467096708 ], [ 70.797356668963303, 22.894443698665164 ], [ 70.797378085021691, 22.896068936727549 ], [ 70.797962820118954, 22.896062321496121 ], [ 70.797948537891401, 22.894978829841381 ], [ 70.798533268133284, 22.894972212808636 ] ] ], [ [ [ 70.796807623523705, 22.897159042003953 ], [ 70.797392363476547, 22.897152428574064 ], [ 70.797378085021691, 22.896068936727549 ], [ 70.796793349707912, 22.896075549809712 ], [ 70.796807623523705, 22.897159042003953 ] ] ], [ [ [ 70.79096021210168, 22.897225058086363 ], [ 70.791544954215937, 22.897218466150431 ], [ 70.791537838076124, 22.896676718510587 ], [ 70.790953098281463, 22.896683310273229 ], [ 70.79096021210168, 22.897225058086363 ] ] ], [ [ [ 70.796230018267337, 22.897707399496866 ], [ 70.796814760756291, 22.897700788042552 ], [ 70.796807623523705, 22.897159042003953 ], [ 70.796222883354403, 22.897165653284464 ], [ 70.796230018267337, 22.897707399496866 ] ] ], [ [ [ 70.790974440389348, 22.898308553595626 ], [ 70.79096021210168, 22.897225058086363 ], [ 70.790375469771661, 22.897231647872889 ], [ 70.790389693419897, 22.898315143728638 ], [ 70.790974440389348, 22.898308553595626 ] ] ], [ [ [ 70.796237153396675, 22.898249145670256 ], [ 70.796230018267337, 22.897707399496866 ], [ 70.795060532640335, 22.897720615957173 ], [ 70.795067663130226, 22.898262362478015 ], [ 70.796237153396675, 22.898249145670256 ] ] ], [ [ [ 70.789220198834002, 22.898328317546071 ], [ 70.789804946234767, 22.898321731712123 ], [ 70.789797836622554, 22.897779983630556 ], [ 70.788628346245005, 22.897793152802713 ], [ 70.788642556405847, 22.89887664961925 ], [ 70.789227306341999, 22.898870065761759 ], [ 70.789220198834002, 22.898328317546071 ] ] ], [ [ [ 70.795081924758762, 22.89934585540265 ], [ 70.795067663130226, 22.898262362478015 ], [ 70.794482917672582, 22.898268967657629 ], [ 70.794497174661458, 22.899352460929556 ], [ 70.795081924758762, 22.89934585540265 ] ] ], [ [ [ 70.793912424347965, 22.899359064306839 ], [ 70.793926677561643, 22.900442557769889 ], [ 70.794511432515094, 22.900435954045424 ], [ 70.794497174661458, 22.899352460929556 ], [ 70.793912424347965, 22.899359064306839 ] ] ], [ [ [ 70.790439482983231, 22.902107377995144 ], [ 70.791024246192919, 22.902100786649385 ], [ 70.791017130430788, 22.901559039187301 ], [ 70.791601891104449, 22.901552445864933 ], [ 70.791594773237932, 22.901010698537139 ], [ 70.791010014884449, 22.901017291686198 ], [ 70.790988669540084, 22.899392048948876 ], [ 70.790403917930902, 22.899398639428377 ], [ 70.790396805567553, 22.898856891598008 ], [ 70.789812056062587, 22.898863479754677 ], [ 70.789826276365119, 22.899946975722795 ], [ 70.790411030509958, 22.899940387219743 ], [ 70.790439482983231, 22.902107377995144 ] ] ], [ [ [ 70.792179531375567, 22.901004103238275 ], [ 70.792172411404806, 22.900462356044851 ], [ 70.791587655587264, 22.900468951170346 ], [ 70.791594773237932, 22.901010698537139 ], [ 70.792179531375567, 22.901004103238275 ] ] ], [ [ [ 70.793948059003142, 22.90206779767184 ], [ 70.793926677561643, 22.900442557769889 ], [ 70.793341922392074, 22.900449159344614 ], [ 70.793363296873096, 22.902074399767173 ], [ 70.793948059003142, 22.90206779767184 ] ] ], [ [ [ 70.792193771964861, 22.902087597508114 ], [ 70.792778534526988, 22.902080999712595 ], [ 70.792771411804139, 22.901539252770608 ], [ 70.792186651562247, 22.901545850392704 ], [ 70.792193771964861, 22.902087597508114 ] ] ], [ [ [ 70.788692298756757, 22.902668887248613 ], [ 70.789861830895092, 22.902655714960503 ], [ 70.789854719557823, 22.902113967190974 ], [ 70.788685192060129, 22.902127139132855 ], [ 70.788692298756757, 22.902668887248613 ] ] ], [ [ [ 70.792785657465828, 22.90262274661557 ], [ 70.793370422132242, 22.902616146496669 ], [ 70.793363296873096, 22.902074399767173 ], [ 70.792778534526988, 22.902080999712595 ], [ 70.792785657465828, 22.90262274661557 ] ] ], [ [ [ 70.789897390816378, 22.905364453223036 ], [ 70.78988316620088, 22.904280958035049 ], [ 70.789298393278116, 22.904287545773531 ], [ 70.789312613252335, 22.905371041307816 ], [ 70.789897390816378, 22.905364453223036 ] ] ], [ [ [ 70.795167512697034, 22.905846809673019 ], [ 70.795160379179237, 22.905305063698435 ], [ 70.794575603558741, 22.905311671135497 ], [ 70.794582734755821, 22.905853417283737 ], [ 70.795167512697034, 22.905846809673019 ] ] ], [ [ [ 70.794005085690927, 22.906401769026985 ], [ 70.794589866169147, 22.906395163392961 ], [ 70.794582734755821, 22.905853417283737 ], [ 70.793997956598403, 22.905860022744161 ], [ 70.794005085690927, 22.906401769026985 ] ] ], [ [ [ 70.793441686608389, 22.908033611645646 ], [ 70.793434559188327, 22.907491865306334 ], [ 70.79284977363605, 22.907498466986624 ], [ 70.79285689873511, 22.908040213499429 ], [ 70.793441686608389, 22.908033611645646 ] ] ], [ [ [ 70.792293480275745, 22.909672053027275 ], [ 70.792286356849786, 22.909130306458096 ], [ 70.791701563902237, 22.909136904357581 ], [ 70.791708685006981, 22.909678651100151 ], [ 70.792293480275745, 22.909672053027275 ] ] ], [ [ [ 70.790560444503328, 22.911317081827136 ], [ 70.791145247167947, 22.911310487535864 ], [ 70.7911381277369, 22.910768740737026 ], [ 70.79055332739371, 22.910775334855025 ], [ 70.790560444503328, 22.911317081827136 ] ] ], [ [ [ 70.790581797126904, 22.912942322509327 ], [ 70.790567561828723, 22.911858828760217 ], [ 70.789982756626799, 22.911865421073827 ], [ 70.789996987281739, 22.912948915169377 ], [ 70.790581797126904, 22.912942322509327 ] ] ], [ [ [ 70.792928161608558, 22.913457676481155 ], [ 70.792921034348922, 22.912915930358601 ], [ 70.793505843114417, 22.912909326943307 ], [ 70.793491584600147, 22.91182583492812 ], [ 70.79290678047785, 22.911832437996399 ], [ 70.792913907305348, 22.912374184197013 ], [ 70.792329100645432, 22.912380785287816 ], [ 70.792343350305288, 22.913464277918855 ], [ 70.792928161608558, 22.913457676481155 ] ] ], [ [ [ 70.791180847561137, 22.91401922094467 ], [ 70.791765661618157, 22.914012623635834 ], [ 70.791758538785999, 22.913470877205459 ], [ 70.791173727050776, 22.913477474340954 ], [ 70.791180847561137, 22.91401922094467 ] ] ], [ [ [ 70.790011218799563, 22.914032409108849 ], [ 70.790596033288253, 22.914025816102349 ], [ 70.790588915099676, 22.913484069325353 ], [ 70.79000410293277, 22.91349066215863 ], [ 70.790011218799563, 22.914032409108849 ] ] ], [ [ [ 70.790603151692622, 22.914567562840318 ], [ 70.791187968287375, 22.91456096750936 ], [ 70.791180847561137, 22.91401922094467 ], [ 70.790596033288253, 22.914025816102349 ], [ 70.790603151692622, 22.914567562840318 ] ] ], [ [ [ 70.790018334882078, 22.914574156020048 ], [ 70.790011218799563, 22.914032409108849 ], [ 70.789426404095138, 22.914038999964188 ], [ 70.78943351785577, 22.914580747048557 ], [ 70.790018334882078, 22.914574156020048 ] ] ], [ [ [ 70.792364726415158, 22.91508951657271 ], [ 70.792357600829192, 22.914547770393785 ], [ 70.79177278466625, 22.914554370027183 ], [ 70.791779907930305, 22.915096116379502 ], [ 70.792364726415158, 22.91508951657271 ] ] ], [ [ [ 70.79003968442403, 22.916199396519506 ], [ 70.790624508200608, 22.916192802820085 ], [ 70.790617389148792, 22.915651056199188 ], [ 70.790032567694297, 22.915657649725379 ], [ 70.79003968442403, 22.916199396519506 ] ] ], [ [ [ 70.791237819415826, 22.918353192369402 ], [ 70.791230697178364, 22.917811446077913 ], [ 70.790645866650948, 22.917818042448598 ], [ 70.790652986566059, 22.918359788913389 ], [ 70.791237819415826, 22.918353192369402 ] ] ], [ [ [ 70.79066722704377, 22.919443281725862 ], [ 70.790660106697004, 22.918901535339142 ], [ 70.790075271308964, 22.918908129904743 ], [ 70.790082389333236, 22.919449876464704 ], [ 70.79066722704377, 22.919443281725862 ] ] ], [ [ [ 70.789526016371042, 22.921623455594091 ], [ 70.790110863588069, 22.921616862314238 ], [ 70.790082389333236, 22.919449876464704 ], [ 70.789497551406939, 22.919456469051809 ], [ 70.789526016371042, 22.921623455594091 ] ] ], [ [ [ 70.800414871448169, 22.86027396355966 ], [ 70.800407732938723, 22.859732216048325 ], [ 70.799823154169985, 22.859738830357639 ], [ 70.799830290364667, 22.860280578043085 ], [ 70.800414871448169, 22.86027396355966 ] ] ], [ [ [ 70.79924570906455, 22.860287190380994 ], [ 70.799252843161014, 22.860828938201532 ], [ 70.79983742677598, 22.860822325689565 ], [ 70.799830290364667, 22.860280578043085 ], [ 70.79924570906455, 22.860287190380994 ] ] ], [ [ [ 70.813297169948029, 22.86175313287983 ], [ 70.813881752974382, 22.861746468524078 ], [ 70.813874560571378, 22.861204725149893 ], [ 70.814459141064518, 22.861198058823994 ], [ 70.814444752283862, 22.860114572309531 ], [ 70.813860176420292, 22.860121238284488 ], [ 70.813867368386667, 22.860662981736695 ], [ 70.813282789990041, 22.86066964574162 ], [ 70.813297169948029, 22.86175313287983 ] ] ], [ [ [ 70.812741339978132, 22.863926769599754 ], [ 70.813325932483011, 22.863920106688177 ], [ 70.813318741521883, 22.863378363294604 ], [ 70.81273415133218, 22.863385026030816 ], [ 70.812741339978132, 22.863926769599754 ] ] ], [ [ [ 70.812163933803959, 22.864475174070723 ], [ 70.812748528842278, 22.86446851312968 ], [ 70.812741339978132, 22.863926769599754 ], [ 70.812156747255059, 22.863933430365485 ], [ 70.812163933803959, 22.864475174070723 ] ] ], [ [ [ 70.81043168749737, 22.866120376476839 ], [ 70.810438867972181, 22.866662120551638 ], [ 70.811608077662626, 22.866648807997741 ], [ 70.811593707668948, 22.865565320509816 ], [ 70.812762907225135, 22.865552000072515 ], [ 70.812755717924603, 22.865010256620607 ], [ 70.811586522999207, 22.86502357670734 ], [ 70.811579338547503, 22.864481832865859 ], [ 70.810994743073024, 22.864488489515082 ], [ 70.811016290136067, 22.866113721448098 ], [ 70.81043168749737, 22.866120376476839 ] ] ], [ [ [ 70.812791666609328, 22.867718973490053 ], [ 70.812784476435965, 22.867177230194191 ], [ 70.812199869820333, 22.867183892011788 ], [ 70.812207057678037, 22.867725635482969 ], [ 70.812791666609328, 22.867718973490053 ] ] ], [ [ [ 70.804029665421439, 22.868360423907365 ], [ 70.804614279716191, 22.868353791787634 ], [ 70.804607121745363, 22.867812046081482 ], [ 70.804022509766384, 22.867818678026694 ], [ 70.804029665421439, 22.868360423907365 ] ] ], [ [ [ 70.812221434047871, 22.868809122308296 ], [ 70.812214245753879, 22.868267378915142 ], [ 70.811629634288678, 22.86827403893707 ], [ 70.811636820266855, 22.868815782505489 ], [ 70.812221434047871, 22.868809122308296 ] ] ], [ [ [ 70.804058290213334, 22.870527407040125 ], [ 70.80403682129365, 22.868902169749049 ], [ 70.803452204465842, 22.868908799896911 ], [ 70.803473666437512, 22.870534037711412 ], [ 70.804058290213334, 22.870527407040125 ] ] ], [ [ [ 70.810496319616277, 22.870996071745786 ], [ 70.81108094309738, 22.870989415140713 ], [ 70.811073758562941, 22.87044767155313 ], [ 70.810489137397951, 22.870454327983051 ], [ 70.810496319616277, 22.870996071745786 ] ] ], [ [ [ 70.807573198942777, 22.871029322572213 ], [ 70.807566028305018, 22.870487577934561 ], [ 70.806981405833355, 22.870494221485217 ], [ 70.806988574154971, 22.871035966297686 ], [ 70.807573198942777, 22.871029322572213 ] ] ], [ [ [ 70.798810940428098, 22.871670500273645 ], [ 70.798796668420692, 22.870587005804719 ], [ 70.798212042693365, 22.870593617156715 ], [ 70.798226310068344, 22.871677111973575 ], [ 70.798810940428098, 22.871670500273645 ] ] ], [ [ [ 70.79998020049787, 22.871657270433637 ], [ 70.800564830207747, 22.871650652293575 ], [ 70.80055768714702, 22.871108905600853 ], [ 70.799973059753398, 22.871115523566772 ], [ 70.79998020049787, 22.871657270433637 ] ] ], [ [ [ 70.809926056375332, 22.872086213962898 ], [ 70.810510684706827, 22.872079559154216 ], [ 70.810503502052569, 22.871537815469502 ], [ 70.809918876037329, 22.871544470103089 ], [ 70.809926056375332, 22.872086213962898 ] ] ], [ [ [ 70.805819323926812, 22.8710492473088 ], [ 70.805234698486601, 22.871055884594433 ], [ 70.805249021885018, 22.872139375150592 ], [ 70.805833651957713, 22.872132737515663 ], [ 70.805840816299281, 22.872674482560587 ], [ 70.806425448470918, 22.872667842604223 ], [ 70.806418281813009, 22.872126097734004 ], [ 70.807002911450837, 22.872119455805624 ], [ 70.806988574154971, 22.871035966297686 ], [ 70.806403949149626, 22.87104260787655 ], [ 70.806411115372583, 22.871584352824776 ], [ 70.805826487833556, 22.871590992431727 ], [ 70.805819323926812, 22.8710492473088 ] ] ], [ [ [ 70.799994482636933, 22.872740764050391 ], [ 70.79998020049787, 22.871657270433637 ], [ 70.799395570571306, 22.871663886426997 ], [ 70.799409848077659, 22.872747380391914 ], [ 70.799994482636933, 22.872740764050391 ] ] ], [ [ [ 70.801163751105307, 22.872727524926891 ], [ 70.801149459700852, 22.871644032006806 ], [ 70.800564830207747, 22.871650652293575 ], [ 70.80057911697952, 22.872734145562053 ], [ 70.801163751105307, 22.872727524926891 ] ] ], [ [ [ 70.814025646886037, 22.87258132781534 ], [ 70.814610276006576, 22.872574657804297 ], [ 70.814603076920221, 22.872032915385898 ], [ 70.814018450115981, 22.872039585221437 ], [ 70.814025646886037, 22.87258132781534 ] ] ], [ [ [ 70.809933236931229, 22.872627957783692 ], [ 70.809926056375332, 22.872086213962898 ], [ 70.809341427825956, 22.872092866624868 ], [ 70.809348606065527, 22.872634610620711 ], [ 70.809933236931229, 22.872627957783692 ] ] ], [ [ [ 70.804678711229954, 22.873229501388121 ], [ 70.804671551303827, 22.872687756032953 ], [ 70.805256183910217, 22.872681120370167 ], [ 70.805249021885018, 22.872139375150592 ], [ 70.804664391594983, 22.872146010638783 ], [ 70.804657232103381, 22.871604265205615 ], [ 70.804072603912374, 22.871610898372527 ], [ 70.804094076089882, 22.873236135078649 ], [ 70.804678711229954, 22.873229501388121 ] ] ], [ [ [ 70.802333018706292, 22.872714277216126 ], [ 70.802917652181335, 22.872707650140537 ], [ 70.802910499421557, 22.872165904222925 ], [ 70.802325868262884, 22.87217253112415 ], [ 70.802333018706292, 22.872714277216126 ] ] ], [ [ [ 70.802340169366673, 22.873256023269107 ], [ 70.802333018706292, 22.872714277216126 ], [ 70.801748385014264, 22.872720902144913 ], [ 70.801755533358204, 22.873262648372211 ], [ 70.802340169366673, 22.873256023269107 ] ] ], [ [ [ 70.808785504058335, 22.874266493589392 ], [ 70.808778327481775, 22.873724749535594 ], [ 70.80760905539573, 22.873738045175401 ], [ 70.807616227339196, 22.874279789579017 ], [ 70.808785504058335, 22.874266493589392 ] ] ], [ [ [ 70.806446949749528, 22.874293076980855 ], [ 70.807031588653146, 22.874286434353412 ], [ 70.807024419026234, 22.873744689774973 ], [ 70.80643978243917, 22.873751332227652 ], [ 70.806446949749528, 22.874293076980855 ] ] ], [ [ [ 70.799445545634754, 22.875456114621915 ], [ 70.800030191777026, 22.875449497409946 ], [ 70.800015907470836, 22.874366004183102 ], [ 70.799431265961971, 22.874372621046891 ], [ 70.799445545634754, 22.875456114621915 ] ] ], [ [ [ 70.811145613719134, 22.875865105673235 ], [ 70.811730257830277, 22.875858445344619 ], [ 70.811723069016693, 22.875316702283413 ], [ 70.811138427222275, 22.875323362436809 ], [ 70.811145613719134, 22.875865105673235 ] ] ], [ [ [ 70.799459826174157, 22.876539608040972 ], [ 70.799452685796126, 22.875997861350946 ], [ 70.798868037120386, 22.876004476589845 ], [ 70.798875175181536, 22.876546223453911 ], [ 70.799459826174157, 22.876539608040972 ] ] ], [ [ [ 70.808835746191988, 22.878058700873581 ], [ 70.808828568090945, 22.877516957092887 ], [ 70.808243915939514, 22.877523607210822 ], [ 70.808251091723506, 22.878065351166462 ], [ 70.808835746191988, 22.878058700873581 ] ] ], [ [ [ 70.798932287468375, 22.880880196962671 ], [ 70.799516956998616, 22.880873580157377 ], [ 70.799509814887173, 22.880331833779323 ], [ 70.798925147674382, 22.880338450410566 ], [ 70.798932287468375, 22.880880196962671 ] ] ], [ [ [ 70.804778973011068, 22.880813932264982 ], [ 70.80477181004278, 22.880272187455901 ], [ 70.80418714478273, 22.880278823415551 ], [ 70.804194305433626, 22.880820568399184 ], [ 70.804778973011068, 22.880813932264982 ] ] ], [ [ [ 70.8036096376389, 22.880827202385753 ], [ 70.803616796189544, 22.881368947504875 ], [ 70.804201466301748, 22.881362313343811 ], [ 70.804194305433626, 22.880820568399184 ], [ 70.8036096376389, 22.880827202385753 ] ] ], [ [ [ 70.803039282310436, 22.8819173247728 ], [ 70.803623954957388, 22.881910692584995 ], [ 70.803616796189544, 22.881368947504875 ], [ 70.803032125860156, 22.881375579518238 ], [ 70.803039282310436, 22.8819173247728 ] ] ], [ [ [ 70.798946567706253, 22.881963689949892 ], [ 70.798939427478999, 22.881421943475782 ], [ 70.798354755414621, 22.881428558307395 ], [ 70.798361893324284, 22.881970304955502 ], [ 70.798946567706253, 22.881963689949892 ] ] ], [ [ [ 70.803702715739263, 22.887869885891398 ], [ 70.803688393642133, 22.886786396550466 ], [ 70.80310370013396, 22.886793030308354 ], [ 70.80305359586238, 22.883000815164898 ], [ 70.802468918362962, 22.883007445553723 ], [ 70.802497538800907, 22.885174426567367 ], [ 70.801912851812901, 22.885181055505676 ], [ 70.801948620653576, 22.887889781766667 ], [ 70.803702715739263, 22.887869885891398 ] ] ], [ [ [ 70.801378226276043, 22.888979900008191 ], [ 70.801962929708992, 22.888973271997965 ], [ 70.801955775072756, 22.888431526901822 ], [ 70.801371073958322, 22.888438154737763 ], [ 70.801378226276043, 22.888979900008191 ] ] ], [ [ [ 70.802561947485614, 22.890050131565744 ], [ 70.803146655121594, 22.890043498909684 ], [ 70.803139495414058, 22.889501754240346 ], [ 70.802554790096693, 22.889508386721996 ], [ 70.802561947485614, 22.890050131565744 ] ] ], [ [ [ 70.813101050549051, 22.891013898296233 ], [ 70.813685758902309, 22.891007226614821 ], [ 70.813678557023408, 22.890465485172619 ], [ 70.813093850988849, 22.890472156678602 ], [ 70.813101050549051, 22.891013898296233 ] ] ], [ [ [ 70.807261131607689, 22.891622240262844 ], [ 70.807246778643787, 22.890538753564226 ], [ 70.806662070210905, 22.890545401435297 ], [ 70.806676418537265, 22.891628888483535 ], [ 70.807261131607689, 22.891622240262844 ] ] ], [ [ [ 70.811938828328493, 22.891568977142335 ], [ 70.811931633187427, 22.891027235213045 ], [ 70.811346924179233, 22.891033900448445 ], [ 70.811339731575117, 22.890492158304859 ], [ 70.810755024667444, 22.890498821216372 ], [ 70.810762214952859, 22.891040563535164 ], [ 70.810177505508378, 22.891047224473201 ], [ 70.810184693693117, 22.891588966928097 ], [ 70.811938828328493, 22.891568977142335 ] ] ], [ [ [ 70.812530737115381, 22.892104051297867 ], [ 70.813115450324617, 22.89209738141437 ], [ 70.813108250327645, 22.891555639874824 ], [ 70.812523539437223, 22.891562309582945 ], [ 70.812530737115381, 22.892104051297867 ] ] ], [ [ [ 70.806683593026861, 22.892170631949107 ], [ 70.806676418537265, 22.891628888483535 ], [ 70.806091705249216, 22.891635534555466 ], [ 70.806098877419942, 22.892177278195792 ], [ 70.806683593026861, 22.892170631949107 ] ] ], [ [ [ 70.80902245327762, 22.892144025474231 ], [ 70.809015269512557, 22.891602282708241 ], [ 70.808430557095392, 22.891608937375199 ], [ 70.808437738541599, 22.892150680316167 ], [ 70.80902245327762, 22.892144025474231 ] ] ], [ [ [ 70.809029637260579, 22.892685768201186 ], [ 70.809614354097633, 22.892679111035413 ], [ 70.809607167795747, 22.892137368483496 ], [ 70.80902245327762, 22.892144025474231 ], [ 70.809029637260579, 22.892685768201186 ] ] ], [ [ [ 70.810783787117728, 22.892665790257293 ], [ 70.810776596177988, 22.892124048055624 ], [ 70.810191882095893, 22.892130709343959 ], [ 70.810199070716706, 22.892672451720774 ], [ 70.810783787117728, 22.892665790257293 ] ] ], [ [ [ 70.805528501951599, 22.893267409806622 ], [ 70.805521331664806, 22.892725666069648 ], [ 70.804936613303909, 22.892732308193334 ], [ 70.804943781271689, 22.89327405210495 ], [ 70.805528501951599, 22.893267409806622 ] ] ], [ [ [ 70.807867382495701, 22.893240819123978 ], [ 70.8084521020875, 22.893234166080997 ], [ 70.808444920205645, 22.892692423218097 ], [ 70.807860202932858, 22.892699076086146 ], [ 70.807867382495701, 22.893240819123978 ] ] ], [ [ [ 70.806113222414041, 22.893260765359354 ], [ 70.807282662686163, 22.893247470018032 ], [ 70.807275485442304, 22.892705726805335 ], [ 70.806106049808207, 22.892719021797088 ], [ 70.806113222414041, 22.893260765359354 ] ] ], [ [ [ 70.807289840147703, 22.893789213191692 ], [ 70.807874562276325, 22.893782562122766 ], [ 70.807867382495701, 22.893240819123978 ], [ 70.807282662686163, 22.893247470018032 ], [ 70.807289840147703, 22.893789213191692 ] ] ], [ [ [ 70.806712293161468, 22.894337605421079 ], [ 70.806705117801371, 22.893795862111631 ], [ 70.8061203952374, 22.89380250888259 ], [ 70.806127568278342, 22.894344252366789 ], [ 70.806712293161468, 22.894337605421079 ] ] ], [ [ [ 70.803203940600696, 22.894377454859615 ], [ 70.803196779155613, 22.893835710502458 ], [ 70.802612055287341, 22.893842344379426 ], [ 70.802626373756297, 22.894925833403555 ], [ 70.803795830552474, 22.894912562802819 ], [ 70.803788666570938, 22.894370818659166 ], [ 70.803203940600696, 22.894377454859615 ] ] ], [ [ [ 70.80381015916744, 22.895996050973022 ], [ 70.804394891878331, 22.895989412099901 ], [ 70.804387725142817, 22.895447668208849 ], [ 70.803802994751308, 22.895454306907428 ], [ 70.80381015916744, 22.895996050973022 ] ] ], [ [ [ 70.805593044320091, 22.898143101682862 ], [ 70.805585872075781, 22.897601358297198 ], [ 70.805001132841141, 22.897608001992726 ], [ 70.805008302765785, 22.898149745553052 ], [ 70.805593044320091, 22.898143101682862 ] ] ], [ [ [ 70.804430728816399, 22.898698130969674 ], [ 70.804423560994039, 22.898156387273787 ], [ 70.803838819004895, 22.898163026845076 ], [ 70.803845984507532, 22.898704770715504 ], [ 70.804430728816399, 22.898698130969674 ] ] ], [ [ [ 70.802676495237932, 22.898718043758635 ], [ 70.803261239981353, 22.898711408311826 ], [ 70.803254076798467, 22.898169664266909 ], [ 70.802669334374784, 22.898176299539283 ], [ 70.802676495237932, 22.898718043758635 ] ] ], [ [ [ 70.803289894885381, 22.900878384101173 ], [ 70.803282730833502, 22.900336640212391 ], [ 70.802697979130429, 22.900343276182497 ], [ 70.802705140862287, 22.90088502024572 ], [ 70.803289894885381, 22.900878384101173 ] ] ], [ [ [ 70.805065669991478, 22.902483692630263 ], [ 70.805022643267435, 22.899233232556583 ], [ 70.804437896856157, 22.899239874626527 ], [ 70.804445065113285, 22.89978161824434 ], [ 70.80386031616473, 22.899788258339267 ], [ 70.803867482319319, 22.900330002092595 ], [ 70.804452233587824, 22.900323361823123 ], [ 70.804480909659915, 22.902490335747849 ], [ 70.805065669991478, 22.902483692630263 ] ] ], [ [ [ 70.799788517838891, 22.901459913617771 ], [ 70.800373275267347, 22.901453288047822 ], [ 70.800366122598717, 22.900911543326444 ], [ 70.799781367490382, 22.900918168722239 ], [ 70.799788517838891, 22.901459913617771 ] ] ], [ [ [ 70.798633294398215, 22.902556648678498 ], [ 70.799218056900713, 22.902550027060094 ], [ 70.799210908438781, 22.902008282068515 ], [ 70.798626148256531, 22.902014903512875 ], [ 70.798633294398215, 22.902556648678498 ] ] ], [ [ [ 70.831242184210893, 22.804656115844541 ], [ 70.831826517548905, 22.804649401431483 ], [ 70.831819274208854, 22.804107659604178 ], [ 70.831234943178245, 22.804114373840161 ], [ 70.831242184210893, 22.804656115844541 ] ] ], [ [ [ 70.834163848698736, 22.804622522383479 ], [ 70.834171101488792, 22.80516426346292 ], [ 70.835339770356271, 22.805150810746721 ], [ 70.835347027981797, 22.805692551432404 ], [ 70.835931364392223, 22.805685821687394 ], [ 70.835916844746777, 22.804602340631988 ], [ 70.835332512951325, 22.80460907002205 ], [ 70.835325255766932, 22.804067329258398 ], [ 70.834740926058274, 22.80407405633148 ], [ 70.834733671401779, 22.80353231535144 ], [ 70.833565015937651, 22.803545762724411 ], [ 70.833579516241755, 22.804629245354839 ], [ 70.834163848698736, 22.804622522383479 ] ] ], [ [ [ 70.833016928750723, 22.8062611903717 ], [ 70.833002431739544, 22.805177707620629 ], [ 70.831833761109124, 22.805191143219805 ], [ 70.831855493110709, 22.806816368350944 ], [ 70.832439835458871, 22.806809651089754 ], [ 70.832432588930487, 22.806267909595494 ], [ 70.833016928750723, 22.8062611903717 ] ] ], [ [ [ 70.835354285827904, 22.806234292079107 ], [ 70.835347027981797, 22.805692551432404 ], [ 70.83476269135079, 22.805699279037732 ], [ 70.834769946889324, 22.806241019861865 ], [ 70.835354285827904, 22.806234292079107 ] ] ], [ [ [ 70.835945884920264, 22.806769302586865 ], [ 70.835938624545918, 22.806227562156618 ], [ 70.835354285827904, 22.806234292079107 ], [ 70.835361543894606, 22.80677603268683 ], [ 70.835945884920264, 22.806769302586865 ] ] ], [ [ [ 70.83543413669473, 22.812193436619886 ], [ 70.835426876421948, 22.811651696402024 ], [ 70.834842514403618, 22.811658425959049 ], [ 70.834849772368045, 22.812200166354344 ], [ 70.83543413669473, 22.812193436619886 ] ] ], [ [ [ 70.833659283671238, 22.810588397035254 ], [ 70.833074925607988, 22.810595119816842 ], [ 70.833089427025598, 22.811678601788316 ], [ 70.832505064125471, 22.811685322784129 ], [ 70.832512312856409, 22.812227063888599 ], [ 70.831927947427644, 22.81223378292125 ], [ 70.831942440933403, 22.813317265367548 ], [ 70.832526810979147, 22.813310545980592 ], [ 70.832519561807644, 22.812768804954089 ], [ 70.833688296621176, 22.812755360113211 ], [ 70.833681043053062, 22.812213619402197 ], [ 70.834265407820794, 22.812206893948453 ], [ 70.83425815216475, 22.811665153375777 ], [ 70.833673789705387, 22.811671878652199 ], [ 70.833659283671238, 22.810588397035254 ] ] ], [ [ [ 70.835731997885361, 22.83440475197273 ], [ 70.835724728563591, 22.833863013354094 ], [ 70.835140271845034, 22.833869750187059 ], [ 70.835147538855594, 22.834411488983186 ], [ 70.835731997885361, 22.83440475197273 ] ] ], [ [ [ 70.83456307960509, 22.834418223850975 ], [ 70.834555814905784, 22.833876484877418 ], [ 70.833971357745895, 22.833883217425154 ], [ 70.833978620133948, 22.834424956576093 ], [ 70.83456307960509, 22.834418223850975 ] ] ], [ [ [ 70.833993145571824, 22.835508434760914 ], [ 70.834577609665658, 22.835501701681039 ], [ 70.834570344525048, 22.834959962785518 ], [ 70.833985882742596, 22.83496669568801 ], [ 70.833993145571824, 22.835508434760914 ] ] ], [ [ [ 70.833993145571824, 22.835508434760914 ], [ 70.833408681257396, 22.835515165697998 ], [ 70.833415941995739, 22.83605690490921 ], [ 70.834000408621634, 22.836050173794792 ], [ 70.833993145571824, 22.835508434760914 ] ] ], [ [ [ 70.832838733796692, 22.836605373230235 ], [ 70.83342320295462, 22.836598644081395 ], [ 70.833415941995739, 22.83605690490921 ], [ 70.832831475149348, 22.836063633880773 ], [ 70.832838733796692, 22.836605373230235 ] ] ], [ [ [ 70.832853251752752, 22.8376888518121 ], [ 70.832845992664502, 22.837147112540677 ], [ 70.832261520974498, 22.837153839723818 ], [ 70.832268777751082, 22.837695579172461 ], [ 70.832853251752752, 22.8376888518121 ] ] ], [ [ [ 70.83168430352903, 22.83770230438979 ], [ 70.831691558214246, 22.83824404397658 ], [ 70.832276034748062, 22.838237318582085 ], [ 70.832268777751082, 22.837695579172461 ], [ 70.83168430352903, 22.83770230438979 ] ] ], [ [ [ 70.830537105269713, 22.839340968101148 ], [ 70.831121586867837, 22.839334246638725 ], [ 70.831114334053851, 22.838792506952863 ], [ 70.830529854767619, 22.838799228238241 ], [ 70.830537105269713, 22.839340968101148 ] ] ], [ [ [ 70.836396459235061, 22.8403571330959 ], [ 70.836389185172379, 22.839815395084102 ], [ 70.83580470324722, 22.839822136012774 ], [ 70.835811974997895, 22.840363874202133 ], [ 70.836396459235061, 22.8403571330959 ] ] ], [ [ [ 70.829974369342736, 22.840972907305996 ], [ 70.829967120492171, 22.840431167383141 ], [ 70.829382633829709, 22.840437884913044 ], [ 70.829389880368169, 22.840979625012839 ], [ 70.829974369342736, 22.840972907305996 ] ] ], [ [ [ 70.834672076574748, 22.842544303771707 ], [ 70.835256570502253, 22.842537566242239 ], [ 70.835249300180507, 22.841995828031497 ], [ 70.834664808565307, 22.84200256538351 ], [ 70.834672076574748, 22.842544303771707 ] ] ], [ [ [ 70.834686613255784, 22.843627780431021 ], [ 70.834679344804911, 22.84308604212087 ], [ 70.83409484834435, 22.843092777684223 ], [ 70.834102114482789, 22.843634516171768 ], [ 70.834686613255784, 22.843627780431021 ] ] ], [ [ [ 70.827679854353917, 22.844250208235547 ], [ 70.827658132249752, 22.842624986929874 ], [ 70.827073635458547, 22.842631696593333 ], [ 70.827095350625271, 22.844256918429178 ], [ 70.827679854353917, 22.844250208235547 ] ] ], [ [ [ 70.832406698385, 22.847988621282422 ], [ 70.832991216321815, 22.847981890554692 ], [ 70.832983953044121, 22.84744015202476 ], [ 70.832399437420307, 22.847446882575241 ], [ 70.832406698385, 22.847988621282422 ] ] ], [ [ [ 70.82716050799543, 22.849132581829856 ], [ 70.827745032540221, 22.849125870045643 ], [ 70.827737789639912, 22.848584130000603 ], [ 70.82715326740832, 22.848590841608079 ], [ 70.82716050799543, 22.849132581829856 ] ] ], [ [ [ 70.835351104777047, 22.849580159429827 ], [ 70.835935628549876, 22.849573417449079 ], [ 70.835928353044523, 22.849031679923328 ], [ 70.835343831584893, 22.849038421726547 ], [ 70.835351104777047, 22.849580159429827 ] ] ], [ [ [ 70.835950180223278, 22.850656892383462 ], [ 70.835942904276123, 22.850115154935793 ], [ 70.834773851883085, 22.850128637108039 ], [ 70.83478112320357, 22.850670374910713 ], [ 70.835950180223278, 22.850656892383462 ] ] ], [ [ [ 70.834211133038849, 22.851760588800865 ], [ 70.834203863590332, 22.851218850898846 ], [ 70.833034800619387, 22.851232320914569 ], [ 70.833042065440907, 22.851774059171259 ], [ 70.834211133038849, 22.851760588800865 ] ] ], [ [ [ 70.83129572049134, 22.852335987392422 ], [ 70.831880257375673, 22.852329259535797 ], [ 70.831858476792092, 22.850704043702404 ], [ 70.83127394684827, 22.850710771027607 ], [ 70.83129572049134, 22.852335987392422 ] ] ], [ [ [ 70.835372925678485, 22.851205372305422 ], [ 70.834788394744791, 22.851212112674354 ], [ 70.834795666506793, 22.851753850398943 ], [ 70.83538019975397, 22.851747109852543 ], [ 70.835372925678485, 22.851205372305422 ] ] ], [ [ [ 70.835387474050307, 22.852288847360605 ], [ 70.83597200939019, 22.852282104492193 ], [ 70.835964732780297, 22.851740367161661 ], [ 70.83538019975397, 22.851747109852543 ], [ 70.835387474050307, 22.852288847360605 ] ] ], [ [ [ 70.827203956134895, 22.852383022341055 ], [ 70.827788494560252, 22.852376309496385 ], [ 70.827781250340422, 22.851834569685494 ], [ 70.827196714228677, 22.851841282353419 ], [ 70.827203956134895, 22.852383022341055 ] ] ], [ [ [ 70.833049330483007, 22.852315797388904 ], [ 70.833042065440907, 22.851774059171259 ], [ 70.832457531311064, 22.851780791139728 ], [ 70.832464794039581, 22.852322529534622 ], [ 70.833049330483007, 22.852315797388904 ] ] ], [ [ [ 70.834810210693135, 22.852837325730988 ], [ 70.834795666506793, 22.851753850398943 ], [ 70.834211133038849, 22.851760588800865 ], [ 70.834225672597995, 22.852844064487758 ], [ 70.834810210693135, 22.852837325730988 ] ] ], [ [ [ 70.830718439394715, 22.852884451991773 ], [ 70.831302978813042, 22.852877726102619 ], [ 70.83129572049134, 22.852335987392422 ], [ 70.830711183386626, 22.852342713104481 ], [ 70.830718439394715, 22.852884451991773 ] ] ], [ [ [ 70.833648402079092, 22.853392539062188 ], [ 70.834232942708638, 22.853385802272644 ], [ 70.834225672597995, 22.852844064487758 ], [ 70.833641134282146, 22.85285080109993 ], [ 70.833648402079092, 22.853392539062188 ] ] ], [ [ [ 70.831324755100411, 22.854502941999005 ], [ 70.832493847158673, 22.854489482723839 ], [ 70.832486583548146, 22.853947744485094 ], [ 70.831317496117592, 22.853961203405916 ], [ 70.831324755100411, 22.854502941999005 ] ] ], [ [ [ 70.831332014303598, 22.855044680553057 ], [ 70.831324755100411, 22.854502941999005 ], [ 70.830740208740693, 22.854509668419428 ], [ 70.830747465629941, 22.855051407150569 ], [ 70.831332014303598, 22.855044680553057 ] ] ], [ [ [ 70.826071068315571, 22.855105142716106 ], [ 70.826063829937908, 22.854563402570264 ], [ 70.825479281597993, 22.854570109687511 ], [ 70.825486517661702, 22.85511185000993 ], [ 70.826071068315571, 22.855105142716106 ] ] ], [ [ [ 70.822570985811694, 22.855687095471435 ], [ 70.823155539877305, 22.855680398725685 ], [ 70.823141086042355, 22.854596916708335 ], [ 70.822556536604793, 22.854603613101474 ], [ 70.822570985811694, 22.855687095471435 ] ] ], [ [ [ 70.831346533371104, 22.856128157544049 ], [ 70.831339273727167, 22.855586419068075 ], [ 70.830754722739499, 22.855593145842676 ], [ 70.830761980069383, 22.856134884495741 ], [ 70.831346533371104, 22.856128157544049 ] ] ], [ [ [ 70.824339111319418, 22.856750479955089 ], [ 70.82433187922507, 22.856208739396742 ], [ 70.823747323284195, 22.856215440608779 ], [ 70.823754553064376, 22.856757181343546 ], [ 70.824339111319418, 22.856750479955089 ] ] ], [ [ [ 70.822000876982656, 22.856777272638617 ], [ 70.822585435895917, 22.856770577685314 ], [ 70.82257821074414, 22.856228836597879 ], [ 70.821409097326764, 22.856242224006987 ], [ 70.821423538592683, 22.85732570684771 ], [ 70.822008100039483, 22.857319013863272 ], [ 70.822000876982656, 22.856777272638617 ] ] ], [ [ [ 70.830776495390069, 22.857218361684762 ], [ 70.830769237619563, 22.856676623109774 ], [ 70.830184681783365, 22.856683348093551 ], [ 70.830191937239661, 22.857225086845581 ], [ 70.830776495390069, 22.857218361684762 ] ] ], [ [ [ 70.821445202135564, 22.858950930816146 ], [ 70.821437980735396, 22.858409189532352 ], [ 70.82085341444062, 22.858415880723943 ], [ 70.820860633526308, 22.85895762218388 ], [ 70.821445202135564, 22.858950930816146 ] ] ], [ [ [ 70.820283281688148, 22.859506053003322 ], [ 70.820867852831114, 22.85949936360479 ], [ 70.820860633526308, 22.85895762218388 ], [ 70.820276064697893, 22.858964311406325 ], [ 70.820283281688148, 22.859506053003322 ] ] ], [ [ [ 70.820283281688148, 22.859506053003322 ], [ 70.819698710326108, 22.859512740256502 ], [ 70.819705925220802, 22.86005448199051 ], [ 70.820290498897464, 22.8600477945613 ], [ 70.820283281688148, 22.859506053003322 ] ] ], [ [ [ 70.825558890381274, 22.860529251087623 ], [ 70.826143464178685, 22.860522542027894 ], [ 70.826136223603427, 22.859980802272354 ], [ 70.82555165212068, 22.859987511155484 ], [ 70.825558890381274, 22.860529251087623 ] ] ], [ [ [ 70.819713140334486, 22.860596223685501 ], [ 70.819705925220802, 22.86005448199051 ], [ 70.819121351325123, 22.860061167274306 ], [ 70.819128564124085, 22.860602909145271 ], [ 70.819713140334486, 22.860596223685501 ] ] ], [ [ [ 70.817959411046559, 22.860616273628409 ], [ 70.817966619434884, 22.861158015812141 ], [ 70.819135777142009, 22.861144650977224 ], [ 70.819128564124085, 22.860602909145271 ], [ 70.817959411046559, 22.860616273628409 ] ] ], [ [ [ 70.816241689195124, 22.86334501742682 ], [ 70.816826278074217, 22.863338341815943 ], [ 70.816819073440797, 22.862796599436713 ], [ 70.81623448687678, 22.862803274871887 ], [ 70.816241689195124, 22.86334501742682 ] ] ], [ [ [ 70.82267938282979, 22.863813208270724 ], [ 70.822672154826364, 22.863271467690623 ], [ 70.822087568137206, 22.863278164759009 ], [ 70.822094793825499, 22.863819905515374 ], [ 70.82267938282979, 22.863813208270724 ] ] ], [ [ [ 70.821510204601921, 22.863826600614232 ], [ 70.821517428194355, 22.864368341507777 ], [ 70.822102019733123, 22.864361646232712 ], [ 70.822094793825499, 22.863819905515374 ], [ 70.821510204601921, 22.863826600614232 ] ] ], [ [ [ 70.817468530197942, 22.867665600282407 ], [ 70.81805313716275, 22.867658918973458 ], [ 70.818045926148514, 22.867117177257967 ], [ 70.817461321499337, 22.867123858391096 ], [ 70.817468530197942, 22.867665600282407 ] ] ], [ [ [ 70.817475739115324, 22.868207342134696 ], [ 70.817468530197942, 22.867665600282407 ], [ 70.816883923014359, 22.867672279445152 ], [ 70.816891129616025, 22.868214021473204 ], [ 70.817475739115324, 22.868207342134696 ] ] ], [ [ [ 70.816905543475514, 22.869297505412248 ], [ 70.81689833643641, 22.868755763462243 ], [ 70.816313724402605, 22.868762440830189 ], [ 70.816320929125865, 22.869304182955915 ], [ 70.816905543475514, 22.869297505412248 ] ] ], [ [ [ 70.81574351718352, 22.869852600615545 ], [ 70.816328134067746, 22.869845925042611 ], [ 70.816320929125865, 22.869304182955915 ], [ 70.815736314557554, 22.869310858353185 ], [ 70.81574351718352, 22.869852600615545 ] ] ], [ [ [ 70.81517330135631, 22.87094275880089 ], [ 70.815757923091198, 22.8709360850232 ], [ 70.815750720028063, 22.870394342838889 ], [ 70.815166100609247, 22.870401016440972 ], [ 70.81517330135631, 22.87094275880089 ] ] ], [ [ [ 70.814603076920221, 22.872032915385898 ], [ 70.815187703505998, 22.872026243403663 ], [ 70.815180502321894, 22.871484501121788 ], [ 70.81459587805233, 22.871491172928465 ], [ 70.814603076920221, 22.872032915385898 ] ] ], [ [ [ 70.814811939134586, 22.887743429673232 ], [ 70.81480473392979, 22.887201688347776 ], [ 70.814220042242809, 22.887208363097749 ], [ 70.814227245129345, 22.887750104598737 ], [ 70.814811939134586, 22.887743429673232 ] ] ], [ [ [ 70.814833556060364, 22.889368653415332 ], [ 70.81481914455793, 22.888285170959648 ], [ 70.814234448234359, 22.888291846060689 ], [ 70.814248855099919, 22.889375328867452 ], [ 70.814833556060364, 22.889368653415332 ] ] ], [ [ [ 70.814840762139468, 22.889910394584607 ], [ 70.815425465199866, 22.889903716808409 ], [ 70.815418256802246, 22.88936197581473 ], [ 70.814833556060364, 22.889368653415332 ], [ 70.814840762139468, 22.889910394584607 ] ] ], [ [ [ 70.846033552380462, 22.774685231834944 ], [ 70.845449351364977, 22.774691989921788 ], [ 70.845434778543563, 22.773608510473615 ], [ 70.843682187988179, 22.773628770845917 ], [ 70.843689467377914, 22.774170511124375 ], [ 70.844273666754589, 22.774163759624997 ], [ 70.84428094866918, 22.774705499686256 ], [ 70.844865150127845, 22.774698745872225 ], [ 70.844872434567463, 22.775240485716225 ], [ 70.845456638108104, 22.775233729587427 ], [ 70.845471212259255, 22.776317208801814 ], [ 70.846055420185522, 22.776310450179732 ], [ 70.846040841427111, 22.775226971322176 ], [ 70.846625044524444, 22.775220210920466 ], [ 70.846617753174272, 22.774678471611708 ], [ 70.847201953746307, 22.774671709252079 ], [ 70.847194660314457, 22.774129970082871 ], [ 70.846610462045859, 22.774136732263983 ], [ 70.846603171139208, 22.773594992877292 ], [ 70.846018974952216, 22.773601752743595 ], [ 70.846033552380462, 22.774685231834944 ] ] ], [ [ [ 70.846077289985914, 22.777935668173821 ], [ 70.845493075148241, 22.777942427331165 ], [ 70.845507651515774, 22.779025906155887 ], [ 70.846091870961402, 22.779019146641701 ], [ 70.846084580362785, 22.77847740742725 ], [ 70.846668797282675, 22.778470645954688 ], [ 70.846639627890085, 22.776303689421081 ], [ 70.846055420185522, 22.776310450179732 ], [ 70.846077289985914, 22.777935668173821 ] ] ], [ [ [ 70.845507651515774, 22.779025906155887 ], [ 70.844923431848514, 22.779032663533222 ], [ 70.844938004494423, 22.780116142558814 ], [ 70.84435377999732, 22.780122898155916 ], [ 70.844375633715231, 22.781748116936974 ], [ 70.845544096313617, 22.781734602535732 ], [ 70.845507651515774, 22.779025906155887 ] ] ], [ [ [ 70.844382918730929, 22.782289856452724 ], [ 70.844375633715231, 22.781748116936974 ], [ 70.84379140208371, 22.781754870931891 ], [ 70.843798684794962, 22.782296610625895 ], [ 70.844382918730929, 22.782289856452724 ] ] ], [ [ [ 70.846727146713988, 22.782804557151245 ], [ 70.846719852258744, 22.782262818388084 ], [ 70.846135619209349, 22.782269581110032 ], [ 70.84614291136009, 22.782811320051678 ], [ 70.846727146713988, 22.782804557151245 ] ] ], [ [ [ 70.845573256141989, 22.783901558938108 ], [ 70.845558675784432, 22.782818080814863 ], [ 70.844974439987112, 22.782824839440806 ], [ 70.844989015735422, 22.783908317920805 ], [ 70.845573256141989, 22.783901558938108 ] ] ], [ [ [ 70.845573256141989, 22.783901558938108 ], [ 70.84559512834096, 22.785526775830636 ], [ 70.846179375440173, 22.785520014175262 ], [ 70.846157496326839, 22.783894797818043 ], [ 70.845573256141989, 22.783901558938108 ] ] ], [ [ [ 70.84270300945586, 22.787727510920995 ], [ 70.843287266883038, 22.787720759240653 ], [ 70.843279984262111, 22.787179019758149 ], [ 70.842695729140061, 22.787185771260329 ], [ 70.84270300945586, 22.787727510920995 ] ] ], [ [ [ 70.846252320233532, 22.790937399498876 ], [ 70.846245024756115, 22.790395661141947 ], [ 70.845660756910107, 22.790402424403339 ], [ 70.845668050081954, 22.790944162938725 ], [ 70.846252320233532, 22.790937399498876 ] ] ], [ [ [ 70.841022982013754, 22.793165152940034 ], [ 70.84101570640172, 22.792623413134951 ], [ 70.840431427339837, 22.792630157865688 ], [ 70.840438700646018, 22.793171897848715 ], [ 70.841022982013754, 22.793165152940034 ] ] ], [ [ [ 70.845112945390611, 22.793117878705758 ], [ 70.845697224986836, 22.793111116690408 ], [ 70.845689930928003, 22.792569378310965 ], [ 70.845105653637603, 22.792576140147911 ], [ 70.845112945390611, 22.793117878705758 ] ] ], [ [ [ 70.845142114619506, 22.795284832547242 ], [ 70.845120237365293, 22.793659617224613 ], [ 70.844535955241469, 22.79366637727999 ], [ 70.844557825577539, 22.795291593137669 ], [ 70.845142114619506, 22.795284832547242 ] ] ], [ [ [ 70.846317989512116, 22.795813042956762 ], [ 70.846296097756138, 22.79418782882172 ], [ 70.845711813769782, 22.79419459333231 ], [ 70.845733698607432, 22.795819808002751 ], [ 70.846317989512116, 22.795813042956762 ] ] ], [ [ [ 70.84398811303366, 22.796381828989656 ], [ 70.84457240690972, 22.796375070181185 ], [ 70.844565116132813, 22.795833331678914 ], [ 70.843980824563005, 22.795840090309095 ], [ 70.84398811303366, 22.796381828989656 ] ] ], [ [ [ 70.846339883264704, 22.797438256740865 ], [ 70.84633258512531, 22.796896518851831 ], [ 70.845748289608053, 22.79690328425475 ], [ 70.84575558544104, 22.797445022322261 ], [ 70.846339883264704, 22.797438256740865 ] ] ], [ [ [ 70.844630741104282, 22.800708976795541 ], [ 70.844601572233771, 22.798542023800312 ], [ 70.844017269131953, 22.798548783321991 ], [ 70.844046428775584, 22.800715737030448 ], [ 70.844630741104282, 22.800708976795541 ] ] ], [ [ [ 70.842308057769955, 22.801819482589892 ], [ 70.84347669276282, 22.801805972103004 ], [ 70.843469404383285, 22.801264233634122 ], [ 70.842300774004372, 22.801277743764661 ], [ 70.842308057769955, 22.801819482589892 ] ] ], [ [ [ 70.839408284432807, 22.80347844028169 ], [ 70.839992610067654, 22.803471696270513 ], [ 70.839985334866654, 22.802929956850246 ], [ 70.83940101153901, 22.802936700683556 ], [ 70.839408284432807, 22.80347844028169 ] ] ], [ [ [ 70.839422830883564, 22.804561919360996 ], [ 70.840007161133045, 22.804555174994089 ], [ 70.839999885489789, 22.804013435651793 ], [ 70.839415557547653, 22.804020179840833 ], [ 70.839422830883564, 22.804561919360996 ] ] ], [ [ [ 70.839430104440538, 22.805103658842164 ], [ 70.839422830883564, 22.804561919360996 ], [ 70.838838500413019, 22.804568661588362 ], [ 70.838845771662577, 22.805110401247344 ], [ 70.839430104440538, 22.805103658842164 ] ] ], [ [ [ 70.837107301319875, 22.806214095892472 ], [ 70.837114566309538, 22.806755835967593 ], [ 70.837698906672998, 22.806749099448282 ], [ 70.837713441930205, 22.80783257912627 ], [ 70.838297786688287, 22.807825840111779 ], [ 70.838290516641464, 22.807284100469985 ], [ 70.838874858870824, 22.807277359493369 ], [ 70.838860314824686, 22.806193880448337 ], [ 70.837691639375706, 22.806207359550807 ], [ 70.837684372299279, 22.805665619614349 ], [ 70.835931364392223, 22.805685821687394 ], [ 70.835938624545918, 22.806227562156618 ], [ 70.837107301319875, 22.806214095892472 ] ] ], [ [ [ 70.83595314551529, 22.807311042978128 ], [ 70.836537488627997, 22.807304310560845 ], [ 70.836530225725269, 22.806762570347118 ], [ 70.835945884920264, 22.806769302586865 ], [ 70.83595314551529, 22.807311042978128 ] ] ], [ [ [ 70.838889403801033, 22.808360838382438 ], [ 70.838882131225432, 22.807819098957403 ], [ 70.838297786688287, 22.807825840111779 ], [ 70.838305056956045, 22.808367579714581 ], [ 70.838889403801033, 22.808360838382438 ] ] ], [ [ [ 70.836544751751475, 22.807846050735591 ], [ 70.83655927866063, 22.808929530968104 ], [ 70.835974928624324, 22.808936263918 ], [ 70.835989451800401, 22.810019744349649 ], [ 70.835405096927346, 22.810026475514505 ], [ 70.835397837537045, 22.809484735140696 ], [ 70.83481348475145, 22.809491463987992 ], [ 70.834820741833681, 22.810033204539238 ], [ 70.834236386519464, 22.810039931423834 ], [ 70.834243641514078, 22.810581672113468 ], [ 70.836581070679983, 22.810554751024466 ], [ 70.836573806452776, 22.810013011044671 ], [ 70.8371581608844, 22.810006275599569 ], [ 70.837143628476184, 22.8089227958782 ], [ 70.837727978070916, 22.808916058648293 ], [ 70.837720709890121, 22.808374318906775 ], [ 70.837136362603303, 22.808381055959035 ], [ 70.83712909695123, 22.807839316000877 ], [ 70.836544751751475, 22.807846050735591 ] ] ], [ [ [ 70.83832686908508, 22.809992798289024 ], [ 70.839495576401916, 22.809979312418037 ], [ 70.83948830085518, 22.809437573287806 ], [ 70.838319598154442, 22.809451058803202 ], [ 70.83832686908508, 22.809992798289024 ] ] ], [ [ [ 70.838334140236682, 22.810534537735847 ], [ 70.83832686908508, 22.809992798289024 ], [ 70.8371581608844, 22.810006275599569 ], [ 70.83716542741972, 22.810548015401764 ], [ 70.838334140236682, 22.810534537735847 ] ] ], [ [ [ 70.836581070679983, 22.810554751024466 ], [ 70.836588335127942, 22.811096490965276 ], [ 70.837172694175891, 22.811089755164975 ], [ 70.83716542741972, 22.810548015401764 ], [ 70.836581070679983, 22.810554751024466 ] ] ], [ [ [ 70.840123601502256, 22.813222999167486 ], [ 70.840707968457608, 22.813216249814083 ], [ 70.840700686967239, 22.812674511273684 ], [ 70.840116322320355, 22.812681260449136 ], [ 70.840123601502256, 22.813222999167486 ] ] ], [ [ [ 70.847150604779898, 22.81422533870014 ], [ 70.846566235645284, 22.814232111955285 ], [ 70.846558930626571, 22.813690375275481 ], [ 70.845974563578551, 22.813697146211602 ], [ 70.845989169220786, 22.814780619889223 ], [ 70.847157912329237, 22.814767075162361 ], [ 70.847150604779898, 22.81422533870014 ] ] ], [ [ [ 70.841321472600384, 22.815376451379787 ], [ 70.841905848347665, 22.815369697033265 ], [ 70.841898561354725, 22.814827959004955 ], [ 70.841314187916197, 22.814834713173411 ], [ 70.841321472600384, 22.815376451379787 ] ] ], [ [ [ 70.844849620701609, 22.816961104368268 ], [ 70.844886120037941, 22.819669788883438 ], [ 70.844301726926233, 22.819676555360012 ], [ 70.844309025149556, 22.820218292324338 ], [ 70.845477815769868, 22.820204756873331 ], [ 70.845434002045835, 22.816954336642659 ], [ 70.844849620701609, 22.816961104368268 ] ] ], [ [ [ 70.843724629506752, 22.820225056838119 ], [ 70.843731925642388, 22.820766793941726 ], [ 70.844316323594626, 22.820760029249641 ], [ 70.844309025149556, 22.820218292324338 ], [ 70.843724629506752, 22.820225056838119 ] ] ], [ [ [ 70.837917028314266, 22.823001278239548 ], [ 70.83850143771862, 22.822994534248739 ], [ 70.838486885469962, 22.821911057110224 ], [ 70.837902480685017, 22.821917800745549 ], [ 70.837917028314266, 22.823001278239548 ] ] ], [ [ [ 70.843761112401722, 22.822933741965926 ], [ 70.843753815379372, 22.822392005018408 ], [ 70.843169410276772, 22.822398768104033 ], [ 70.843176704989432, 22.822940505229802 ], [ 70.843761112401722, 22.822933741965926 ] ] ], [ [ [ 70.843191295079592, 22.824023979364263 ], [ 70.843183999923696, 22.82348224231654 ], [ 70.842599589979997, 22.823489003617176 ], [ 70.842606882826033, 22.824030740843096 ], [ 70.843191295079592, 22.824023979364263 ] ] ], [ [ [ 70.842621469182802, 22.825114215177859 ], [ 70.843205886056253, 22.825107453342628 ], [ 70.843198590457106, 22.824565716372962 ], [ 70.84261417589363, 22.824572478029989 ], [ 70.842621469182802, 22.825114215177859 ] ] ], [ [ [ 70.842636056425818, 22.82619768935653 ], [ 70.842621469182802, 22.825114215177859 ], [ 70.842037052087761, 22.825120974871425 ], [ 70.842051634710586, 22.826204449406383 ], [ 70.842636056425818, 22.82619768935653 ] ] ], [ [ [ 70.83797522767108, 22.827335186655059 ], [ 70.837953401254737, 22.82570997129185 ], [ 70.837368980079631, 22.825716714029657 ], [ 70.837390799565242, 22.827341929925957 ], [ 70.83797522767108, 22.827335186655059 ] ] ], [ [ [ 70.835644780594976, 22.827903885973925 ], [ 70.836229211673825, 22.827897148951276 ], [ 70.836221942690827, 22.827355410041978 ], [ 70.83563751392235, 22.827362146887101 ], [ 70.835644780594976, 22.827903885973925 ] ] ], [ [ [ 70.841503661655508, 22.828919893859382 ], [ 70.842088095143978, 22.828913135060834 ], [ 70.842058926354255, 22.826746186615324 ], [ 70.841474502107303, 22.826752944701489 ], [ 70.841503661655508, 22.828919893859382 ] ] ], [ [ [ 70.836820914046129, 22.82843214847934 ], [ 70.837405346993748, 22.828425406995077 ], [ 70.837390799565242, 22.827341929925957 ], [ 70.836806371238481, 22.827348671054924 ], [ 70.836820914046129, 22.82843214847934 ] ] ], [ [ [ 70.841518242758298, 22.830003368204164 ], [ 70.840933804427166, 22.830010125216731 ], [ 70.84094109300004, 22.830551862508621 ], [ 70.841525533641885, 22.830545105318013 ], [ 70.841518242758298, 22.830003368204164 ] ] ], [ [ [ 70.841532824746935, 22.831086842392832 ], [ 70.842117267478059, 22.831080082881879 ], [ 70.842109974062254, 22.830538345985161 ], [ 70.841525533641885, 22.830545105318013 ], [ 70.841532824746935, 22.831086842392832 ] ] ], [ [ [ 70.840962960047065, 22.832177074150131 ], [ 70.841547407621434, 22.832170316425376 ], [ 70.841532824746935, 22.831086842392832 ], [ 70.84094838179432, 22.831093599761488 ], [ 70.840962960047065, 22.832177074150131 ] ] ], [ [ [ 70.840970249505531, 22.832718811285908 ], [ 70.840962960047065, 22.832177074150131 ], [ 70.840378512251291, 22.832183829732475 ], [ 70.840385799398774, 22.83272556704625 ], [ 70.840970249505531, 22.832718811285908 ] ] ], [ [ [ 70.836309185061339, 22.833856274378519 ], [ 70.836301913649194, 22.833314535898406 ], [ 70.835717459462586, 22.833321274696438 ], [ 70.835724728563591, 22.833863013354094 ], [ 70.836309185061339, 22.833856274378519 ] ] ], [ [ [ 70.838668852140231, 22.835454510124102 ], [ 70.839253314466859, 22.835447759902038 ], [ 70.839246030835326, 22.834906022427592 ], [ 70.838661570820065, 22.834912772471821 ], [ 70.838668852140231, 22.835454510124102 ] ] ], [ [ [ 70.838683415444038, 22.836537985311562 ], [ 70.838676133681545, 22.835996247737345 ], [ 70.838091668822358, 22.836002995994431 ], [ 70.838098948273341, 22.836544733746425 ], [ 70.838683415444038, 22.836537985311562 ] ] ], [ [ [ 70.838113507838571, 22.837628209133328 ], [ 70.838106227945403, 22.837086471459397 ], [ 70.837521758242062, 22.837093217929098 ], [ 70.837529035823579, 22.837634955780754 ], [ 70.838113507838571, 22.837628209133328 ] ] ], [ [ [ 70.837579985083067, 22.841427119649499 ], [ 70.837587264432884, 22.841968857188895 ], [ 70.837002773701187, 22.841975603114722 ], [ 70.837017328439345, 22.843059078431775 ], [ 70.837601823795666, 22.843052332150588 ], [ 70.837609103808646, 22.843594069572877 ], [ 70.83877809848282, 22.84358057022429 ], [ 70.838770813845017, 22.843038833157532 ], [ 70.838186318930909, 22.843045583725843 ], [ 70.838179036826645, 22.842503846442252 ], [ 70.838763529428419, 22.842497096051741 ], [ 70.838748961258801, 22.841413621723031 ], [ 70.83933344901493, 22.841406869544727 ], [ 70.839318877105896, 22.840323395415567 ], [ 70.838734393973951, 22.840330147238181 ], [ 70.83874167750578, 22.840871884500128 ], [ 70.838157191840594, 22.840878634357257 ], [ 70.838164473281495, 22.841420371757952 ], [ 70.837579985083067, 22.841427119649499 ] ] ], [ [ [ 70.838763529428419, 22.842497096051741 ], [ 70.838770813845017, 22.843038833157532 ], [ 70.839355308537932, 22.843032080445681 ], [ 70.839348021808988, 22.842490343517735 ], [ 70.838763529428419, 22.842497096051741 ] ] ], [ [ [ 70.837616384042704, 22.844135806956125 ], [ 70.837031884061489, 22.844142553592683 ], [ 70.837024606139934, 22.843600816031753 ], [ 70.836440108250201, 22.843607560347003 ], [ 70.836476488504928, 22.846316248649451 ], [ 70.837645507189649, 22.846302756098737 ], [ 70.837616384042704, 22.844135806956125 ] ] ], [ [ [ 70.838251867820702, 22.847921217521304 ], [ 70.838244583726123, 22.84737948058909 ], [ 70.837660070089612, 22.847386230435795 ], [ 70.837667351871232, 22.847927967545754 ], [ 70.838251867820702, 22.847921217521304 ] ] ], [ [ [ 70.840633694135477, 22.851144612486674 ], [ 70.840626399460291, 22.850602876500346 ], [ 70.840041872830056, 22.850609635990931 ], [ 70.840049165191871, 22.851151372155247 ], [ 70.840633694135477, 22.851144612486674 ] ] ], [ [ [ 70.838302862675789, 22.85171337495348 ], [ 70.838887394596853, 22.85170662154027 ], [ 70.838880106640531, 22.851164885059212 ], [ 70.838295577032937, 22.851171638294598 ], [ 70.838302862675789, 22.85171337495348 ] ] ], [ [ [ 70.837718330533534, 22.851720126222215 ], [ 70.837711047204138, 22.851178389385574 ], [ 70.837126517154246, 22.851185138332152 ], [ 70.837133798170157, 22.8517268753465 ], [ 70.837718330533534, 22.851720126222215 ] ] ], [ [ [ 70.841232817499389, 22.852221322173119 ], [ 70.841225520067724, 22.851679586442948 ], [ 70.840640989032167, 22.851686348433951 ], [ 70.840648284150291, 22.852228084342165 ], [ 70.841232817499389, 22.852221322173119 ] ] ], [ [ [ 70.839486507500183, 22.852783338471827 ], [ 70.840071043605761, 22.852776580413853 ], [ 70.840063750579731, 22.852234844366709 ], [ 70.839479216787751, 22.852241602246746 ], [ 70.839486507500183, 22.852783338471827 ] ] ], [ [ [ 70.83774018184846, 22.853345336497831 ], [ 70.837732897855687, 22.852803599778341 ], [ 70.837148360865157, 22.852810349258036 ], [ 70.837155642544246, 22.85335208615523 ], [ 70.83774018184846, 22.853345336497831 ] ] ], [ [ [ 70.863981800200065, 22.762556515212811 ], [ 70.863974444894055, 22.76201478038741 ], [ 70.86339030374242, 22.76202160055772 ], [ 70.863397656746628, 22.762563335563247 ], [ 70.863981800200065, 22.762556515212811 ] ] ], [ [ [ 70.866946719705311, 22.765772784159349 ], [ 70.867530875627097, 22.765765949915792 ], [ 70.867523505165209, 22.765224216406352 ], [ 70.866939351545611, 22.765231050469435 ], [ 70.866946719705311, 22.765772784159349 ] ] ], [ [ [ 70.85126211464592, 22.772457361010236 ], [ 70.851240189313046, 22.77083214667179 ], [ 70.851824371986069, 22.770825368473922 ], [ 70.851802441745292, 22.769200154321631 ], [ 70.853554967704284, 22.769179808523916 ], [ 70.853547651160625, 22.768638070932433 ], [ 70.854715996081879, 22.768624496746764 ], [ 70.854708675155521, 22.768082759474737 ], [ 70.855292844979516, 22.768075969357604 ], [ 70.855285521973329, 22.767534232225902 ], [ 70.856453856347855, 22.767520645943403 ], [ 70.856461183959141, 22.768062382716344 ], [ 70.857045353114628, 22.768055586192212 ], [ 70.857038023200815, 22.767513849598746 ], [ 70.857622189830806, 22.767507051118482 ], [ 70.85761485783749, 22.766965314665555 ], [ 70.857030693509969, 22.766972112966297 ], [ 70.857023364042092, 22.766430376294863 ], [ 70.855855039323018, 22.766443966130833 ], [ 70.855840390265314, 22.765360491953295 ], [ 70.857008705775215, 22.765346902835066 ], [ 70.856986720047075, 22.763721692353041 ], [ 70.85757087056129, 22.763714895129407 ], [ 70.857563540129149, 22.763173158403621 ], [ 70.858147688118393, 22.763166359224353 ], [ 70.858140355607375, 22.762624622639159 ], [ 70.858724501071649, 22.762617821504371 ], [ 70.858717166481867, 22.762076085059832 ], [ 70.85930130942117, 22.762069281969627 ], [ 70.859293972752795, 22.761527545665786 ], [ 70.860462253358207, 22.76151393343984 ], [ 70.860440230882674, 22.759888725373003 ], [ 70.861024363945603, 22.759881916597116 ], [ 70.861009678809097, 22.75879844471735 ], [ 70.859841421665607, 22.758812059415082 ], [ 70.859848759519394, 22.759353795734075 ], [ 70.859264628311337, 22.759360600060642 ], [ 70.859271964086901, 22.759902336520387 ], [ 70.858687830354185, 22.759909138891885 ], [ 70.858680496880083, 22.759367402252469 ], [ 70.857512233348288, 22.759381000231869 ], [ 70.857504904700122, 22.758839263194304 ], [ 70.856920774901141, 22.758846058802376 ], [ 70.856906122876353, 22.757762584251328 ], [ 70.855737871814966, 22.757776168345718 ], [ 70.855752514634503, 22.758859643614418 ], [ 70.855168384167001, 22.758866432818376 ], [ 70.855161064947197, 22.758324695024175 ], [ 70.85340867911286, 22.758345049290131 ], [ 70.853415991428562, 22.758886787621986 ], [ 70.852247728490383, 22.758900346817462 ], [ 70.852255036425703, 22.75944208546851 ], [ 70.851086767995227, 22.759455636483011 ], [ 70.851094071549866, 22.75999737545304 ], [ 70.85226234458338, 22.759983824080606 ], [ 70.8522696529634, 22.76052556265374 ], [ 70.854022067750549, 22.760505219046468 ], [ 70.854029383257881, 22.761046957043312 ], [ 70.853445242916337, 22.761053740559792 ], [ 70.853459869995206, 22.762137216794923 ], [ 70.851123287990589, 22.762164330943587 ], [ 70.851130592656332, 22.762706069718828 ], [ 70.850546444297535, 22.762712843097216 ], [ 70.850539141933666, 22.762171104143086 ], [ 70.849954995654599, 22.762177875207502 ], [ 70.849969596000676, 22.763261353434473 ], [ 70.850553746883577, 22.763254582012383 ], [ 70.850561049691791, 22.763796320888595 ], [ 70.851145202654536, 22.763789547152427 ], [ 70.85115250798701, 22.764331285810783 ], [ 70.852320817849858, 22.764317731574767 ], [ 70.852328128008864, 22.764859469836203 ], [ 70.850575655974737, 22.764879798524142 ], [ 70.850568352722163, 22.764338059725841 ], [ 70.849400041526053, 22.764351601150064 ], [ 70.849421938136885, 22.765976818500921 ], [ 70.848837775299017, 22.765983586546252 ], [ 70.848845072311022, 22.766525325764018 ], [ 70.848260906948795, 22.766532091852543 ], [ 70.84826820188033, 22.76707383121002 ], [ 70.84768403399373, 22.767080595341632 ], [ 70.847691326844654, 22.767622334838766 ], [ 70.848859667000966, 22.767608804082656 ], [ 70.848866964678933, 22.768150543183538 ], [ 70.848282792409137, 22.768157309808096 ], [ 70.848290088006436, 22.768699049048696 ], [ 70.848874262578875, 22.768692282245457 ], [ 70.848888859044791, 22.769775760252408 ], [ 70.848304679866814, 22.769782527413007 ], [ 70.848311976129892, 22.770324266536715 ], [ 70.847727794427115, 22.770331031740064 ], [ 70.84774238301317, 22.771414510227849 ], [ 70.847158196482539, 22.771421273652408 ], [ 70.847172781349855, 22.772504752341483 ], [ 70.846588589991171, 22.772511513987027 ], [ 70.846603171139208, 22.773594992877292 ], [ 70.847187367104439, 22.773588230874712 ], [ 70.847180074116224, 22.773046491627586 ], [ 70.847764267556329, 22.773039727667296 ], [ 70.847749677639001, 22.7719562494133 ], [ 70.84833386625084, 22.771949483674053 ], [ 70.84831927261493, 22.770866005621457 ], [ 70.84890345639873, 22.77085923810349 ], [ 70.848896157610753, 22.770317499197429 ], [ 70.850064519906354, 22.770303958111079 ], [ 70.85010103909714, 22.773012650464 ], [ 70.849516846545029, 22.773019422969146 ], [ 70.849524148746397, 22.773561161501615 ], [ 70.850108343601804, 22.773554388817669 ], [ 70.850115648328625, 22.774096127132374 ], [ 70.850699845265197, 22.774089352133302 ], [ 70.850677924841406, 22.772464137608875 ], [ 70.85126211464592, 22.772457361010236 ] ], [ [ 70.855862364186095, 22.766985703161129 ], [ 70.854694033970929, 22.76699928481376 ], [ 70.854686713712653, 22.766457547424814 ], [ 70.855855039323018, 22.766443966130833 ], [ 70.855862364186095, 22.766985703161129 ] ], [ [ 70.850020704208333, 22.767053526001643 ], [ 70.850604871206826, 22.767046753327669 ], [ 70.85059756706552, 22.766505014685233 ], [ 70.851181731539384, 22.766498240054585 ], [ 70.851189037983133, 22.767039978518117 ], [ 70.851773204537182, 22.767033201572989 ], [ 70.851765895791004, 22.766491463288407 ], [ 70.852350059820282, 22.766484684386715 ], [ 70.852342748994076, 22.76594294624217 ], [ 70.852926910498596, 22.765936165384034 ], [ 70.852919597592503, 22.765394427379597 ], [ 70.85350375657228, 22.765387644565124 ], [ 70.853525702864999, 22.767012857924154 ], [ 70.852941536978165, 22.767019641275997 ], [ 70.852948850551684, 22.767561379163528 ], [ 70.852364682139893, 22.767568160558877 ], [ 70.852371993633298, 22.768109898586506 ], [ 70.851787822696537, 22.768116678025244 ], [ 70.851780513505688, 22.767574939818601 ], [ 70.851196344649139, 22.76758171694269 ], [ 70.851225573535942, 22.769748670251303 ], [ 70.850641395246413, 22.769755445955379 ], [ 70.850648700720953, 22.770297184364019 ], [ 70.850064519906354, 22.770303958111079 ], [ 70.850020704208333, 22.767053526001643 ] ], [ [ 70.853474497964143, 22.763220692874189 ], [ 70.853467183868432, 22.762678954854042 ], [ 70.854051331115329, 22.762672170800045 ], [ 70.854044014940271, 22.762130432920102 ], [ 70.855212304162563, 22.762116858765296 ], [ 70.855219624941313, 22.762658596286727 ], [ 70.854635478139656, 22.762665384610941 ], [ 70.854642796839229, 22.763207122272693 ], [ 70.853474497964143, 22.763220692874189 ] ], [ [ 70.855774480534564, 22.760484856225222 ], [ 70.855781802946808, 22.761026593684225 ], [ 70.855197663273188, 22.761033383605522 ], [ 70.855204983606527, 22.761575121204896 ], [ 70.854620841408476, 22.761581909170541 ], [ 70.85460620556789, 22.760498433574266 ], [ 70.855774480534564, 22.760484856225222 ] ] ], [ [ [ 70.866961456697155, 22.766856251422173 ], [ 70.867545617223527, 22.766849416817664 ], [ 70.867538246313202, 22.766307683386234 ], [ 70.866954088089159, 22.766314517810262 ], [ 70.866961456697155, 22.766856251422173 ] ] ], [ [ [ 70.858790522421572, 22.767493447751164 ], [ 70.858783185823356, 22.766951711657452 ], [ 70.858199021941971, 22.766958514229273 ], [ 70.85820635623773, 22.767500250502621 ], [ 70.858790522421572, 22.767493447751164 ] ] ], [ [ [ 70.866384662476392, 22.767404817644529 ], [ 70.866377295946634, 22.766863083891199 ], [ 70.865793134972009, 22.766869914224728 ], [ 70.865800499199381, 22.767411648158426 ], [ 70.866384662476392, 22.767404817644529 ] ] ], [ [ [ 70.86872868930655, 22.767919207225766 ], [ 70.869897017998738, 22.767905522345654 ], [ 70.869889637430134, 22.767363789714722 ], [ 70.86872131334286, 22.767377474233477 ], [ 70.86872868930655, 22.767919207225766 ] ] ], [ [ [ 70.864639531819776, 22.767967037034833 ], [ 70.864632171973355, 22.767425302779564 ], [ 70.864048008024483, 22.767432126886796 ], [ 70.864055365568419, 22.767973861322261 ], [ 70.864639531819776, 22.767967037034833 ] ] ], [ [ [ 70.858228360463713, 22.76912545908877 ], [ 70.85820635623773, 22.767500250502621 ], [ 70.857622189830806, 22.767507051118482 ], [ 70.857629522047148, 22.768048787532432 ], [ 70.857045353114628, 22.768055586192212 ], [ 70.857052683251425, 22.768597322746704 ], [ 70.857636854486529, 22.768590523907395 ], [ 70.857644187148978, 22.769132260243378 ], [ 70.858228360463713, 22.76912545908877 ] ] ], [ [ [ 70.855891665866736, 22.769152650892565 ], [ 70.856475839850418, 22.769145856145276 ], [ 70.856461183959141, 22.768062382716344 ], [ 70.855877014580742, 22.768069177104806 ], [ 70.855891665866736, 22.769152650892565 ] ] ], [ [ [ 70.85765152003448, 22.769673996540373 ], [ 70.857644187148978, 22.769132260243378 ], [ 70.857060013611189, 22.769139059262208 ], [ 70.85706734419395, 22.769680795738736 ], [ 70.85765152003448, 22.769673996540373 ] ] ], [ [ [ 70.856483168130438, 22.769687592801276 ], [ 70.856490496633356, 22.770229329418289 ], [ 70.85707467499968, 22.770222532176277 ], [ 70.85706734419395, 22.769680795738736 ], [ 70.856483168130438, 22.769687592801276 ] ] ], [ [ [ 70.855898991844001, 22.769694387727981 ], [ 70.854730638602661, 22.769707971173883 ], [ 70.854737960197113, 22.770249708328976 ], [ 70.855322139232001, 22.770242917494635 ], [ 70.85533678769491, 22.771326391329275 ], [ 70.855920971112866, 22.771319598000321 ], [ 70.855898991844001, 22.769694387727981 ] ] ], [ [ [ 70.85299273666493, 22.770811805670274 ], [ 70.853576918670655, 22.770805021064504 ], [ 70.853569601459284, 22.770263283589948 ], [ 70.852985421756486, 22.770270068016586 ], [ 70.85299273666493, 22.770811805670274 ] ] ], [ [ [ 70.854168420190703, 22.77133997157916 ], [ 70.854752604054156, 22.77133318252222 ], [ 70.854745282014278, 22.770791445445084 ], [ 70.85416110045378, 22.770798234322775 ], [ 70.854168420190703, 22.77133997157916 ] ] ], [ [ [ 70.856512483479676, 22.771854539035424 ], [ 70.856505154307968, 22.771312802535363 ], [ 70.855920971112866, 22.771319598000321 ], [ 70.855928297981535, 22.771861334679802 ], [ 70.856512483479676, 22.771854539035424 ] ] ], [ [ [ 70.853584236104581, 22.771346758500087 ], [ 70.853591553761092, 22.771888495896686 ], [ 70.853007367149345, 22.771895280860729 ], [ 70.853014682725316, 22.77243701839749 ], [ 70.85418306033246, 22.77242344597499 ], [ 70.854168420190703, 22.77133997157916 ], [ 70.853584236104581, 22.771346758500087 ] ] ], [ [ [ 70.854190380737322, 22.77296518311444 ], [ 70.85477457151012, 22.77295839351974 ], [ 70.854767248802077, 22.772416656559546 ], [ 70.85418306033246, 22.77242344597499 ], [ 70.854190380737322, 22.77296518311444 ] ] ], [ [ [ 70.849531451169867, 22.774102899995128 ], [ 70.849524148746397, 22.773561161501615 ], [ 70.848939953668889, 22.773567932049296 ], [ 70.848947253789007, 22.77410967072155 ], [ 70.849531451169867, 22.774102899995128 ] ] ], [ [ [ 70.847778858361224, 22.774123205765434 ], [ 70.847771562847839, 22.773581466735848 ], [ 70.847187367104439, 22.773588230874712 ], [ 70.847194660314457, 22.774129970082871 ], [ 70.847778858361224, 22.774123205765434 ] ] ], [ [ [ 70.848954554131154, 22.774651409354838 ], [ 70.848370354224826, 22.774658178123637 ], [ 70.848384950968196, 22.775741655630682 ], [ 70.847800746232807, 22.775748422620378 ], [ 70.847808042633815, 22.776290161494085 ], [ 70.848976456489893, 22.776276625020859 ], [ 70.848954554131154, 22.774651409354838 ] ] ], [ [ [ 70.853664742568867, 22.777305867718749 ], [ 70.853657422686354, 22.776764130711967 ], [ 70.853073215344011, 22.776770917288314 ], [ 70.853080532922775, 22.777312654474255 ], [ 70.853664742568867, 22.777305867718749 ] ] ], [ [ [ 70.860120417095345, 22.779398012130386 ], [ 70.860113070978258, 22.778856277254015 ], [ 70.860697284859796, 22.778849464319585 ], [ 70.860689936662197, 22.778307729584039 ], [ 70.861274148016335, 22.778300914692743 ], [ 70.861259447683949, 22.777217445464405 ], [ 70.861843654206965, 22.777210628796279 ], [ 70.861836302072362, 22.776668894303551 ], [ 70.862420506068091, 22.776662075678832 ], [ 70.862413151853474, 22.776120341327097 ], [ 70.862997353321916, 22.776113520745898 ], [ 70.862989997027427, 22.77557178653521 ], [ 70.864158394685944, 22.775558139323685 ], [ 70.864151034008231, 22.775016405434258 ], [ 70.865319426164348, 22.775002750037597 ], [ 70.865326791448979, 22.775544483566527 ], [ 70.864742593179429, 22.775551312513308 ], [ 70.864749956384543, 22.776093046183508 ], [ 70.864165755587521, 22.776099873174108 ], [ 70.864173116712962, 22.776641606985518 ], [ 70.863588913388455, 22.776648432019812 ], [ 70.863596272434123, 22.777190165972385 ], [ 70.863012066582115, 22.777196989050267 ], [ 70.863026780737286, 22.778280457198601 ], [ 70.861858359146964, 22.778294097664727 ], [ 70.861873064981381, 22.779377566377143 ], [ 70.861288849242897, 22.779384383765045 ], [ 70.861296200191489, 22.779926118242695 ], [ 70.860127763435827, 22.77993974696777 ], [ 70.860142456787059, 22.781023216525504 ], [ 70.859558233465762, 22.781030028042277 ], [ 70.859572923102064, 22.78211349780355 ], [ 70.858988694948792, 22.782120307542783 ], [ 70.858996037797567, 22.782662042544644 ], [ 70.858411807116596, 22.782668850326438 ], [ 70.858433830089012, 22.784294055637002 ], [ 70.857265354230137, 22.784307665866606 ], [ 70.857272691058, 22.784849401251307 ], [ 70.856688450489173, 22.784856203339597 ], [ 70.85669578523536, 22.785397938864801 ], [ 70.85611154213872, 22.785404738995133 ], [ 70.856118874803087, 22.78594647466079 ], [ 70.855534629178649, 22.785953272833055 ], [ 70.855549290566358, 22.787036744406159 ], [ 70.854965040109093, 22.787043540799587 ], [ 70.854979697778205, 22.788127012575377 ], [ 70.856148207690254, 22.788113416933371 ], [ 70.856170209696884, 22.789738623228246 ], [ 70.855585947936504, 22.789745422656345 ], [ 70.855600612444974, 22.790828893683372 ], [ 70.857353410889772, 22.7908084879085 ], [ 70.857346071607623, 22.790266752952899 ], [ 70.857930335004241, 22.790259946931467 ], [ 70.857922993639832, 22.789718212116433 ], [ 70.858507254507828, 22.789711404136668 ], [ 70.858514598177635, 22.790253138772062 ], [ 70.859098861127762, 22.790246328474701 ], [ 70.859069478566965, 22.788079390417778 ], [ 70.85790097088578, 22.788093007437247 ], [ 70.857893630414154, 22.78755127246616 ], [ 70.858477882061266, 22.787544465204924 ], [ 70.858455855070545, 22.785919260596501 ], [ 70.857871610338364, 22.785926067318851 ], [ 70.857864270759464, 22.785384332191736 ], [ 70.858448513186801, 22.785377525649011 ], [ 70.85844117152628, 22.784835790662513 ], [ 70.859609651101636, 22.784822171524112 ], [ 70.8595949592317, 22.783738702152917 ], [ 70.860763428694938, 22.783725075184222 ], [ 70.86074872850044, 22.782641606376256 ], [ 70.861917187851631, 22.782627971578183 ], [ 70.861887771710286, 22.780461034933534 ], [ 70.863056211732641, 22.780447393027149 ], [ 70.863041495787456, 22.779363925190893 ], [ 70.863625710854876, 22.779357101392552 ], [ 70.863603631703583, 22.777731899885943 ], [ 70.864187839635505, 22.777725074491308 ], [ 70.864180478062295, 22.777183340757915 ], [ 70.864764683466603, 22.777176513406872 ], [ 70.864757319813606, 22.776634779814692 ], [ 70.865341522690272, 22.776627950507358 ], [ 70.865334156957616, 22.776086217056452 ], [ 70.865918357306697, 22.776079385792933 ], [ 70.865910989494523, 22.77553765248334 ], [ 70.867079384913282, 22.775523983907789 ], [ 70.867086757332501, 22.776065716856543 ], [ 70.867670957009096, 22.776058879183669 ], [ 70.867663582286369, 22.775517146415421 ], [ 70.86824777943518, 22.775510306786668 ], [ 70.86824040263329, 22.774968574159956 ], [ 70.867656207787945, 22.774975413608153 ], [ 70.867641459463911, 22.773891947876571 ], [ 70.868225649702609, 22.773885108789486 ], [ 70.868218273573774, 22.773343376045727 ], [ 70.866465709094669, 22.773363886356833 ], [ 70.866473078313788, 22.773905619642086 ], [ 70.865888887402477, 22.773912452320506 ], [ 70.865874153794792, 22.772828985350227 ], [ 70.866458340099683, 22.772822153032578 ], [ 70.866450971328831, 22.7722804196693 ], [ 70.867035155106493, 22.772273585395979 ], [ 70.867027784256734, 22.771731852174131 ], [ 70.86761196550718, 22.771725015945243 ], [ 70.867604592578672, 22.771183282864879 ], [ 70.867020413631181, 22.771190118913282 ], [ 70.867005673052631, 22.770106652274546 ], [ 70.867589847394413, 22.770099816587127 ], [ 70.867582475138661, 22.769558083389736 ], [ 70.868166646953455, 22.769551245747039 ], [ 70.86815927261928, 22.769009512691174 ], [ 70.866990933370786, 22.769023185479774 ], [ 70.866976194585646, 22.767939718528986 ], [ 70.865223697847242, 22.767960210611783 ], [ 70.865231060220111, 22.768501944647795 ], [ 70.863478554558455, 22.768522418050686 ], [ 70.863471199093269, 22.767980683474072 ], [ 70.86288703239434, 22.767987503490261 ], [ 70.862901738943279, 22.76907097296467 ], [ 70.862317567415488, 22.769077791205302 ], [ 70.862324918722791, 22.769619526064051 ], [ 70.861740744668666, 22.769626342348918 ], [ 70.861748093896793, 22.77016807734865 ], [ 70.861163917316347, 22.770174891677641 ], [ 70.86117126446517, 22.770716626818295 ], [ 70.860587085358389, 22.77072343919129 ], [ 70.860601775720568, 22.771806909715373 ], [ 70.860017591784427, 22.771813720312078 ], [ 70.860024934997568, 22.772355455695436 ], [ 70.859440748535008, 22.772362264335868 ], [ 70.859455431025012, 22.773445735345128 ], [ 70.858871239732792, 22.773452542208872 ], [ 70.858878579009442, 22.773994277834721 ], [ 70.858294385190703, 22.774001082741908 ], [ 70.858309059806899, 22.775084554235935 ], [ 70.857724861158204, 22.775091357366037 ], [ 70.857739532059966, 22.77617482906328 ], [ 70.857155328581072, 22.776181630416087 ], [ 70.857177329695858, 22.777806838208143 ], [ 70.856593119082746, 22.777813637962915 ], [ 70.856622447809215, 22.779980581857696 ], [ 70.856038227757239, 22.77998738019355 ], [ 70.856074882161224, 22.782696060081829 ], [ 70.856659113734651, 22.782689260848752 ], [ 70.856651780103562, 22.78214752512854 ], [ 70.85723600914956, 22.782140723937783 ], [ 70.857228673437106, 22.781598988358077 ], [ 70.857812899955675, 22.781592185209753 ], [ 70.857805562162028, 22.7810504497706 ], [ 70.858389786153168, 22.781043644664834 ], [ 70.858382446278441, 22.78050190936629 ], [ 70.85896666774218, 22.780495102303185 ], [ 70.858959325786529, 22.779953367145314 ], [ 70.859543544722854, 22.779946558124983 ], [ 70.859536200686421, 22.779404823107829 ], [ 70.860120417095345, 22.779398012130386 ] ], [ [ 70.856761807987894, 22.790273556836361 ], [ 70.856747134703753, 22.789190086449068 ], [ 70.857331393712741, 22.78918328292465 ], [ 70.857346071607623, 22.790266752952899 ], [ 70.856761807987894, 22.790273556836361 ] ], [ [ 70.856644446695483, 22.781605789369326 ], [ 70.856637113510402, 22.781064053571118 ], [ 70.857221337947749, 22.781057252739362 ], [ 70.857228673437106, 22.781598988358077 ], [ 70.856644446695483, 22.781605789369326 ] ], [ [ 70.864676334410248, 22.770675707726163 ], [ 70.865260511951163, 22.770668880401811 ], [ 70.865267875443863, 22.771210614242811 ], [ 70.86468369560005, 22.771217441747424 ], [ 70.864676334410248, 22.770675707726163 ] ] ], [ [ [ 70.847837230457017, 22.77845711659921 ], [ 70.847253013980776, 22.778463882345346 ], [ 70.847267604615865, 22.779547360021244 ], [ 70.846683383309696, 22.779554123987658 ], [ 70.846712558025331, 22.781721079585949 ], [ 70.847296788548491, 22.781714314905365 ], [ 70.847274900266214, 22.780089098800737 ], [ 70.847859123654644, 22.780082332518823 ], [ 70.847844527967638, 22.778998855278054 ], [ 70.848428746525926, 22.778992087216487 ], [ 70.848406847748095, 22.777366871598968 ], [ 70.847822636101569, 22.77737363912459 ], [ 70.847837230457017, 22.77845711659921 ] ] ], [ [ [ 70.852474377896542, 22.775694226881086 ], [ 70.851890174716488, 22.775701008826189 ], [ 70.851904799991772, 22.776784484031271 ], [ 70.851320591982002, 22.776791264197861 ], [ 70.851327902649487, 22.777333001920912 ], [ 70.85074369211361, 22.777339780129839 ], [ 70.850758309507867, 22.778423255816861 ], [ 70.850174094141991, 22.778430032246874 ], [ 70.85018140086855, 22.778971770210788 ], [ 70.849597182976467, 22.77897854468285 ], [ 70.849604487621193, 22.779520282786603 ], [ 70.849020267202903, 22.779527055300598 ], [ 70.84903487255049, 22.780610531748703 ], [ 70.84961909757709, 22.780603758877174 ], [ 70.849633708421621, 22.78168723481182 ], [ 70.850217937834671, 22.781680459445646 ], [ 70.850239862681107, 22.783305672518761 ], [ 70.851408334667255, 22.78329211430162 ], [ 70.851415648003098, 22.78383385155686 ], [ 70.851999885967217, 22.783827069063374 ], [ 70.851926739572761, 22.778409696546536 ], [ 70.852510954271594, 22.77840291370623 ], [ 70.852518270214063, 22.778944650954308 ], [ 70.853102486994374, 22.778937865798145 ], [ 70.853087850724094, 22.777854391621208 ], [ 70.852503638551624, 22.777861176419169 ], [ 70.852474377896542, 22.775694226881086 ] ] ], [ [ [ 70.846741736289943, 22.783888034560626 ], [ 70.847325976031215, 22.783881269165857 ], [ 70.847318678827705, 22.783339530659205 ], [ 70.846734441391064, 22.783346295875429 ], [ 70.846741736289943, 22.783888034560626 ] ] ], [ [ [ 70.851430275341954, 22.78491732595036 ], [ 70.851422961561326, 22.784375588773099 ], [ 70.850838721070133, 22.784382369308197 ], [ 70.850846032546016, 22.784924106664402 ], [ 70.851430275341954, 22.78491732595036 ] ] ], [ [ [ 70.847932115406877, 22.785499716383999 ], [ 70.847917515280727, 22.784416239922802 ], [ 70.847333273456641, 22.784423007633531 ], [ 70.847347868973202, 22.78550648445194 ], [ 70.847932115406877, 22.785499716383999 ] ] ], [ [ [ 70.849100607608236, 22.785486173835569 ], [ 70.847932115406877, 22.785499716383999 ], [ 70.847939415802941, 22.786041454556113 ], [ 70.848523664319544, 22.786034684171991 ], [ 70.848538270387621, 22.787118160041942 ], [ 70.849122523292195, 22.787111387162799 ], [ 70.849100607608236, 22.785486173835569 ] ] ], [ [ [ 70.846201256549421, 22.787145230181665 ], [ 70.846208550696062, 22.787686968772498 ], [ 70.847377062669253, 22.787673437620956 ], [ 70.847355167064336, 22.78604822280267 ], [ 70.846770918103829, 22.786054988911651 ], [ 70.846763622317596, 22.785513250382365 ], [ 70.846179375440173, 22.785520014175262 ], [ 70.846193962624554, 22.786603491551848 ], [ 70.846778214111893, 22.78659672740195 ], [ 70.846785510341803, 22.787138465853264 ], [ 70.846201256549421, 22.787145230181665 ] ] ], [ [ [ 70.860223286194142, 22.786982296303918 ], [ 70.860215936949004, 22.786440561973667 ], [ 70.859631690581864, 22.78644737528834 ], [ 70.859639037522058, 22.786989109798384 ], [ 70.860223286194142, 22.786982296303918 ] ] ], [ [ [ 70.859062133485111, 22.787537655806016 ], [ 70.859646384685632, 22.787530844269419 ], [ 70.859639037522058, 22.786989109798384 ], [ 70.859054788626565, 22.786995921155235 ], [ 70.859062133485111, 22.787537655806016 ] ] ], [ [ [ 70.867840637545044, 22.788518722083083 ], [ 70.867833257662554, 22.787976990212421 ], [ 70.867249007290894, 22.7879838318567 ], [ 70.867256384868256, 22.788525563907893 ], [ 70.867840637545044, 22.788518722083083 ] ] ], [ [ [ 70.846814697480042, 22.789305419268711 ], [ 70.846807400362692, 22.788763680973329 ], [ 70.846223139654697, 22.788770445837233 ], [ 70.846230434466705, 22.789312184311125 ], [ 70.846814697480042, 22.789305419268711 ] ] ], [ [ [ 70.854994356338679, 22.789210484195142 ], [ 70.855578616016643, 22.789203687084317 ], [ 70.855571284319709, 22.788661951473284 ], [ 70.854987026947029, 22.788668748404763 ], [ 70.854994356338679, 22.789210484195142 ] ] ], [ [ [ 70.866095252033119, 22.789080973517336 ], [ 70.866679507463644, 22.789074135787594 ], [ 70.866672131967164, 22.78853240359496 ], [ 70.864919371918702, 22.788552909829654 ], [ 70.864934109304471, 22.789636375258098 ], [ 70.866102625448576, 22.789622705851368 ], [ 70.866095252033119, 22.789080973517336 ] ] ], [ [ [ 70.85910620732632, 22.790788062891391 ], [ 70.859690472358551, 22.790781250276314 ], [ 70.859683123854538, 22.790239516039382 ], [ 70.859098861127762, 22.790246328474701 ], [ 70.85910620732632, 22.790788062891391 ] ] ], [ [ [ 70.85090453235712, 22.789258004110337 ], [ 70.85088259326038, 22.787632792860556 ], [ 70.851466847581094, 22.787626011251763 ], [ 70.851437589344968, 22.785459063088624 ], [ 70.850853344244214, 22.785465843981616 ], [ 70.850860656164755, 22.786007581259838 ], [ 70.850276408536772, 22.786014360194219 ], [ 70.850305649222037, 22.788181309632773 ], [ 70.848552877343934, 22.788201635755943 ], [ 70.848545573754748, 22.787659897918434 ], [ 70.847961318322987, 22.787666668838565 ], [ 70.847997826963066, 22.79037535852958 ], [ 70.847413559782666, 22.790382128205064 ], [ 70.847420859871178, 22.790923866204917 ], [ 70.848005129357105, 22.790917096350814 ], [ 70.848027037871361, 22.792542309580565 ], [ 70.8474427614684, 22.792549079970552 ], [ 70.847450062444722, 22.793090817814445 ], [ 70.846865783513962, 22.793097586244741 ], [ 70.846858484843466, 22.792555848222275 ], [ 70.846274207996643, 22.792562614335747 ], [ 70.846288800947818, 22.793646090698719 ], [ 70.846873082406361, 22.793639324228216 ], [ 70.846880381520648, 22.794181062172701 ], [ 70.847464665063271, 22.79417429338525 ], [ 70.847493872964051, 22.796341244058929 ], [ 70.848078165509236, 22.796334472418518 ], [ 70.848056252332157, 22.794709260007664 ], [ 70.848640537736784, 22.794702486764688 ], [ 70.848633231482509, 22.79416074939509 ], [ 70.849801797013299, 22.79414719685127 ], [ 70.849757936482504, 22.790896773960032 ], [ 70.85034220507994, 22.790889995553623 ], [ 70.850320270898337, 22.789264784118103 ], [ 70.85090453235712, 22.789258004110337 ] ] ], [ [ [ 70.864349850896303, 22.789643206754665 ], [ 70.864357217619897, 22.790184939590596 ], [ 70.863772956682411, 22.790191769129489 ], [ 70.863780321324555, 22.790733502106601 ], [ 70.863196057857721, 22.790740329687697 ], [ 70.863203420418259, 22.791282062805923 ], [ 70.862619154422077, 22.791288888429126 ], [ 70.862611794167051, 22.790747155130802 ], [ 70.860859001752715, 22.790767618632131 ], [ 70.86086635509119, 22.791309352470382 ], [ 70.861450621758479, 22.791302533261351 ], [ 70.861465333717391, 22.79238600046094 ], [ 70.862049604772295, 22.79237917875389 ], [ 70.862056963392945, 22.792920912115168 ], [ 70.861472690032315, 22.792927734002198 ], [ 70.86148004657089, 22.793469467504426 ], [ 70.860895770680827, 22.793476287433151 ], [ 70.860910479817093, 22.794559754680389 ], [ 70.860326199091645, 22.794566572830572 ], [ 70.860333551689138, 22.795108306575521 ], [ 70.86208640011273, 22.795087845169988 ], [ 70.862064322237302, 22.793462645437415 ], [ 70.863817147893954, 22.793442166406706 ], [ 70.863795051280547, 22.791816967943735 ], [ 70.864379319134528, 22.791810137864232 ], [ 70.864364584567468, 22.790726672387507 ], [ 70.86494884758639, 22.790719840530429 ], [ 70.864934109304471, 22.789636375258098 ], [ 70.864349850896303, 22.789643206754665 ] ], [ [ 70.862633875603478, 22.792372354908672 ], [ 70.863218146210883, 22.792365528925298 ], [ 70.863225509442969, 22.792907261926441 ], [ 70.862641236529839, 22.792914088089915 ], [ 70.862633875603478, 22.792372354908672 ] ] ], [ [ [ 70.859719868608863, 22.792948186833886 ], [ 70.859712519211143, 22.792406452753024 ], [ 70.859128247262106, 22.792413265907356 ], [ 70.859135594354072, 22.792955000167979 ], [ 70.859719868608863, 22.792948186833886 ] ] ], [ [ [ 70.856783819587122, 22.79189876212471 ], [ 70.856798495101984, 22.792982232121883 ], [ 70.854461392280513, 22.793009429863694 ], [ 70.854476050240734, 22.79409290113993 ], [ 70.856228891526541, 22.794072504964792 ], [ 70.856221555517294, 22.793530769884267 ], [ 70.8573901106477, 22.793517162101313 ], [ 70.857382770249814, 22.792975427340782 ], [ 70.858551319875929, 22.792961811363824 ], [ 70.858543975089688, 22.792420076923513 ], [ 70.857959702693989, 22.792426885801468 ], [ 70.857952360436727, 22.791885151142495 ], [ 70.856783819587122, 22.79189876212471 ] ] ], [ [ [ 70.860318846717661, 22.794024839046589 ], [ 70.860304142640203, 22.792941371361565 ], [ 70.859719868608863, 22.792948186833886 ], [ 70.859734568074614, 22.794031654878548 ], [ 70.860318846717661, 22.794024839046589 ] ] ], [ [ [ 70.864985697212191, 22.793428503028196 ], [ 70.863817147893954, 22.793442166406706 ], [ 70.863824513879607, 22.793983899149634 ], [ 70.864408790956574, 22.793977068349303 ], [ 70.864416159472086, 22.794518800872989 ], [ 70.865000438630958, 22.794511967754069 ], [ 70.864985697212191, 22.793428503028196 ] ] ], [ [ [ 70.856820510047427, 22.794607436825029 ], [ 70.856236227758799, 22.7946142400063 ], [ 70.856243564214111, 22.795155975008797 ], [ 70.856827848808763, 22.795149171648035 ], [ 70.856820510047427, 22.794607436825029 ] ] ], [ [ [ 70.856835187793209, 22.795690906432032 ], [ 70.857419474470873, 22.79568410075326 ], [ 70.857412133180318, 22.795142366148799 ], [ 70.856827848808763, 22.795149171648035 ], [ 70.856835187793209, 22.795690906432032 ] ] ], [ [ [ 70.858610086204763, 22.797295685481629 ], [ 70.859194379131409, 22.797288872848135 ], [ 70.859187030252386, 22.796747138899701 ], [ 70.858602739632062, 22.79675395135348 ], [ 70.858610086204763, 22.797295685481629 ] ] ], [ [ [ 70.855688618223084, 22.797329716568573 ], [ 70.856272912265652, 22.797322914628598 ], [ 70.856265574918211, 22.796781179782176 ], [ 70.855681283181966, 22.796787981542721 ], [ 70.855688618223084, 22.797329716568573 ] ] ], [ [ [ 70.857448841864866, 22.797851038780895 ], [ 70.858033137544467, 22.797844230245204 ], [ 70.858025793054807, 22.797302495976425 ], [ 70.857441499681599, 22.797309304332522 ], [ 70.857448841864866, 22.797851038780895 ] ] ], [ [ [ 70.855104323957534, 22.797336516369839 ], [ 70.855111656915227, 22.797878251536041 ], [ 70.854527360120372, 22.797885049377907 ], [ 70.854534690994512, 22.798426784684409 ], [ 70.855703288974254, 22.798413186503222 ], [ 70.855688618223084, 22.797329716568573 ], [ 70.855104323957534, 22.797336516369839 ] ] ], [ [ [ 70.859793374875693, 22.798365525496202 ], [ 70.85978602324343, 22.797823791805587 ], [ 70.859201728233828, 22.79783060675754 ], [ 70.85920907755964, 22.798372340627928 ], [ 70.859793374875693, 22.798365525496202 ] ] ], [ [ [ 70.858632127262879, 22.798920887631912 ], [ 70.859216427108862, 22.79891407445928 ], [ 70.85920907755964, 22.798372340627928 ], [ 70.858624780020179, 22.798379153620843 ], [ 70.858632127262879, 22.798920887631912 ] ] ], [ [ [ 70.852818415466771, 22.801155844550376 ], [ 70.853402726769914, 22.801149052049933 ], [ 70.853388072243149, 22.800065581071117 ], [ 70.853972378709969, 22.800058786789982 ], [ 70.853950391670324, 22.798433580566758 ], [ 70.85278179235371, 22.798447165914947 ], [ 70.852774468399019, 22.797905430070816 ], [ 70.854527360120372, 22.797885049377907 ], [ 70.854520029469072, 22.797343314032382 ], [ 70.853935734757783, 22.797350109556206 ], [ 70.85392840663566, 22.796808373992409 ], [ 70.853344114007939, 22.796815167198304 ], [ 70.853351439823712, 22.797356902941303 ], [ 70.851598553685648, 22.797377270264239 ], [ 70.851613192146573, 22.798460742707753 ], [ 70.85102889170922, 22.798467527895884 ], [ 70.851036208966846, 22.799009264238112 ], [ 70.850451906000501, 22.799016047466317 ], [ 70.850473852187861, 22.800641256795725 ], [ 70.849889542079012, 22.800648038421624 ], [ 70.849896855612684, 22.801189774965621 ], [ 70.849312542974673, 22.801196554631257 ], [ 70.84932716609498, 22.802280027959849 ], [ 70.849911483346929, 22.802273247936572 ], [ 70.849918797547502, 22.802814984363533 ], [ 70.849334477988506, 22.802821764565632 ], [ 70.849341790104276, 22.803363501132402 ], [ 70.851094755035689, 22.803343153571532 ], [ 70.851080117183798, 22.802259681472258 ], [ 70.85166443376859, 22.802252895031224 ], [ 70.85167907623466, 22.80333636677252 ], [ 70.852263397211118, 22.803329577834152 ], [ 70.852248750130855, 22.802246106450948 ], [ 70.852833066270549, 22.802239315731434 ], [ 70.852818415466771, 22.801155844550376 ] ], [ [ 70.849904169368642, 22.801731511470596 ], [ 70.850488484091272, 22.801724729486946 ], [ 70.850495800376549, 22.802266465774039 ], [ 70.849911483346929, 22.802273247936572 ], [ 70.849904169368642, 22.801731511470596 ] ] ], [ [ [ 70.848742848620816, 22.802286805843867 ], [ 70.848750158207253, 22.802828542628415 ], [ 70.849334477988506, 22.802821764565632 ], [ 70.84932716609498, 22.802280027959849 ], [ 70.848742848620816, 22.802286805843867 ] ] ], [ [ [ 70.848779398774823, 22.804995489376502 ], [ 70.849363727785075, 22.804988710598639 ], [ 70.849341790104276, 22.803363501132402 ], [ 70.848757468015876, 22.803370279373951 ], [ 70.848779398774823, 22.804995489376502 ] ] ], [ [ [ 70.849385667466223, 22.806613919713765 ], [ 70.849371040789848, 22.805530447009364 ], [ 70.848202377932324, 22.805544002783027 ], [ 70.848209686544379, 22.806085739512231 ], [ 70.847625352474878, 22.80609251436832 ], [ 70.847632659001505, 22.806634251237167 ], [ 70.847048322402372, 22.806641024132201 ], [ 70.847092152378579, 22.809891445597685 ], [ 70.847676502824626, 22.809884671630993 ], [ 70.847654579913737, 22.808259461609644 ], [ 70.848238923213927, 22.808252686038895 ], [ 70.848231613713338, 22.807710949465751 ], [ 70.84764727272092, 22.807717724857834 ], [ 70.847639965750176, 22.807175988067005 ], [ 70.848808642897453, 22.807162435500398 ], [ 70.848801331533494, 22.806620699027945 ], [ 70.849385667466223, 22.806613919713765 ] ] ], [ [ [ 70.847135990347354, 22.81314186565864 ], [ 70.847114070363844, 22.811516655803736 ], [ 70.846529712771343, 22.811523428166058 ], [ 70.846551625829818, 22.813148638556655 ], [ 70.847135990347354, 22.81314186565864 ] ] ] ] } },
{ "type": "Feature", "properties": { "cls": 4, "depth_cls": "> 3 m", "area_km2": 13.45, "scenario": "Cf39713a" }, "geometry": { "type": "MultiPolygon", "coordinates": [ [ [ [ 70.85707467499968, 22.770222532176277 ], [ 70.856490496633356, 22.770229329418289 ], [ 70.856512483479676, 22.771854539035424 ], [ 70.855928297981535, 22.771861334679802 ], [ 70.855920971112866, 22.771319598000321 ], [ 70.85533678769491, 22.771326391329275 ], [ 70.855322139232001, 22.770242917494635 ], [ 70.854737960197113, 22.770249708328976 ], [ 70.854752604054156, 22.77133318252222 ], [ 70.854168420190703, 22.77133997157916 ], [ 70.85418306033246, 22.77242344597499 ], [ 70.854767248802077, 22.772416656559546 ], [ 70.85477457151012, 22.77295839351974 ], [ 70.854190380737322, 22.77296518311444 ], [ 70.854226986101622, 22.775673868226928 ], [ 70.85364278358918, 22.775680656581446 ], [ 70.853664742568867, 22.777305867718749 ], [ 70.853080532922775, 22.777312654474255 ], [ 70.853102486994374, 22.778937865798145 ], [ 70.852518270214063, 22.778944650954308 ], [ 70.852510954271594, 22.77840291370623 ], [ 70.851926739572761, 22.778409696546536 ], [ 70.851999885967217, 22.783827069063374 ], [ 70.851415648003098, 22.78383385155686 ], [ 70.851466847581094, 22.787626011251763 ], [ 70.85088259326038, 22.787632792860556 ], [ 70.85090453235712, 22.789258004110337 ], [ 70.850320270898337, 22.789264784118103 ], [ 70.85034220507994, 22.790889995553623 ], [ 70.849757936482504, 22.790896773960032 ], [ 70.849801797013299, 22.79414719685127 ], [ 70.848633231482509, 22.79416074939509 ], [ 70.848640537736784, 22.794702486764688 ], [ 70.848056252332157, 22.794709260007664 ], [ 70.848078165509236, 22.796334472418518 ], [ 70.847493872964051, 22.796341244058929 ], [ 70.847508478246354, 22.797424719161786 ], [ 70.84692418086648, 22.797431489020706 ], [ 70.846931481534185, 22.797973226692221 ], [ 70.84634718162593, 22.797979994590907 ], [ 70.846339883264704, 22.797438256740865 ], [ 70.84575558544104, 22.797445022322261 ], [ 70.845711813769782, 22.79419459333231 ], [ 70.846296097756138, 22.79418782882172 ], [ 70.846274207996643, 22.792562614335747 ], [ 70.846858484843466, 22.792555848222275 ], [ 70.846836590163292, 22.790930633920937 ], [ 70.847420859871178, 22.790923866204917 ], [ 70.847413559782666, 22.790382128205064 ], [ 70.847997826963066, 22.79037535852958 ], [ 70.847961318322987, 22.787666668838565 ], [ 70.848545573754748, 22.787659897918434 ], [ 70.848523664319544, 22.786034684171991 ], [ 70.847939415802941, 22.786041454556113 ], [ 70.847932115406877, 22.785499716383999 ], [ 70.847347868973202, 22.78550648445194 ], [ 70.847325976031215, 22.783881269165857 ], [ 70.846741736289943, 22.783888034560626 ], [ 70.846727146713988, 22.782804557151245 ], [ 70.84614291136009, 22.782811320051678 ], [ 70.846135619209349, 22.782269581110032 ], [ 70.846719852258744, 22.782262818388084 ], [ 70.846683383309696, 22.779554123987658 ], [ 70.847267604615865, 22.779547360021244 ], [ 70.847253013980776, 22.778463882345346 ], [ 70.847837230457017, 22.77845711659921 ], [ 70.847800746232807, 22.775748422620378 ], [ 70.848384950968196, 22.775741655630682 ], [ 70.848370354224826, 22.774658178123637 ], [ 70.848954554131154, 22.774651409354838 ], [ 70.848939953668889, 22.773567932049296 ], [ 70.849524148746397, 22.773561161501615 ], [ 70.849516846545029, 22.773019422969146 ], [ 70.85010103909714, 22.773012650464 ], [ 70.850064519906354, 22.770303958111079 ], [ 70.848896157610753, 22.770317499197429 ], [ 70.84890345639873, 22.77085923810349 ], [ 70.84831927261493, 22.770866005621457 ], [ 70.84833386625084, 22.771949483674053 ], [ 70.847749677639001, 22.7719562494133 ], [ 70.847764267556329, 22.773039727667296 ], [ 70.847180074116224, 22.773046491627586 ], [ 70.847187367104439, 22.773588230874712 ], [ 70.847771562847839, 22.773581466735848 ], [ 70.847778858361224, 22.774123205765434 ], [ 70.847194660314457, 22.774129970082871 ], [ 70.847201953746307, 22.774671709252079 ], [ 70.846617753174272, 22.774678471611708 ], [ 70.846625044524444, 22.775220210920466 ], [ 70.846040841427111, 22.775226971322176 ], [ 70.846055420185522, 22.776310450179732 ], [ 70.846639627890085, 22.776303689421081 ], [ 70.846668797282675, 22.778470645954688 ], [ 70.846084580362785, 22.77847740742725 ], [ 70.846091870961402, 22.779019146641701 ], [ 70.845507651515774, 22.779025906155887 ], [ 70.845573256141989, 22.783901558938108 ], [ 70.846157496326839, 22.783894797818043 ], [ 70.846179375440173, 22.785520014175262 ], [ 70.846763622317596, 22.785513250382365 ], [ 70.846770918103829, 22.786054988911651 ], [ 70.847355167064336, 22.78604822280267 ], [ 70.847377062669253, 22.787673437620956 ], [ 70.846792806793573, 22.787680204265602 ], [ 70.846814697480042, 22.789305419268711 ], [ 70.846230434466705, 22.789312184311125 ], [ 70.846252320233532, 22.790937399498876 ], [ 70.845668050081954, 22.790944162938725 ], [ 70.845697224986836, 22.793111116690408 ], [ 70.845112945390611, 22.793117878705758 ], [ 70.845142114619506, 22.795284832547242 ], [ 70.844557825577539, 22.795291593137669 ], [ 70.84457240690972, 22.796375070181185 ], [ 70.843403818936025, 22.796388585659461 ], [ 70.843418391929276, 22.797472063260095 ], [ 70.844002690639655, 22.797465306233804 ], [ 70.844009979775024, 22.798007044797391 ], [ 70.844594280570277, 22.79800028545402 ], [ 70.844630741104282, 22.800708976795541 ], [ 70.844046428775584, 22.800715737030448 ], [ 70.844053719240478, 22.801257475360078 ], [ 70.843469404383285, 22.801264233634122 ], [ 70.84347669276282, 22.801805972103004 ], [ 70.842308057769955, 22.801819482589892 ], [ 70.842315341756944, 22.802361221376128 ], [ 70.841731021621328, 22.802367973588794 ], [ 70.84173830352259, 22.802909712514129 ], [ 70.841153980858508, 22.802916462765531 ], [ 70.841161260673914, 22.803458201829898 ], [ 70.84057693548138, 22.803464950119917 ], [ 70.840584213210789, 22.804006689323277 ], [ 70.839999885489789, 22.804013435651793 ], [ 70.840007161133045, 22.804555174994089 ], [ 70.839422830883564, 22.804561919360996 ], [ 70.839437378218577, 22.805645398284341 ], [ 70.838853043133128, 22.805652140867334 ], [ 70.838889403801033, 22.808360838382438 ], [ 70.838305056956045, 22.808367579714581 ], [ 70.838297786688287, 22.807825840111779 ], [ 70.837713441930205, 22.80783257912627 ], [ 70.837698906672998, 22.806749099448282 ], [ 70.837114566309538, 22.806755835967593 ], [ 70.837107301319875, 22.806214095892472 ], [ 70.835938624545918, 22.806227562156618 ], [ 70.835945884920264, 22.806769302586865 ], [ 70.836530225725269, 22.806762570347118 ], [ 70.836544751751475, 22.807846050735591 ], [ 70.83712909695123, 22.807839316000877 ], [ 70.837136362603303, 22.808381055959035 ], [ 70.837720709890121, 22.808374318906775 ], [ 70.837727978070916, 22.808916058648293 ], [ 70.837143628476184, 22.8089227958782 ], [ 70.8371581608844, 22.810006275599569 ], [ 70.83832686908508, 22.809992798289024 ], [ 70.838319598154442, 22.809451058803202 ], [ 70.83948830085518, 22.809437573287806 ], [ 70.839510128158707, 22.811062790561508 ], [ 70.840094486101819, 22.811056044060088 ], [ 70.840116322320355, 22.812681260449136 ], [ 70.840700686967239, 22.812674511273684 ], [ 70.840715250169239, 22.81375798831548 ], [ 70.841299619211853, 22.813751236643643 ], [ 70.841314187916197, 22.814834713173411 ], [ 70.841898561354725, 22.814827959004955 ], [ 70.841949574955294, 22.818620124383894 ], [ 70.84019640548776, 22.818640384205683 ], [ 70.840203687103042, 22.819182122494965 ], [ 70.839619294528717, 22.819188871664792 ], [ 70.839626574055927, 22.819730610092961 ], [ 70.839042178951118, 22.819737357299573 ], [ 70.83905673405026, 22.820820834394581 ], [ 70.838472334105504, 22.820827579815663 ], [ 70.83850143771862, 22.822994534248739 ], [ 70.837917028314266, 22.823001278239548 ], [ 70.83797522767108, 22.827335186655059 ], [ 70.837390799565242, 22.827341929925957 ], [ 70.837419895306056, 22.829508883908133 ], [ 70.838004332653824, 22.829502139926429 ], [ 70.838026163711731, 22.831127354470251 ], [ 70.83744171943178, 22.831134098985075 ], [ 70.837456269953805, 22.832217575507933 ], [ 70.836871820831078, 22.832224318235745 ], [ 70.836879094112547, 22.832766056616304 ], [ 70.836294642457887, 22.832772797379278 ], [ 70.836309185061339, 22.833856274378519 ], [ 70.835724728563591, 22.833863013354094 ], [ 70.835731997885361, 22.83440475197273 ], [ 70.83456307960509, 22.834418223850975 ], [ 70.834577609665658, 22.835501701681039 ], [ 70.833993145571824, 22.835508434760914 ], [ 70.834000408621634, 22.836050173794792 ], [ 70.833415941995739, 22.83605690490921 ], [ 70.83342320295462, 22.836598644081395 ], [ 70.832838733796692, 22.836605373230235 ], [ 70.832853251752752, 22.8376888518121 ], [ 70.832268777751082, 22.837695579172461 ], [ 70.832276034748062, 22.838237318582085 ], [ 70.831691558214246, 22.83824404397658 ], [ 70.8316988131198, 22.838785783524347 ], [ 70.831114334053851, 22.838792506952863 ], [ 70.831121586867837, 22.839334246638725 ], [ 70.830537105269713, 22.839340968101148 ], [ 70.830544355992004, 22.839882707925042 ], [ 70.829959871861732, 22.839889427421266 ], [ 70.829974369342736, 22.840972907305996 ], [ 70.828805391173532, 22.840986340576297 ], [ 70.828812635619869, 22.841528080813969 ], [ 70.828228143893057, 22.84153479441088 ], [ 70.828242628821116, 22.842618275122852 ], [ 70.827658132249752, 22.842624986929874 ], [ 70.827788494560252, 22.852376309496385 ], [ 70.827203956134895, 22.852383022341055 ], [ 70.827218440606927, 22.853466502199254 ], [ 70.826633897334276, 22.85347321325273 ], [ 70.826641137586279, 22.854014953299988 ], [ 70.826056591780002, 22.854021662385406 ], [ 70.826071068315571, 22.855105142716106 ], [ 70.825486517661702, 22.85511185000993 ], [ 70.825493753945054, 22.855653590293333 ], [ 70.824324647350252, 22.855666998799371 ], [ 70.824339111319418, 22.856750479955089 ], [ 70.822000876982656, 22.856777272638617 ], [ 70.822015323315583, 22.857860755048911 ], [ 70.821430759554431, 22.857867448209539 ], [ 70.821445202135564, 22.858950930816146 ], [ 70.820860633526308, 22.85895762218388 ], [ 70.820867852831114, 22.85949936360479 ], [ 70.820283281688148, 22.859506053003322 ], [ 70.820290498897464, 22.8600477945613 ], [ 70.819705925220802, 22.86005448199051 ], [ 70.819713140334486, 22.860596223685501 ], [ 70.819128564124085, 22.860602909145271 ], [ 70.819135777142009, 22.861144650977224 ], [ 70.817966619434884, 22.861158015812141 ], [ 70.817981036867991, 22.862241500062556 ], [ 70.817396453056389, 22.862248179613335 ], [ 70.817403659786152, 22.862789921855832 ], [ 70.816819073440797, 22.862796599436713 ], [ 70.816826278074217, 22.863338341815943 ], [ 70.815657100097411, 22.863351690891925 ], [ 70.815664300319199, 22.863893433583488 ], [ 70.81507970868779, 22.863900105078415 ], [ 70.815086906812894, 22.864441847906548 ], [ 70.81391771826425, 22.864455184809902 ], [ 70.81392491197721, 22.864996927950038 ], [ 70.813340315060046, 22.865003593358299 ], [ 70.813333123662389, 22.864461850042744 ], [ 70.812163933803959, 22.864475174070723 ], [ 70.812156747255059, 22.863933430365485 ], [ 70.811572154313879, 22.86394008898537 ], [ 70.811586522999207, 22.86502357670734 ], [ 70.812755717924603, 22.865010256620607 ], [ 70.812791666609328, 22.867718973490053 ], [ 70.812207057678037, 22.867725635482969 ], [ 70.812221434047871, 22.868809122308296 ], [ 70.811052206267775, 22.868822440556318 ], [ 70.81108094309738, 22.870989415140713 ], [ 70.810496319616277, 22.870996071745786 ], [ 70.810510684706827, 22.872079559154216 ], [ 70.809926056375332, 22.872086213962898 ], [ 70.809933236931229, 22.872627957783692 ], [ 70.809348606065527, 22.872634610620711 ], [ 70.809355784522936, 22.873176354577545 ], [ 70.808771151122997, 22.873183005442787 ], [ 70.808785504058335, 22.874266493589392 ], [ 70.804693031734033, 22.874312991981451 ], [ 70.804685871373366, 22.87377124670429 ], [ 70.804101233916768, 22.87377788056936 ], [ 70.804072603912374, 22.871610898372527 ], [ 70.804657232103381, 22.871604265205615 ], [ 70.804664391594983, 22.872146010638783 ], [ 70.805249021885018, 22.872139375150592 ], [ 70.805234698486601, 22.871055884594433 ], [ 70.804065446954269, 22.871069152725831 ], [ 70.804058290213334, 22.870527407040125 ], [ 70.802889042444562, 22.870540666236121 ], [ 70.802917652181335, 22.872707650140537 ], [ 70.802333018706292, 22.872714277216126 ], [ 70.802340169366673, 22.873256023269107 ], [ 70.801170897132806, 22.873269271328439 ], [ 70.801163751105307, 22.872727524926891 ], [ 70.799409848077659, 22.872747380391914 ], [ 70.799395570571306, 22.871663886426997 ], [ 70.79998020049787, 22.871657270433637 ], [ 70.799973059753398, 22.871115523566772 ], [ 70.80055768714702, 22.871108905600853 ], [ 70.800550544303064, 22.870567158869139 ], [ 70.799965919225613, 22.87057377666093 ], [ 70.799958778914501, 22.870032029716089 ], [ 70.799374155936462, 22.870038645187208 ], [ 70.799367018158094, 22.869496898029311 ], [ 70.797028533344658, 22.869523337752568 ], [ 70.797021405046806, 22.868981589859946 ], [ 70.797606024258869, 22.868974983322715 ], [ 70.797591763680387, 22.867891487768222 ], [ 70.79642253430346, 22.867904698000956 ], [ 70.796429659852819, 22.868446446145327 ], [ 70.795845042524093, 22.868453048215937 ], [ 70.795852165973784, 22.86899479649508 ], [ 70.795267546112953, 22.869001396592978 ], [ 70.795288910810953, 22.870626641717585 ], [ 70.797042790589344, 22.870606833420897 ], [ 70.797035661858843, 22.870065085606225 ], [ 70.797620285702934, 22.870058478721294 ], [ 70.797627416749577, 22.870600226362111 ], [ 70.798796668420692, 22.870587005804719 ], [ 70.798810940428098, 22.871670500273645 ], [ 70.798226310068344, 22.871677111973575 ], [ 70.798240578309247, 22.872760606634507 ], [ 70.797655943100281, 22.872767216535554 ], [ 70.797663075229011, 22.873308963981451 ], [ 70.79824771275446, 22.873302353906485 ], [ 70.79825484741616, 22.873844101139483 ], [ 70.79942412645056, 22.873830874200891 ], [ 70.799431265961971, 22.874372621046891 ], [ 70.800015907470836, 22.874366004183102 ], [ 70.800030191777026, 22.875449497409946 ], [ 70.799445545634754, 22.875456114621915 ], [ 70.799459826174157, 22.876539608040972 ], [ 70.798875175181536, 22.876546223453911 ], [ 70.798882313459259, 22.877087970278989 ], [ 70.798297659933084, 22.877094583718698 ], [ 70.798304796110386, 22.877636330678765 ], [ 70.797720140050657, 22.877642942145112 ], [ 70.797734408420595, 22.878726436296127 ], [ 70.797149747510105, 22.878733045962885 ], [ 70.797156879702513, 22.879274793153776 ], [ 70.796572216258383, 22.879281400846892 ], [ 70.796579346349887, 22.879823148172616 ], [ 70.797748677656401, 22.879809930291167 ], [ 70.797741542930254, 22.879268183313144 ], [ 70.798910868736229, 22.879254957189353 ], [ 70.798925147674382, 22.880338450410566 ], [ 70.799509814887173, 22.880331833779323 ], [ 70.79952409932676, 22.881415326496438 ], [ 70.798939427478999, 22.881421943475782 ], [ 70.798946567706253, 22.881963689949892 ], [ 70.797777218725756, 22.881976917813319 ], [ 70.797784354534301, 22.882518664596365 ], [ 70.798369031450505, 22.882512051564603 ], [ 70.798383308352641, 22.88359554466582 ], [ 70.797798626800912, 22.883602158045463 ], [ 70.797805763258964, 22.884143904711511 ], [ 70.798390447128583, 22.88413729115792 ], [ 70.798404725330158, 22.885220784025126 ], [ 70.797820036824589, 22.885227397926599 ], [ 70.797848586554039, 22.887394383888761 ], [ 70.797263888559158, 22.887400996337679 ], [ 70.797278160086236, 22.888484489432528 ], [ 70.797862862717921, 22.888477876635815 ], [ 70.797884278587787, 22.890103115463841 ], [ 70.798468987958671, 22.890096499996783 ], [ 70.798476129333778, 22.890638246020821 ], [ 70.799060840806746, 22.890631628231109 ], [ 70.799075128844464, 22.891715119814108 ], [ 70.798490412733827, 22.891721737951855 ], [ 70.798497554758825, 22.892263483858855 ], [ 70.799082273188375, 22.89225686554709 ], [ 70.799096562526287, 22.893340356895997 ], [ 70.798511839458669, 22.893346975555811 ], [ 70.798533268133284, 22.894972212808636 ], [ 70.797948537891401, 22.894978829841381 ], [ 70.797962820118954, 22.896062321496121 ], [ 70.797378085021691, 22.896068936727549 ], [ 70.797392363476547, 22.897152428574064 ], [ 70.796807623523705, 22.897159042003953 ], [ 70.796814760756291, 22.897700788042552 ], [ 70.796230018267337, 22.897707399496866 ], [ 70.796237153396675, 22.898249145670256 ], [ 70.795067663130226, 22.898262362478015 ], [ 70.795081924758762, 22.89934585540265 ], [ 70.794497174661458, 22.899352460929556 ], [ 70.794511432515094, 22.900435954045424 ], [ 70.793926677561643, 22.900442557769889 ], [ 70.793948059003142, 22.90206779767184 ], [ 70.793363296873096, 22.902074399767173 ], [ 70.793370422132242, 22.902616146496669 ], [ 70.792785657465828, 22.90262274661557 ], [ 70.792792780620687, 22.903164493479537 ], [ 70.792208013417877, 22.903171091621896 ], [ 70.792179531375567, 22.901004103238275 ], [ 70.791594773237932, 22.901010698537139 ], [ 70.791601891104449, 22.901552445864933 ], [ 70.791017130430788, 22.901559039187301 ], [ 70.791024246192919, 22.902100786649385 ], [ 70.790439482983231, 22.902107377995144 ], [ 70.790411030509958, 22.899940387219743 ], [ 70.789826276365119, 22.899946975722795 ], [ 70.789812056062587, 22.898863479754677 ], [ 70.790396805567553, 22.898856891598008 ], [ 70.790403917930902, 22.899398639428377 ], [ 70.790988669540084, 22.899392048948876 ], [ 70.790974440389348, 22.898308553595626 ], [ 70.789220198834002, 22.898328317546071 ], [ 70.789227306341999, 22.898870065761759 ], [ 70.788057806254216, 22.89888323132714 ], [ 70.788072012637102, 22.89996672833373 ], [ 70.787487257630175, 22.89997330823795 ], [ 70.787480156650986, 22.899431559581199 ], [ 70.786895403748687, 22.899438137162797 ], [ 70.786916700372089, 22.901063383534808 ], [ 70.78867097931338, 22.901043642784323 ], [ 70.788678085578994, 22.901585390978088 ], [ 70.788093323827127, 22.901591973551099 ], [ 70.788107532364293, 22.902675470167679 ], [ 70.788692298756757, 22.902668887248613 ], [ 70.788685192060129, 22.902127139132855 ], [ 70.789854719557823, 22.902113967190974 ], [ 70.789897390816378, 22.905364453223036 ], [ 70.789312613252335, 22.905371041307816 ], [ 70.789333944830673, 22.906996284316666 ], [ 70.788749160088557, 22.907002870770455 ], [ 70.788756268724924, 22.907544618535145 ], [ 70.788171481446312, 22.907551203011533 ], [ 70.7881785879772, 22.908092950910259 ], [ 70.78759379816205, 22.908099533409132 ], [ 70.787608007227988, 22.909183029435514 ], [ 70.787023212555141, 22.909189610129687 ], [ 70.787058727382828, 22.911898350377626 ], [ 70.786473920887659, 22.911904929785518 ], [ 70.786488123682972, 22.91298842595738 ], [ 70.784148876976815, 22.913014723461217 ], [ 70.784155969410392, 22.9135564721796 ], [ 70.785325597837314, 22.913543327384474 ], [ 70.785339792637018, 22.91462682401346 ], [ 70.784170154922606, 22.914639969499351 ], [ 70.784276573683044, 22.92276619442325 ], [ 70.78369171966618, 22.92277276652856 ], [ 70.783705907844336, 22.923856262867027 ], [ 70.783121048966308, 22.923862833165366 ], [ 70.783142325876511, 22.925488077898123 ], [ 70.782557459813759, 22.925494646561791 ], [ 70.782564550223697, 22.926036394900528 ], [ 70.781979681622644, 22.926042961584262 ], [ 70.781986769924018, 22.926584710056435 ], [ 70.781401898784665, 22.926591274760124 ], [ 70.781416071384754, 22.927674771932232 ], [ 70.78083119538347, 22.927681334828108 ], [ 70.780845364195216, 22.92876483218884 ], [ 70.780260483331773, 22.92877139327668 ], [ 70.780267565735869, 22.929313142070825 ], [ 70.77968268233397, 22.929319701178159 ], [ 70.779689762628792, 22.92986145010553 ], [ 70.778519990533496, 22.929874562206098 ], [ 70.778527066394943, 22.930416311438773 ], [ 70.777942177701632, 22.930422864431826 ], [ 70.77794925145345, 22.930964613797556 ], [ 70.777364360221696, 22.930971164809701 ], [ 70.77737143186377, 22.931512914308449 ], [ 70.77620164410915, 22.931526010217638 ], [ 70.776208711317096, 22.932067760021251 ], [ 70.775623814794287, 22.932074304918121 ], [ 70.775630879892134, 22.932616054854574 ], [ 70.775045980830939, 22.932622597770127 ], [ 70.775053043818517, 22.933164347839369 ], [ 70.774468142218936, 22.933170888773503 ], [ 70.774475203096117, 22.933712638975472 ], [ 70.773305394606226, 22.933725714727348 ], [ 70.773291282363445, 22.932642213597731 ], [ 70.773876182066516, 22.932635677141707 ], [ 70.773869123941566, 22.932093926690019 ], [ 70.77445402110645, 22.932087388252508 ], [ 70.774439900849814, 22.931003887575471 ], [ 70.775024793152383, 22.930997347328326 ], [ 70.775010669103438, 22.92991384683873 ], [ 70.773256005498283, 22.929933460091036 ], [ 70.773284226562794, 22.932100462974407 ], [ 70.772699328970205, 22.93210699710567 ], [ 70.772706382446543, 22.932648747900561 ], [ 70.77212148231591, 22.932655280050213 ], [ 70.772128533681638, 22.933197030977627 ], [ 70.770958728130594, 22.933210089160216 ], [ 70.770972822205152, 22.93429359158376 ], [ 70.769803006501959, 22.934306641838635 ], [ 70.769817092132158, 22.935390144791469 ], [ 70.769232179311132, 22.935396667031331 ], [ 70.769260343833153, 22.937563673153921 ], [ 70.768675421499339, 22.937570193925055 ], [ 70.768682460838207, 22.938111945529382 ], [ 70.768097535966064, 22.938118464317931 ], [ 70.768132724233652, 22.94082722261015 ], [ 70.76696285059721, 22.94084025543647 ], [ 70.766969884239501, 22.941382007320016 ], [ 70.767554823489789, 22.94137549181286 ], [ 70.767561859670735, 22.941917243486355 ], [ 70.766976918094926, 22.941923759164549 ], [ 70.766990986445066, 22.943007262736593 ], [ 70.766406040004853, 22.943013776602562 ], [ 70.766413072173847, 22.943555528501051 ], [ 70.765828123194822, 22.943562040383647 ], [ 70.76586327560581, 22.946270800145587 ], [ 70.765278314783927, 22.946277310728188 ], [ 70.765313460888294, 22.948986070369244 ], [ 70.764728488221849, 22.948992579651303 ], [ 70.764735515755021, 22.949534331633306 ], [ 70.765320490747996, 22.949527822180414 ], [ 70.765362674378324, 22.952778332228128 ], [ 70.767117639961285, 22.952758787862589 ], [ 70.767068377609647, 22.948966529593505 ], [ 70.767653349423867, 22.948960011691753 ], [ 70.767632233205759, 22.94733475807573 ], [ 70.768217197827624, 22.947328238532382 ], [ 70.768189036550652, 22.945161233849195 ], [ 70.768773991654712, 22.945154712835745 ], [ 70.768759907644053, 22.944071210602363 ], [ 70.769344857882928, 22.94406468777682 ], [ 70.769330770074063, 22.942981185729796 ], [ 70.769915715447979, 22.942974661092382 ], [ 70.769901623841477, 22.941891159231822 ], [ 70.770486564350676, 22.94188463278277 ], [ 70.770472468947048, 22.940801131108788 ], [ 70.771057404591758, 22.940794602848314 ], [ 70.771050354884849, 22.940252852124168 ], [ 70.771635287990591, 22.940246321881077 ], [ 70.771614133175717, 22.93862106998883 ], [ 70.772199059092131, 22.938614538106197 ], [ 70.772192005589389, 22.938072787568895 ], [ 70.772776928966991, 22.93806625370398 ], [ 70.772769873352956, 22.937524503299194 ], [ 70.773354794191761, 22.937517967452113 ], [ 70.77334773646659, 22.9369762171799 ], [ 70.773932654766597, 22.936969679350778 ], [ 70.773925594930404, 22.936427929211195 ], [ 70.774510510691641, 22.936421389400131 ], [ 70.774503448744568, 22.935879639393235 ], [ 70.775673274975432, 22.935866553653948 ], [ 70.775666208592924, 22.935324803951602 ], [ 70.776251119062479, 22.93531825802356 ], [ 70.77624405056946, 22.93477650845405 ], [ 70.777413866216705, 22.934763410481512 ], [ 70.777406793288748, 22.934221661216885 ], [ 70.778576603429556, 22.934208554974916 ], [ 70.77856952606696, 22.933666806015392 ], [ 70.779154428491225, 22.93366024983656 ], [ 70.779147349018686, 22.933118501010156 ], [ 70.779732248904025, 22.93311194285026 ], [ 70.779725167321672, 22.932570194157027 ], [ 70.780310064668072, 22.93256363401618 ], [ 70.78030298097606, 22.932021885456184 ], [ 70.781472770376297, 22.932008759059734 ], [ 70.781465682250584, 22.931467010805381 ], [ 70.782050574304364, 22.931460444549952 ], [ 70.782043484069334, 22.930918696428993 ], [ 70.782628373584146, 22.930912128193018 ], [ 70.782621281239955, 22.930370380205513 ], [ 70.783206168215784, 22.930363809989103 ], [ 70.783199073762589, 22.929822062135109 ], [ 70.783783958199464, 22.929815489938381 ], [ 70.783776861637364, 22.929273742217937 ], [ 70.7843617435353, 22.929267168041012 ], [ 70.784354644864464, 22.928725420454178 ], [ 70.784939524223446, 22.928718844297165 ], [ 70.784946625218097, 22.929260591711298 ], [ 70.786116387938009, 22.929247432593534 ], [ 70.786123493795586, 22.929789179623068 ], [ 70.78670837715643, 22.929782596662147 ], [ 70.786715485553316, 22.930324343479775 ], [ 70.787300371022653, 22.930317758193098 ], [ 70.787293260301837, 22.929776011548402 ], [ 70.787878143231765, 22.929769424281833 ], [ 70.787871030402599, 22.929227677771074 ], [ 70.78670126897498, 22.929240849805488 ], [ 70.786687053258305, 22.928157355975056 ], [ 70.784932423444005, 22.928177096844006 ], [ 70.784925322879758, 22.927635349351814 ], [ 70.785510197376155, 22.927628771387575 ], [ 70.785495992246126, 22.926545276631611 ], [ 70.786080861880166, 22.926538696860383 ], [ 70.786073757314597, 22.925996949596652 ], [ 70.786658624409853, 22.925990367845795 ], [ 70.786651517736232, 22.925448620715898 ], [ 70.787236382292733, 22.925442036985519 ], [ 70.787222164945135, 22.924358542954472 ], [ 70.787807024639662, 22.92435195741767 ], [ 70.787785693264894, 22.922726716597264 ], [ 70.788370545774669, 22.922720129427276 ], [ 70.788356321289925, 22.921636635697901 ], [ 70.788941168938308, 22.921630046721976 ], [ 70.788934054696497, 22.921088299971824 ], [ 70.789518899806453, 22.921081709017066 ], [ 70.789497551406939, 22.919456469051809 ], [ 70.790082389333236, 22.919449876464704 ], [ 70.790075271308964, 22.918908129904743 ], [ 70.790660106697004, 22.918901535339142 ], [ 70.790638746951686, 22.917276295944792 ], [ 70.79122357515682, 22.91726969974739 ], [ 70.79120933176138, 22.916186206969265 ], [ 70.79179415510626, 22.916179608967056 ], [ 70.79177278466625, 22.914554370027183 ], [ 70.792357600829192, 22.914547770393785 ], [ 70.792336225367364, 22.912922531622854 ], [ 70.791751416169774, 22.912929130736057 ], [ 70.791765661618157, 22.914012623635834 ], [ 70.791180847561137, 22.91401922094467 ], [ 70.791187968287375, 22.91456096750936 ], [ 70.790603151692622, 22.914567562840318 ], [ 70.790624508200608, 22.916192802820085 ], [ 70.79003968442403, 22.916199396519506 ], [ 70.790053918530731, 22.91728288999068 ], [ 70.789469089894027, 22.917289481885064 ], [ 70.789483320219105, 22.918372975546493 ], [ 70.788898486722047, 22.918379565635611 ], [ 70.788905599885666, 22.918921312580906 ], [ 70.788320763850564, 22.918927900691468 ], [ 70.788306542383722, 22.917844406415703 ], [ 70.788891373774035, 22.917837818651286 ], [ 70.788855812268167, 22.915129083144301 ], [ 70.789440631832079, 22.915122494093904 ], [ 70.789426404095138, 22.914038999964188 ], [ 70.790011218799563, 22.914032409108849 ], [ 70.789982756626799, 22.911865421073827 ], [ 70.790567561828723, 22.911858828760217 ], [ 70.79055332739371, 22.910775334855025 ], [ 70.7911381277369, 22.910768740737026 ], [ 70.791131008521688, 22.910226993899176 ], [ 70.791715806327659, 22.910220397803691 ], [ 70.791701563902237, 22.909136904357581 ], [ 70.792286356849786, 22.909130306458096 ], [ 70.792279233639789, 22.908588559849907 ], [ 70.792864024050203, 22.908581959973212 ], [ 70.79284977363605, 22.907498466986624 ], [ 70.793434559188327, 22.907491865306334 ], [ 70.793427431984384, 22.906950118928005 ], [ 70.794012214999626, 22.90694351527079 ], [ 70.793997956598403, 22.905860022744161 ], [ 70.794582734755821, 22.905853417283737 ], [ 70.794575603558741, 22.905311671135497 ], [ 70.795745154583415, 22.90529845411114 ], [ 70.795738018961288, 22.904756708271247 ], [ 70.796322791828459, 22.904750096707481 ], [ 70.796315654102145, 22.904208351002328 ], [ 70.796900424432323, 22.904201737462213 ], [ 70.79689328460195, 22.903659991891868 ], [ 70.797478052395121, 22.903653376375519 ], [ 70.797470910460845, 22.903111630940032 ], [ 70.798055675717038, 22.903105013447561 ], [ 70.798048531678987, 22.90256326814697 ], [ 70.798633294398215, 22.902556648678498 ], [ 70.798626148256531, 22.902014903512875 ], [ 70.799210908438781, 22.902008282068515 ], [ 70.799203760193606, 22.901466537037908 ], [ 70.799788517838891, 22.901459913617771 ], [ 70.799781367490382, 22.900918168722239 ], [ 70.800366122598717, 22.900911543326444 ], [ 70.800358970146988, 22.900369798566036 ], [ 70.800943722718387, 22.900363171194694 ], [ 70.800936568163593, 22.899821426569474 ], [ 70.802106068015448, 22.899808165726288 ], [ 70.802113227210171, 22.900349910002923 ], [ 70.803867482319319, 22.900330002092595 ], [ 70.80386031616473, 22.899788258339267 ], [ 70.804445065113285, 22.89978161824434 ], [ 70.804437896856157, 22.899239874626527 ], [ 70.805022643267435, 22.899233232556583 ], [ 70.805015472907897, 22.898691489074334 ], [ 70.805600216781912, 22.898684845029489 ], [ 70.805593044320091, 22.898143101682862 ], [ 70.804423560994039, 22.898156387273787 ], [ 70.804430728816399, 22.898698130969674 ], [ 70.803845984507532, 22.898704770715504 ], [ 70.803802994751308, 22.895454306907428 ], [ 70.804387725142817, 22.895447668208849 ], [ 70.804380558624672, 22.894905924278763 ], [ 70.804965286479501, 22.894899283605611 ], [ 70.804958117859485, 22.894357539811082 ], [ 70.806127568278342, 22.894344252366789 ], [ 70.8061203952374, 22.89380250888259 ], [ 70.807289840147703, 22.893789213191692 ], [ 70.807282662686163, 22.893247470018032 ], [ 70.806113222414041, 22.893260765359354 ], [ 70.806098877419942, 22.892177278195792 ], [ 70.805514161595482, 22.892183922293654 ], [ 70.805528501951599, 22.893267409806622 ], [ 70.804943781271689, 22.89327405210495 ], [ 70.804950949456867, 22.893815795977527 ], [ 70.804366226240447, 22.893822436301509 ], [ 70.804373392323868, 22.894364180309648 ], [ 70.803788666570938, 22.894370818659166 ], [ 70.803795830552474, 22.894912562802819 ], [ 70.802626373756297, 22.894925833403555 ], [ 70.802554790096693, 22.889508386721996 ], [ 70.803139495414058, 22.889501754240346 ], [ 70.8031180175945, 22.887876519998205 ], [ 70.801948620653576, 22.887889781766667 ], [ 70.801912851812901, 22.885181055505676 ], [ 70.802497538800907, 22.885174426567367 ], [ 70.802468918362962, 22.883007445553723 ], [ 70.80305359586238, 22.883000815164898 ], [ 70.803032125860156, 22.881375579518238 ], [ 70.803616796189544, 22.881368947504875 ], [ 70.8036096376389, 22.880827202385753 ], [ 70.804194305433626, 22.880820568399184 ], [ 70.80418714478273, 22.880278823415551 ], [ 70.80477181004278, 22.880272187455901 ], [ 70.804764647291819, 22.879730442607812 ], [ 70.805933972525196, 22.879717164595043 ], [ 70.805926805357018, 22.879175420057219 ], [ 70.806511465330289, 22.879168778004271 ], [ 70.806504296062386, 22.878627033602164 ], [ 70.807088953500951, 22.878620389576536 ], [ 70.807081782133437, 22.878078645310193 ], [ 70.808251091723506, 22.878065351166462 ], [ 70.808243915939514, 22.877523607210822 ], [ 70.809413220024609, 22.877510304827677 ], [ 70.809406039824395, 22.87696856118297 ], [ 70.809990689223227, 22.876961906945542 ], [ 70.809983506924013, 22.876420163436869 ], [ 70.810568153788012, 22.876413507227337 ], [ 70.810560969389925, 22.875871763854761 ], [ 70.811145613719134, 22.875865105673235 ], [ 70.811138427222275, 22.875323362436809 ], [ 70.811723069016693, 22.875316702283413 ], [ 70.811715880421232, 22.874774959183181 ], [ 70.812300519680861, 22.874768297058022 ], [ 70.812293328986954, 22.874226554094051 ], [ 70.812877965711778, 22.874219889997253 ], [ 70.812870772919553, 22.873678147169585 ], [ 70.813455407109601, 22.873671481101262 ], [ 70.813441017547106, 22.872587995679641 ], [ 70.814025646886037, 22.87258132781534 ], [ 70.814018450115981, 22.872039585221437 ], [ 70.814603076920221, 22.872032915385898 ], [ 70.81459587805233, 22.871491172928465 ], [ 70.815180502321894, 22.871484501121788 ], [ 70.815166100609247, 22.870401016440972 ], [ 70.815750720028063, 22.870394342838889 ], [ 70.815736314557554, 22.869310858353185 ], [ 70.816320929125865, 22.869304182955915 ], [ 70.816313724402605, 22.868762440830189 ], [ 70.81689833643641, 22.868755763462243 ], [ 70.816883923014359, 22.867672279445152 ], [ 70.817468530197942, 22.867665600282407 ], [ 70.817461321499337, 22.867123858391096 ], [ 70.818045926148514, 22.867117177257967 ], [ 70.818038715353126, 22.866575435503449 ], [ 70.818623317467896, 22.866568752400042 ], [ 70.818616104575838, 22.866027010782386 ], [ 70.819200704156202, 22.866020325708821 ], [ 70.81919348916766, 22.865478584228072 ], [ 70.819778086213617, 22.865471897184452 ], [ 70.819770869128689, 22.864930155840661 ], [ 70.820355463640269, 22.864923466827126 ], [ 70.820348244459126, 22.864381725620348 ], [ 70.821517428194355, 22.864368341507777 ], [ 70.821510204601921, 22.863826600614232 ], [ 70.822094793825499, 22.863819905515374 ], [ 70.822087568137206, 22.863278164759009 ], [ 70.822672154826364, 22.863271467690623 ], [ 70.822664927042325, 22.862729727071493 ], [ 70.823249511197062, 22.862723028033699 ], [ 70.823242281317434, 22.862181287551859 ], [ 70.82382686293775, 22.862174586544768 ], [ 70.823819630962674, 22.861632846200273 ], [ 70.824404210048584, 22.861626143223997 ], [ 70.824396975978189, 22.861084403016903 ], [ 70.824981552529707, 22.861077698071561 ], [ 70.824974316364148, 22.860535958001918 ], [ 70.825558890381274, 22.860529251087623 ], [ 70.82555165212068, 22.859987511155484 ], [ 70.826720794866389, 22.859974091243846 ], [ 70.826713552196296, 22.859432351625923 ], [ 70.827298120924823, 22.85942563862876 ], [ 70.827290876160077, 22.858883899148513 ], [ 70.828460008328278, 22.858870467071821 ], [ 70.828452759154544, 22.858328727906116 ], [ 70.829621885813665, 22.858315287602238 ], [ 70.829614632231241, 22.857773548751304 ], [ 70.830199192916197, 22.857766825558571 ], [ 70.830184681783365, 22.856683348093551 ], [ 70.830769237619563, 22.856676623109774 ], [ 70.830754722739499, 22.855593145842676 ], [ 70.831339273727167, 22.855586419068075 ], [ 70.831332014303598, 22.855044680553057 ], [ 70.830747465629941, 22.855051407150569 ], [ 70.830740208740693, 22.854509668419428 ], [ 70.831324755100411, 22.854502941999005 ], [ 70.831317496117592, 22.853961203405916 ], [ 70.833655670096661, 22.853934276985402 ], [ 70.833641134282146, 22.85285080109993 ], [ 70.834225672597995, 22.852844064487758 ], [ 70.834211133038849, 22.851760588800865 ], [ 70.833042065440907, 22.851774059171259 ], [ 70.833049330483007, 22.852315797388904 ], [ 70.83129572049134, 22.852335987392422 ], [ 70.83127394684827, 22.850710771027607 ], [ 70.831858476792092, 22.850704043702404 ], [ 70.831843957505114, 22.849620566284958 ], [ 70.83242848260187, 22.849613837169755 ], [ 70.832399437420307, 22.847446882575241 ], [ 70.832983953044121, 22.84744015202476 ], [ 70.832962164534209, 22.84581493620076 ], [ 70.833546672998907, 22.845808204038125 ], [ 70.833532143802856, 22.844724726981557 ], [ 70.834116647421581, 22.844717993029754 ], [ 70.83409484834435, 22.843092777684223 ], [ 70.834679344804911, 22.84308604212087 ], [ 70.834664808565307, 22.84200256538351 ], [ 70.835249300180507, 22.841995828031497 ], [ 70.835242030079542, 22.841454089781713 ], [ 70.835826519161756, 22.841447350463756 ], [ 70.83580470324722, 22.839822136012774 ], [ 70.836389185172379, 22.839815395084102 ], [ 70.836381911330591, 22.839273657033274 ], [ 70.836966390722921, 22.839266914138996 ], [ 70.836951839078395, 22.83818343827549 ], [ 70.837536313626117, 22.83817669359339 ], [ 70.837521758242062, 22.837093217929098 ], [ 70.838106227945403, 22.837086471459397 ], [ 70.838091668822358, 22.836002995994431 ], [ 70.838676133681545, 22.835996247737345 ], [ 70.838661570820065, 22.834912772471821 ], [ 70.839246030835326, 22.834906022427592 ], [ 70.839238747425, 22.834364284914113 ], [ 70.839823204907788, 22.834357532905063 ], [ 70.839808634128445, 22.833274058116793 ], [ 70.840393086767605, 22.83326730432098 ], [ 70.840378512251291, 22.832183829732475 ], [ 70.840962960047065, 22.832177074150131 ], [ 70.84094838179432, 22.831093599761488 ], [ 70.841532824746935, 22.831086842392832 ], [ 70.841525533641885, 22.830545105318013 ], [ 70.84094109300004, 22.830551862508621 ], [ 70.840933804427166, 22.830010125216731 ], [ 70.841518242758298, 22.830003368204164 ], [ 70.841474502107303, 22.826752944701489 ], [ 70.842058926354255, 22.826746186615324 ], [ 70.842037052087761, 22.825120974871425 ], [ 70.842621469182802, 22.825114215177859 ], [ 70.84261417589363, 22.824572478029989 ], [ 70.843198590457106, 22.824565716372962 ], [ 70.843191295079592, 22.824023979364263 ], [ 70.842606882826033, 22.824030740843096 ], [ 70.842599589979997, 22.823489003617176 ], [ 70.843183999923696, 22.82348224231654 ], [ 70.843169410276772, 22.822398768104033 ], [ 70.843753815379372, 22.822392005018408 ], [ 70.843724629506752, 22.820225056838119 ], [ 70.844309025149556, 22.820218292324338 ], [ 70.844301726926233, 22.819676555360012 ], [ 70.844886120037941, 22.819669788883438 ], [ 70.844849620701609, 22.816961104368268 ], [ 70.845434002045835, 22.816954336642659 ], [ 70.84541209817894, 22.815329126000542 ], [ 70.845996472374779, 22.815322356669515 ], [ 70.845974563578551, 22.813697146211602 ], [ 70.846558930626571, 22.813690375275481 ], [ 70.846529712771343, 22.811523428166058 ], [ 70.847114070363844, 22.811516655803736 ], [ 70.847048322402372, 22.806641024132201 ], [ 70.847632659001505, 22.806634251237167 ], [ 70.847625352474878, 22.80609251436832 ], [ 70.848209686544379, 22.806085739512231 ], [ 70.848202377932324, 22.805544002783027 ], [ 70.848786709472193, 22.805537225965999 ], [ 70.848757468015876, 22.803370279373951 ], [ 70.849341790104276, 22.803363501132402 ], [ 70.849334477988506, 22.802821764565632 ], [ 70.848750158207253, 22.802828542628415 ], [ 70.848742848620816, 22.802286805843867 ], [ 70.84932716609498, 22.802280027959849 ], [ 70.849312542974673, 22.801196554631257 ], [ 70.849896855612684, 22.801189774965621 ], [ 70.849889542079012, 22.800648038421624 ], [ 70.850473852187861, 22.800641256795725 ], [ 70.850451906000501, 22.799016047466317 ], [ 70.851036208966846, 22.799009264238112 ], [ 70.85102889170922, 22.798467527895884 ], [ 70.851613192146573, 22.798460742707753 ], [ 70.851598553685648, 22.797377270264239 ], [ 70.853351439823712, 22.797356902941303 ], [ 70.853344114007939, 22.796815167198304 ], [ 70.85392840663566, 22.796808373992409 ], [ 70.853935734757783, 22.797350109556206 ], [ 70.854520029469072, 22.797343314032382 ], [ 70.854527360120372, 22.797885049377907 ], [ 70.855111656915227, 22.797878251536041 ], [ 70.855104323957534, 22.797336516369839 ], [ 70.855688618223084, 22.797329716568573 ], [ 70.855681283181966, 22.796787981542721 ], [ 70.856265574918211, 22.796781179782176 ], [ 70.856272912265652, 22.797322914628598 ], [ 70.858025793054807, 22.797302495976425 ], [ 70.858033137544467, 22.797844230245204 ], [ 70.858617433000816, 22.797837419570751 ], [ 70.858624780020179, 22.798379153620843 ], [ 70.85920907755964, 22.798372340627928 ], [ 70.859194379131409, 22.797288872848135 ], [ 70.858610086204763, 22.797295685481629 ], [ 70.858602739632062, 22.79675395135348 ], [ 70.858018448788414, 22.796760761668626 ], [ 70.858011104745259, 22.796219027321801 ], [ 70.857426815984596, 22.796225835318705 ], [ 70.857419474470873, 22.79568410075326 ], [ 70.856835187793209, 22.795690906432032 ], [ 70.856827848808763, 22.795149171648035 ], [ 70.856243564214111, 22.795155975008797 ], [ 70.856228891526541, 22.794072504964792 ], [ 70.854476050240734, 22.79409290113993 ], [ 70.854461392280513, 22.793009429863694 ], [ 70.856798495101984, 22.792982232121883 ], [ 70.856783819587122, 22.79189876212471 ], [ 70.857952360436727, 22.791885151142495 ], [ 70.857959702693989, 22.792426885801468 ], [ 70.858543975089688, 22.792420076923513 ], [ 70.858551319875929, 22.792961811363824 ], [ 70.859135594354072, 22.792955000167979 ], [ 70.859128247262106, 22.792413265907356 ], [ 70.859712519211143, 22.792406452753024 ], [ 70.859719868608863, 22.792948186833886 ], [ 70.860304142640203, 22.792941371361565 ], [ 70.860326199091645, 22.794566572830572 ], [ 70.860910479817093, 22.794559754680389 ], [ 70.860895770680827, 22.793476287433151 ], [ 70.86148004657089, 22.793469467504426 ], [ 70.861472690032315, 22.792927734002198 ], [ 70.862056963392945, 22.792920912115168 ], [ 70.862049604772295, 22.79237917875389 ], [ 70.861465333717391, 22.79238600046094 ], [ 70.861450621758479, 22.791302533261351 ], [ 70.86086635509119, 22.791309352470382 ], [ 70.860859001752715, 22.790767618632131 ], [ 70.85910620732632, 22.790788062891391 ], [ 70.859098861127762, 22.790246328474701 ], [ 70.858514598177635, 22.790253138772062 ], [ 70.858507254507828, 22.789711404136668 ], [ 70.857922993639832, 22.789718212116433 ], [ 70.857930335004241, 22.790259946931467 ], [ 70.857346071607623, 22.790266752952899 ], [ 70.857353410889772, 22.7908084879085 ], [ 70.855600612444974, 22.790828893683372 ], [ 70.855585947936504, 22.789745422656345 ], [ 70.856170209696884, 22.789738623228246 ], [ 70.856148207690254, 22.788113416933371 ], [ 70.854979697778205, 22.788127012575377 ], [ 70.854965040109093, 22.787043540799587 ], [ 70.855549290566358, 22.787036744406159 ], [ 70.855534629178649, 22.785953272833055 ], [ 70.856118874803087, 22.78594647466079 ], [ 70.85611154213872, 22.785404738995133 ], [ 70.85669578523536, 22.785397938864801 ], [ 70.856688450489173, 22.784856203339597 ], [ 70.857272691058, 22.784849401251307 ], [ 70.857265354230137, 22.784307665866606 ], [ 70.858433830089012, 22.784294055637002 ], [ 70.858411807116596, 22.782668850326438 ], [ 70.858996037797567, 22.782662042544644 ], [ 70.858988694948792, 22.782120307542783 ], [ 70.859572923102064, 22.78211349780355 ], [ 70.859558233465762, 22.781030028042277 ], [ 70.860142456787059, 22.781023216525504 ], [ 70.860127763435827, 22.77993974696777 ], [ 70.861296200191489, 22.779926118242695 ], [ 70.861288849242897, 22.779384383765045 ], [ 70.861873064981381, 22.779377566377143 ], [ 70.861858359146964, 22.778294097664727 ], [ 70.863026780737286, 22.778280457198601 ], [ 70.863012066582115, 22.777196989050267 ], [ 70.863596272434123, 22.777190165972385 ], [ 70.863588913388455, 22.776648432019812 ], [ 70.864173116712962, 22.776641606985518 ], [ 70.864165755587521, 22.776099873174108 ], [ 70.864749956384543, 22.776093046183508 ], [ 70.864742593179429, 22.775551312513308 ], [ 70.865326791448979, 22.775544483566527 ], [ 70.865319426164348, 22.775002750037597 ], [ 70.864151034008231, 22.775016405434258 ], [ 70.864158394685944, 22.775558139323685 ], [ 70.862989997027427, 22.77557178653521 ], [ 70.862997353321916, 22.776113520745898 ], [ 70.862413151853474, 22.776120341327097 ], [ 70.862420506068091, 22.776662075678832 ], [ 70.861836302072362, 22.776668894303551 ], [ 70.861843654206965, 22.777210628796279 ], [ 70.861259447683949, 22.777217445464405 ], [ 70.861274148016335, 22.778300914692743 ], [ 70.860689936662197, 22.778307729584039 ], [ 70.860697284859796, 22.778849464319585 ], [ 70.860113070978258, 22.778856277254015 ], [ 70.860120417095345, 22.779398012130386 ], [ 70.859536200686421, 22.779404823107829 ], [ 70.859543544722854, 22.779946558124983 ], [ 70.858959325786529, 22.779953367145314 ], [ 70.85896666774218, 22.780495102303185 ], [ 70.858382446278441, 22.78050190936629 ], [ 70.858389786153168, 22.781043644664834 ], [ 70.857805562162028, 22.7810504497706 ], [ 70.857812899955675, 22.781592185209753 ], [ 70.857228673437106, 22.781598988358077 ], [ 70.85723600914956, 22.782140723937783 ], [ 70.856651780103562, 22.78214752512854 ], [ 70.856659113734651, 22.782689260848752 ], [ 70.856074882161224, 22.782696060081829 ], [ 70.856038227757239, 22.77998738019355 ], [ 70.856622447809215, 22.779980581857696 ], [ 70.856593119082746, 22.777813637962915 ], [ 70.857177329695858, 22.777806838208143 ], [ 70.857155328581072, 22.776181630416087 ], [ 70.857739532059966, 22.77617482906328 ], [ 70.857724861158204, 22.775091357366037 ], [ 70.858309059806899, 22.775084554235935 ], [ 70.858294385190703, 22.774001082741908 ], [ 70.858878579009442, 22.773994277834721 ], [ 70.858871239732792, 22.773452542208872 ], [ 70.859455431025012, 22.773445735345128 ], [ 70.859440748535008, 22.772362264335868 ], [ 70.860024934997568, 22.772355455695436 ], [ 70.860017591784427, 22.771813720312078 ], [ 70.860601775720568, 22.771806909715373 ], [ 70.860587085358389, 22.77072343919129 ], [ 70.86117126446517, 22.770716626818295 ], [ 70.861163917316347, 22.770174891677641 ], [ 70.861748093896793, 22.77016807734865 ], [ 70.861740744668666, 22.769626342348918 ], [ 70.862324918722791, 22.769619526064051 ], [ 70.862317567415488, 22.769077791205302 ], [ 70.862901738943279, 22.76907097296467 ], [ 70.86288703239434, 22.767987503490261 ], [ 70.864055365568419, 22.767973861322261 ], [ 70.864048008024483, 22.767432126886796 ], [ 70.865800499199381, 22.767411648158426 ], [ 70.865793134972009, 22.766869914224728 ], [ 70.866961456697155, 22.766856251422173 ], [ 70.866954088089159, 22.766314517810262 ], [ 70.867538246313202, 22.766307683386234 ], [ 70.867530875627097, 22.765765949915792 ], [ 70.866946719705311, 22.765772784159349 ], [ 70.866931983610044, 22.764689316740522 ], [ 70.866347832068413, 22.764696148487864 ], [ 70.866340466659054, 22.764154414539529 ], [ 70.865756317195405, 22.764161243971238 ], [ 70.865748954312082, 22.763619509803551 ], [ 70.86516480692643, 22.763626336919742 ], [ 70.865157446569015, 22.763084602532754 ], [ 70.864573301261345, 22.763091427333542 ], [ 70.864565943429724, 22.762549692727319 ], [ 70.863397656746628, 22.762563335563247 ], [ 70.863382950961892, 22.761479865513198 ], [ 70.862798811888268, 22.761486683368428 ], [ 70.862791461633094, 22.760944948104846 ], [ 70.862207324637509, 22.760951763645117 ], [ 70.862199976907547, 22.760410028162539 ], [ 70.861615841989988, 22.760416841387958 ], [ 70.861608496785109, 22.759875105686447 ], [ 70.860440230882674, 22.759888725373003 ], [ 70.860462253358207, 22.76151393343984 ], [ 70.859293972752795, 22.761527545665786 ], [ 70.85930130942117, 22.762069281969627 ], [ 70.858717166481867, 22.762076085059832 ], [ 70.858724501071649, 22.762617821504371 ], [ 70.858140355607375, 22.762624622639159 ], [ 70.858147688118393, 22.763166359224353 ], [ 70.857563540129149, 22.763173158403621 ], [ 70.85757087056129, 22.763714895129407 ], [ 70.856986720047075, 22.763721692353041 ], [ 70.857008705775215, 22.765346902835066 ], [ 70.855840390265314, 22.765360491953295 ], [ 70.855855039323018, 22.766443966130833 ], [ 70.857023364042092, 22.766430376294863 ], [ 70.857030693509969, 22.766972112966297 ], [ 70.85761485783749, 22.766965314665555 ], [ 70.857622189830806, 22.767507051118482 ], [ 70.85820635623773, 22.767500250502621 ], [ 70.858228360463713, 22.76912545908877 ], [ 70.857644187148978, 22.769132260243378 ], [ 70.85765152003448, 22.769673996540373 ], [ 70.85706734419395, 22.769680795738736 ], [ 70.85707467499968, 22.770222532176277 ] ], [ [ 70.831302978813042, 22.852877726102619 ], [ 70.830718439394715, 22.852884451991773 ], [ 70.830711183386626, 22.852342713104481 ], [ 70.83129572049134, 22.852335987392422 ], [ 70.831302978813042, 22.852877726102619 ] ], [ [ 70.858199021941971, 22.766958514229273 ], [ 70.858783185823356, 22.766951711657452 ], [ 70.858790522421572, 22.767493447751164 ], [ 70.85820635623773, 22.767500250502621 ], [ 70.858199021941971, 22.766958514229273 ] ], [ [ 70.802669334374784, 22.898176299539283 ], [ 70.803254076798467, 22.898169664266909 ], [ 70.803261239981353, 22.898711408311826 ], [ 70.802676495237932, 22.898718043758635 ], [ 70.802669334374784, 22.898176299539283 ] ], [ [ 70.801371073958322, 22.888438154737763 ], [ 70.801955775072756, 22.888431526901822 ], [ 70.801962929708992, 22.888973271997965 ], [ 70.801378226276043, 22.888979900008191 ], [ 70.801371073958322, 22.888438154737763 ] ], [ [ 70.854987026947029, 22.788668748404763 ], [ 70.855571284319709, 22.788661951473284 ], [ 70.855578616016643, 22.789203687084317 ], [ 70.854994356338679, 22.789210484195142 ], [ 70.854987026947029, 22.788668748404763 ] ] ], [ [ [ 70.799259977474023, 22.86137068598309 ], [ 70.79924570906455, 22.860287190380994 ], [ 70.798661127547902, 22.860293800573377 ], [ 70.798675391327592, 22.861377296523468 ], [ 70.799259977474023, 22.86137068598309 ] ] ], [ [ [ 70.812712586703441, 22.861759795089966 ], [ 70.812719774694841, 22.862301538775927 ], [ 70.812135188917097, 22.862308199015743 ], [ 70.812156747255059, 22.863933430365485 ], [ 70.812741339978132, 22.863926769599754 ], [ 70.81273415133218, 22.863385026030816 ], [ 70.813318741521883, 22.863378363294604 ], [ 70.813297169948029, 22.86175313287983 ], [ 70.812712586703441, 22.861759795089966 ] ] ], [ [ [ 70.798732455106176, 22.865711278764913 ], [ 70.798718187862505, 22.864627783438401 ], [ 70.798133587608589, 22.864634392876845 ], [ 70.798147850221369, 22.865717888551256 ], [ 70.798732455106176, 22.865711278764913 ] ] ], [ [ [ 70.798176378044289, 22.867884879432371 ], [ 70.798162113699931, 22.866801384069763 ], [ 70.797577503967489, 22.866807992057812 ], [ 70.797591763680387, 22.867891487768222 ], [ 70.798176378044289, 22.867884879432371 ] ] ], [ [ [ 70.805840816299281, 22.872674482560587 ], [ 70.805833651957713, 22.872132737515663 ], [ 70.805249021885018, 22.872139375150592 ], [ 70.805256183910217, 22.872681120370167 ], [ 70.805840816299281, 22.872674482560587 ] ] ], [ [ [ 70.795994680372104, 22.879829753891975 ], [ 70.795987552597921, 22.879288006392496 ], [ 70.794818224628287, 22.879301211041135 ], [ 70.794825347767798, 22.879842958887977 ], [ 70.795994680372104, 22.879829753891975 ] ] ], [ [ [ 70.814840762139468, 22.889910394584607 ], [ 70.814833556060364, 22.889368653415332 ], [ 70.813664153920953, 22.889382002171068 ], [ 70.81367135536297, 22.889923743691369 ], [ 70.814840762139468, 22.889910394584607 ] ] ], [ [ [ 70.813678557023408, 22.890465485172619 ], [ 70.81367135536297, 22.889923743691369 ], [ 70.813086651646998, 22.889930415021919 ], [ 70.813093850988849, 22.890472156678602 ], [ 70.813678557023408, 22.890465485172619 ] ] ], [ [ [ 70.809015269512557, 22.891602282708241 ], [ 70.80902245327762, 22.892144025474231 ], [ 70.809607167795747, 22.892137368483496 ], [ 70.809614354097633, 22.892679111035413 ], [ 70.810199070716706, 22.892672451720774 ], [ 70.810191882095893, 22.892130709343959 ], [ 70.812530737115381, 22.892104051297867 ], [ 70.812523539437223, 22.891562309582945 ], [ 70.813108250327645, 22.891555639874824 ], [ 70.813093850988849, 22.890472156678602 ], [ 70.812509144735884, 22.890478826035967 ], [ 70.8125163419774, 22.891020567828978 ], [ 70.811931633187427, 22.891027235213045 ], [ 70.811938828328493, 22.891568977142335 ], [ 70.809015269512557, 22.891602282708241 ] ] ], [ [ [ 70.809029637260579, 22.892685768201186 ], [ 70.80902245327762, 22.892144025474231 ], [ 70.807853023587754, 22.892157333009294 ], [ 70.807860202932858, 22.892699076086146 ], [ 70.809029637260579, 22.892685768201186 ] ] ], [ [ [ 70.807275485442304, 22.892705726805335 ], [ 70.807282662686163, 22.893247470018032 ], [ 70.807867382495701, 22.893240819123978 ], [ 70.807860202932858, 22.892699076086146 ], [ 70.807275485442304, 22.892705726805335 ] ] ], [ [ [ 70.787016110235655, 22.908647861963068 ], [ 70.787009008131506, 22.908106113757441 ], [ 70.786424217885639, 22.908112691955186 ], [ 70.786431317668658, 22.908654440333688 ], [ 70.787016110235655, 22.908647861963068 ] ] ], [ [ [ 70.784120509392679, 22.910847728197584 ], [ 70.784113418034167, 22.910305979284168 ], [ 70.783528617427706, 22.910312547419409 ], [ 70.783535706464789, 22.910854296505423 ], [ 70.784120509392679, 22.910847728197584 ] ] ], [ [ [ 70.784148876976815, 22.913014723461217 ], [ 70.784141784758262, 22.912472974703814 ], [ 70.783556974865689, 22.91247954352945 ], [ 70.783564064762544, 22.913021292459458 ], [ 70.784148876976815, 22.913014723461217 ] ] ], [ [ [ 70.76696285059721, 22.94084025543647 ], [ 70.766948783951918, 22.939756751552373 ], [ 70.766363851464732, 22.939763264392482 ], [ 70.766377913459294, 22.940846768618535 ], [ 70.76696285059721, 22.94084025543647 ] ] ], [ [ [ 70.854044014940271, 22.762130432920102 ], [ 70.854051331115329, 22.762672170800045 ], [ 70.853467183868432, 22.762678954854042 ], [ 70.853474497964143, 22.763220692874189 ], [ 70.854642796839229, 22.763207122272693 ], [ 70.854635478139656, 22.762665384610941 ], [ 70.855219624941313, 22.762658596286727 ], [ 70.855212304162563, 22.762116858765296 ], [ 70.854044014940271, 22.762130432920102 ] ] ], [ [ [ 70.851780513505688, 22.767574939818601 ], [ 70.851787822696537, 22.768116678025244 ], [ 70.852371993633298, 22.768109898586506 ], [ 70.852364682139893, 22.767568160558877 ], [ 70.852948850551684, 22.767561379163528 ], [ 70.852941536978165, 22.767019641275997 ], [ 70.853525702864999, 22.767012857924154 ], [ 70.85350375657228, 22.765387644565124 ], [ 70.852919597592503, 22.765394427379597 ], [ 70.852926910498596, 22.765936165384034 ], [ 70.852342748994076, 22.76594294624217 ], [ 70.852350059820282, 22.766484684386715 ], [ 70.851765895791004, 22.766491463288407 ], [ 70.851773204537182, 22.767033201572989 ], [ 70.851189037983133, 22.767039978518117 ], [ 70.851181731539384, 22.766498240054585 ], [ 70.85059756706552, 22.766505014685233 ], [ 70.850604871206826, 22.767046753327669 ], [ 70.850020704208333, 22.767053526001643 ], [ 70.850064519906354, 22.770303958111079 ], [ 70.850648700720953, 22.770297184364019 ], [ 70.850641395246413, 22.769755445955379 ], [ 70.851225573535942, 22.769748670251303 ], [ 70.851196344649139, 22.76758171694269 ], [ 70.851780513505688, 22.767574939818601 ] ] ], [ [ [ 70.857629522047148, 22.768048787532432 ], [ 70.857622189830806, 22.767507051118482 ], [ 70.857038023200815, 22.767513849598746 ], [ 70.857045353114628, 22.768055586192212 ], [ 70.857629522047148, 22.768048787532432 ] ] ], [ [ [ 70.863225509442969, 22.792907261926441 ], [ 70.863218146210883, 22.792365528925298 ], [ 70.862633875603478, 22.792372354908672 ], [ 70.862641236529839, 22.792914088089915 ], [ 70.863225509442969, 22.792907261926441 ] ] ], [ [ [ 70.850495800376549, 22.802266465774039 ], [ 70.850488484091272, 22.801724729486946 ], [ 70.849904169368642, 22.801731511470596 ], [ 70.849911483346929, 22.802273247936572 ], [ 70.850495800376549, 22.802266465774039 ] ] ], [ [ [ 70.84932716609498, 22.802280027959849 ], [ 70.849334477988506, 22.802821764565632 ], [ 70.849918797547502, 22.802814984363533 ], [ 70.849911483346929, 22.802273247936572 ], [ 70.84932716609498, 22.802280027959849 ] ] ], [ [ [ 70.835339770356271, 22.805150810746721 ], [ 70.834755436032779, 22.80515753817463 ], [ 70.83476269135079, 22.805699279037732 ], [ 70.835347027981797, 22.805692551432404 ], [ 70.835339770356271, 22.805150810746721 ] ] ], [ [ [ 70.835354285827904, 22.806234292079107 ], [ 70.835938624545918, 22.806227562156618 ], [ 70.835931364392223, 22.805685821687394 ], [ 70.835347027981797, 22.805692551432404 ], [ 70.835354285827904, 22.806234292079107 ] ] ], [ [ [ 70.83716542741972, 22.810548015401764 ], [ 70.8371581608844, 22.810006275599569 ], [ 70.836573806452776, 22.810013011044671 ], [ 70.836581070679983, 22.810554751024466 ], [ 70.83716542741972, 22.810548015401764 ] ] ], [ [ [ 70.83425815216475, 22.811665153375777 ], [ 70.834265407820794, 22.812206893948453 ], [ 70.834849772368045, 22.812200166354344 ], [ 70.834842514403618, 22.811658425959049 ], [ 70.836011238219655, 22.811644964704701 ], [ 70.836003975859199, 22.811103224625338 ], [ 70.836588335127942, 22.811096490965276 ], [ 70.836581070679983, 22.810554751024466 ], [ 70.834243641514078, 22.810581672113468 ], [ 70.834236386519464, 22.810039931423834 ], [ 70.83365203098478, 22.810046656168304 ], [ 70.833673789705387, 22.811671878652199 ], [ 70.83425815216475, 22.811665153375777 ] ] ], [ [ [ 70.838770813845017, 22.843038833157532 ], [ 70.838763529428419, 22.842497096051741 ], [ 70.838179036826645, 22.842503846442252 ], [ 70.838186318930909, 22.843045583725843 ], [ 70.838770813845017, 22.843038833157532 ] ] ], [ [ [ 70.837616384042704, 22.844135806956125 ], [ 70.837601823795666, 22.843052332150588 ], [ 70.837017328439345, 22.843059078431775 ], [ 70.837031884061489, 22.844142553592683 ], [ 70.837616384042704, 22.844135806956125 ] ] ], [ [ [ 70.837674633873959, 22.848469704616676 ], [ 70.837645507189649, 22.846302756098737 ], [ 70.836476488504928, 22.846316248649451 ], [ 70.836505596685683, 22.84848319858871 ], [ 70.835921077760077, 22.848489942358533 ], [ 70.835935628549876, 22.849573417449079 ], [ 70.836520152101812, 22.849566673324087 ], [ 70.836512874283258, 22.849024935975919 ], [ 70.837097395301029, 22.849018189884326 ], [ 70.837090115390339, 22.848476452674753 ], [ 70.837674633873959, 22.848469704616676 ] ] ], [ [ [ 70.835351104777047, 22.849580159429827 ], [ 70.835358378190023, 22.85012189709407 ], [ 70.835942904276123, 22.850115154935793 ], [ 70.835935628549876, 22.849573417449079 ], [ 70.835351104777047, 22.849580159429827 ] ] ], [ [ [ 70.834203863590332, 22.851218850898846 ], [ 70.834211133038849, 22.851760588800865 ], [ 70.834795666506793, 22.851753850398943 ], [ 70.834788394744791, 22.851212112674354 ], [ 70.834203863590332, 22.851218850898846 ] ] ], [ [ [ 70.839486507500183, 22.852783338471827 ], [ 70.839479216787751, 22.852241602246746 ], [ 70.840648284150291, 22.852228084342165 ], [ 70.840640989032167, 22.851686348433951 ], [ 70.840056457775106, 22.851693108280507 ], [ 70.840041872830056, 22.850609635990931 ], [ 70.8388728189055, 22.8506231485391 ], [ 70.838887394596853, 22.85170662154027 ], [ 70.837133798170157, 22.8517268753465 ], [ 70.837126517154246, 22.851185138332152 ], [ 70.836541986883276, 22.851191885134323 ], [ 70.836534708401814, 22.850650147903291 ], [ 70.83478112320357, 22.850670374910713 ], [ 70.834788394744791, 22.851212112674354 ], [ 70.835372925678485, 22.851205372305422 ], [ 70.83538019975397, 22.851747109852543 ], [ 70.835964732780297, 22.851740367161661 ], [ 70.83597928622099, 22.852823841783682 ], [ 70.839486507500183, 22.852783338471827 ] ] ] ] } }
]
}
