<?xml version="1.0" encoding="utf-8" ?>
<kml xmlns="http://www.opengis.net/kml/2.2">
<Document id="root_doc">
<Schema name="flood_extent_Cf39713a" id="flood_extent_Cf39713a">
	<SimpleField name="area_km2" type="float"></SimpleField>
</Schema>
<Folder><name>flood_extent_Cf39713a</name>
  <Placemark id="flood_extent_Cf39713a.1">
	<name>0.1-0.5 m</name>
	<Style><LineStyle><color>ff0000ff</color></LineStyle><PolyStyle><fill>0</fill></PolyStyle></Style>
	<ExtendedData><SchemaData schemaUrl="#flood_extent_Cf39713a">
		<SimpleData name="area_km2">2.304</SimpleData>
	</SchemaData></ExtendedData>
      <MultiGeometry><Polygon><outerBoundaryIs><LinearRing><coordinates>70.7948111017049,22.8787594631553 70.7953957634805,22.8787528620784 70.7953815136478,22.8776693665371 70.7947968565065,22.8776759672667 70.7948111017049,22.8787594631553</coordinates></LinearRing></outerBoundaryIs></Polygon><Polygon><outerBoundaryIs><LinearRing><coordinates>70.7924866799662,22.8798693431089 70.793656014299,22.8798561552936 70.7936488957941,22.8793144070997 70.7924795660961,22.8793275945681 70.7924866799662,22.8798693431089</coordinates></LinearRing></outerBoundaryIs></Polygon><Polygon><outerBoundaryIs><LinearRing><coordinates>70.7891704523132,22.8945360789443 70.7903399144255,22.894522907551 70.7903328040032,22.8939811593696 70.7891633465295,22.8939943304166 70.7891704523132,22.8945360789443</coordinates></LinearRing></outerBoundaryIs></Polygon><Polygon><outerBoundaryIs><LinearRing><coordinates>70.7909673261376,22.8977668058605 70.7915520705716,22.8977602137513 70.7915449542159,22.8972184661504 70.7909602121017,22.8972250580864 70.7909673261376,22.8977668058605</coordinates></LinearRing></outerBoundaryIs></Polygon><Polygon><outerBoundaryIs><LinearRing><coordinates>70.7944829176726,22.8982689676576 70.7950676631302,22.898262362478 70.7950605326403,22.8977206159572 70.7944757895024,22.8977272209632 70.7944829176726,22.8982689676576</coordinates></LinearRing></outerBoundaryIs></Polygon><Polygon><outerBoundaryIs><LinearRing><coordinates>70.7944829176726,22.8982689676576 70.7938981719988,22.8982755706877 70.7939052980653,22.8988173175168 70.7944900460589,22.8988107143131 70.7944829176726,22.8982689676576</coordinates></LinearRing></outerBoundaryIs></Polygon><Polygon><outerBoundaryIs><LinearRing><coordinates>70.7880578062542,22.8988832313271 70.7886425564058,22.8988766496193 70.7886354512177,22.8983349012305 70.7880507033859,22.8983414827654 70.7880578062542,22.8988832313271</coordinates></LinearRing></outerBoundaryIs></Polygon><Polygon><outerBoundaryIs><LinearRing><coordinates>70.7915734209335,22.8993854563197 70.7915663039303,22.8988437088359 70.7909815548568,22.8988503012918 70.7909886695401,22.8993920489489 70.7915734209335,22.8993854563197</coordinates></LinearRing></outerBoundaryIs></Polygon><Polygon><outerBoundaryIs><LinearRing><coordinates>70.7933347979972,22.8999074124591 70.7933276738183,22.8993656655345 70.7927429230727,22.8993722646125 70.7927500449316,22.8999140117106 70.7933347979972,22.8999074124591</coordinates></LinearRing></outerBoundaryIs></Polygon><Polygon><outerBoundaryIs><LinearRing><coordinates>70.7892841741663,22.9032040500832 70.789868942448,22.903197462691 70.7898618308951,22.9026557149605 70.7892770649337,22.9026623021796 70.7892841741663,22.9032040500832</coordinates></LinearRing></outerBoundaryIs></Polygon><Polygon><outerBoundaryIs><LinearRing><coordinates>70.786360329525,22.9032369547934 70.786945098884,22.9032303781515 70.7869379989331,22.9026886295558 70.7863532318945,22.9026952060249 70.786360329525,22.9032369547934</coordinates></LinearRing></outerBoundaryIs></Polygon><Polygon><outerBoundaryIs><LinearRing><coordinates>70.7881217417632,22.9037589666282 70.7887065127966,22.9037523833631 70.7886994056689,22.9032106353254 70.788114636956,22.9032172184175 70.7881217417632,22.9037589666282</coordinates></LinearRing></outerBoundaryIs></Polygon><Polygon><outerBoundaryIs><LinearRing><coordinates>70.7951889145483,22.9074720473626 70.7957736992357,22.9074654370805 70.7957522904219,22.905840199912 70.795167512697,22.905846809673 70.7951746464311,22.9063885556086 70.7940050856909,22.906401769027 70.7940122149996,22.9069435152708 70.7951817803815,22.9069303015051 70.7951889145483,22.9074720473626</coordinates></LinearRing></outerBoundaryIs></Polygon><Polygon><outerBoundaryIs><LinearRing><coordinates>70.7852617318889,22.908667590623 70.7858465248864,22.9086610165537 70.7858323301778,22.907577519412 70.7852475418225,22.9075840931359 70.7852617318889,22.908667590623</coordinates></LinearRing></outerBoundaryIs></Polygon><Polygon><outerBoundaryIs><LinearRing><coordinates>70.7835215286055,22.9097707982944 70.7841063268907,22.9097642303317 70.7840992359622,22.9092224813403 70.7835144399983,22.9092290491304 70.7835215286055,22.9097707982944</coordinates></LinearRing></outerBoundaryIs></Polygon><Polygon><outerBoundaryIs><LinearRing><coordinates>70.7864668198129,22.9113631816411 70.7870516239866,22.9113566024061 70.7870445208057,22.9108148543955 70.7864597189535,22.9108214334576 70.7864668198129,22.9113631816411</coordinates></LinearRing></outerBoundaryIs></Polygon><Polygon><outerBoundaryIs><LinearRing><coordinates>70.7847195001107,22.9119246551034 70.7847124060006,22.9113829064406 70.7841276009662,22.911389477072 70.7841346927547,22.9119312259074 70.7847195001107,22.9119246551034</coordinates></LinearRing></outerBoundaryIs></Polygon><Polygon><outerBoundaryIs><LinearRing><coordinates>70.786488123683,22.9129884259574 70.7864810221777,22.912446677891 70.7847265944358,22.9124664037271 70.7847336889761,22.9130081523119 70.786488123683,22.9129884259574</coordinates></LinearRing></outerBoundaryIs></Polygon><Polygon><outerBoundaryIs><LinearRing><coordinates>70.7829792523333,22.9130278593066 70.7835640647625,22.9130212924595 70.7835569748657,22.9124795435295 70.7829721647582,22.9124861102041 70.7829792523333,22.9130278593066</coordinates></LinearRing></outerBoundaryIs></Polygon><Polygon><outerBoundaryIs><LinearRing><coordinates>70.7929281616086,22.9134576764812 70.7935129726958,22.9134510728924 70.7935058431144,22.9129093269433 70.7929210343489,22.9129159303586 70.7929281616086,22.9134576764812</coordinates></LinearRing></outerBoundaryIs></Polygon><Polygon><outerBoundaryIs><LinearRing><coordinates>70.7905960332883,22.9140258161023 70.7911808475611,22.9140192209447 70.7911737270508,22.913477474341 70.7905889150997,22.9134840693254 70.7905960332883,22.9140258161023</coordinates></LinearRing></outerBoundaryIs></Polygon><Polygon><outerBoundaryIs><LinearRing><coordinates>70.7824156967384,22.9146596715937 70.7830005163481,22.9146531063802 70.7829863401234,22.9135696083701 70.7824015251575,22.9135761732387 70.7824156967384,22.9146596715937</coordinates></LinearRing></outerBoundaryIs></Polygon><Polygon><outerBoundaryIs><LinearRing><coordinates>70.7836137000594,22.9168135338772 70.7841985285275,22.9168069636707 70.7841914348037,22.9162652151864 70.7836066086578,22.9162717852203 70.7836137000594,22.9168135338772</coordinates></LinearRing></outerBoundaryIs></Polygon><Polygon><outerBoundaryIs><LinearRing><coordinates>70.7912378194158,22.9183531923694 70.7924074844676,22.9183399928266 70.7924003575854,22.9177982468819 70.7912306971784,22.9178114460779 70.7912378194158,22.9183531923694</coordinates></LinearRing></outerBoundaryIs></Polygon><Polygon><outerBoundaryIs><LinearRing><coordinates>70.7906957105893,22.9216102668824 70.7912805573747,22.9216036692986 70.7912734338418,22.9210619232414 70.7906885893791,22.9210685206518 70.7906957105893,22.9216102668824</coordinates></LinearRing></outerBoundaryIs></Polygon><Polygon><outerBoundaryIs><LinearRing><coordinates>70.7842694775935,22.9222244463681 70.7842623817191,22.921682698274 70.7836775323481,22.921689270034 70.7836846258996,22.9222310183008 70.7842694775935,22.9222244463681</coordinates></LinearRing></outerBoundaryIs></Polygon><Polygon><outerBoundaryIs><LinearRing><coordinates>70.7825432796386,22.9244111497673 70.7825361898733,22.9238694013115 70.7819513305654,22.9238759673054 70.7819584180075,22.9244177159336 70.7825432796386,22.9244111497673</coordinates></LinearRing></outerBoundaryIs></Polygon><Polygon><outerBoundaryIs><LinearRing><coordinates>70.7889767433821,22.9243387798873 70.7895616024298,22.9243321878937 70.7895544847866,22.9237904415119 70.788969628062,22.9237970333323 70.7889767433821,22.9243387798873</coordinates></LinearRing></outerBoundaryIs></Polygon><Polygon><outerBoundaryIs><LinearRing><coordinates>70.7808028603364,22.9255143396384 70.7813877270436,22.9255077774319 70.7813593861386,22.9233407823073 70.7807745287243,22.9233473438244 70.7808028603364,22.9255143396384</coordinates></LinearRing></outerBoundaryIs></Polygon><Polygon><outerBoundaryIs><LinearRing><coordinates>70.7732207339782,22.9272247056092 70.7738056104414,22.9272181708694 70.7737985544552,22.9266764200277 70.7732136803155,22.9266829545958 70.7732207339782,22.9272247056092</coordinates></LinearRing></outerBoundaryIs></Polygon><Polygon><outerBoundaryIs><LinearRing><coordinates>70.778491689232,22.9277075648852 70.7796614427369,22.9276944541619 70.7796543633003,22.9271527050785 70.7784846144427,22.9271658154575 70.778491689232,22.9277075648852</coordinates></LinearRing></outerBoundaryIs></Polygon><Polygon><outerBoundaryIs><LinearRing><coordinates>70.7738197230555,22.9283016724359 70.7744046039523,22.9282951352002 70.7743975452146,22.9277533846081 70.7738126666415,22.9277599216722 70.7738197230555,22.9283016724359</coordinates></LinearRing></outerBoundaryIs></Polygon><Polygon><outerBoundaryIs><LinearRing><coordinates>70.7785058394539,22.9287910636237 70.7790907209611,22.9287845089941 70.7790836434191,22.9282427598165 70.7784987642358,22.928249314274 70.7785058394539,22.9287910636237</coordinates></LinearRing></outerBoundaryIs></Polygon><Polygon><outerBoundaryIs><LinearRing><coordinates>70.7744187220695,22.9293786362673 70.7750036074,22.9293720965354 70.7749965459106,22.9288303461931 70.7744116629039,22.9288368857533 70.7744187220695,22.9293786362673</coordinates></LinearRing></outerBoundaryIs></Polygon><Polygon><outerBoundaryIs><LinearRing><coordinates>70.7896256709272,22.9292079035737 70.7896185513422,22.9286661575432 70.7890336737068,22.9286727509219 70.789040790968,22.9292144971256 70.7896256709272,22.9292079035737</coordinates></LinearRing></outerBoundaryIs></Polygon><Polygon><outerBoundaryIs><LinearRing><coordinates>70.7855386102194,22.9297957604312 70.7855315066857,22.9292540132288 70.7849466252181,22.9292605917113 70.7849537264279,22.9298023390864 70.7855386102194,22.9297957604312</coordinates></LinearRing></outerBoundaryIs></Polygon><Polygon><outerBoundaryIs><LinearRing><coordinates>70.7767653307825,22.9298942142104 70.7773502175805,22.9298876656952 70.7773431465813,22.9293459160794 70.7767582621072,22.9293524644226 70.7767653307825,22.9298942142104</coordinates></LinearRing></outerBoundaryIs></Polygon><Polygon><outerBoundaryIs><LinearRing><coordinates>70.7721214823159,22.9326552800502 70.7727063824465,22.9326487479006 70.7726993289702,22.9321069971057 70.7721144311639,22.9321135290838 70.7721214823159,22.9326552800502</coordinates></LinearRing></outerBoundaryIs></Polygon><Polygon><outerBoundaryIs><LinearRing><coordinates>70.7709516814136,22.9326683378899 70.7715365819716,22.9326618100467 70.7715295331438,22.9321200589088 70.7709446349102,22.9321265865806 70.7709516814136,22.9326683378899</coordinates></LinearRing></outerBoundaryIs></Polygon><Polygon><outerBoundaryIs><LinearRing><coordinates>70.7692321793111,22.9353966670313 70.7698170921322,22.9353901447915 70.7698100492103,22.9348483933346 70.769225138714,22.9348549154032 70.7692321793111,22.9353966670313</coordinates></LinearRing></outerBoundaryIs></Polygon><Polygon><outerBoundaryIs><LinearRing><coordinates>70.7634321667835,22.9392540432581 70.7640170980098,22.9392475413585 70.7640100768459,22.9387057884646 70.7634251479448,22.9387122901935 70.7634321667835,22.9392540432581</coordinates></LinearRing></outerBoundaryIs></Polygon><Polygon><outerBoundaryIs><LinearRing><coordinates>70.7722061128086,22.9391562886045 70.7727910408364,22.9391497543965 70.7727839847948,22.9386080040697 70.7721990590921,22.9386145381062 70.7722061128086,22.9391562886045</coordinates></LinearRing></outerBoundaryIs></Polygon><Polygon><outerBoundaryIs><LinearRing><coordinates>70.7651939858514,22.9397762836108 70.7663638514647,22.9397632643925 70.766356820787,22.939221512221 70.7651869598242,22.9392345310975 70.7651939858514,22.9397762836108</coordinates></LinearRing></outerBoundaryIs></Polygon><Polygon><outerBoundaryIs><LinearRing><coordinates>70.7622693180938,22.9398087939623 70.7622623036929,22.9392670405955 70.7616773718288,22.9392735360334 70.7616843839043,22.9398152895706 70.7622693180938,22.9398087939623</coordinates></LinearRing></outerBoundaryIs></Polygon><Polygon><outerBoundaryIs><LinearRing><coordinates>70.7681327242337,22.9408272226101 70.7681256861537,22.9402854710297 70.7675407517674,22.9402919883488 70.767547787522,22.9408337401003 70.7681327242337,22.9408272226101</coordinates></LinearRing></outerBoundaryIs></Polygon><Polygon><outerBoundaryIs><LinearRing><coordinates>70.7663849447761,22.9413885206731 70.7669698842395,22.94138200732 70.7669628505972,22.9408402554365 70.7663779134593,22.9408467686185 70.7663849447761,22.9413885206731</coordinates></LinearRing></outerBoundaryIs></Polygon><Polygon><outerBoundaryIs><LinearRing><coordinates>70.7705288556865,22.9451351368683 70.7711138099368,22.9451286072368 70.7710997073188,22.9440451063738 70.7705147577204,22.9440516356625 70.7705288556865,22.9451351368683</coordinates></LinearRing></outerBoundaryIs></Polygon><Polygon><outerBoundaryIs><LinearRing><coordinates>70.7699720904132,22.9473086669739 70.7705570541815,22.9473021388116 70.7705359049899,22.9456768874127 70.7699509482001,22.945683415061 70.7699720904132,22.9473086669739</coordinates></LinearRing></outerBoundaryIs></Polygon><Polygon><outerBoundaryIs><LinearRing><coordinates>70.7688303362314,22.9494887202086 70.7694153097323,22.9494821956708 70.7694082635869,22.948940445057 70.7682383210249,22.9489534916351 70.7682876159508,22.952745747509 70.7688726036256,22.9527392240993 70.7688303362314,22.9494887202086</coordinates></LinearRing></outerBoundaryIs></Polygon><Polygon><outerBoundaryIs><LinearRing><coordinates>70.8009708903186,22.8581003573482 70.80155546171,22.8580937392706 70.8015483194383,22.8575519919518 70.8009637503614,22.8575586098551 70.8009708903186,22.8581003573482</coordinates></LinearRing></outerBoundaryIs></Polygon><Polygon><outerBoundaryIs><LinearRing><coordinates>70.79982315417,22.8597388303576 70.8004077329387,22.8597322160483 70.800400594646,22.859190468498 70.7998160181919,22.8591970826332 70.79982315417,22.8597388303576</coordinates></LinearRing></outerBoundaryIs></Polygon><Polygon><outerBoundaryIs><LinearRing><coordinates>70.7986611275479,22.8602938005734 70.7992457090646,22.860287190381 70.7992385751846,22.8597454425215 70.7986539959828,22.8597520525399 70.7986611275479,22.8602938005734</coordinates></LinearRing></outerBoundaryIs></Polygon><Polygon><outerBoundaryIs><LinearRing><coordinates>70.7998445634039,22.8613640732971 70.799837426776,22.8608223256896 70.799252843161,22.8608289382015 70.799259977474,22.8613706859831 70.7998445634039,22.8613640732971</coordinates></LinearRing></outerBoundaryIs></Polygon><Polygon><outerBoundaryIs><LinearRing><coordinates>70.813297169948,22.8617531328798 70.8132899798599,22.8612113893302 70.8127053989302,22.861218051365 70.8127125867034,22.86175979509 70.813297169948,22.8617531328798</coordinates></LinearRing></outerBoundaryIs></Polygon><Polygon><outerBoundaryIs><LinearRing><coordinates>70.8150797086878,22.8639001050784 70.8156643003192,22.8638934335835 70.8156571000974,22.8633516908919 70.8150725107811,22.8633583622113 70.8150797086878,22.8639001050784</coordinates></LinearRing></outerBoundaryIs></Polygon><Polygon><outerBoundaryIs><LinearRing><coordinates>70.8104316874974,22.8661203764768 70.8110162901361,22.8661137214481 70.8110091075637,22.8655719775094 70.8104245072405,22.865578632363 70.8104316874974,22.8661203764768</coordinates></LinearRing></outerBoundaryIs></Polygon><Polygon><outerBoundaryIs><LinearRing><coordinates>70.8098542628,22.8666687736094 70.8104388679722,22.8666621205516 70.8104316874974,22.8661203764768 70.8098470846408,22.8661270293595 70.8098542628,22.8666687736094</coordinates></LinearRing></outerBoundaryIs></Polygon><Polygon><outerBoundaryIs><LinearRing><coordinates>70.8116080776626,22.8666488079977 70.8121926821808,22.8666421485016 70.8121854947594,22.8661004049524 70.8116008925568,22.8661070642733 70.8116080776626,22.8666488079977</coordinates></LinearRing></outerBoundaryIs></Polygon><Polygon><outerBoundaryIs><LinearRing><coordinates>70.7964154089704,22.8673629498176 70.7970000214512,22.8673563459482 70.7969928940187,22.8668145978997 70.7964082838535,22.8668212015953 70.7964154089704,22.8673629498176</coordinates></LinearRing></outerBoundaryIs></Polygon><Polygon><outerBoundaryIs><LinearRing><coordinates>70.808692225548,22.8672238178473 70.8098614411771,22.8672105178203 70.8098542628,22.8666687736094 70.8086850518022,22.8666820732864 70.808692225548,22.8672238178473</coordinates></LinearRing></outerBoundaryIs></Polygon><Polygon><outerBoundaryIs><LinearRing><coordinates>70.8098686197721,22.8677522619921 70.8104532295755,22.8677456085842 70.8104460486649,22.8672038645874 70.8098614411771,22.8672105178203 70.8098686197721,22.8677522619921</coordinates></LinearRing></outerBoundaryIs></Polygon><Polygon><outerBoundaryIs><LinearRing><coordinates>70.80753734793,22.8683205989939 70.8081219609203,22.8683139539962 70.8081147890548,22.8677722093383 70.8086993995116,22.8677655623692 70.808692225548,22.8672238178473 70.8075230090481,22.8672371092895 70.80753734793,22.8683205989939</coordinates></LinearRing></outerBoundaryIs></Polygon><Polygon><outerBoundaryIs><LinearRing><coordinates>70.8087065736929,22.8683073068521 70.8092911862478,22.8683006575617 70.8092840097508,22.8677589132538 70.8086993995116,22.8677655623692 70.8087065736929,22.8683073068521</coordinates></LinearRing></outerBoundaryIs></Polygon><Polygon><outerBoundaryIs><LinearRing><coordinates>70.8081291330035,22.868855698615 70.808713748092,22.868849051296 70.8087065736929,22.8683073068521 70.8081219609203,22.8683139539962 70.8081291330035,22.868855698615</coordinates></LinearRing></outerBoundaryIs></Polygon><Polygon><outerBoundaryIs><LinearRing><coordinates>70.8028747388784,22.8694571740499 70.8034593582393,22.8694505458741 70.8034522044658,22.8689087998969 70.802867587421,22.8689154278984 70.8028747388784,22.8694571740499</coordinates></LinearRing></outerBoundaryIs></Polygon><Polygon><outerBoundaryIs><LinearRing><coordinates>70.8069814058334,22.8704942214852 70.807566028305,22.8704875779346 70.8075588578849,22.8699458332579 70.8069742377292,22.8699524766337 70.8069814058334,22.8704942214852</coordinates></LinearRing></outerBoundaryIs></Polygon><Polygon><outerBoundaryIs><LinearRing><coordinates>70.8023044182346,22.8705472926143 70.8034736664375,22.8705340377114 70.8034665122298,22.8699922918122 70.8022972686591,22.8700055463663 70.8023044182346,22.8705472926143</coordinates></LinearRing></outerBoundaryIs></Polygon><Polygon><outerBoundaryIs><LinearRing><coordinates>70.7976345480126,22.8711419739639 70.7982191762726,22.8711353645846 70.7982120426934,22.8705936171567 70.7976274167496,22.8706002263621 70.7976345480126,22.8711419739639</coordinates></LinearRing></outerBoundaryIs></Polygon><Polygon><outerBoundaryIs><LinearRing><coordinates>70.8005648302077,22.8716506522936 70.8011494597009,22.8716440320068 70.8011423143239,22.8711022854883 70.800557687147,22.8711089056009 70.8005648302077,22.8716506522936</coordinates></LinearRing></outerBoundaryIs></Polygon><Polygon><outerBoundaryIs><LinearRing><coordinates>70.8151805023219,22.8714845011218 70.8157651263729,22.8714778271685 70.8157579230912,22.8709360850232 70.8151733013563,22.8709427588009 70.8151805023219,22.8714845011218</coordinates></LinearRing></outerBoundaryIs></Polygon><Polygon><outerBoundaryIs><LinearRing><coordinates>70.8017483850143,22.8727209021449 70.8017340889771,22.8716374095733 70.8011494597009,22.8716440320068 70.8011637511053,22.8727275249269 70.8017483850143,22.8727209021449</coordinates></LinearRing></outerBoundaryIs></Polygon><Polygon><outerBoundaryIs><LinearRing><coordinates>70.8070100804251,22.8726612005011 70.8070029114508,22.8721194558056 70.806418281813,22.872126097734 70.8064254484709,22.8726678426042 70.8070100804251,22.8726612005011</coordinates></LinearRing></outerBoundaryIs></Polygon><Polygon><outerBoundaryIs><LinearRing><coordinates>70.7976987391192,22.8760177006262 70.798283388228,22.8760110896816 70.7982619822944,22.8743858483335 70.7976773401358,22.8743924587563 70.7976987391192,22.8760177006262</coordinates></LinearRing></outerBoundaryIs></Polygon><Polygon><outerBoundaryIs><LinearRing><coordinates>70.7977130061904,22.8771011950111 70.7982976599331,22.8770945837187 70.7982905239723,22.8765528367196 70.7977058725466,22.8765594478381 70.7977130061904,22.8771011950111</coordinates></LinearRing></outerBoundaryIs></Polygon><Polygon><outerBoundaryIs><LinearRing><coordinates>70.7954028887212,22.8792946097906 70.7959875525979,22.8792880063925 70.79598042504,22.878746258854 70.7953957634805,22.8787528620784 70.7954028887212,22.8792946097906</coordinates></LinearRing></outerBoundaryIs></Polygon><Polygon><outerBoundaryIs><LinearRing><coordinates>70.8047718100428,22.8802721874559 70.8053564750855,22.8802655493487 70.8053493100172,22.8797238046752 70.8047646472918,22.8797304426078 70.8047718100428,22.8802721874559</coordinates></LinearRing></outerBoundaryIs></Polygon><Polygon><outerBoundaryIs><LinearRing><coordinates>70.8036239549574,22.881910692585 70.8042086273872,22.8819040582494 70.8042014663017,22.8813623133438 70.8036167961895,22.8813689475049 70.8036239549574,22.881910692585</coordinates></LinearRing></outerBoundaryIs></Polygon><Polygon><outerBoundaryIs><LinearRing><coordinates>70.7966150000525,22.8825318842163 70.7971996774016,22.8825252754803 70.7971925439107,22.8819835285233 70.7966078688793,22.8819901370856 70.7966150000525,22.8825318842163</coordinates></LinearRing></outerBoundaryIs></Polygon><Polygon><outerBoundaryIs><LinearRing><coordinates>70.7972282135295,22.884692262918 70.7978128999335,22.8846856513386 70.797805763259,22.8841439047115 70.7972210791728,22.8841505161171 70.7972282135295,22.884692262918</coordinates></LinearRing></outerBoundaryIs></Polygon><Polygon><outerBoundaryIs><LinearRing><coordinates>70.8036669121256,22.8851611622464 70.8036597520546,22.8846194174004 70.8030750678188,22.8846260504605 70.8030822255718,22.885167795481 70.8036669121256,22.8851611622464</coordinates></LinearRing></outerBoundaryIs></Polygon><Polygon><outerBoundaryIs><LinearRing><coordinates>70.8142344482344,22.8882918460607 70.8142272451293,22.8877501045987 70.8136425509056,22.8877567773759 70.8136497516923,22.8882985190133 70.8142344482344,22.8882918460607</coordinates></LinearRing></outerBoundaryIs></Polygon><Polygon><outerBoundaryIs><LinearRing><coordinates>70.8031394954141,22.8895017542403 70.8037242005142,22.8894951196101 70.8037170387053,22.8889533750762 70.8031323359237,22.888960009532 70.8031394954141,22.8895017542403</coordinates></LinearRing></outerBoundaryIs></Polygon><Polygon><outerBoundaryIs><LinearRing><coordinates>70.8072467786438,22.8905387535642 70.807831486859,22.8905321035445 70.8078243083849,22.8899903603115 70.8072396024884,22.8899970101564 70.8072467786438,22.8905387535642</coordinates></LinearRing></outerBoundaryIs></Polygon><Polygon><outerBoundaryIs><LinearRing><coordinates>70.8125091447359,22.890478826036 70.8130938509888,22.8904721566786 70.813086651647,22.8899304150219 70.8125019477127,22.8899370842039 70.8125091447359,22.890478826036</coordinates></LinearRing></outerBoundaryIs></Polygon><Polygon><outerBoundaryIs><LinearRing><coordinates>70.8107550246674,22.8904988212164 70.8113397315751,22.8904921583049 70.8113325391892,22.8899504161222 70.8107478346001,22.8899570788585 70.8107550246674,22.8904988212164</coordinates></LinearRing></outerBoundaryIs></Polygon><Polygon><outerBoundaryIs><LinearRing><coordinates>70.8119316331874,22.891027235213 70.8125163419774,22.891020567829 70.8125091447359,22.890478826036 70.8119244382646,22.8904854932447 70.8119316331874,22.891027235213</coordinates></LinearRing></outerBoundaryIs></Polygon><Polygon><outerBoundaryIs><LinearRing><coordinates>70.81312265054,22.8926391229149 70.8137073658498,22.8926324507072 70.8137001633155,22.8920907093821 70.8131154503246,22.8920973814144 70.81312265054,22.8926391229149</coordinates></LinearRing></outerBoundaryIs></Polygon><Polygon><outerBoundaryIs><LinearRing><coordinates>70.7979199760352,22.8928118460637 70.7985046970004,22.8928052297268 70.7984975547588,22.8922634838589 70.7979128361126,22.8922701000218 70.7979199760352,22.8928118460637</coordinates></LinearRing></outerBoundaryIs></Polygon><Polygon><outerBoundaryIs><LinearRing><coordinates>70.8119532192654,22.8926524608838 70.8119460236878,22.8921107190326 70.811361310042,22.8921173846185 70.8113685033006,22.892659126645 70.8119532192654,22.8926524608838</coordinates></LinearRing></outerBoundaryIs></Polygon><Polygon><outerBoundaryIs><LinearRing><coordinates>70.7979342565302,22.8938953380306 70.7979271161744,22.8933535920666 70.7973423926736,22.8933602064285 70.7973495307102,22.8939019525663 70.7979342565302,22.8938953380306</coordinates></LinearRing></outerBoundaryIs></Polygon><Polygon><outerBoundaryIs><LinearRing><coordinates>70.7962157486579,22.896623907033 70.7968004865076,22.8966172959263 70.7967933497079,22.8960755498097 70.7962086141777,22.8960821607426 70.7962157486579,22.896623907033</coordinates></LinearRing></outerBoundaryIs></Polygon><Polygon><outerBoundaryIs><LinearRing><coordinates>70.8038388190049,22.8981630268451 70.804423560994,22.8981563872738 70.804416393389,22.8976146435389 70.8038316537196,22.8976212829356 70.8038388190049,22.8981630268451</coordinates></LinearRing></outerBoundaryIs></Polygon><Polygon><outerBoundaryIs><LinearRing><coordinates>70.8056145623581,22.8997683316056 70.8061993106543,22.8997616850619 70.8061921354376,22.899219941968 70.8056073894613,22.8992265883371 70.8056145623581,22.8997683316056</coordinates></LinearRing></outerBoundaryIs></Polygon><Polygon><outerBoundaryIs><LinearRing><coordinates>70.8067912364871,22.9002967792485 70.807375986668,22.9002901282306 70.8073688065938,22.8997483855255 70.8067840587329,22.8997550363685 70.8067912364871,22.9002967792485</coordinates></LinearRing></outerBoundaryIs></Polygon><Polygon><outerBoundaryIs><LinearRing><coordinates>70.8038746486912,22.9008717458069 70.8044594022797,22.9008651053629 70.8044522335878,22.9003233618231 70.8038674823193,22.9003300020926 70.8038746486912,22.9008717458069</coordinates></LinearRing></outerBoundaryIs></Polygon><Polygon><outerBoundaryIs><LinearRing><coordinates>70.7992180569007,22.9025500270601 70.7998028191865,22.9025434032917 70.7997956684043,22.9020016584743 70.7992109084388,22.9020082820685 70.7992180569007,22.9025500270601</coordinates></LinearRing></outerBoundaryIs></Polygon><Polygon><outerBoundaryIs><LinearRing><coordinates>70.7986404407566,22.9030983938051 70.7992252055794,22.9030917720126 70.7992180569007,22.9025500270601 70.7986332943982,22.9025566486785 70.7986404407566,22.9030983938051</coordinates></LinearRing></outerBoundaryIs></Polygon><Polygon><outerBoundaryIs><LinearRing><coordinates>70.8050728418733,22.9030254358392 70.8050800139726,22.9035671790092 70.8044952490004,22.903573822476 70.8045024189968,22.9041155657815 70.8056719533646,22.9041022763485 70.8056576043077,22.9030187903971 70.8050728418733,22.9030254358392</coordinates></LinearRing></outerBoundaryIs></Polygon><Polygon><outerBoundaryIs><LinearRing><coordinates>70.8352091708119,22.7953994717394 70.835194664162,22.794315988848 70.8369475274023,22.7942958043776 70.83694026749,22.793754063406 70.8357716968292,22.793767521503 70.8357644417495,22.7932257801374 70.8375172904918,22.7932055903169 70.837510028715,22.7926638494449 70.8369257483275,22.7926705813458 70.8369184890773,22.7921288402573 70.8363342107749,22.7921355698424 70.8363414677193,22.7926773111085 70.834588624571,22.7926974875664 70.8345958748183,22.7932392293259 70.8351801583942,22.7932325058008 70.8351874111679,22.7937742473439 70.8346031252861,22.7937809710463 70.8346103759742,22.7943227127278 70.8340260875659,22.7943294344692 70.8340405849912,22.79541291807 70.8346248780118,22.795406195974 70.8346393809311,22.7964896790643 70.8334707854444,22.7965031218269 70.8334852800198,22.7975866054706 70.8352381867578,22.7975664370545 70.8352454412956,22.7981081782858 70.8364140492982,22.798094721626 70.8364067901474,22.7975529807496 70.8358224885629,22.7975597099714 70.8358152319392,22.7970179688786 70.8352309324406,22.7970246957841 70.8352164244676,22.7959412131266 70.8358007193535,22.7959344865759 70.8357934633916,22.7953927453662 70.8352091708119,22.7953994717394</coordinates></LinearRing></outerBoundaryIs></Polygon><Polygon><outerBoundaryIs><LinearRing><coordinates>70.8357934633916,22.7953927453662 70.8363777557506,22.7953860168543 70.8363704977031,22.7948442757831 70.8357862076502,22.7948510041174 70.8357934633916,22.7953927453662</coordinates></LinearRing></outerBoundaryIs></Polygon><Polygon><outerBoundaryIs><LinearRing><coordinates>70.8346756420874,22.799198386108 70.8352599510328,22.7991916606316 70.8352526960539,22.7986499194782 70.8346683894152,22.7986566447772 70.8346756420874,22.799198386108</coordinates></LinearRing></outerBoundaryIs></Polygon><Polygon><outerBoundaryIs><LinearRing><coordinates>70.8370201386651,22.7997132119503 70.8376044490347,22.7997064777403 70.8375971846084,22.799164737336 70.8370128765455,22.7991714713684 70.8370201386651,22.7997132119503</coordinates></LinearRing></outerBoundaryIs></Polygon><Polygon><outerBoundaryIs><LinearRing><coordinates>70.8317613354135,22.7997737235829 70.8323456477673,22.7997670086244 70.8323384041017,22.7992252666236 70.8317540940547,22.7992319814049 70.8317613354135,22.7997737235829</coordinates></LinearRing></outerBoundaryIs></Polygon><Polygon><outerBoundaryIs><LinearRing><coordinates>70.837049189351,22.8018801738881 70.8376335089482,22.8018734389675 70.8376262436386,22.8013316987192 70.8370419263484,22.8013384334621 70.837049189351,22.8018801738881</coordinates></LinearRing></outerBoundaryIs></Polygon><Polygon><outerBoundaryIs><LinearRing><coordinates>70.8323746246317,22.8019339762383 70.8329589459931,22.801927258432 70.8329516991396,22.8013855167642 70.8323673800853,22.8013922343933 70.8323746246317,22.8019339762383</coordinates></LinearRing></outerBoundaryIs></Polygon><Polygon><outerBoundaryIs><LinearRing><coordinates>70.8335577661161,22.8030040213507 70.8341420916512,22.8029972989113 70.8341348397428,22.8024555576759 70.833550516515,22.8024622799381 70.8335577661161,22.8030040213507</coordinates></LinearRing></outerBoundaryIs></Polygon><Polygon><outerBoundaryIs><LinearRing><coordinates>70.8318047881892,22.8030241758327 70.8317975455096,22.8024824338885 70.8312132214007,22.8024891475932 70.8312204617732,22.8030308897145 70.8318047881892,22.8030241758327</coordinates></LinearRing></outerBoundaryIs></Polygon><Polygon><outerBoundaryIs><LinearRing><coordinates>70.8359023259839,22.8035188594206 70.8358950669334,22.8029771187565 70.8353107420599,22.8029838476142 70.8353179988031,22.8035255884558 70.8359023259839,22.8035188594206</coordinates></LinearRing></outerBoundaryIs></Polygon><Polygon><outerBoundaryIs><LinearRing><coordinates>70.8306506119276,22.8041210859366 70.8312349431782,22.8041143738402 70.8312204617732,22.8030308897145 70.8306361351371,22.8030376014569 70.8306506119276,22.8041210859366</coordinates></LinearRing></outerBoundaryIs></Polygon><Polygon><outerBoundaryIs><LinearRing><coordinates>70.835909585255,22.8040606000458 70.8364939145225,22.8040538686937 70.8364866529441,22.8035121282461 70.8359023259839,22.8035188594206 70.835909585255,22.8040606000458</coordinates></LinearRing></outerBoundaryIs></Polygon><Polygon><outerBoundaryIs><LinearRing><coordinates>70.8365011763216,22.8045956091024 70.837669838809,22.8045821396245 70.8376625723952,22.804040399571 70.8382469010003,22.8040336618005 70.8382396325,22.8034919218858 70.8370709796835,22.8035053949321 70.8370782435692,22.8040471352021 70.8364939145225,22.8040538686937 70.8365011763216,22.8045956091024</coordinates></LinearRing></outerBoundaryIs></Polygon><Polygon><outerBoundaryIs><LinearRing><coordinates>70.8324108506668,22.8046426848788 70.8329951835644,22.8046359661866 70.8329879356096,22.8040942247137 70.8324036050193,22.8041009432287 70.8324108506668,22.8046426848788</coordinates></LinearRing></outerBoundaryIs></Polygon><Polygon><outerBoundaryIs><LinearRing><coordinates>70.8312494254636,22.8051978578099 70.830665089598,22.8052045702604 70.8306578506528,22.804662828118 70.8300735168747,22.8046695382519 70.8300879903702,22.8057530228517 70.8312566669365,22.8057395997364 70.8312494254636,22.8051978578099</coordinates></LinearRing></outerBoundaryIs></Polygon><Polygon><outerBoundaryIs><LinearRing><coordinates>70.8335940174273,22.8057127278294 70.8341783544993,22.8057060045034 70.8341711014888,22.8051642634629 70.8335867667244,22.8051709866116 70.8335940174273,22.8057127278294</coordinates></LinearRing></outerBoundaryIs></Polygon><Polygon><outerBoundaryIs><LinearRing><coordinates>70.836515700582,22.8056790898027 70.837100036551,22.8056723557784 70.837092772003,22.8051306156253 70.8365084383414,22.805137349472 70.836515700582,22.8056790898027</coordinates></LinearRing></outerBoundaryIs></Polygon><Polygon><outerBoundaryIs><LinearRing><coordinates>70.8336085194944,22.806796210148 70.8336012683507,22.8062544690082 70.8330169287507,22.8062611903717 70.8330241775868,22.8068029316888 70.8336085194944,22.806796210148</coordinates></LinearRing></outerBoundaryIs></Polygon><Polygon><outerBoundaryIs><LinearRing><coordinates>70.8359531455153,22.8073110429781 70.8359458849203,22.8067693025869 70.8353615438946,22.8067760326868 70.8353688021819,22.8073177732556 70.8359531455153,22.8073110429781</coordinates></LinearRing></outerBoundaryIs></Polygon><Polygon><outerBoundaryIs><LinearRing><coordinates>70.8295325921567,22.8079267006395 70.8301169400007,22.8079199915837 70.8301097022631,22.8073782494591 70.8295253567269,22.807384958338 70.8295325921567,22.8079267006395</coordinates></LinearRing></outerBoundaryIs></Polygon><Polygon><outerBoundaryIs><LinearRing><coordinates>70.8359676673673,22.8083945236437 70.8365520150957,22.8083877908713 70.836537488628,22.8073043105608 70.8359531455153,22.8073110429781 70.8359676673673,22.8083945236437</coordinates></LinearRing></outerBoundaryIs></Polygon><Polygon><outerBoundaryIs><LinearRing><coordinates>70.8307085278901,22.8084550222966 70.831292877602,22.8084483087839 70.831307363409,22.8095317921301 70.8318917175168,22.8095250761233 70.8318772270938,22.8084415931313 70.8324615763654,22.8084348753387 70.8324470822075,22.807351392545 70.8318627375516,22.8073581099834 70.8318699822126,22.8078998515768 70.8307012876247,22.807913280388 70.8307085278901,22.8084550222966</coordinates></LinearRing></outerBoundaryIs></Polygon><Polygon><outerBoundaryIs><LinearRing><coordinates>70.8336447785187,22.8095049152624 70.8348134847515,22.809491463988 70.8348062278898,22.8089497233978 70.8336375262731,22.8089631743175 70.8336447785187,22.8095049152624</coordinates></LinearRing></outerBoundaryIs></Polygon><Polygon><outerBoundaryIs><LinearRing><coordinates>70.8324833192543,22.8100600992368 70.8330676752297,22.8100533787726 70.8330531751341,22.8089698965673 70.8324688237748,22.8089766166771 70.8324833192543,22.8100600992368</coordinates></LinearRing></outerBoundaryIs></Polygon><Polygon><outerBoundaryIs><LinearRing><coordinates>70.8319207010051,22.8116920416396 70.8325050641255,22.8116853227841 70.8324978156148,22.8111435816407 70.8319134548027,22.811150300319 70.8319207010051,22.8116920416396</coordinates></LinearRing></outerBoundaryIs></Polygon><Polygon><outerBoundaryIs><LinearRing><coordinates>70.8319496880166,22.8138590065322 70.8325340603709,22.8138522869681 70.8325268109791,22.8133105459806 70.8319424409334,22.8133172653675 70.8319496880166,22.8138590065322</coordinates></LinearRing></outerBoundaryIs></Polygon><Polygon><outerBoundaryIs><LinearRing><coordinates>70.83429443265,22.8143738558493 70.8342799197944,22.8132903749768 70.8336955504097,22.8132971007852 70.8337100586481,22.8143805820123 70.83429443265,22.8143738558493</coordinates></LinearRing></outerBoundaryIs></Polygon><Polygon><outerBoundaryIs><LinearRing><coordinates>70.8362146739286,22.8268136710937 70.8362219426908,22.827355410042 70.8368063712385,22.8273486710549 70.8367918293143,22.8262651934745 70.8373762530206,22.8262584527008 70.8373689800796,22.8257167140297 70.8362001370667,22.82573019308 70.8362074053872,22.8262719321063 70.8356229812393,22.8262786685964 70.8356302474705,22.8268204077613 70.8362146739286,22.8268136710937</coordinates></LinearRing></outerBoundaryIs></Polygon><Polygon><outerBoundaryIs><LinearRing><coordinates>70.8356520474883,22.8284456250217 70.8362364808776,22.8284388878216 70.8362292116738,22.8278971489513 70.835644780595,22.8279038859739 70.8356520474883,22.8284456250217</coordinates></LinearRing></outerBoundaryIs></Polygon><Polygon><outerBoundaryIs><LinearRing><coordinates>70.835140271845,22.8338697501871 70.8357247285636,22.8338630133541 70.8357174594626,22.8333212746964 70.8351330050552,22.8333280113519 70.835140271845,22.8338697501871</coordinates></LinearRing></outerBoundaryIs></Polygon><Polygon><outerBoundaryIs><LinearRing><coordinates>70.8328314751493,22.8360636338808 70.8334159419957,22.8360569049092 70.8334086812574,22.835515165698 70.8328242167225,22.8355218944923 70.8328314751493,22.8360636338808</coordinates></LinearRing></outerBoundaryIs></Polygon><Polygon><outerBoundaryIs><LinearRing><coordinates>70.8363891851724,22.8398153950841 70.8369736668766,22.8398086520122 70.8369663907229,22.839266914139 70.8363819113306,22.8392736570333 70.8363891851724,22.8398153950841</coordinates></LinearRing></outerBoundaryIs></Polygon><Polygon><outerBoundaryIs><LinearRing><coordinates>70.8276581322498,22.8426249869299 70.8282426288211,22.8426182751229 70.8282353862471,22.8420765347864 70.8276508919881,22.8420832464166 70.8276581322498,22.8426249869299</coordinates></LinearRing></outerBoundaryIs></Polygon><Polygon><outerBoundaryIs><LinearRing><coordinates>70.8264963743042,22.8431801449409 70.8270808736277,22.8431734372443 70.8270736354585,22.8426316965933 70.8264891384475,22.8426384041132 70.8264963743042,22.8431801449409</coordinates></LinearRing></outerBoundaryIs></Polygon><Polygon><outerBoundaryIs><LinearRing><coordinates>70.8265036103807,22.8437218857295 70.8264963743042,22.8431801449409 70.8259118747611,22.8431868504938 70.825919108525,22.843728591459 70.8265036103807,22.8437218857295</coordinates></LinearRing></outerBoundaryIs></Polygon><Polygon><outerBoundaryIs><LinearRing><coordinates>70.8270881120166,22.8437151778563 70.8265036103807,22.8437218857295 70.8265108466768,22.8442636264791 70.8270953506253,22.8442569184292 70.8270881120166,22.8437151778563</coordinates></LinearRing></outerBoundaryIs></Polygon><Polygon><outerBoundaryIs><LinearRing><coordinates>70.8271025894538,22.8447986589631 70.8276870954951,22.8447919485927 70.8276798543539,22.8442502082355 70.8270953506253,22.8442569184292 70.8271025894538,22.8447986589631</coordinates></LinearRing></outerBoundaryIs></Polygon><Polygon><outerBoundaryIs><LinearRing><coordinates>70.8376527885291,22.8468444932868 70.8382372998527,22.8468377436178 70.8382300162004,22.8462960066075 70.8376455071896,22.8463027560987 70.8376527885291,22.8468444932868</coordinates></LinearRing></outerBoundaryIs></Polygon><Polygon><outerBoundaryIs><LinearRing><coordinates>70.8330348006194,22.8512323209146 70.832450268803,22.8512390527058 70.8324430065155,22.8506973142328 70.8318584767921,22.8507040437024 70.8318729969607,22.8517875209637 70.8330420654409,22.8517740591713 70.8330348006194,22.8512323209146</coordinates></LinearRing></outerBoundaryIs></Polygon><Polygon><outerBoundaryIs><LinearRing><coordinates>70.8271967142287,22.8518412823534 70.8277812503404,22.8518345696855 70.8277740063405,22.8512928298356 70.8271894725423,22.8512995423267 70.8271967142287,22.8518412823534</coordinates></LinearRing></outerBoundaryIs></Polygon><Polygon><outerBoundaryIs><LinearRing><coordinates>70.823133859454,22.8540551756411 70.823126633085,22.8535134345349 70.8225420882752,22.8535201305754 70.8225493123303,22.854061871858 70.823133859454,22.8540551756411</coordinates></LinearRing></outerBoundaryIs></Polygon><Polygon><outerBoundaryIs><LinearRing><coordinates>70.8330783928571,22.8544827498691 70.8330711269327,22.8539410118076 70.8324865835481,22.8539477444851 70.8324938471587,22.8544894827238 70.8330783928571,22.8544827498691</coordinates></LinearRing></outerBoundaryIs></Polygon><Polygon><outerBoundaryIs><LinearRing><coordinates>70.8225709858117,22.8556870954714 70.8225637610986,22.855145354306 70.8219792091277,22.8551520487305 70.8219864315268,22.8556937900722 70.8225709858117,22.8556870954714</coordinates></LinearRing></outerBoundaryIs></Polygon><Polygon><outerBoundaryIs><LinearRing><coordinates>70.8225709858117,22.8556870954714 70.8225782107441,22.8562288365979 70.8231627671239,22.8562221396758 70.8231555398773,22.8556803987257 70.8225709858117,22.8556870954714</coordinates></LinearRing></outerBoundaryIs></Polygon><Polygon><outerBoundaryIs><LinearRing><coordinates>70.8208534144406,22.8584158807239 70.8214379807354,22.8584091895324 70.8214307595544,22.8578674482095 70.8208461955741,22.857874139225 70.8208534144406,22.8584158807239</coordinates></LinearRing></outerBoundaryIs></Polygon><Polygon><outerBoundaryIs><LinearRing><coordinates>70.8278826894335,22.8594189234863 70.8278754423542,22.8588771841828 70.8272908761601,22.8588838991485 70.8272981209248,22.8594256386288 70.8278826894335,22.8594189234863</coordinates></LinearRing></outerBoundaryIs></Polygon><Polygon><outerBoundaryIs><LinearRing><coordinates>70.8191285641241,22.8606029091453 70.8191213513251,22.8600611672743 70.8185367772105,22.8600678504127 70.8185439876948,22.8606095924596 70.8191285641241,22.8606029091453</coordinates></LinearRing></outerBoundaryIs></Polygon><Polygon><outerBoundaryIs><LinearRing><coordinates>70.8192007041562,22.8660203257088 70.8197853035176,22.8660136384892 70.8197780862136,22.8654718971845 70.8191934891677,22.8654785842281 70.8192007041562,22.8660203257088</coordinates></LinearRing></outerBoundaryIs></Polygon><Polygon><outerBoundaryIs><LinearRing><coordinates>70.8163281340677,22.8698459250426 70.8169127507333,22.8698392473232 70.8169055434755,22.8692975054122 70.8163209291259,22.8693041829559 70.8163281340677,22.8698459250426</coordinates></LinearRing></outerBoundaryIs></Polygon><Polygon><outerBoundaryIs><LinearRing><coordinates>70.8430907138285,22.7730937795352 70.8430834371848,22.7725520390006 70.8419150511447,22.772565530249 70.8419223231818,22.7731072711397 70.8430907138285,22.7730937795352</coordinates></LinearRing></outerBoundaryIs></Polygon><Polygon><outerBoundaryIs><LinearRing><coordinates>70.8436894673779,22.7741705111244 70.8436821879882,22.7736287708459 70.8442663850615,22.7736220195248 70.8442591035898,22.7730802793856 70.8430907138285,22.7730937795352 70.8431052677798,22.7741772604874 70.8436894673779,22.7741705111244</coordinates></LinearRing></outerBoundaryIs></Polygon><Polygon><outerBoundaryIs><LinearRing><coordinates>70.8425647213047,22.7774344507046 70.8419805074421,22.7774411968634 70.8420023301898,22.779066418367 70.8414181091941,22.7790731629232 70.8414253815817,22.7796149035245 70.8420096048815,22.7796081587903 70.8420168797944,22.7801498991746 70.8426011051772,22.7801431521254 70.8426083826156,22.7806848922927 70.8431926100813,22.7806781429283 70.8431780508174,22.7795946629111 70.8437622734533,22.7795879117662 70.8437477104667,22.7785044319495 70.843163492439,22.7785111827381 70.8431343783386,22.7763442219244 70.8425501693048,22.7763509698636 70.8425647213047,22.7774344507046</coordinates></LinearRing></outerBoundaryIs></Polygon><Polygon><outerBoundaryIs><LinearRing><coordinates>70.8432071702307,22.7817616227897 70.8420387058606,22.7817751200937 70.842031430284,22.7812333798263 70.8426156602753,22.7812266324209 70.8426083826156,22.7806848922927 70.8414399270203,22.7806983846102 70.8414472000714,22.7812401250946 70.8408629696377,22.7812468682258 70.8408702406055,22.7817886088492 70.8414544733437,22.7817818655401 70.8414617468371,22.7823236059466 70.8432144506375,22.7823033626619 70.8432071702307,22.7817616227897</coordinates></LinearRing></outerBoundaryIs></Polygon><Polygon><outerBoundaryIs><LinearRing><coordinates>70.8408920548358,22.7834138304858 70.8414762944876,22.7834070866427 70.8414690205518,22.7828653463141 70.8408847832046,22.7828720899792 70.8408920548358,22.7834138304858</coordinates></LinearRing></outerBoundaryIs></Polygon><Polygon><outerBoundaryIs><LinearRing><coordinates>70.840921143572,22.7855807921223 70.8408993266882,22.7839555709533 70.8403150845106,22.783962312837 70.84033689448,22.7855875345398 70.840921143572,22.7855807921223</coordinates></LinearRing></outerBoundaryIs></Polygon><Polygon><outerBoundaryIs><LinearRing><coordinates>70.839752645167,22.7855942748197 70.8397744502109,22.7872194967054 70.840358706439,22.7872127558919 70.84033689448,22.7855875345398 70.839752645167,22.7855942748197</coordinates></LinearRing></outerBoundaryIs></Polygon><Polygon><outerBoundaryIs><LinearRing><coordinates>70.8432945497254,22.7882624986842 70.8438788092364,22.7882557446879 70.8438715240888,22.7877140054225 70.843287266883,22.7877207592407 70.8432945497254,22.7882624986842</coordinates></LinearRing></outerBoundaryIs></Polygon><Polygon><outerBoundaryIs><LinearRing><coordinates>70.8392047269523,22.7883097167992 70.8397889880119,22.7883029777677 70.8397817190009,22.7877612372561 70.8391974602465,22.7877679761097 70.8392047269523,22.7883097167992</coordinates></LinearRing></outerBoundaryIs></Polygon><Polygon><outerBoundaryIs><LinearRing><coordinates>70.8433091160745,22.7893459774543 70.8438933801961,22.7893392231015 70.8438860946055,22.7887974839142 70.8433018327893,22.7888042380887 70.8433091160745,22.7893459774543</coordinates></LinearRing></outerBoundaryIs></Polygon><Polygon><outerBoundaryIs><LinearRing><coordinates>70.8392265283952,22.7899349386339 70.839810796371,22.7899281990689 70.8398035266969,22.7893864586741 70.8392192610266,22.7893931980613 70.8392265283952,22.7899349386339</coordinates></LinearRing></outerBoundaryIs></Polygon><Polygon><outerBoundaryIs><LinearRing><coordinates>70.8386495254826,22.7904834167722 70.8392337959848,22.7904766791675 70.8392265283952,22.7899349386339 70.8386422601986,22.7899416760608 70.8386495254826,22.7904834167722</coordinates></LinearRing></outerBoundaryIs></Polygon><Polygon><outerBoundaryIs><LinearRing><coordinates>70.8374882447093,22.7910386265953 70.8380725179588,22.791031893089 70.8380652547595,22.7904901522389 70.8368967126509,22.790503616758 70.8369184890773,22.7921288402573 70.837502767159,22.792122108534 70.8374882447093,22.7910386265953</coordinates></LinearRing></outerBoundaryIs></Polygon><Polygon><outerBoundaryIs><LinearRing><coordinates>70.8386640567134,22.7915668980781 70.8392483318269,22.7915601601178 70.8392410637954,22.7910184196622 70.8386567909876,22.7910251574447 70.8386640567134,22.7915668980781</coordinates></LinearRing></outerBoundaryIs></Polygon><Polygon><outerBoundaryIs><LinearRing><coordinates>70.8392628685528,22.7926436409123 70.8392556000793,22.7921019005345 70.83808704502,22.7921153746724 70.8380943088818,22.7926571154057 70.8392628685528,22.7926436409123</coordinates></LinearRing></outerBoundaryIs></Polygon><Polygon><outerBoundaryIs><LinearRing><coordinates>70.8427758247895,22.7931449053839 70.8427612599517,22.7920614268032 70.8421769838594,22.7920681777706 70.8421988245307,22.7936933961177 70.843367390329,22.7936798909756 70.8433601052721,22.7931381519219 70.8427758247895,22.7931449053839</coordinates></LinearRing></outerBoundaryIs></Polygon><Polygon><outerBoundaryIs><LinearRing><coordinates>70.8439662482864,22.794756612831 70.8445505352439,22.7947498545574 70.8445359552415,22.79366637728 70.843951672896,22.793673135197 70.8439662482864,22.794756612831</coordinates></LinearRing></outerBoundaryIs></Polygon><Polygon><outerBoundaryIs><LinearRing><coordinates>70.8387003886562,22.7942756006608 70.8381161017924,22.7942823373716 70.8381233665376,22.7948240779489 70.8375390771469,22.7948308126989 70.8375463398068,22.7953725534149 70.8387149229797,22.7953590814211 70.8387003886562,22.7942756006608</coordinates></LinearRing></outerBoundaryIs></Polygon><Polygon><outerBoundaryIs><LinearRing><coordinates>70.8428049571221,22.7953118620776 70.8433892468288,22.7953051079029 70.8433819611074,22.7947633689661 70.8427976737068,22.7947701229627 70.8428049571221,22.7953118620776</coordinates></LinearRing></outerBoundaryIs></Polygon><Polygon><outerBoundaryIs><LinearRing><coordinates>70.8416363770446,22.7953253640115 70.842220667194,22.7953186141138 70.8422133860849,22.7947768748208 70.8410448101771,22.7947903721214 70.8410375339014,22.7942486324333 70.8422061051971,22.7942351354887 70.8421988245307,22.7936933961177 70.8398616902785,22.793720380741 70.8398689617209,22.794262120824 70.8404532479217,22.7942553776978 70.840489619981,22.7969640766385 70.8410739174917,22.7969573304842 70.8410811948734,22.7974990699774 70.8416654944694,22.7974923215063 70.8416509353144,22.7964088428368 70.8422352300763,22.7964020925831 70.8422425118495,22.7969438317592 70.8428268086964,22.7969370791886 70.8428122407588,22.7958536011536 70.8416436560689,22.7958671034437 70.8416363770446,22.7953253640115</coordinates></LinearRing></outerBoundaryIs></Polygon><Polygon><outerBoundaryIs><LinearRing><coordinates>70.838736726122,22.7969843022692 70.839321024296,22.7969775625311 70.8393064840342,22.7958940823602 70.8387221904729,22.7959008217428 70.838736726122,22.7969843022692</coordinates></LinearRing></outerBoundaryIs></Polygon><Polygon><outerBoundaryIs><LinearRing><coordinates>70.8375753926543,22.7975395158894 70.8381596935766,22.7975327802511 70.8381378966906,22.7959075589867 70.8375536026874,22.795914294092 70.8375753926543,22.7975395158894</coordinates></LinearRing></outerBoundaryIs></Polygon><Polygon><outerBoundaryIs><LinearRing><coordinates>70.838166959647,22.7980745205946 70.8387512626549,22.7980677826397 70.838743994278,22.797526042474 70.8381596935766,22.7975327802511 70.838166959647,22.7980745205946</coordinates></LinearRing></outerBoundaryIs></Polygon><Polygon><outerBoundaryIs><LinearRing><coordinates>70.8410884724764,22.7980408094317 70.8410811948734,22.7974990699774 70.8404968950562,22.7975058163097 70.8405114458702,22.7985892955352 70.8416800545096,22.7985758000197 70.8416727743788,22.7980340607825 70.8410884724764,22.7980408094317</coordinates></LinearRing></outerBoundaryIs></Polygon><Polygon><outerBoundaryIs><LinearRing><coordinates>70.8369983529686,22.7980879900877 70.8370056146467,22.7986297307475 70.8375899204029,22.7986229968928 70.8375971846084,22.799164737336 70.8381814924504,22.7991580011647 70.838166959647,22.7980745205946 70.8369983529686,22.7980879900877</coordinates></LinearRing></outerBoundaryIs></Polygon><Polygon><outerBoundaryIs><LinearRing><coordinates>70.8428559472289,22.7991040347907 70.8440245587105,22.7990905218076 70.844017269132,22.798548783322 70.8428486622636,22.7985622959487 70.8428559472289,22.7991040347907</coordinates></LinearRing></outerBoundaryIs></Polygon><Polygon><outerBoundaryIs><LinearRing><coordinates>70.8428559472289,22.7991040347907 70.8422716411559,22.7991107880738 70.842278924036,22.799652527055 70.8428632324157,22.7996457735938 70.8428559472289,22.7991040347907</coordinates></LinearRing></outerBoundaryIs></Polygon><Polygon><outerBoundaryIs><LinearRing><coordinates>70.8376117136819,22.8002482181056 70.8387803383721,22.800234742913 70.8387730691114,22.7996930029032 70.8376044490347,22.7997064777403 70.8376117136819,22.8002482181056</coordinates></LinearRing></outerBoundaryIs></Polygon><Polygon><outerBoundaryIs><LinearRing><coordinates>70.8405405501523,22.8007562535183 70.8411248638095,22.8007495061181 70.8411175851004,22.8002077668588 70.84053327375,22.800214514081 70.8405405501523,22.8007562535183</coordinates></LinearRing></outerBoundaryIs></Polygon><Polygon><outerBoundaryIs><LinearRing><coordinates>70.8393864664146,22.8018532213703 70.839970785128,22.8018464778927 70.8399635105904,22.8013047383555 70.8393791941839,22.8013114816552 70.8393864664146,22.8018532213703</coordinates></LinearRing></outerBoundaryIs></Polygon><Polygon><outerBoundaryIs><LinearRing><coordinates>70.8382250961622,22.8024084419394 70.8388094176247,22.8024017025626 70.8388021474801,22.8018599627087 70.8382178283246,22.8018667019077 70.8382250961622,22.8024084419394</coordinates></LinearRing></outerBoundaryIs></Polygon><Polygon><outerBoundaryIs><LinearRing><coordinates>70.8399853348667,22.8029299568502 70.8411539808585,22.8029164627655 70.8411467012644,22.8023747236622 70.8399780598868,22.802388217391 70.8399853348667,22.8029299568502</coordinates></LinearRing></outerBoundaryIs></Polygon><Polygon><outerBoundaryIs><LinearRing><coordinates>70.83764804023,22.8029569193472 70.8376407744787,22.8024151791769 70.8370564525744,22.802421914275 70.8370637160186,22.8029636546231 70.83764804023,22.8029569193472</coordinates></LinearRing></outerBoundaryIs></Polygon><Polygon><outerBoundaryIs><LinearRing><coordinates>70.8389330438963,22.8116112741138 70.8389257699945,22.8110695349227 70.8383414116092,22.8110762771437 70.8383486832028,22.8116180165125 70.8389330438963,22.8116112741138</coordinates></LinearRing></outerBoundaryIs></Polygon><Polygon><outerBoundaryIs><LinearRing><coordinates>70.8395246808,22.812146268549 70.8401090433597,22.8121395216918 70.8401017646201,22.8115977828954 70.8395174043688,22.8116045295747 70.8395246808,22.812146268549</coordinates></LinearRing></outerBoundaryIs></Polygon><Polygon><outerBoundaryIs><LinearRing><coordinates>70.8390421789511,22.8197373572996 70.8396265740559,22.819730610093 70.8396192945287,22.8191888716648 70.8390349017332,22.8191956186936 70.8390421789511,22.8197373572996</coordinates></LinearRing></outerBoundaryIs></Polygon><Polygon><outerBoundaryIs><LinearRing><coordinates>70.8443163235946,22.8207600292496 70.8449007213251,22.8207532624164 70.8448934205706,22.8202115256694 70.8443090251496,22.8202182923243 70.8443163235946,22.8207600292496</coordinates></LinearRing></outerBoundaryIs></Polygon><Polygon><outerBoundaryIs><LinearRing><coordinates>70.8426287626935,22.8256559522867 70.843213181877,22.8256491902733 70.8432058860563,22.8251074533426 70.8426214691828,22.8251142151779 70.8426287626935,22.8256559522867</coordinates></LinearRing></outerBoundaryIs></Polygon><Polygon><outerBoundaryIs><LinearRing><coordinates>70.8420589263543,22.8267461866153 70.8426433503797,22.8267394263873 70.8426360564258,22.8261976893565 70.8420516347106,22.8262044494064 70.8420589263543,22.8267461866153</coordinates></LinearRing></outerBoundaryIs></Polygon><Polygon><outerBoundaryIs><LinearRing><coordinates>70.842102680868,22.8299966090494 70.8426871187561,22.8299898477525 70.8426579389521,22.8278229003318 70.8420735103061,22.8278296609161 70.842102680868,22.8299966090494</coordinates></LinearRing></outerBoundaryIs></Polygon><Polygon><outerBoundaryIs><LinearRing><coordinates>70.8374271697937,22.8300506223061 70.8380116094521,22.8300438781467 70.8380043326538,22.8295021399264 70.8374198953061,22.8295088839081 70.8374271697937,22.8300506223061</coordinates></LinearRing></outerBoundaryIs></Polygon><Polygon><outerBoundaryIs><LinearRing><coordinates>70.8404003743578,22.8338090415567 70.8403930867676,22.833267304321 70.8398086341284,22.8332740581168 70.8398159194075,22.8338157955304 70.8404003743578,22.8338090415567</coordinates></LinearRing></outerBoundaryIs></Polygon><Polygon><outerBoundaryIs><LinearRing><coordinates>70.8398304906294,22.8348992702407 70.8398232049078,22.8343575329051 70.839238747425,22.8343642849141 70.8392460308353,22.8349060224276 70.8398304906294,22.8348992702407</coordinates></LinearRing></outerBoundaryIs></Polygon><Polygon><outerBoundaryIs><LinearRing><coordinates>70.8381062279454,22.8370864714594 70.8386906974277,22.8370797228468 70.838683415444,22.8365379853116 70.8380989482733,22.8365447337464 70.8381062279454,22.8370864714594</coordinates></LinearRing></outerBoundaryIs></Polygon><Polygon><outerBoundaryIs><LinearRing><coordinates>70.8375799850831,22.8414271196495 70.8381644732815,22.841420371758 70.8381571918406,22.8408786343573 70.8375727059543,22.8408853820711 70.8375799850831,22.8414271196495</coordinates></LinearRing></outerBoundaryIs></Polygon><Polygon><outerBoundaryIs><LinearRing><coordinates>70.8376163840427,22.8441358069561 70.8382008838028,22.8441290581759 70.8381936012563,22.8435873209704 70.8376091038086,22.8435940695729 70.8376163840427,22.8441358069561</coordinates></LinearRing></outerBoundaryIs></Polygon><Polygon><outerBoundaryIs><LinearRing><coordinates>70.8376382260713,22.8457610188716 70.8382227327693,22.8457542695582 70.8382154495593,22.8452125324698 70.837630945174,22.8452192816055 70.8376382260713,22.8457610188716</coordinates></LinearRing></outerBoundaryIs></Polygon><Polygon><outerBoundaryIs><LinearRing><coordinates>70.8412255200677,22.8516795864429 70.8418100508818,22.8516728223075 70.8418027513582,22.8511310867164 70.8412182228576,22.8511378506737 70.8412255200677,22.8516795864429</coordinates></LinearRing></outerBoundaryIs></Polygon><Polygon><outerBoundaryIs><LinearRing><coordinates>70.8383247209315,22.8533385846958 70.8389092597934,22.8533318307491 70.8389019711733,22.8527900943852 70.8383174346251,22.8527968481541 70.8383247209315,22.8533385846958</coordinates></LinearRing></outerBoundaryIs></Polygon><Polygon><outerBoundaryIs><LinearRing><coordinates>70.8522038855477,22.7556499140931 70.8527880033208,22.755643136637 70.8527806946409,22.7551013978923 70.8521965791687,22.7551081751693 70.8522038855477,22.7556499140931</coordinates></LinearRing></outerBoundaryIs></Polygon><Polygon><outerBoundaryIs><LinearRing><coordinates>70.8522184989726,22.7567333918237 70.852211192149,22.7561916529779 70.8516270718525,22.7561984284786 70.851634376375,22.7567401675034 70.8522184989726,22.7567333918237</coordinates></LinearRing></outerBoundaryIs></Polygon><Polygon><outerBoundaryIs><LinearRing><coordinates>70.8510502535552,22.7567469410486 70.8510575559988,22.7572886802133 70.8516416811198,22.7572819064892 70.851634376375,22.7567401675034 70.8510502535552,22.7567469410486</coordinates></LinearRing></outerBoundaryIs></Polygon><Polygon><outerBoundaryIs><LinearRing><coordinates>70.8516489860868,22.7578236454361 70.8522331132868,22.7578168693985 70.8522258060185,22.7572751306306 70.8516416811198,22.7572819064892 70.8516489860868,22.7578236454361</coordinates></LinearRing></outerBoundaryIs></Polygon><Polygon><outerBoundaryIs><LinearRing><coordinates>70.8505026334466,22.7594624087881 70.8516709023216,22.7594488620432 70.8516635966877,22.7589071232131 70.8504953324157,22.7589206696002 70.8505026334466,22.7594624087881</coordinates></LinearRing></outerBoundaryIs></Polygon><Polygon><outerBoundaryIs><LinearRing><coordinates>70.8499330968012,22.7605526575749 70.850517236175,22.760545887047 70.8505099346998,22.760004147937 70.8499257976275,22.7600109182861 70.8499330968012,22.7605526575749</coordinates></LinearRing></outerBoundaryIs></Polygon><Polygon><outerBoundaryIs><LinearRing><coordinates>70.8511086793258,22.7610808532762 70.8516928205569,22.7610740782996 70.8516855142562,22.7605323395864 70.8511013753267,22.7605391143841 70.8511086793258,22.7610808532762</coordinates></LinearRing></outerBoundaryIs></Polygon><Polygon><outerBoundaryIs><LinearRing><coordinates>70.8505391419337,22.7621711041431 70.8511232879906,22.7621643309436 70.8511086793258,22.7610808532762 70.8505245378724,22.7610876261179 70.8505391419337,22.7621711041431</coordinates></LinearRing></outerBoundaryIs></Polygon><Polygon><outerBoundaryIs><LinearRing><coordinates>70.8493708491534,22.7621846441368 70.8499549956546,22.7621778752075 70.8499476958147,22.7616361360356 70.8493635516153,22.7616429047862 70.8493708491534,22.7621846441368</coordinates></LinearRing></outerBoundaryIs></Polygon><Polygon><outerBoundaryIs><LinearRing><coordinates>70.8488085894708,22.7638166292856 70.8493927430998,22.7638098619552 70.8493781469135,22.7627263834486 70.8487939978885,22.7627331504216 70.8488085894708,22.7638166292856</coordinates></LinearRing></outerBoundaryIs></Polygon><Polygon><outerBoundaryIs><LinearRing><coordinates>70.8488158855949,22.7643583686592 70.8488085894708,22.7638166292856 70.8482244356198,22.7638233944808 70.8482317294418,22.7643651340331 70.8488158855949,22.7643583686592</coordinates></LinearRing></outerBoundaryIs></Polygon><Polygon><outerBoundaryIs><LinearRing><coordinates>70.8476475730668,22.7643718972716 70.8476329902488,22.7632884177709 70.8464646860416,22.7633019371279 70.8464938341477,22.7654688974017 70.8470779955708,22.7654621380768 70.8470634164699,22.7643786583748 70.8476475730668,22.7643718972716</coordinates></LinearRing></outerBoundaryIs></Polygon><Polygon><outerBoundaryIs><LinearRing><coordinates>70.8511598135417,22.7648730244302 70.8523281280089,22.7648594698362 70.8523208178499,22.7643177315748 70.851152507987,22.7643312858108 70.8511598135417,22.7648730244302</coordinates></LinearRing></outerBoundaryIs></Polygon><Polygon><outerBoundaryIs><LinearRing><coordinates>70.8476548648085,22.7649136369635 70.8482390234857,22.7649068735464 70.8482317294418,22.7643651340331 70.8476475730668,22.7643718972716 70.8476548648085,22.7649136369635</coordinates></LinearRing></outerBoundaryIs></Polygon><Polygon><outerBoundaryIs><LinearRing><coordinates>70.847662156772,22.7654553766165 70.8470779955708,22.7654621380768 70.8470852854538,22.7660038778694 70.8465011217285,22.7660106373728 70.8465084095309,22.7665523773049 70.8476767413647,22.7665388558055 70.847662156772,22.7654553766165</coordinates></LinearRing></outerBoundaryIs></Polygon><Polygon><outerBoundaryIs><LinearRing><coordinates>70.8465229858009,22.7676358570522 70.8471071564337,22.7676290970133 70.8470998658853,22.7670873573376 70.8465156975551,22.767094117198 70.8465229858009,22.7676358570522</coordinates></LinearRing></outerBoundaryIs></Polygon><Polygon><outerBoundaryIs><LinearRing><coordinates>70.8471217381958,22.7687125762479 70.8482900880064,22.7686990490487 70.8482754970338,22.7676155705285 70.8471071564337,22.7676290970133 70.8471217381958,22.7687125762479</coordinates></LinearRing></outerBoundaryIs></Polygon><Polygon><outerBoundaryIs><LinearRing><coordinates>70.8471290294096,22.7692543158067 70.8465448518688,22.7692610763811 70.8465521410015,22.7698028160795 70.8459679609362,22.7698095746966 70.845982535261,22.7708930543334 70.8453983503682,22.7708998111714 70.8454202066086,22.7725250308696 70.8460043984107,22.7725182734964 70.8459971104725,22.7719765338144 70.8471654888053,22.7719630130164 70.8471581964825,22.7714212736524 70.8465740097301,22.7714280349409 70.846559430356,22.7703445557389 70.8471436125024,22.7703377948075 70.8471290294096,22.7692543158067</coordinates></LinearRing></outerBoundaryIs></Polygon><Polygon><outerBoundaryIs><LinearRing><coordinates>70.8524158672647,22.7713603259339 70.8535842361046,22.7713467585001 70.8535769186707,22.7708050210645 70.8524085544367,22.7708185881401 70.8524158672647,22.7713603259339</coordinates></LinearRing></outerBoundaryIs></Polygon><Polygon><outerBoundaryIs><LinearRing><coordinates>70.8454274924653,22.7730667706911 70.8454202066086,22.7725250308696 70.8448360145849,22.7725317861066 70.8448432981383,22.7730735261065 70.8454274924653,22.7730667706911</coordinates></LinearRing></outerBoundaryIs></Polygon><Polygon><outerBoundaryIs><LinearRing><coordinates>70.8518682384716,22.7740757957262 70.8518463042281,22.7724505822755 70.8512621146459,22.7724573610102 70.8512840419795,22.7740825749979 70.8518682384716,22.7740757957262</coordinates></LinearRing></outerBoundaryIs></Polygon><Polygon><outerBoundaryIs><LinearRing><coordinates>70.8489545541312,22.7746514093548 70.8495387538155,22.7746446384497 70.8495314511699,22.7741028999951 70.848947253789,22.7741096707216 70.8489545541312,22.7746514093548</coordinates></LinearRing></outerBoundaryIs></Polygon><Polygon><outerBoundaryIs><LinearRing><coordinates>70.8507144599923,22.7751728282881 70.8512986613135,22.7751660507948 70.8512840419795,22.7740825749979 70.8506998452652,22.7740893521333 70.8507144599923,22.7751728282881</coordinates></LinearRing></outerBoundaryIs></Polygon><Polygon><outerBoundaryIs><LinearRing><coordinates>70.8495460566831,22.7751863768652 70.8501302584488,22.7751796036449 70.8501229532776,22.7746378654081 70.8495387538155,22.7746446384497 70.8495460566831,22.7751863768652</coordinates></LinearRing></outerBoundaryIs></Polygon><Polygon><outerBoundaryIs><LinearRing><coordinates>70.8442955131628,22.7757889796919 70.8448797192286,22.7757822255213 70.8448724345675,22.7752404857162 70.8442882308053,22.7752472397086 70.8442955131628,22.7757889796919</coordinates></LinearRing></outerBoundaryIs></Polygon><Polygon><outerBoundaryIs><LinearRing><coordinates>70.8524890077791,22.7767777017281 70.853073215344,22.7767709172883 70.8530658979878,22.7762291800634 70.8524816927266,22.7762359643241 70.8524890077791,22.7767777017281</coordinates></LinearRing></outerBoundaryIs></Polygon><Polygon><outerBoundaryIs><LinearRing><coordinates>70.8484287465259,22.7789920872165 70.8490129648622,22.7789853170181 70.8489983608471,22.7779018403361 70.8495825743534,22.7778950683584 70.8495679666189,22.7768115918781 70.8489837577202,22.7768183634983 70.8489764564899,22.7762766250209 70.8483922496728,22.7762833943258 70.8484287465259,22.7789920872165</coordinates></LinearRing></outerBoundaryIs></Polygon><Polygon><outerBoundaryIs><LinearRing><coordinates>70.8478664218311,22.7806240710807 70.8484506473018,22.7806173024832 70.8484360465625,22.7795338256777 70.8478518257002,22.7795405939179 70.8478664218311,22.7806240710807</coordinates></LinearRing></outerBoundaryIs></Polygon><Polygon><outerBoundaryIs><LinearRing><coordinates>70.8443683489211,22.7812063773823 70.8443610643484,22.7806646377886 70.8437768373256,22.780671391427 70.8437841195939,22.7812131311989 70.8443683489211,22.7812063773823</coordinates></LinearRing></outerBoundaryIs></Polygon><Polygon><outerBoundaryIs><LinearRing><coordinates>70.849071389806,22.7833192221868 70.8490567822375,22.7822357461285 70.8484725500758,22.7822425173992 70.8484652489291,22.7817007791328 70.8478810188498,22.7817075480877 70.8478956167563,22.7827910249387 70.8484798514445,22.7827842556265 70.8484871530352,22.7833259938149 70.849071389806,22.7833192221868</coordinates></LinearRing></outerBoundaryIs></Polygon><Polygon><outerBoundaryIs><LinearRing><coordinates>70.8479102155506,22.7838745016337 70.848494454848,22.7838677319643 70.8484871530352,22.7833259938149 70.8479029160425,22.7833327633057 70.8479102155506,22.7838745016337</coordinates></LinearRing></outerBoundaryIs></Polygon><Polygon><outerBoundaryIs><LinearRing><coordinates>70.8490786939234,22.7838609601575 70.8496629327767,22.7838541862133 70.8496556263546,22.7833124484214 70.849071389806,22.7833192221868 70.8490786939234,22.7838609601575</coordinates></LinearRing></outerBoundaryIs></Polygon><Polygon><outerBoundaryIs><LinearRing><coordinates>70.8485017568828,22.7844094700747 70.8490859982629,22.7844026980891 70.8490786939234,22.7838609601575 70.848494454848,22.7838677319643 70.8485017568828,22.7844094700747</coordinates></LinearRing></outerBoundaryIs></Polygon><Polygon><outerBoundaryIs><LinearRing><coordinates>70.8496848533758,22.7854793993551 70.8502690989211,22.7854726227371 70.8502617895277,22.784930885241 70.8496775462872,22.7849376616802 70.8496848533758,22.7854793993551</coordinates></LinearRing></outerBoundaryIs></Polygon><Polygon><outerBoundaryIs><LinearRing><coordinates>70.8456097109154,22.7866102535641 70.8456024195173,22.7860685147169 70.8450181698915,22.7860752744131 70.8450254589846,22.7866170134387 70.8456097109154,22.7866102535641</coordinates></LinearRing></outerBoundaryIs></Polygon><Polygon><outerBoundaryIs><LinearRing><coordinates>70.8456097109154,22.7866102535641 70.8456170025352,22.7871519923724 70.8462012565494,22.7871452301817 70.8461939626246,22.7866034915518 70.8456097109154,22.7866102535641</coordinates></LinearRing></outerBoundaryIs></Polygon><Polygon><outerBoundaryIs><LinearRing><coordinates>70.8450400378357,22.787700491373 70.8444557810731,22.7877072494667 70.8444630685259,22.7882489885537 70.8450473275937,22.7882422302817 70.8450546175734,22.7887839691514 70.8456388787249,22.7887772085633 70.84563158644,22.788235469872 70.8462158450645,22.7882287073244 70.8462085506961,22.7876869687725 70.8456242943767,22.7876937311416 70.8456170025352,22.7871519923724 70.8450327482993,22.7871587524254 70.8450400378357,22.787700491373</coordinates></LinearRing></outerBoundaryIs></Polygon><Polygon><outerBoundaryIs><LinearRing><coordinates>70.8462450247561,22.7903956611419 70.8462377295005,22.789853922746 70.84565346396,22.789860685829 70.8456607569101,22.7904024244033 70.8462450247561,22.7903956611419</coordinates></LinearRing></outerBoundaryIs></Polygon><Polygon><outerBoundaryIs><LinearRing><coordinates>70.8450837797087,22.7909509242405 70.8450691981977,22.7898674467739 70.8433163995812,22.7898877167809 70.843330967259,22.7909711953171 70.8439152382971,22.7909644404297 70.8439225247738,22.7915061794611 70.8433382514301,22.7915129345268 70.8433601052721,22.7931381519219 70.8439443855332,22.7931313963215 70.8439298114721,22.7920479184536 70.8445140869,22.7920411610714 70.8445213761255,22.7925828998466 70.8451056536376,22.7925761401479 70.8450910707966,22.7914926629153 70.8456753434756,22.7914859014351 70.845668050082,22.7909441629387 70.8450837797087,22.7909509242405</coordinates></LinearRing></outerBoundaryIs></Polygon><Polygon><outerBoundaryIs><LinearRing><coordinates>70.8463033947863,22.7947295669057 70.8468876808568,22.7947228000782 70.8468803815206,22.7941810621727 70.8462960977561,22.7941878288217 70.8463033947863,22.7947295669057</coordinates></LinearRing></outerBoundaryIs></Polygon><Polygon><outerBoundaryIs><LinearRing><coordinates>70.846902280195,22.7958062757722 70.8474865706559,22.795799506449 70.8474792685697,22.7952577688001 70.8468949804149,22.7952645379447 70.846902280195,22.7958062757722</coordinates></LinearRing></outerBoundaryIs></Polygon><Polygon><outerBoundaryIs><LinearRing><coordinates>70.8493491024423,22.8039052376602 70.8499334266156,22.8038984571004 70.8499261119704,22.8033567207515 70.8493417901043,22.8033635011324 70.8493491024423,22.8039052376602</coordinates></LinearRing></outerBoundaryIs></Polygon><Polygon><outerBoundaryIs><LinearRing><coordinates>70.8522707210851,22.8038713134672 70.8528550441462,22.8038645222104 70.852847717965,22.8033227867564 70.8522633972111,22.8033295778342 70.8522707210851,22.8038713134672</coordinates></LinearRing></outerBoundaryIs></Polygon><Polygon><outerBoundaryIs><LinearRing><coordinates>70.848823266292,22.8082459083283 70.8494076091478,22.8082391284777 70.8494002950317,22.8076973922621 70.8488159544836,22.8077041719338 70.848823266292,22.8082459083283</coordinates></LinearRing></outerBoundaryIs></Polygon><Polygon><outerBoundaryIs><LinearRing><coordinates>70.848823266292,22.8082459083283 70.8482389232139,22.8082526860389 70.8482462329367,22.808794422573 70.8488305783226,22.8087876446837 70.848823266292,22.8082459083283</coordinates></LinearRing></outerBoundaryIs></Polygon><Polygon><outerBoundaryIs><LinearRing><coordinates>70.8471359903474,22.8131418656586 70.8477203546429,22.8131350906202 70.8477130454512,22.8125933542196 70.8471286834641,22.8126001290794 70.8471359903474,22.8131418656586</coordinates></LinearRing></outerBoundaryIs></Polygon><Polygon><outerBoundaryIs><LinearRing><coordinates>70.8460476006665,22.8191145130389 70.846040295959,22.8185727765318 70.8454559079095,22.8185795469336 70.8454632103077,22.8191212836192 70.8460476006665,22.8191145130389</coordinates></LinearRing></outerBoundaryIs></Polygon><Polygon><outerBoundaryIs><LinearRing><coordinates>70.8460768217158,22.8212814586772 70.8460695161205,22.8207397223262 70.8449007213251,22.8207532624164 70.8449080223014,22.8212949991243 70.8460768217158,22.8212814586772</coordinates></LinearRing></outerBoundaryIs></Polygon><Polygon><outerBoundaryIs><LinearRing><coordinates>70.84433092115,22.8218435029832 70.8449153234995,22.8218367357932 70.8449080223014,22.8212949991243 70.8443236222614,22.8213017661359 70.84433092115,22.8218435029832</coordinates></LinearRing></outerBoundaryIs></Polygon><Polygon><outerBoundaryIs><LinearRing><coordinates>70.8562487737155,22.7523520004784 70.8550805682264,22.7523655767165 70.8550878849968,22.7529073149393 70.853919674016,22.7529208829998 70.8539269864077,22.7534626215421 70.8533428782828,22.7534694025504 70.8533574991322,22.7545528798763 70.8527733861833,22.7545596591086 70.8527806946409,22.7551013978923 70.8539489249179,22.7550878369352 70.8539342990219,22.7540043600454 70.8556866289634,22.7539840036779 70.8556939487025,22.7545257416045 70.8574462835417,22.7545053654909 70.8574389569002,22.7539636281026 70.8562707384985,22.7539772139537 70.8562487737155,22.7523520004784</coordinates></LinearRing></outerBoundaryIs></Polygon><Polygon><outerBoundaryIs><LinearRing><coordinates>70.8539635517041,22.7561713136691 70.8545476711108,22.7561645296306 70.8545403553055,22.7556227914624 70.8539562381997,22.7556295753216 70.8539635517041,22.7561713136691</coordinates></LinearRing></outerBoundaryIs></Polygon><Polygon><outerBoundaryIs><LinearRing><coordinates>70.8580377238743,22.7550403063543 70.8568694967151,22.7550538971918 70.8568841465109,22.7561373721325 70.8574682648039,22.7561305774219 70.8574755923372,22.7566723146543 70.8580597127083,22.7566655176298 70.8580377238743,22.7550403063543</coordinates></LinearRing></outerBoundaryIs></Polygon><Polygon><outerBoundaryIs><LinearRing><coordinates>70.8551464271757,22.7572412193189 70.8557305507394,22.7572344306529 70.8557232298865,22.7566926929212 70.855139108624,22.7566994814078 70.8551464271757,22.7572412193189</coordinates></LinearRing></outerBoundaryIs></Polygon><Polygon><outerBoundaryIs><LinearRing><coordinates>70.8539928079469,22.7583382666695 70.8545769365584,22.7583314819142 70.8545696198625,22.7577897439017 70.8539854935524,22.7577965284778 70.8539928079469,22.7583382666695</coordinates></LinearRing></outerBoundaryIs></Polygon><Polygon><outerBoundaryIs><LinearRing><coordinates>70.8551610649472,22.7583246950242 70.8557451931134,22.7583179059995 70.855737871815,22.7577761683457 70.8551537459501,22.757782957191 70.8551610649472,22.7583246950242</coordinates></LinearRing></outerBoundaryIs></Polygon><Polygon><outerBoundaryIs><LinearRing><coordinates>70.8534452429163,22.7610537405598 70.8534379297106,22.7605120023838 70.8528537914482,22.7605187835862 70.8528611023523,22.7610605219413 70.8534452429163,22.7610537405598</coordinates></LinearRing></outerBoundaryIs></Polygon><Polygon><outerBoundaryIs><LinearRing><coordinates>70.8693054754987,22.7673706330419 70.869298097457,22.7668289001912 70.8681297775257,22.7668425800777 70.8681371509626,22.7673843132896 70.8693054754987,22.7673706330419</coordinates></LinearRing></outerBoundaryIs></Polygon><Polygon><outerBoundaryIs><LinearRing><coordinates>70.8663846624764,22.7674048176445 70.8675529883581,22.7673911502101 70.8675456172235,22.7668494168177 70.8663772959466,22.7668630838912 70.8663846624764,22.7674048176445</coordinates></LinearRing></outerBoundaryIs></Polygon><Polygon><outerBoundaryIs><LinearRing><coordinates>70.8698970179987,22.7679055223457 70.8704811820081,22.7678986767022 70.870473799137,22.767356944252 70.8698896374301,22.7673637897147 70.8698970179987,22.7679055223457</coordinates></LinearRing></outerBoundaryIs></Polygon><Polygon><outerBoundaryIs><LinearRing><coordinates>70.8529781070705,22.7697283303239 70.8535622844705,22.7697215460764 70.8535549677043,22.7691798085239 70.8529707926071,22.7691865925923 70.8529781070705,22.7697283303239</coordinates></LinearRing></outerBoundaryIs></Polygon><Polygon><outerBoundaryIs><LinearRing><coordinates>70.8553148153347,22.7697011805189 70.855898991844,22.769694387728 70.8558916658667,22.7691526508926 70.8553074916602,22.7691594435041 70.8553148153347,22.7697011805189</coordinates></LinearRing></outerBoundaryIs></Polygon><Polygon><outerBoundaryIs><LinearRing><coordinates>70.8699339242096,22.7706141849151 70.8699486882656,22.7716976496698 70.8705328683941,22.771690802761 70.8705402530619,22.772232534899 70.8711244352687,22.7722256856734 70.8711022750302,22.7706004896847 70.8705180997322,22.7706073383678 70.8704885651037,22.7684404091134 70.8699043987919,22.7684472549376 70.8699191610517,22.7695307200044 70.86933498991,22.7695375640544 70.8693497484624,22.7706210293265 70.8699339242096,22.7706141849151</coordinates></LinearRing></outerBoundaryIs></Polygon><Polygon><outerBoundaryIs><LinearRing><coordinates>70.871153985399,22.774392613112 70.8711465975294,22.7738508813109 70.8717307864209,22.7738440294066 70.8717086172509,22.7722188343117 70.8711244352687,22.7722256856734 70.8711318224642,22.7727674175916 70.8705476379544,22.772774266998 70.8705550230714,22.773315999058 70.8693866487716,22.7733296918242 70.8693940295069,22.7738714242067 70.8705624084132,22.773857731079 70.8705697939795,22.774399463061 70.871153985399,22.774392613112</coordinates></LinearRing></outerBoundaryIs></Polygon><Polygon><outerBoundaryIs><LinearRing><coordinates>70.853051263943,22.7751457054966 70.8536354643745,22.7751389194577 70.853620826613,22.7740554450933 70.854205022215,22.7740486572764 70.8541977013649,22.7735069202149 70.8536135080661,22.7735137078526 70.8536061897419,22.772971970573 70.8530219985238,22.7729787558953 70.853051263943,22.7751457054966</coordinates></LinearRing></outerBoundaryIs></Polygon><Polygon><outerBoundaryIs><LinearRing><coordinates>70.8705771797705,22.7749411950039 70.8705697939795,22.774399463061 70.8699856023353,22.7744063108737 70.8699929858229,22.7749480429974 70.8705771797705,22.7749411950039</coordinates></LinearRing></outerBoundaryIs></Polygon><Polygon><outerBoundaryIs><LinearRing><coordinates>70.8694161730596,22.77549662112 70.8694087916509,22.7749548888546 70.8688245972543,22.7749617325754 70.8688319763596,22.7755034650215 70.8694161730596,22.77549662112</coordinates></LinearRing></outerBoundaryIs></Polygon><Polygon><outerBoundaryIs><LinearRing><coordinates>70.8530658979878,22.7762291800634 70.8536501030265,22.7762223936662 70.8536427835892,22.7756806565814 70.8530585808541,22.7756874427995 70.8530658979878,22.7762291800634</coordinates></LinearRing></outerBoundaryIs></Polygon><Polygon><outerBoundaryIs><LinearRing><coordinates>70.8653415226903,22.7766279505074 70.8670941299759,22.7766074497663 70.8670867573325,22.7760657168565 70.8653341569576,22.7760862170565 70.8653415226903,22.7766279505074</coordinates></LinearRing></outerBoundaryIs></Polygon><Polygon><outerBoundaryIs><LinearRing><coordinates>70.8671015028436,22.777149182637 70.8676857071274,22.7771423446031 70.8676783319561,22.7766006119129 70.8670941299759,22.7766074497663 70.8671015028436,22.777149182637</coordinates></LinearRing></outerBoundaryIs></Polygon><Polygon><outerBoundaryIs><LinearRing><coordinates>70.8647720473436,22.77771824696 70.8653562548276,22.7777114172921 70.8653488886469,22.7771696839193 70.8647646834666,22.7771765134069 70.8647720473436,22.77771824696</coordinates></LinearRing></outerBoundaryIs></Polygon><Polygon><outerBoundaryIs><LinearRing><coordinates>70.8677225863486,22.7798510074689 70.8683068019275,22.7798441663956 70.8682920449581,22.7787607017275 70.8688762557047,22.7787538588787 70.8688541150222,22.7771286621257 70.868269911187,22.7771355044327 70.86828466681,22.7782189693349 70.867700458143,22.7782258098665 70.8676930825231,22.7776840772543 70.8671088759355,22.7776909154687 70.867123622792,22.778774381015 70.8665394113725,22.7787812174537 70.8665615264271,22.780406416022 70.8653930890916,22.7804200835713 70.8654004566165,22.7809618167101 70.8648162353085,22.7809686474597 70.8647720473436,22.77771824696 70.8641878396355,22.7777250744913 70.864239376917,22.7815172095327 70.8648236007533,22.7815103807398 70.864830966422,22.7820521139808 70.8654151923385,22.7820452828706 70.8654078243655,22.7815035498099 70.8665762709177,22.781489881539 70.8665836434993,22.782031614239 70.8671678687435,22.7820247767176 70.867153119196,22.7809413116395 70.8677373396074,22.780934472342 70.8677225863486,22.7798510074689</coordinates></LinearRing></outerBoundaryIs></Polygon><Polygon><outerBoundaryIs><LinearRing><coordinates>70.8648898998356,22.7863859785044 70.865474144189,22.7863791459518 70.8654815141787,22.7869208786614 70.866065760613,22.7869140437909 70.8660583883184,22.7863723112617 70.8666426322236,22.7863654744341 70.8666131360678,22.7841985446488 70.8654446664712,22.7842122147234 70.8654225605356,22.7825870158924 70.8642541038698,22.7826006763362 70.864261467682,22.7831424096795 70.8636772367087,22.7831492368759 70.8636845984404,22.7836909703603 70.8631003649387,22.7836977955996 70.8631150844644,22.7847812628116 70.8625308461297,22.7847880862738 70.8625529201822,22.7864132873394 70.8619686747093,22.7864201092043 70.8619760308694,22.7869618429948 70.8613917828679,22.7869686629021 70.8613991369465,22.7875103968336 70.861983387253,22.7875035767463 70.8619907438604,22.7880453104588 70.8625749962484,22.7880384880539 70.8625676373359,22.7874967545214 70.863151887195,22.7874899301588 70.8631445262012,22.7869481967674 70.8637287735315,22.7869413704473 70.8637140476057,22.7858579039077 70.8648825323748,22.7858442455756 70.8648898998356,22.7863859785044</coordinates></LinearRing></outerBoundaryIs></Polygon><Polygon><outerBoundaryIs><LinearRing><coordinates>70.8660805058747,22.7879975087322 70.8666647566949,22.7879906713633 70.8666500068232,22.7869072067828 70.866065760613,22.7869140437909 70.8660805058747,22.7879975087322</coordinates></LinearRing></outerBoundaryIs></Polygon><Polygon><outerBoundaryIs><LinearRing><coordinates>70.8654962548303,22.7880043439634 70.8654888843925,22.7874626113319 70.8649046354291,22.7874694442451 70.8649120035619,22.7880111770569 70.8654962548303,22.7880043439634</coordinates></LinearRing></outerBoundaryIs></Polygon><Polygon><outerBoundaryIs><LinearRing><coordinates>70.8614064912488,22.7880521307261 70.8613991369465,22.7875103968336 70.8608148864164,22.7875172147832 70.8608222384136,22.7880589488556 70.8614064912488,22.7880521307261</coordinates></LinearRing></outerBoundaryIs></Polygon><Polygon><outerBoundaryIs><LinearRing><coordinates>70.864335118121,22.7885597409657 70.8649193719187,22.7885529098297 70.8649120035619,22.7880111770569 70.8643277520694,22.7880180080127 70.864335118121,22.7885597409657</coordinates></LinearRing></outerBoundaryIs></Polygon><Polygon><outerBoundaryIs><LinearRing><coordinates>70.8684248899974,22.7885118781205 70.8690091422254,22.7885050320202 70.8690017577326,22.7879633005108 70.8684175078098,22.7879701464305 70.8684248899974,22.7885118781205</coordinates></LinearRing></outerBoundaryIs></Polygon><Polygon><outerBoundaryIs><LinearRing><coordinates>70.8602453352704,22.7886074990606 70.8608295906343,22.7886006828889 70.8608222384136,22.7880589488556 70.8602379853548,22.7880657648474 70.8602453352704,22.7886074990606</coordinates></LinearRing></outerBoundaryIs></Polygon><Polygon><outerBoundaryIs><LinearRing><coordinates>70.8672637626699,22.78906729592 70.8678480176519,22.7890604539147 70.867840637545,22.7885187220831 70.8672563848683,22.7885255639079 70.8672637626699,22.78906729592</coordinates></LinearRing></outerBoundaryIs></Polygon><Polygon><outerBoundaryIs><LinearRing><coordinates>70.8661026254486,22.7896227058514 70.8666868831844,22.7896158679412 70.8666795074636,22.7890741357876 70.8660952520331,22.7890809735173 70.8661026254486,22.7896227058514</coordinates></LinearRing></outerBoundaryIs></Polygon><Polygon><outerBoundaryIs><LinearRing><coordinates>70.8596831238545,22.7902395160394 70.8602673863579,22.7902327014661 70.8602526854094,22.7891492332348 70.8596684275168,22.7891560474484 70.8596831238545,22.7902395160394</coordinates></LinearRing></outerBoundaryIs></Polygon><Polygon><outerBoundaryIs><LinearRing><coordinates>70.8620201725268,22.7902122449185 70.8637729566824,22.7901917691295 70.8637655922642,22.7896500361134 70.8643498508963,22.7896432067547 70.8643424843967,22.7891014738797 70.8625897147446,22.7891219550017 70.8625970743283,22.7896636884171 70.8620128150247,22.7896705113621 70.8620201725268,22.7902122449185</coordinates></LinearRing></outerBoundaryIs></Polygon><Polygon><outerBoundaryIs><LinearRing><coordinates>70.8655331103813,22.7907130065354 70.8655257388229,22.790171274099 70.8649414783334,22.7901781079138 70.8649488475864,22.7907198405304 70.8655331103813,22.7907130065354</coordinates></LinearRing></outerBoundaryIs></Polygon><Polygon><outerBoundaryIs><LinearRing><coordinates>70.8620275302526,22.7907539784359 70.8620201725268,22.7902122449185 70.8608516486378,22.7902258847549 70.8608590017527,22.7907676186321 70.8620275302526,22.7907539784359</coordinates></LinearRing></outerBoundaryIs></Polygon><Polygon><outerBoundaryIs><LinearRing><coordinates>70.8655625988562,22.7928799358904 70.8655552264013,22.7923382036102 70.8649709566897,22.7923450381462 70.8649635867645,22.7918033056466 70.8643793191345,22.7918101378642 70.864386686754,22.792351870544 70.8638024165944,22.7923587008038 70.8638097821322,22.7929004336247 70.8655625988562,22.7928799358904</coordinates></LinearRing></outerBoundaryIs></Polygon><Polygon><outerBoundaryIs><LinearRing><coordinates>70.8655625988562,22.7928799358904 70.8655920909173,22.7950468646208 70.8661763719339,22.7950400270448 70.8661468706493,22.7928730990358 70.8655625988562,22.7928799358904</coordinates></LinearRing></outerBoundaryIs></Polygon><Polygon><outerBoundaryIs><LinearRing><coordinates>70.8638318800892,22.7945256318535 70.8638245138796,22.7939838991496 70.862655959054,22.7939975543353 70.8626706824732,22.7950810204246 70.8644235282116,22.7950605333576 70.8644161594721,22.794518800873 70.8638318800892,22.7945256318535</coordinates></LinearRing></outerBoundaryIs></Polygon><Polygon><outerBoundaryIs><LinearRing><coordinates>70.8603409045102,22.7956500402814 70.8603261990916,22.7945665728306 70.8597419181427,22.7945733888423 70.8597345680746,22.7940316548785 70.8591502892081,22.7940384685722 70.8591649849557,22.7951219368202 70.8579964173287,22.7951355585111 70.8580037609254,22.795677292936 70.8603409045102,22.7956500402814</coordinates></LinearRing></outerBoundaryIs></Polygon><Polygon><outerBoundaryIs><LinearRing><coordinates>70.8655994644929,22.7955885967058 70.8655920909173,22.7950468646208 70.8644235282116,22.7950605333576 70.8644308971751,22.7956022658032 70.8655994644929,22.7955885967058</coordinates></LinearRing></outerBoundaryIs></Polygon><Polygon><outerBoundaryIs><LinearRing><coordinates>70.8615094749617,22.7956364011231 70.8626780445186,22.7956227534107 70.8626706824732,22.7950810204246 70.8615021175285,22.795094667777 70.8615094749617,22.7956364011231</coordinates></LinearRing></outerBoundaryIs></Polygon><Polygon><outerBoundaryIs><LinearRing><coordinates>70.8586027396321,22.7967539513535 70.8597713206493,22.7967403243073 70.8597639696875,22.7961985904996 70.8585953932827,22.7962122171863 70.8586027396321,22.7967539513535</coordinates></LinearRing></outerBoundaryIs></Polygon><Polygon><outerBoundaryIs><LinearRing><coordinates>70.8597933748757,22.7983655254962 70.8603776719683,22.7983587082257 70.8603703180296,22.7978169747149 70.8597860232434,22.7978237918056 70.8597933748757,22.7983655254962</coordinates></LinearRing></outerBoundaryIs></Polygon><Polygon><outerBoundaryIs><LinearRing><coordinates>70.8551336571258,22.7995034568006 70.8551263234994,22.7989617217514 70.8545420220915,22.7989685199519 70.8545493534113,22.7995102551804 70.8551336571258,22.7995034568006</coordinates></LinearRing></outerBoundaryIs></Polygon><Polygon><outerBoundaryIs><LinearRing><coordinates>70.853965049474,22.7995170514213 70.85397237871,22.80005878679 70.854556684954,22.8000519903698 70.8545493534113,22.7995102551804 70.853965049474,22.7995170514213</coordinates></LinearRing></outerBoundaryIs></Polygon></MultiGeometry>
  </Placemark>
  <Placemark id="flood_extent_Cf39713a.2">
	<name>0.5-1.5 m</name>
	<Style><LineStyle><color>ff0000ff</color></LineStyle><PolyStyle><fill>0</fill></PolyStyle></Style>
	<ExtendedData><SchemaData schemaUrl="#flood_extent_Cf39713a">
		<SimpleData name="area_km2">5.191</SimpleData>
	</SchemaData></ExtendedData>
      <MultiGeometry><Polygon><outerBoundaryIs><LinearRing><coordinates>70.7857188034942,22.8989095366627 70.7863035545071,22.8989029635532 70.7862964585983,22.8983612144727 70.7868812070761,22.8983546393865 70.7868741090628,22.8978128904398 70.7851198699432,22.8978326087315 70.7851269609972,22.8983743581965 70.7857117099053,22.8983677874094 70.7857188034942,22.8989095366627</coordinates></LinearRing></outerBoundaryIs></Polygon><Polygon><outerBoundaryIs><LinearRing><coordinates>70.7868954037487,22.8994381371628 70.787480156651,22.8994315595812 70.7874730558872,22.8988898108854 70.7868883053048,22.8988963882941 70.7868954037487,22.8994381371628</coordinates></LinearRing></outerBoundaryIs></Polygon><Polygon><outerBoundaryIs><LinearRing><coordinates>70.7863177469703,22.8999864615973 70.7869025024079,22.8999798859925 70.7868954037487,22.8994381371628 70.7863106506311,22.8994447125947 70.7863177469703,22.8999864615973</coordinates></LinearRing></outerBoundaryIs></Polygon><Polygon><outerBoundaryIs><LinearRing><coordinates>70.7869167003721,22.9010633835348 70.7869096012823,22.9005216347831 70.7863248435247,22.9005282105608 70.7863319402943,22.9010699594853 70.7869167003721,22.9010633835348</coordinates></LinearRing></outerBoundaryIs></Polygon><Polygon><outerBoundaryIs><LinearRing><coordinates>70.7881217417632,22.9037589666282 70.788114636956,22.9032172184175 70.7857755599508,22.9032435292853 70.7857826554761,22.9037852781877 70.7881217417632,22.9037589666282</coordinates></LinearRing></outerBoundaryIs></Polygon><Polygon><outerBoundaryIs><LinearRing><coordinates>70.7858323301778,22.907577519412 70.7858252331463,22.9070357707827 70.7852404471119,22.9070423443338 70.7852475418225,22.9075840931359 70.7858323301778,22.907577519412</coordinates></LinearRing></outerBoundaryIs></Polygon><Polygon><outerBoundaryIs><LinearRing><coordinates>70.7864313176687,22.9086544403337 70.7864171183179,22.9075709435377 70.7858323301778,22.907577519412 70.7858536225635,22.909202765066 70.7870232125551,22.9091896101297 70.7870161102357,22.9086478619631 70.7864313176687,22.9086544403337</coordinates></LinearRing></outerBoundaryIs></Polygon><Polygon><outerBoundaryIs><LinearRing><coordinates>70.7841134180342,22.9103059792842 70.7841063268907,22.9097642303317 70.7835215286055,22.9097707982944 70.7835286174277,22.9103125474194 70.7841134180342,22.9103059792842</coordinates></LinearRing></outerBoundaryIs></Polygon><Polygon><outerBoundaryIs><LinearRing><coordinates>70.7841205093927,22.9108477281976 70.7847053121056,22.9108411577389 70.7846982184257,22.9102994089981 70.7841134180342,22.9103059792842 70.7841205093927,22.9108477281976</coordinates></LinearRing></outerBoundaryIs></Polygon><Polygon><outerBoundaryIs><LinearRing><coordinates>70.7870445208057,22.9108148543955 70.7870374178402,22.9102731063459 70.7864526183094,22.9102796852351 70.7864597189535,22.9108214334576 70.7870445208057,22.9108148543955</coordinates></LinearRing></outerBoundaryIs></Polygon><Polygon><outerBoundaryIs><LinearRing><coordinates>70.7864810221777,22.912446677891 70.7864668198129,22.9113631816411 70.785882015424,22.9113697587252 70.7858962131456,22.9124532553207 70.7864810221777,22.912446677891</coordinates></LinearRing></outerBoundaryIs></Polygon><Polygon><outerBoundaryIs><LinearRing><coordinates>70.7841417847583,22.9124729747038 70.7847265944358,22.9124664037271 70.7847195001107,22.9119246551034 70.7841346927547,22.9119312259074 70.7841417847583,22.9124729747038</coordinates></LinearRing></outerBoundaryIs></Polygon><Polygon><outerBoundaryIs><LinearRing><coordinates>70.7830005163481,22.9146531063802 70.7835853357428,22.9146465390154 70.7835782452011,22.9141047902024 70.784163062059,22.914098220859 70.7841559694104,22.9135564721796 70.7835711548744,22.9135630413505 70.7835640647625,22.9130212924595 70.7829792523333,22.9130278593066 70.7830005163481,22.9146531063802</coordinates></LinearRing></outerBoundaryIs></Polygon><Polygon><outerBoundaryIs><LinearRing><coordinates>70.7847478787018,22.9140916493643 70.7853326951296,22.9140850757185 70.7853255978373,22.9135433273845 70.7847407837314,22.9135499008576 70.7847478787018,22.9140916493643</coordinates></LinearRing></outerBoundaryIs></Polygon><Polygon><outerBoundaryIs><LinearRing><coordinates>70.7841772480013,22.9151817181007 70.7841701549226,22.9146399694994 70.7835853357428,22.9146465390154 70.7835924264995,22.9151882877894 70.7841772480013,22.9151817181007</coordinates></LinearRing></outerBoundaryIs></Polygon><Polygon><outerBoundaryIs><LinearRing><coordinates>70.7841914348037,22.9162652151864 70.784184341295,22.9157234666631 70.7835995174711,22.9157300365243 70.7836066086578,22.9162717852203 70.7841914348037,22.9162652151864</coordinates></LinearRing></outerBoundaryIs></Polygon><Polygon><outerBoundaryIs><LinearRing><coordinates>70.7831139570928,22.9233210848431 70.7836988136477,22.9233145147173 70.7836917196662,22.9227727665286 70.7831068654343,22.9227793364818 70.7831139570928,22.9233210848431</coordinates></LinearRing></outerBoundaryIs></Polygon><Polygon><outerBoundaryIs><LinearRing><coordinates>70.7831281410547,22.9244045814486 70.7831210489663,22.9238628331654 70.7825361898733,22.9238694013115 70.7825432796386,22.9244111497673 70.7831281410547,22.9244045814486</coordinates></LinearRing></outerBoundaryIs></Polygon><Polygon><outerBoundaryIs><LinearRing><coordinates>70.7819584180075,22.9244177159336 70.7819655056644,22.9249594645229 70.7825503696187,22.924952898184 70.7825432796386,22.9244111497673 70.7819584180075,22.9244177159336</coordinates></LinearRing></outerBoundaryIs></Polygon><Polygon><outerBoundaryIs><LinearRing><coordinates>70.7813877270436,22.9255077774319 70.7819725935361,22.9255012130731 70.7819655056644,22.9249594645229 70.7813806414953,22.9249660287093 70.7813877270436,22.9255077774319</coordinates></LinearRing></outerBoundaryIs></Polygon><Polygon><outerBoundaryIs><LinearRing><coordinates>70.7813877270436,22.9255077774319 70.7808028603364,22.9255143396384 70.7807816113053,22.9238890928364 70.7801967513532,22.9238956523736 70.7802038318257,22.9244374015189 70.7796189693358,22.9244439590761 70.7796331262779,22.9255274575941 70.7790482589269,22.9255340133433 70.7790553353964,22.926075762716 70.7796402050708,22.9260692067946 70.7796472840783,22.9266109559561 70.7790624120803,22.9266175120496 70.7790694889788,22.9271592613443 70.7796543633003,22.9271527050785 70.7796614427369,22.9276944541619 70.7802463191675,22.9276878955713 70.7802392374073,22.9271461466602 70.7808241112997,22.9271395860892 70.7808099437761,22.9260560884944 70.7813948128068,22.9260495261155 70.7813877270436,22.9255077774319</coordinates></LinearRing></outerBoundaryIs></Polygon><Polygon><outerBoundaryIs><LinearRing><coordinates>70.7784704655074,22.9260823164849 70.7784775398678,22.9266240659907 70.7790624120803,22.9266175120496 70.7790553353964,22.926075762716 70.7784704655074,22.9260823164849</coordinates></LinearRing></outerBoundaryIs></Polygon><Polygon><outerBoundaryIs><LinearRing><coordinates>70.7773148647275,22.9271789172261 70.7778997396923,22.9271723674181 70.777892667441,22.9266306177792 70.7773077947997,22.9266371674152 70.7773148647275,22.9271789172261</coordinates></LinearRing></outerBoundaryIs></Polygon><Polygon><outerBoundaryIs><LinearRing><coordinates>70.7749824235737,22.9277468453914 70.7755673017188,22.927740304022 70.7755531755907,22.9266568034079 70.7749683020928,22.9266633444337 70.7749824235737,22.9277468453914</coordinates></LinearRing></outerBoundaryIs></Polygon><Polygon><outerBoundaryIs><LinearRing><coordinates>70.7732277878546,22.9277664565836 70.7738126666415,22.9277599216722 70.7738056104414,22.9272181708694 70.7732207339782,22.9272247056092 70.7732277878546,22.9277664565836</coordinates></LinearRing></outerBoundaryIs></Polygon><Polygon><outerBoundaryIs><LinearRing><coordinates>70.778491689232,22.9277075648852 70.7784846144427,22.9271658154575 70.7778997396923,22.9271723674181 70.777906812158,22.9277141170179 70.778491689232,22.9277075648852</coordinates></LinearRing></outerBoundaryIs></Polygon><Polygon><outerBoundaryIs><LinearRing><coordinates>70.7866870532583,22.9281573559751 70.7866799457231,22.9276156090013 70.7860950716573,22.9276221912707 70.7861021768689,22.9281639384174 70.7866870532583,22.9281573559751</coordinates></LinearRing></outerBoundaryIs></Polygon><Polygon><outerBoundaryIs><LinearRing><coordinates>70.7790907209611,22.9287845089941 70.7796756022537,22.9287779522118 70.7796614427369,22.9276944541619 70.7790765660917,22.9277010105999 70.7790907209611,22.9287845089941</coordinates></LinearRing></outerBoundaryIs></Polygon><Polygon><outerBoundaryIs><LinearRing><coordinates>70.7785129148865,22.9293328129344 70.7785058394539,22.9287910636237 70.7779209577323,22.9287976161005 70.7779280308411,22.9293393655833 70.7785129148865,22.9293328129344</coordinates></LinearRing></outerBoundaryIs></Polygon><Polygon><outerBoundaryIs><LinearRing><coordinates>70.7732489507667,22.9293917092727 70.7732418962489,22.9288499584153 70.7726570126006,22.9288564915171 70.7726640647946,22.9293982425461 70.7732489507667,22.9293917092727</coordinates></LinearRing></outerBoundaryIs></Polygon><Polygon><outerBoundaryIs><LinearRing><coordinates>70.786701268975,22.9292408498055 70.7872861497965,22.9292342648647 70.7872790395067,22.9286925181419 70.7866941610089,22.9286991029098 70.786701268975,22.9292408498055</coordinates></LinearRing></outerBoundaryIs></Polygon><Polygon><outerBoundaryIs><LinearRing><coordinates>70.774425781449,22.9299203867424 70.7744116629039,22.9288368857533 70.7738267796833,22.9288434231607 70.7738408935806,22.9299269244932 70.774425781449,22.9299203867424</coordinates></LinearRing></outerBoundaryIs></Polygon><Polygon><outerBoundaryIs><LinearRing><coordinates>70.7779351041642,22.9298811150271 70.7779280308411,22.9293393655833 70.7773431465813,22.9293459160794 70.7773502175805,22.9298876656952 70.7779351041642,22.9298811150271</coordinates></LinearRing></outerBoundaryIs></Polygon><Polygon><outerBoundaryIs><LinearRing><coordinates>70.7843688424213,22.9298089155888 70.7849537264279,22.9298023390864 70.7849466252181,22.9292605917113 70.7843617435353,22.929267168041 70.7843688424213,22.9298089155888</coordinates></LinearRing></outerBoundaryIs></Polygon><Polygon><outerBoundaryIs><LinearRing><coordinates>70.7855386102194,22.9297957604312 70.7861234937956,22.9297891796231 70.786116387938,22.9292474325935 70.7855315066857,22.9292540132288 70.7855386102194,22.9297957604312</coordinates></LinearRing></outerBoundaryIs></Polygon><Polygon><outerBoundaryIs><LinearRing><coordinates>70.7873003710227,22.9303177581931 70.7878852562765,22.9303111707535 70.7878781432318,22.9297694242818 70.7872932603018,22.9297760115484 70.7873003710227,22.9303177581931</coordinates></LinearRing></outerBoundaryIs></Polygon><Polygon><outerBoundaryIs><LinearRing><coordinates>70.7756026207854,22.9304490548747 70.7755955565439,22.9299073047822 70.7750106691034,22.9299138468387 70.7750318554979,22.9315390975146 70.7756167499106,22.9315325549427 70.7756096852409,22.9309908049282 70.7767794687756,22.9309777136689 70.7767723996719,22.9304359639591 70.7773572887939,22.9304294152719 70.7773502175805,22.9298876656952 70.7761804437703,22.9299007605727 70.7761875103357,22.9304425104934 70.7756026207854,22.9304490548747</coordinates></LinearRing></outerBoundaryIs></Polygon><Polygon><outerBoundaryIs><LinearRing><coordinates>70.7732701156029,22.9310169616107 70.7732630604437,22.9304752108704 70.7726781698236,22.9304817444869 70.7726852226587,22.9310234953988 70.7732701156029,22.9310169616107</coordinates></LinearRing></outerBoundaryIs></Polygon><Polygon><outerBoundaryIs><LinearRing><coordinates>70.7726993289702,22.9321069971057 70.7732842265628,22.9321004629744 70.7732771709759,22.9315587123121 70.7726922757076,22.9315652462718 70.7726993289702,22.9321069971057</coordinates></LinearRing></outerBoundaryIs></Polygon><Polygon><outerBoundaryIs><LinearRing><coordinates>70.7750459808309,22.9326225977701 70.7750389180574,22.9320808476619 70.7744540211065,22.9320873882525 70.7744610815557,22.9326291385325 70.7750459808309,22.9326225977701</coordinates></LinearRing></outerBoundaryIs></Polygon><Polygon><outerBoundaryIs><LinearRing><coordinates>70.7709516814136,22.9326683378899 70.7709446349102,22.9321265865806 70.7697748378024,22.9321396354649 70.7697818796572,22.9326813871168 70.7709516814136,22.9326683378899</coordinates></LinearRing></outerBoundaryIs></Polygon><Polygon><outerBoundaryIs><LinearRing><coordinates>70.7803171485747,22.9331053825372 70.7809020480308,22.9330988200709 70.7808878757835,22.9320153233345 70.7803029809761,22.9320218854562 70.7803171485747,22.9331053825372</coordinates></LinearRing></outerBoundaryIs></Polygon><Polygon><outerBoundaryIs><LinearRing><coordinates>70.7715436310129,22.9332035611455 70.7715365819716,22.9326618100467 70.7709516814136,22.9326683378899 70.7709587281306,22.9332100891602 70.7715436310129,22.9332035611455</coordinates></LinearRing></outerBoundaryIs></Polygon><Polygon><outerBoundaryIs><LinearRing><coordinates>70.7703738250347,22.9332166150216 70.7703808696408,22.9337583664243 70.7709657750611,22.9337518403915 70.7709587281306,22.9332100891602 70.7703738250347,22.9332166150216</coordinates></LinearRing></outerBoundaryIs></Polygon><Polygon><outerBoundaryIs><LinearRing><coordinates>70.7785766034296,22.9342085549749 70.7791615081783,22.9342019986239 70.7791544284912,22.9336602498366 70.778569526067,22.9336668060154 70.7785766034296,22.9342085549749</coordinates></LinearRing></outerBoundaryIs></Polygon><Polygon><outerBoundaryIs><LinearRing><coordinates>70.769803006502,22.9343066418386 70.7703879144603,22.9343001177879 70.7703808696408,22.9337583664243 70.769795964007,22.9337648903037 70.769803006502,22.9343066418386</coordinates></LinearRing></outerBoundaryIs></Polygon><Polygon><outerBoundaryIs><LinearRing><coordinates>70.769225138714,22.9348549154032 70.7698100492103,22.9348483933346 70.769803006502,22.9343066418386 70.7692180983302,22.934313163736 70.769225138714,22.9348549154032</coordinates></LinearRing></outerBoundaryIs></Polygon><Polygon><outerBoundaryIs><LinearRing><coordinates>70.7739467750807,22.9380531795129 70.7739397148167,22.9375114294513 70.7733547941918,22.9375179674521 70.7733618521308,22.9380597176853 70.7739467750807,22.9380531795129</coordinates></LinearRing></outerBoundaryIs></Polygon><Polygon><outerBoundaryIs><LinearRing><coordinates>70.7634321667835,22.9392540432581 70.7634251479448,22.9387122901935 70.762840218831,22.9387187897686 70.7628472353445,22.9392605430038 70.7634321667835,22.9392540432581</coordinates></LinearRing></outerBoundaryIs></Polygon><Polygon><outerBoundaryIs><LinearRing><coordinates>70.7622693180938,22.9398087939623 70.7628542520706,22.9398022961999 70.7628472353445,22.9392605430038 70.7622623036929,22.9392670405955 70.7622693180938,22.9398087939623</coordinates></LinearRing></outerBoundaryIs></Polygon><Polygon><outerBoundaryIs><LinearRing><coordinates>70.7651939858514,22.9397762836108 70.7651869598242,22.9392345310975 70.7646020290234,22.939241037305 70.7646090527253,22.9397827899891 70.7651939858514,22.9397762836108</coordinates></LinearRing></outerBoundaryIs></Polygon><Polygon><outerBoundaryIs><LinearRing><coordinates>70.7722272752403,22.9407815398652 70.7722061128086,22.9391562886045 70.771621184567,22.9391628206586 70.7716423400229,22.9407880724338 70.7722272752403,22.9407815398652</coordinates></LinearRing></outerBoundaryIs></Polygon><Polygon><outerBoundaryIs><LinearRing><coordinates>70.766955817168,22.9402985035139 70.7675407517674,22.9402919883488 70.767533716226,22.9397502365583 70.7669487839519,22.9397567515524 70.766955817168,22.9402985035139</coordinates></LinearRing></outerBoundaryIs></Polygon><Polygon><outerBoundaryIs><LinearRing><coordinates>70.7646160766401,22.9403245426342 70.7646090527253,22.9397827899891 70.7640241193865,22.9397892942133 70.7640311409759,22.9403310470292 70.7646160766401,22.9403245426342</coordinates></LinearRing></outerBoundaryIs></Polygon><Polygon><outerBoundaryIs><LinearRing><coordinates>70.7657929761084,22.9408532796465 70.76578594733,22.9403115273821 70.7652010120915,22.9403180360851 70.7652080385445,22.9408597885204 70.7657929761084,22.9408532796465</coordinates></LinearRing></outerBoundaryIs></Polygon><Polygon><outerBoundaryIs><LinearRing><coordinates>70.7710715046463,22.9418781041796 70.7716564447284,22.9418715734222 70.7716423400229,22.9407880724338 70.7710574045918,22.9407946028483 70.7710715046463,22.9418781041796</coordinates></LinearRing></outerBoundaryIs></Polygon><Polygon><outerBoundaryIs><LinearRing><coordinates>70.7687951192708,22.9467799658932 70.7682101571884,22.9467864874201 70.7682383210249,22.9489534916351 70.7699932345478,22.9489339185357 70.7699509482001,22.945683415061 70.7705359049899,22.9456768874127 70.7705147577204,22.9440516356625 70.7710997073188,22.9440451063738 70.7710715046463,22.9418781041796 70.7704865643507,22.9418846327828 70.7705077090576,22.9435098850011 70.7699227615715,22.9435164119641 70.7699368544588,22.9445999135906 70.7693519021075,22.9446064387418 70.7693659911968,22.9456899405547 70.7687810339801,22.9456964638939 70.7687951192708,22.9467799658932</coordinates></LinearRing></outerBoundaryIs></Polygon><Polygon><outerBoundaryIs><LinearRing><coordinates>70.7641505405492,22.9495408389312 70.764735515755,22.9495343316333 70.7647284882218,22.9489925796513 70.7641435153425,22.9489990867784 70.7641505405492,22.9495408389312</coordinates></LinearRing></outerBoundaryIs></Polygon><Polygon><outerBoundaryIs><LinearRing><coordinates>70.7653415816048,22.9511530773798 70.7653275208206,22.9500695739526 70.7647425435011,22.9500760835763 70.7647565996318,22.9511595873452 70.7653415816048,22.9511530773798</coordinates></LinearRing></outerBoundaryIs></Polygon><Polygon><outerBoundaryIs><LinearRing><coordinates>70.7682876159508,22.952745747509 70.7682383210249,22.9489534916351 70.7676533494239,22.9489600116918 70.7677026280627,22.9527522687635 70.7682876159508,22.952745747509</coordinates></LinearRing></outerBoundaryIs></Polygon><Polygon><outerBoundaryIs><LinearRing><coordinates>70.7975276017882,22.8630157558437 70.7981121953127,22.8630091490729 70.7981050649803,22.8624674010603 70.7975204737709,22.8624740076572 70.7975276017882,22.8630157558437</coordinates></LinearRing></outerBoundaryIs></Polygon><Polygon><outerBoundaryIs><LinearRing><coordinates>70.7981407188068,22.8651761407335 70.7981335876086,22.8646343928768 70.7975489871382,22.8646410001693 70.797556116021,22.8651827481999 70.7981407188068,22.8651761407335</coordinates></LinearRing></outerBoundaryIs></Polygon><Polygon><outerBoundaryIs><LinearRing><coordinates>70.7975775039675,22.8668079920578 70.7975703744356,22.8662662441441 70.7969857668024,22.8662728498121 70.7969928940187,22.8668145978997 70.7975775039675,22.8668079920578</coordinates></LinearRing></outerBoundaryIs></Polygon><Polygon><outerBoundaryIs><LinearRing><coordinates>70.7958450425241,22.8684530482159 70.7964296598528,22.8684464461453 70.7964225343035,22.867904698001 70.7958379192906,22.8679112998978 70.7958450425241,22.8684530482159</coordinates></LinearRing></outerBoundaryIs></Polygon><Polygon><outerBoundaryIs><LinearRing><coordinates>70.7981906432545,22.868968374639 70.7981835105412,22.8684266270552 70.7975988938614,22.868433235565 70.7976060242589,22.8689749833227 70.7981906432545,22.868968374639</coordinates></LinearRing></outerBoundaryIs></Polygon><Polygon><outerBoundaryIs><LinearRing><coordinates>70.7958521659738,22.8689947964951 70.7958450425241,22.8684530482159 70.7952604249792,22.8684596481402 70.795267546113,22.869001396593 70.7958521659738,22.8689947964951</coordinates></LinearRing></outerBoundaryIs></Polygon><Polygon><outerBoundaryIs><LinearRing><coordinates>70.7946900450699,22.8695497431319 70.7952746674628,22.8695431450068 70.795267546113,22.869001396593 70.794682926036,22.8690079945444 70.7946900450699,22.8695497431319</coordinates></LinearRing></outerBoundaryIs></Polygon><Polygon><outerBoundaryIs><LinearRing><coordinates>70.794212199149,22.8776825658489 70.7947968565065,22.8776759672667 70.7947897342314,22.8771342192639 70.794205079191,22.8771408176726 70.794212199149,22.8776825658489</coordinates></LinearRing></outerBoundaryIs></Polygon><Polygon><outerBoundaryIs><LinearRing><coordinates>70.794219319323,22.8782243139863 70.794212199149,22.8776825658489 70.7936275415755,22.8776891622838 70.7936346594324,22.8782309105948 70.794219319323,22.8782243139863</coordinates></LinearRing></outerBoundaryIs></Polygon><Polygon><outerBoundaryIs><LinearRing><coordinates>70.7977272741274,22.8781846892401 70.7977201400507,22.8776429421451 70.7971354837744,22.8776495514641 70.7971426155341,22.878191298733 70.7977272741274,22.8781846892401</coordinates></LinearRing></outerBoundaryIs></Polygon><Polygon><outerBoundaryIs><LinearRing><coordinates>70.7948182246283,22.8793012110411 70.7948039789976,22.8782177152305 70.794219319323,22.8782243139863 70.7942335603192,22.8793078101442 70.7948182246283,22.8793012110411</coordinates></LinearRing></outerBoundaryIs></Polygon><Polygon><outerBoundaryIs><LinearRing><coordinates>70.7965722162584,22.8792814008469 70.7971568797025,22.8792747931538 70.7971497475101,22.8787330459629 70.7965650863832,22.8787396534822 70.7965722162584,22.8792814008469</coordinates></LinearRing></outerBoundaryIs></Polygon><Polygon><outerBoundaryIs><LinearRing><coordinates>70.7942406811414,22.8798495581646 70.7942335603192,22.8793078101442 70.7936488957941,22.8793144070997 70.793656014299,22.8798561552936 70.7942406811414,22.8798495581646</coordinates></LinearRing></outerBoundaryIs></Polygon><Polygon><outerBoundaryIs><LinearRing><coordinates>70.797755812599,22.8803516772302 70.7977486776564,22.8798099302912 70.7965793463499,22.8798231481726 70.7965864766577,22.8803648954593 70.797755812599,22.8803516772302</coordinates></LinearRing></outerBoundaryIs></Polygon><Polygon><outerBoundaryIs><LinearRing><coordinates>70.7948324711234,22.8803847066958 70.7960018083625,22.8803715013525 70.7959946803721,22.879829753892 70.7948253477678,22.879842958888 70.7948324711234,22.8803847066958</coordinates></LinearRing></outerBoundaryIs></Polygon><Polygon><outerBoundaryIs><LinearRing><coordinates>70.7983618933243,22.8819703049555 70.7983547554146,22.8814285583074 70.7977700831337,22.8814351709913 70.7977772187258,22.8819769178133 70.7983618933243,22.8819703049555</coordinates></LinearRing></outerBoundaryIs></Polygon><Polygon><outerBoundaryIs><LinearRing><coordinates>70.7983833083526,22.8835955446658 70.7983761697933,22.8830537981347 70.7977914905594,22.8830604113404 70.7977986268009,22.8836021580455 70.7983833083526,22.8835955446658</coordinates></LinearRing></outerBoundaryIs></Polygon><Polygon><outerBoundaryIs><LinearRing><coordinates>70.7972496178979,22.8863175030868 70.7978343112563,22.8863108909857 70.7978271739322,22.8857691444756 70.797242482892,22.8857757564029 70.7972496178979,22.8863175030868</coordinates></LinearRing></outerBoundaryIs></Polygon><Polygon><outerBoundaryIs><LinearRing><coordinates>70.7966863236848,22.887949353379 70.7966791903478,22.8874076066382 70.7972638885592,22.8874009963377 70.7972567531203,22.8868592497318 70.7955026647922,22.886879073667 70.7955097932761,22.8874208207943 70.7960944919201,22.8874142147904 70.7961016229387,22.887955961705 70.7966863236848,22.887949353379</coordinates></LinearRing></outerBoundaryIs></Polygon><Polygon><outerBoundaryIs><LinearRing><coordinates>70.7984975547588,22.8922634838589 70.7984689879587,22.8900964999968 70.7978842785878,22.8901031154638 70.7979128361126,22.8922701000218 70.7984975547588,22.8922634838589</coordinates></LinearRing></outerBoundaryIs></Polygon><Polygon><outerBoundaryIs><LinearRing><coordinates>70.7967719406076,22.8944503112257 70.7985261250251,22.8944304670967 70.7985046970004,22.8928052297268 70.7979199760352,22.8928118460637 70.7979342565302,22.8938953380306 70.7973495307102,22.8939019525663 70.7973423926736,22.8933602064285 70.7967576689563,22.8933668186414 70.7967719406076,22.8944503112257</coordinates></LinearRing></outerBoundaryIs></Polygon><Polygon><outerBoundaryIs><LinearRing><coordinates>70.7891846645272,22.8956195758826 70.7891775583125,22.8950778274329 70.7885928246137,22.8950844100789 70.788599928509,22.8956261587017 70.7891846645272,22.8956195758826</coordinates></LinearRing></outerBoundaryIs></Polygon><Polygon><outerBoundaryIs><LinearRing><coordinates>70.7973780850217,22.8960689367275 70.7973638074329,22.894985444725 70.7967790767579,22.8949920574594 70.7967933497079,22.8960755498097 70.7973780850217,22.8960689367275</coordinates></LinearRing></outerBoundaryIs></Polygon><Polygon><outerBoundaryIs><LinearRing><coordinates>70.7891988776033,22.896703072665 70.789783618045,22.8966964873504 70.7897694003299,22.8956129909143 70.7891846645272,22.8956195758826 70.7891988776033,22.896703072665</coordinates></LinearRing></outerBoundaryIs></Polygon><Polygon><outerBoundaryIs><LinearRing><coordinates>70.7915378380761,22.8966767185106 70.7915307221521,22.8961349708317 70.790945984677,22.8961415624211 70.7909530982815,22.8966833102732 70.7915378380761,22.8966767185106</coordinates></LinearRing></outerBoundaryIs></Polygon><Polygon><outerBoundaryIs><LinearRing><coordinates>70.7968076235237,22.897159042004 70.7968004865076,22.8966172959263 70.7962157486579,22.896623907033 70.7962228833544,22.8971656532845 70.7968076235237,22.897159042004</coordinates></LinearRing></outerBoundaryIs></Polygon><Polygon><outerBoundaryIs><LinearRing><coordinates>70.7903754697717,22.8972316478729 70.7909602121017,22.8972250580864 70.7909530982815,22.8966833102732 70.7903683582711,22.8966898998865 70.7903754697717,22.8972316478729</coordinates></LinearRing></outerBoundaryIs></Polygon><Polygon><outerBoundaryIs><LinearRing><coordinates>70.7897978366226,22.8977799836306 70.789790727226,22.89723823551 70.7892059844647,22.8972448209977 70.7891988776033,22.896703072665 70.7880293960734,22.896716236846 70.7880364982955,22.8972579855248 70.7886212414878,22.8972514043359 70.788628346245,22.8977931528027 70.7897978366226,22.8977799836306</coordinates></LinearRing></outerBoundaryIs></Polygon><Polygon><outerBoundaryIs><LinearRing><coordinates>70.7962300182673,22.8977073994969 70.7962228833544,22.8971656532845 70.7956381429687,22.8971722624156 70.795645275562,22.8977140088017 70.7962300182673,22.8977073994969</coordinates></LinearRing></outerBoundaryIs></Polygon><Polygon><outerBoundaryIs><LinearRing><coordinates>70.7898049462348,22.8983217317121 70.7903896934199,22.8983151437286 70.7903825814879,22.8977733958203 70.7897978366226,22.8977799836306 70.7898049462348,22.8983217317121</coordinates></LinearRing></outerBoundaryIs></Polygon><Polygon><outerBoundaryIs><LinearRing><coordinates>70.7880507033859,22.8983414827654 70.7886354512177,22.8983349012305 70.788628346245,22.8977931528027 70.788043600733,22.8977997341646 70.7880507033859,22.8983414827654</coordinates></LinearRing></outerBoundaryIs></Polygon><Polygon><outerBoundaryIs><LinearRing><coordinates>70.793912424348,22.8993590643068 70.7944971746615,22.8993524609296 70.7944900460589,22.8988107143131 70.7939052980653,22.8988173175168 70.793912424348,22.8993590643068</coordinates></LinearRing></outerBoundaryIs></Polygon><Polygon><outerBoundaryIs><LinearRing><coordinates>70.7921724114048,22.9004623560449 70.7921866515622,22.9015458503927 70.7927714118041,22.9015392527706 70.792778534527,22.9020809997126 70.7933632968731,22.9020743997672 70.7933419223921,22.9004491593446 70.7939266775616,22.9004425577699 70.793912424348,22.8993590643068 70.7933276738183,22.8993656655345 70.7933347979972,22.8999074124591 70.7915805381524,22.8999272037645 70.7915876555873,22.9004689511703 70.7921724114048,22.9004623560449</coordinates></LinearRing></outerBoundaryIs></Polygon><Polygon><outerBoundaryIs><LinearRing><coordinates>70.788100427988,22.9021337218789 70.7880933238271,22.9015919735511 70.7869237996771,22.9016051322475 70.7869379989331,22.9026886295558 70.7875227657564,22.9026820509368 70.7875156637004,22.902140302475 70.788100427988,22.9021337218789</coordinates></LinearRing></outerBoundaryIs></Polygon><Polygon><outerBoundaryIs><LinearRing><coordinates>70.7922080134179,22.9031710916219 70.7927927806207,22.9031644934795 70.792778534527,22.9020809997126 70.7921937719649,22.9020875975081 70.7922080134179,22.9031710916219</coordinates></LinearRing></outerBoundaryIs></Polygon><Polygon><outerBoundaryIs><LinearRing><coordinates>70.7898831662009,22.904280958035 70.789868942448,22.903197462691 70.7892841741663,22.9032040500832 70.7892983932781,22.9042875457735 70.7898831662009,22.904280958035</coordinates></LinearRing></outerBoundaryIs></Polygon><Polygon><outerBoundaryIs><LinearRing><coordinates>70.7893126132523,22.9053710413078 70.7893055031574,22.9048292935602 70.7887207276984,22.9048358793216 70.7887278354727,22.9053776272423 70.7893126132523,22.9053710413078</coordinates></LinearRing></outerBoundaryIs></Polygon><Polygon><outerBoundaryIs><LinearRing><coordinates>70.7963227918285,22.9047500967075 70.7957380189613,22.9047567082712 70.7957451545834,22.9052984541111 70.7951603791792,22.9053050636984 70.795167512697,22.905846809673 70.7963370679304,22.9058335880007 70.7963227918285,22.9047500967075</coordinates></LinearRing></outerBoundaryIs></Polygon><Polygon><outerBoundaryIs><LinearRing><coordinates>70.7887562687249,22.9075446185351 70.7887349434624,22.905919375124 70.7881501631465,22.9059259590813 70.7881714814463,22.9075512030115 70.7887562687249,22.9075446185351</coordinates></LinearRing></outerBoundaryIs></Polygon><Polygon><outerBoundaryIs><LinearRing><coordinates>70.7940193445245,22.9074852614756 70.7940122149996,22.9069435152708 70.7934274319844,22.906950118928 70.7934345591883,22.9074918653063 70.7940193445245,22.9074852614756</coordinates></LinearRing></outerBoundaryIs></Polygon><Polygon><outerBoundaryIs><LinearRing><coordinates>70.7928640240502,22.9085819599732 70.7934488142446,22.9085753579459 70.7934416866084,22.9080336116456 70.7928568987351,22.9080402134994 70.7928640240502,22.9085819599732</coordinates></LinearRing></outerBoundaryIs></Polygon><Polygon><outerBoundaryIs><LinearRing><coordinates>70.7928640240502,22.9085819599732 70.7922792336398,22.9085885598499 70.7922934802757,22.9096720530273 70.7928782753285,22.9096654528037 70.7928640240502,22.9085819599732</coordinates></LinearRing></outerBoundaryIs></Polygon><Polygon><outerBoundaryIs><LinearRing><coordinates>70.7917158063277,22.9102203978037 70.7923006039177,22.9102137995574 70.7922934802757,22.9096720530273 70.791708685007,22.9096786511002 70.7917158063277,22.9102203978037</coordinates></LinearRing></outerBoundaryIs></Polygon><Polygon><outerBoundaryIs><LinearRing><coordinates>70.7917229278642,22.9107621444682 70.7917158063277,22.9102203978037 70.7911310085217,22.9102269938992 70.7911381277369,22.910768740737 70.7917229278642,22.9107621444682</coordinates></LinearRing></outerBoundaryIs></Polygon><Polygon><outerBoundaryIs><LinearRing><coordinates>70.7934915846001,22.9118258349281 70.7934844556672,22.911284088862 70.7928996538664,22.9112906917568 70.7929067804778,22.9118324379964 70.7934915846001,22.9118258349281</coordinates></LinearRing></outerBoundaryIs></Polygon><Polygon><outerBoundaryIs><LinearRing><coordinates>70.7905675618287,22.9118588287602 70.7911523668149,22.9118522342957 70.7911452471679,22.9113104875359 70.7905604445033,22.9113170818271 70.7905675618287,22.9118588287602</coordinates></LinearRing></outerBoundaryIs></Polygon><Polygon><outerBoundaryIs><LinearRing><coordinates>70.7929139073053,22.912374184197 70.7929067804778,22.9118324379964 70.7923219761395,22.9118390389138 70.7923291006454,22.9123807852878 70.7929139073053,22.912374184197</coordinates></LinearRing></outerBoundaryIs></Polygon><Polygon><outerBoundaryIs><LinearRing><coordinates>70.7940906516638,22.912902721377 70.7940835199769,22.9123609755625 70.7934987137492,22.9123675809552 70.7935058431144,22.9129093269433 70.7940906516638,22.912902721377</coordinates></LinearRing></outerBoundaryIs></Polygon><Polygon><outerBoundaryIs><LinearRing><coordinates>70.7917514161698,22.9129291307361 70.7923362253674,22.9129225316229 70.7923291006454,22.9123807852878 70.7917442937695,22.9123873842276 70.7917514161698,22.9129291307361</coordinates></LinearRing></outerBoundaryIs></Polygon><Polygon><outerBoundaryIs><LinearRing><coordinates>70.7905889150997,22.9134840693254 70.7905817971269,22.9129423225093 70.7899969872817,22.9129489151694 70.7900041029328,22.9134906621586 70.7905889150997,22.9134840693254</coordinates></LinearRing></outerBoundaryIs></Polygon><Polygon><outerBoundaryIs><LinearRing><coordinates>70.7929352890843,22.9139994225647 70.7929281616086,22.9134576764812 70.7923433503053,22.9134642779189 70.7923504754592,22.9140060241758 70.7929352890843,22.9139994225647</coordinates></LinearRing></outerBoundaryIs></Polygon><Polygon><outerBoundaryIs><LinearRing><coordinates>70.789461975055,22.9167477349958 70.7900468013695,22.9167411432746 70.7900325676943,22.9156576497254 70.7906173891488,22.9156510561992 70.7905960332883,22.9140258161023 70.7900112187996,22.9140324091088 70.7900183348821,22.91457415602 70.7894335178558,22.9145807470486 70.789461975055,22.9167477349958</coordinates></LinearRing></outerBoundaryIs></Polygon><Polygon><outerBoundaryIs><LinearRing><coordinates>70.7912164533512,22.9167279533778 70.7918012790182,22.9167213552023 70.7917941551063,22.9161796089671 70.7912093317614,22.9161862069693 70.7912164533512,22.9167279533778</coordinates></LinearRing></outerBoundaryIs></Polygon><Polygon><outerBoundaryIs><LinearRing><coordinates>70.7906458666509,22.9178180424486 70.7912306971784,22.9178114460779 70.7912235751568,22.9172696997474 70.7906387469517,22.9172762959448 70.7906458666509,22.9178180424486</coordinates></LinearRing></outerBoundaryIs></Polygon><Polygon><outerBoundaryIs><LinearRing><coordinates>70.7906957105893,22.9216102668824 70.7906885893791,22.9210685206518 70.7901037447007,22.9210751159104 70.7901108635881,22.9216168623142 70.7906957105893,22.9216102668824</coordinates></LinearRing></outerBoundaryIs></Polygon><Polygon><outerBoundaryIs><LinearRing><coordinates>70.789526016371,22.9216234555941 70.7895188998065,22.9210817090171 70.7889340546965,22.9210882999718 70.7889411689383,22.921630046722 70.789526016371,22.9216234555941</coordinates></LinearRing></outerBoundaryIs></Polygon><Polygon><outerBoundaryIs><LinearRing><coordinates>70.7883705457747,22.9227201294273 70.7889553980689,22.9227135401052 70.7889482833958,22.9221717934331 70.7883634334245,22.9221783825821 70.7883705457747,22.9227201294273</coordinates></LinearRing></outerBoundaryIs></Polygon><Polygon><outerBoundaryIs><LinearRing><coordinates>70.7883776583404,22.9232618762334 70.7877928035076,22.9232684635764 70.7877999139659,22.9238102105166 70.7883847711217,22.9238036230005 70.7883776583404,22.9232618762334</coordinates></LinearRing></outerBoundaryIs></Polygon><Polygon><outerBoundaryIs><LinearRing><coordinates>70.7883918841187,22.9243453697286 70.7889767433821,22.9243387798873 70.788969628062,22.9237970333323 70.7883847711217,22.9238036230005 70.7883918841187,22.9243453697286</coordinates></LinearRing></outerBoundaryIs></Polygon><Polygon><outerBoundaryIs><LinearRing><coordinates>70.7884630259461,22.9297628348624 70.7890479084448,22.9297562432902 70.789040790968,22.9292144971256 70.7884559107931,22.9292210885247 70.7884630259461,22.9297628348624</coordinates></LinearRing></outerBoundaryIs></Polygon><Polygon><outerBoundaryIs><LinearRing><coordinates>70.8015483194383,22.8575519919518 70.8015411773834,22.8570102445939 70.8009566106209,22.8570168623231 70.8009637503614,22.8575586098551 70.8015483194383,22.8575519919518</coordinates></LinearRing></outerBoundaryIs></Polygon><Polygon><outerBoundaryIs><LinearRing><coordinates>70.8003791810677,22.8575652256132 70.8004077329387,22.8597322160483 70.8009923114908,22.8597255995935 70.8009637503614,22.8575586098551 70.8003791810677,22.8575652256132</coordinates></LinearRing></outerBoundaryIs></Polygon><Polygon><outerBoundaryIs><LinearRing><coordinates>70.7992457090646,22.860287190381 70.7998302903647,22.8602805780431 70.79982315417,22.8597388303576 70.7992385751846,22.8597454425215 70.7992457090646,22.860287190381</coordinates></LinearRing></outerBoundaryIs></Polygon><Polygon><outerBoundaryIs><LinearRing><coordinates>70.7986825235422,22.8619190444401 70.7992671120036,22.8619124337257 70.799259977474,22.8613706859831 70.7986753913276,22.8613772965235 70.7986825235422,22.8619190444401</coordinates></LinearRing></outerBoundaryIs></Polygon><Polygon><outerBoundaryIs><LinearRing><coordinates>70.8115721543139,22.8639400889854 70.8121567472551,22.8639334303655 70.8121495609243,22.8633916866212 70.8115649702983,22.8633983450659 70.8115721543139,22.8639400889854</coordinates></LinearRing></outerBoundaryIs></Polygon><Polygon><outerBoundaryIs><LinearRing><coordinates>70.7993099237289,22.8651629193627 70.7992813817124,22.8629959290939 70.7986967886208,22.8630025401563 70.7987253213761,22.8651695311211 70.7993099237289,22.8651629193627</coordinates></LinearRing></outerBoundaryIs></Polygon><Polygon><outerBoundaryIs><LinearRing><coordinates>70.8115793385475,22.8644818328659 70.8115721543139,22.8639400889854 70.8109875611546,22.8639467454594 70.810994743073,22.8644884895151 70.8115793385475,22.8644818328659</coordinates></LinearRing></outerBoundaryIs></Polygon><Polygon><outerBoundaryIs><LinearRing><coordinates>70.8104245072405,22.865578632363 70.8110091075637,22.8655719775094 70.8110019252094,22.8650302335318 70.8104173272016,22.8650368882102 70.8104245072405,22.865578632363</coordinates></LinearRing></outerBoundaryIs></Polygon><Polygon><outerBoundaryIs><LinearRing><coordinates>70.8121854947594,22.8661004049524 70.8121783075561,22.8655586613642 70.8115937076689,22.8655653205098 70.8116008925568,22.8661070642733 70.8121854947594,22.8661004049524</coordinates></LinearRing></outerBoundaryIs></Polygon><Polygon><outerBoundaryIs><LinearRing><coordinates>70.8110306559347,22.8671972092084 70.8110234729264,22.8666554653478 70.8098542628,22.8666687736094 70.8098614411771,22.8672105178203 70.8110306559347,22.8671972092084</coordinates></LinearRing></outerBoundaryIs></Polygon><Polygon><outerBoundaryIs><LinearRing><coordinates>70.7981763780443,22.8678848794324 70.7987609921917,22.8678782689502 70.7987467232159,22.8667947739355 70.7981621136999,22.8668013840698 70.7981763780443,22.8678848794324</coordinates></LinearRing></outerBoundaryIs></Polygon><Polygon><outerBoundaryIs><LinearRing><coordinates>70.8051917335071,22.86780541199 70.8051845734378,22.8672636664194 70.8040153543285,22.867276932107 70.8040225097664,22.8678186780267 70.8051917335071,22.86780541199</coordinates></LinearRing></outerBoundaryIs></Polygon><Polygon><outerBoundaryIs><LinearRing><coordinates>70.8098686197721,22.8677522619921 70.8098614411771,22.8672105178203 70.808692225548,22.8672238178473 70.8086993995116,22.8677655623692 70.8098686197721,22.8677522619921</coordinates></LinearRing></outerBoundaryIs></Polygon><Polygon><outerBoundaryIs><LinearRing><coordinates>70.8081219609203,22.8683139539962 70.8087065736929,22.8683073068521 70.8086993995116,22.8677655623692 70.8081147890548,22.8677722093383 70.8081219609203,22.8683139539962</coordinates></LinearRing></outerBoundaryIs></Polygon><Polygon><outerBoundaryIs><LinearRing><coordinates>70.8110522062678,22.8688224405563 70.8116368202669,22.8688157825055 70.8116296342887,22.8682740389371 70.8110450226054,22.8682806968127 70.8110522062678,22.8688224405563</coordinates></LinearRing></outerBoundaryIs></Polygon><Polygon><outerBoundaryIs><LinearRing><coordinates>70.804043977383,22.8694439155517 70.8046285963096,22.8694372830829 70.8046142797162,22.8683537917876 70.8040296654214,22.8683604239074 70.8040225097664,22.8678186780267 70.8034378975703,22.8678253078256 70.8034522044658,22.8689087998969 70.8040368212936,22.868902169749 70.804043977383,22.8694439155517</coordinates></LinearRing></outerBoundaryIs></Polygon><Polygon><outerBoundaryIs><LinearRing><coordinates>70.8110737585629,22.8704476715531 70.8110522062678,22.8688224405563 70.8104675920507,22.8688290964608 70.810489137398,22.8704543279831 70.8110737585629,22.8704476715531</coordinates></LinearRing></outerBoundaryIs></Polygon><Polygon><outerBoundaryIs><LinearRing><coordinates>70.808157823513,22.8710226767001 70.8081219609203,22.8683139539962 70.80753734793,22.8683205989939 70.8075731989428,22.8710293225722 70.808157823513,22.8710226767001</coordinates></LinearRing></outerBoundaryIs></Polygon><Polygon><outerBoundaryIs><LinearRing><coordinates>70.7999659192256,22.8705737766609 70.8005505443031,22.8705671588691 70.8005434016759,22.8700254120984 70.7999587789145,22.8700320297161 70.7999659192256,22.8705737766609</coordinates></LinearRing></outerBoundaryIs></Polygon><Polygon><outerBoundaryIs><LinearRing><coordinates>70.8028961945532,22.8710824122707 70.8028890424446,22.8705406662361 70.8023044182346,22.8705472926143 70.802311568027,22.8710890388232 70.8028961945532,22.8710824122707</coordinates></LinearRing></outerBoundaryIs></Polygon><Polygon><outerBoundaryIs><LinearRing><coordinates>70.8046500728291,22.8710625197334 70.804642913772,22.8705207742223 70.8040582902133,22.8705274070401 70.8040654469543,22.8710691527258 70.8046500728291,22.8710625197334</coordinates></LinearRing></outerBoundaryIs></Polygon><Polygon><outerBoundaryIs><LinearRing><coordinates>70.8058264878336,22.8715909924317 70.8064111153726,22.8715843528248 70.8064039491496,22.8710426078766 70.8058193239268,22.8710492473088 70.8058264878336,22.8715909924317</coordinates></LinearRing></outerBoundaryIs></Polygon><Polygon><outerBoundaryIs><LinearRing><coordinates>70.8075803697981,22.8715710671709 70.8075731989428,22.8710293225722 70.806988574155,22.8710359662977 70.8069957426941,22.8715777110712 70.8075803697981,22.8715710671709</coordinates></LinearRing></outerBoundaryIs></Polygon><Polygon><outerBoundaryIs><LinearRing><coordinates>70.8005791169795,22.8727341455621 70.8005719734852,22.8721923989473 70.7999873414591,22.8721990172615 70.7999944826369,22.8727407640504 70.8005791169795,22.8727341455621</coordinates></LinearRing></outerBoundaryIs></Polygon><Polygon><outerBoundaryIs><LinearRing><coordinates>70.8011708971328,22.8732692713284 70.8017555333582,22.8732626483722 70.8017483850143,22.8727209021449 70.8011637511053,22.8727275249269 70.8011708971328,22.8732692713284</coordinates></LinearRing></outerBoundaryIs></Polygon><Polygon><outerBoundaryIs><LinearRing><coordinates>70.8041012339168,22.8737778805694 70.8046858713734,22.8737712467043 70.80467871123,22.8732295013881 70.8040940760899,22.8732361350786 70.8041012339168,22.8737778805694</coordinates></LinearRing></outerBoundaryIs></Polygon><Polygon><outerBoundaryIs><LinearRing><coordinates>70.8058623106284,22.8742997174613 70.8064469497495,22.8742930769809 70.8064397824392,22.8737513322277 70.8058551456346,22.8737579725334 70.8058623106284,22.8742997174613</coordinates></LinearRing></outerBoundaryIs></Polygon><Polygon><outerBoundaryIs><LinearRing><coordinates>70.8076162273392,22.874279789579 70.8076090553957,22.8737380451754 70.8070244190262,22.873744689775 70.8070315886531,22.8742864343534 70.8076162273392,22.874279789579</coordinates></LinearRing></outerBoundaryIs></Polygon><Polygon><outerBoundaryIs><LinearRing><coordinates>70.7994526857961,22.8759978613509 70.7994455456348,22.8754561146219 70.7988608992758,22.8754627296868 70.7988680371204,22.8760044765898 70.7994526857961,22.8759978613509</coordinates></LinearRing></outerBoundaryIs></Polygon><Polygon><outerBoundaryIs><LinearRing><coordinates>70.7977058725466,22.8765594478381 70.7988751751815,22.8765462234539 70.7988680371204,22.8760044765898 70.7976987391192,22.8760177006262 70.7977058725466,22.8765594478381</coordinates></LinearRing></outerBoundaryIs></Polygon><Polygon><outerBoundaryIs><LinearRing><coordinates>70.8105753384041,22.8769552505609 70.810568153788,22.8764135072273 70.809983506924,22.8764201634369 70.8099906892232,22.8769619069455 70.8105753384041,22.8769552505609</coordinates></LinearRing></outerBoundaryIs></Polygon><Polygon><outerBoundaryIs><LinearRing><coordinates>70.8094060398244,22.876968561183 70.8094132200246,22.8775103048277 70.8099978717404,22.8775036504152 70.8099906892232,22.8769619069455 70.8094060398244,22.876968561183</coordinates></LinearRing></outerBoundaryIs></Polygon><Polygon><outerBoundaryIs><LinearRing><coordinates>70.7989322874684,22.8808801969627 70.798918008097,22.8797967038195 70.798333342985,22.8798033181291 70.7983476177215,22.8808868116203 70.7989322874684,22.8808801969627</coordinates></LinearRing></outerBoundaryIs></Polygon><Polygon><outerBoundaryIs><LinearRing><coordinates>70.7995240993268,22.8814153264964 70.7995169569986,22.8808735801574 70.7989322874684,22.8808801969627 70.798939427479,22.8814219434758 70.7995240993268,22.8814153264964</coordinates></LinearRing></outerBoundaryIs></Polygon><Polygon><outerBoundaryIs><LinearRing><coordinates>70.8036597520546,22.8846194174004 70.8036239549574,22.881910692585 70.8030392823104,22.8819173247728 70.8030750678188,22.8846260504605 70.8036597520546,22.8846194174004</coordinates></LinearRing></outerBoundaryIs></Polygon><Polygon><outerBoundaryIs><LinearRing><coordinates>70.803103700134,22.8867930303084 70.8036883936421,22.8867863965505 70.8036669121256,22.8851611622464 70.8030822255718,22.885167795481 70.803103700134,22.8867930303084</coordinates></LinearRing></outerBoundaryIs></Polygon><Polygon><outerBoundaryIs><LinearRing><coordinates>70.8031323359237,22.888960009532 70.8037170387053,22.8889533750762 70.8037027157393,22.8878698858914 70.8031180175945,22.8878765199982 70.8031323359237,22.888960009532</coordinates></LinearRing></outerBoundaryIs></Polygon><Polygon><outerBoundaryIs><LinearRing><coordinates>70.8072396024884,22.8899970101564 70.8078243083849,22.8899903603115 70.8078171301286,22.8894486170395 70.8072324265506,22.8894552667095 70.8072396024884,22.8899970101564</coordinates></LinearRing></outerBoundaryIs></Polygon><Polygon><outerBoundaryIs><LinearRing><coordinates>70.8031681355473,22.8916687326836 70.8031466551216,22.8900434989097 70.8025619474856,22.8900501315657 70.802583420955,22.8916753658629 70.8031681355473,22.8916687326836</coordinates></LinearRing></outerBoundaryIs></Polygon><Polygon><outerBoundaryIs><LinearRing><coordinates>70.8078386655508,22.8910738467385 70.807831486859,22.8905321035445 70.8072467786438,22.8905387535642 70.8072539550169,22.891080496933 70.8078386655508,22.8910738467385</coordinates></LinearRing></outerBoundaryIs></Polygon><Polygon><outerBoundaryIs><LinearRing><coordinates>70.8060917052492,22.8916355345555 70.8066764185373,22.8916288884835 70.8066692442653,22.8910871449789 70.806084533296,22.8910937908761 70.8060917052492,22.8916355345555</coordinates></LinearRing></outerBoundaryIs></Polygon><Polygon><outerBoundaryIs><LinearRing><coordinates>70.8055213316648,22.8927256660696 70.8055141615955,22.8921839222937 70.8049294455535,22.8921905642427 70.8049366133039,22.8927323081933 70.8055213316648,22.8927256660696</coordinates></LinearRing></outerBoundaryIs></Polygon><Polygon><outerBoundaryIs><LinearRing><coordinates>70.8113685033006,22.892659126645 70.811361310042,22.8921173846185 70.810776596178,22.8921240480556 70.8107837871177,22.8926657902573 70.8113685033006,22.892659126645</coordinates></LinearRing></outerBoundaryIs></Polygon><Polygon><outerBoundaryIs><LinearRing><coordinates>70.8061060498082,22.8927190217971 70.8066907677341,22.8927123753756 70.8066835930269,22.8921706319491 70.8060988774199,22.8921772781958 70.8061060498082,22.8927190217971</coordinates></LinearRing></outerBoundaryIs></Polygon><Polygon><outerBoundaryIs><LinearRing><coordinates>70.8102062595556,22.8932141940586 70.8101990707167,22.8926724517208 70.8090296372606,22.8926857682012 70.8090368214614,22.8932275108891 70.8102062595556,22.8932141940586</coordinates></LinearRing></outerBoundaryIs></Polygon><Polygon><outerBoundaryIs><LinearRing><coordinates>70.8031967791556,22.8938357105025 70.803182456917,22.8927522216711 70.8025977376869,22.8927588551992 70.8026120552873,22.8938423443794 70.8031967791556,22.8938357105025</coordinates></LinearRing></outerBoundaryIs></Polygon><Polygon><outerBoundaryIs><LinearRing><coordinates>70.8078745622763,22.8937825621228 70.8084592841872,22.8937759089049 70.8084521020875,22.893234166081 70.8078673824957,22.893240819124 70.8078745622763,22.8937825621228</coordinates></LinearRing></outerBoundaryIs></Polygon><Polygon><outerBoundaryIs><LinearRing><coordinates>70.8043733923239,22.8943641803096 70.8043662262404,22.8938224363015 70.8037815028067,22.8938290744765 70.8037886665709,22.8943708186592 70.8043733923239,22.8943641803096</coordinates></LinearRing></outerBoundaryIs></Polygon><Polygon><outerBoundaryIs><LinearRing><coordinates>70.8055500141169,22.8948926407833 70.8055428431777,22.8943508971635 70.8049581178595,22.8943575398111 70.8049652864795,22.8948992836056 70.8055500141169,22.8948926407833</coordinates></LinearRing></outerBoundaryIs></Polygon><Polygon><outerBoundaryIs><LinearRing><coordinates>70.8043877251428,22.8954476682088 70.804972455317,22.8954410273611 70.8049652864795,22.8948992836056 70.8043805586247,22.8949059242788 70.8043877251428,22.8954476682088</coordinates></LinearRing></outerBoundaryIs></Polygon><Polygon><outerBoundaryIs><LinearRing><coordinates>70.8050083027658,22.8981497455531 70.8050011328411,22.8976080019927 70.804416393389,22.8976146435389 70.804423560994,22.8981563872738 70.8050083027658,22.8981497455531</coordinates></LinearRing></outerBoundaryIs></Polygon><Polygon><outerBoundaryIs><LinearRing><coordinates>70.8061921354376,22.899219941968 70.8061849604384,22.8986781988351 70.8050154729079,22.8986914890743 70.8050226432674,22.8992332325566 70.8061921354376,22.899219941968</coordinates></LinearRing></outerBoundaryIs></Polygon><Polygon><outerBoundaryIs><LinearRing><coordinates>70.8062064860886,22.9003034281166 70.8067912364871,22.9002967792485 70.8067768811963,22.8992132934494 70.8061921354376,22.899219941968 70.8062064860886,22.9003034281166</coordinates></LinearRing></outerBoundaryIs></Polygon><Polygon><outerBoundaryIs><LinearRing><coordinates>70.8021132272102,22.9003499100029 70.8021060680154,22.8998081657263 70.8009365681636,22.8998214265695 70.8009437227184,22.9003631711947 70.8021132272102,22.9003499100029</coordinates></LinearRing></outerBoundaryIs></Polygon><Polygon><outerBoundaryIs><LinearRing><coordinates>70.8038746486912,22.9008717458069 70.8038674823193,22.9003300020926 70.8032827308335,22.9003366402124 70.8032898948854,22.9008783841012 70.8038746486912,22.9008717458069</coordinates></LinearRing></outerBoundaryIs></Polygon><Polygon><outerBoundaryIs><LinearRing><coordinates>70.802120386622,22.9008916542405 70.8027051408623,22.9008850202457 70.8026979791304,22.9003432761825 70.8021132272102,22.9003499100029 70.802120386622,22.9008916542405</coordinates></LinearRing></outerBoundaryIs></Polygon><Polygon><outerBoundaryIs><LinearRing><coordinates>70.8009508774901,22.9009049157809 70.8009437227184,22.9003631711947 70.800358970147,22.900369798566 70.8003661225987,22.9009115433264 70.8009508774901,22.9009049157809</coordinates></LinearRing></outerBoundaryIs></Polygon><Polygon><outerBoundaryIs><LinearRing><coordinates>70.7997956684043,22.9020016584743 70.7997885178389,22.9014599136178 70.7992037601936,22.9014665370379 70.7992109084388,22.9020082820685 70.7997956684043,22.9020016584743</coordinates></LinearRing></outerBoundaryIs></Polygon><Polygon><outerBoundaryIs><LinearRing><coordinates>70.8050584983271,22.9019419493822 70.805643256121,22.9019353042894 70.805636082354,22.901393561177 70.8050513268803,22.9014002060952 70.8050584983271,22.9019419493822</coordinates></LinearRing></outerBoundaryIs></Polygon><Polygon><outerBoundaryIs><LinearRing><coordinates>70.8044952490004,22.903573822476 70.8050800139726,22.9035671790092 70.8050656699915,22.9024836926303 70.8044809096599,22.9024903357478 70.8044952490004,22.903573822476</coordinates></LinearRing></outerBoundaryIs></Polygon><Polygon><outerBoundaryIs><LinearRing><coordinates>70.8330169287507,22.8062611903717 70.8336012683507,22.8062544690082 70.8335867667244,22.8051709866116 70.8341711014888,22.8051642634629 70.8341638486987,22.8046225223835 70.8335795162418,22.8046292453548 70.8335650159377,22.8035457627244 70.8341493437799,22.8035390401077 70.8341420916512,22.8029972989113 70.8329734403607,22.8030107416508 70.8329661930668,22.8024690000609 70.8317975455096,22.8024824338885 70.8318047881892,22.8030241758327 70.8312204617732,22.8030308897145 70.8312349431782,22.8041143738402 70.8306506119276,22.8041210859366 70.830665089598,22.8052045702604 70.8312494254636,22.8051978578099 70.8312639086294,22.8062813416238 70.83184824889,22.8062746266795 70.8318337611091,22.8051911432198 70.8330024317395,22.8051777076206 70.8330169287507,22.8062611903717</coordinates></LinearRing></outerBoundaryIs><innerBoundaryIs><LinearRing><coordinates>70.8318192742089,22.8041076596042 70.8318265175489,22.8046494014315 70.8312421842109,22.8046561158445 70.8312349431782,22.8041143738402 70.8318192742089,22.8041076596042</coordinates></LinearRing></innerBoundaryIs><innerBoundaryIs><LinearRing><coordinates>70.8324108506668,22.8046426848788 70.8324036050193,22.8041009432287 70.8329879356096,22.8040942247137 70.8329951835644,22.8046359661866 70.8324108506668,22.8046426848788</coordinates></LinearRing></innerBoundaryIs></Polygon><Polygon><outerBoundaryIs><LinearRing><coordinates>70.8359168447468,22.804602340632 70.8359313643922,22.8056858216874 70.836515700582,22.8056790898027 70.8364939145225,22.8040538686937 70.835909585255,22.8040606000458 70.8359023259839,22.8035188594206 70.8347336714018,22.8035323153514 70.8347409260583,22.8040740563315 70.8353252557669,22.8040673292584 70.8353325129513,22.804609070022 70.8359168447468,22.804602340632</coordinates></LinearRing></outerBoundaryIs></Polygon><Polygon><outerBoundaryIs><LinearRing><coordinates>70.8347626913508,22.8056992790377 70.8347554360328,22.8051575381746 70.8341711014888,22.8051642634629 70.8341783544993,22.8057060045034 70.8347626913508,22.8056992790377</coordinates></LinearRing></outerBoundaryIs></Polygon><Polygon><outerBoundaryIs><LinearRing><coordinates>70.8324398354589,22.8068096510898 70.8330241775868,22.8068029316888 70.8330169287507,22.8062611903717 70.8324325889305,22.8062679095955 70.8324398354589,22.8068096510898</coordinates></LinearRing></outerBoundaryIs></Polygon><Polygon><outerBoundaryIs><LinearRing><coordinates>70.8353615438946,22.8067760326868 70.8353542858279,22.8062342920791 70.8347699468893,22.8062410198619 70.8347772026484,22.806782760647 70.8353615438946,22.8067760326868</coordinates></LinearRing></outerBoundaryIs></Polygon><Polygon><outerBoundaryIs><LinearRing><coordinates>70.8318699822126,22.8078998515768 70.8318627375516,22.8073581099834 70.8324470822075,22.807351392545 70.8324398354589,22.8068096510898 70.8312711505424,22.8068230834723 70.8312783926755,22.8073648252818 70.8301097022631,22.8073782494591 70.8301169400007,22.8079199915837 70.8318699822126,22.8078998515768</coordinates></LinearRing></outerBoundaryIs></Polygon><Polygon><outerBoundaryIs><LinearRing><coordinates>70.8359749286243,22.808936263918 70.8365592786606,22.8089295309681 70.8365520150957,22.8083877908713 70.8359676673673,22.8083945236437 70.8359749286243,22.808936263918</coordinates></LinearRing></outerBoundaryIs></Polygon><Polygon><outerBoundaryIs><LinearRing><coordinates>70.8359894518004,22.8100197443496 70.8359749286243,22.808936263918 70.8353905783674,22.8089429947279 70.8354050969273,22.8100264755145 70.8359894518004,22.8100197443496</coordinates></LinearRing></outerBoundaryIs></Polygon><Polygon><outerBoundaryIs><LinearRing><coordinates>70.8324833192543,22.8100600992368 70.8325050641255,22.8116853227841 70.8330894270256,22.8116786017883 70.833074925608,22.8105951198168 70.8336592836712,22.8105883970353 70.8336520309848,22.8100466561683 70.8348207418337,22.8100332045392 70.8348134847515,22.809491463988 70.8330604250717,22.8095116376894 70.8330676752297,22.8100533787726 70.8324833192543,22.8100600992368</coordinates></LinearRing></outerBoundaryIs></Polygon><Polygon><outerBoundaryIs><LinearRing><coordinates>70.8360112382197,22.8116449647047 70.8365955997967,22.8116382308671 70.8365883351279,22.8110964909653 70.8360039758592,22.8111032246253 70.8360112382197,22.8116449647047</coordinates></LinearRing></outerBoundaryIs></Polygon><Polygon><outerBoundaryIs><LinearRing><coordinates>70.8319279474276,22.8122337829213 70.8325123128564,22.8122270638886 70.8325050641255,22.8116853227841 70.8319207010051,22.8116920416396 70.8319279474276,22.8122337829213</coordinates></LinearRing></outerBoundaryIs></Polygon><Polygon><outerBoundaryIs><LinearRing><coordinates>70.8354413971881,22.8127351767988 70.8360257636026,22.8127284447465 70.8360112382197,22.8116449647047 70.8354268764219,22.811651696402 70.8354413971881,22.8127351767988</coordinates></LinearRing></outerBoundaryIs></Polygon><Polygon><outerBoundaryIs><LinearRing><coordinates>70.8342799197944,22.8132903749768 70.8342726636974,22.8127486344821 70.834857030553,22.8127419067106 70.834849772368,22.8122001663543 70.8336810430531,22.8122136194022 70.8336882966212,22.8127553601132 70.8325195618076,22.8127688049541 70.8325268109791,22.8133105459806 70.8342799197944,22.8132903749768</coordinates></LinearRing></outerBoundaryIs></Polygon><Polygon><outerBoundaryIs><LinearRing><coordinates>70.8313435817787,22.8122404998135 70.831350826113,22.8127822412333 70.8307664579354,22.8127889561622 70.8307737001813,22.81333069772 70.8319424409334,22.8133172653675 70.8319279474276,22.8122337829213 70.8313435817787,22.8122404998135</coordinates></LinearRing></outerBoundaryIs></Polygon><Polygon><outerBoundaryIs><LinearRing><coordinates>70.8350458207916,22.826827142287 70.8350603492954,22.8279106208546 70.835644780595,22.8279038859739 70.8356375139224,22.8273621468871 70.8362219426908,22.827355410042 70.8362146739286,22.8268136710937 70.8350458207916,22.826827142287</coordinates></LinearRing></outerBoundaryIs></Polygon><Polygon><outerBoundaryIs><LinearRing><coordinates>70.8368063712385,22.8273486710549 70.8362219426908,22.827355410042 70.8362364808776,22.8284388878216 70.8368209140461,22.8284321484793 70.8368063712385,22.8273486710549</coordinates></LinearRing></outerBoundaryIs></Polygon><Polygon><outerBoundaryIs><LinearRing><coordinates>70.8368354577373,22.8295156257477 70.8374198953061,22.8295088839081 70.8374053469937,22.8284254069951 70.8368209140461,22.8284321484793 70.8368354577373,22.8295156257477</coordinates></LinearRing></outerBoundaryIs></Polygon><Polygon><outerBoundaryIs><LinearRing><coordinates>70.8362946424579,22.8327727973793 70.8368790941125,22.8327660566163 70.8368718208311,22.8322243182357 70.8362873714874,22.8322310588211 70.8362946424579,22.8327727973793</coordinates></LinearRing></outerBoundaryIs></Polygon><Polygon><outerBoundaryIs><LinearRing><coordinates>70.8363019136492,22.8333145358984 70.8362946424579,22.8327727973793 70.8357101905824,22.8327795359998 70.8357174594626,22.8333212746964 70.8363019136492,22.8333145358984</coordinates></LinearRing></outerBoundaryIs></Polygon><Polygon><outerBoundaryIs><LinearRing><coordinates>70.8351475388556,22.8344114889832 70.835140271845,22.8338697501871 70.8345558149058,22.8338764848774 70.8345630796051,22.834418223851 70.8351475388556,22.8344114889832</coordinates></LinearRing></outerBoundaryIs></Polygon><Polygon><outerBoundaryIs><LinearRing><coordinates>70.8334086812574,22.835515165698 70.8339931455718,22.8355084347609 70.8339858827426,22.834966695688 70.834570344525,22.8349599627855 70.8345630796051,22.834418223851 70.8339786201339,22.8344249565761 70.8339713577459,22.8338832174252 70.8333869003654,22.8338899478303 70.8334086812574,22.835515165698</coordinates></LinearRing></outerBoundaryIs></Polygon><Polygon><outerBoundaryIs><LinearRing><coordinates>70.8322615209745,22.8371538397238 70.8328459926645,22.8371471125407 70.8328387337967,22.8366053732302 70.8322542644183,22.8366121002362 70.8322615209745,22.8371538397238</coordinates></LinearRing></outerBoundaryIs></Polygon><Polygon><outerBoundaryIs><LinearRing><coordinates>70.831684303529,22.8377023043898 70.8322687777511,22.8376955791725 70.8322615209745,22.8371538397238 70.8316770490641,22.837160564764 70.831684303529,22.8377023043898</coordinates></LinearRing></outerBoundaryIs></Polygon><Polygon><outerBoundaryIs><LinearRing><coordinates>70.8316988131198,22.8387857835243 70.8316915582142,22.8382440439766 70.8311070814601,22.838250767228 70.8311143340539,22.8387925069529 70.8316988131198,22.8387857835243</coordinates></LinearRing></outerBoundaryIs></Polygon><Polygon><outerBoundaryIs><LinearRing><coordinates>70.8276581322498,22.8426249869299 70.8276508919881,22.8420832464166 70.8270663975092,22.8420899559034 70.8270736354585,22.8426316965933 70.8276581322498,22.8426249869299</coordinates></LinearRing></outerBoundaryIs></Polygon><Polygon><outerBoundaryIs><LinearRing><coordinates>70.8265036103807,22.8437218857295 70.8270881120166,22.8437151778563 70.8270808736277,22.8431734372443 70.8264963743042,22.8431801449409 70.8265036103807,22.8437218857295</coordinates></LinearRing></outerBoundaryIs></Polygon><Polygon><outerBoundaryIs><LinearRing><coordinates>70.8335539379278,22.8463499425079 70.8335466729989,22.8458082040381 70.8329621645342,22.8458149362008 70.8329694271503,22.8463566748478 70.8335539379278,22.8463499425079</coordinates></LinearRing></outerBoundaryIs></Polygon><Polygon><outerBoundaryIs><LinearRing><coordinates>70.83299847982,22.8485236290456 70.8329912163218,22.8479818905547 70.832406698385,22.8479886212824 70.8324139595701,22.8485303599506 70.83299847982,22.8485236290456</coordinates></LinearRing></outerBoundaryIs></Polygon><Polygon><outerBoundaryIs><LinearRing><coordinates>70.8359210777601,22.8484899423585 70.8365055966857,22.8484831985887 70.8364983193091,22.8479414611625 70.8359138026965,22.8479482047547 70.8359210777601,22.8484899423585</coordinates></LinearRing></outerBoundaryIs></Polygon><Polygon><outerBoundaryIs><LinearRing><coordinates>70.8277522756604,22.8496676100517 70.8277450325402,22.8491258700456 70.8271605079954,22.8491325818299 70.8271677488024,22.8496743220126 70.8277522756604,22.8496676100517</coordinates></LinearRing></outerBoundaryIs></Polygon><Polygon><outerBoundaryIs><LinearRing><coordinates>70.8324430065155,22.8506973142328 70.8324284826019,22.8496138371698 70.8318439575051,22.849620566285 70.8318584767921,22.8507040437024 70.8324430065155,22.8506973142328</coordinates></LinearRing></outerBoundaryIs></Polygon><Polygon><outerBoundaryIs><LinearRing><coordinates>70.8365419868833,22.8511918851343 70.8371265171542,22.8511851383322 70.8371192363594,22.8506434012788 70.8365347084018,22.8506501479033 70.8365419868833,22.8511918851343</coordinates></LinearRing></outerBoundaryIs></Polygon><Polygon><outerBoundaryIs><LinearRing><coordinates>70.8342038635903,22.8512188508988 70.8347883947448,22.8512121126744 70.8347811232036,22.8506703749107 70.8341965943625,22.8506771129578 70.8342038635903,22.8512188508988</coordinates></LinearRing></outerBoundaryIs></Polygon><Polygon><outerBoundaryIs><LinearRing><coordinates>70.8318802573757,22.8523292595358 70.8324647940396,22.8523225295346 70.8324575313111,22.8517807911397 70.8318729969607,22.8517875209637 70.8318802573757,22.8523292595358</coordinates></LinearRing></outerBoundaryIs></Polygon><Polygon><outerBoundaryIs><LinearRing><coordinates>70.8371556425442,22.8533520861552 70.8371483608652,22.852810349258 70.8365638236536,22.8528170965931 70.836571103019,22.853358833668 70.8371556425442,22.8533520861552</coordinates></LinearRing></outerBoundaryIs></Polygon><Polygon><outerBoundaryIs><LinearRing><coordinates>70.8225493123303,22.854061871858 70.8225420882752,22.8535201305754 70.8219575432461,22.8535268244713 70.8219647649874,22.8540685659301 70.8225493123303,22.854061871858</coordinates></LinearRing></outerBoundaryIs></Polygon><Polygon><outerBoundaryIs><LinearRing><coordinates>70.8225565366048,22.8546036131015 70.8237256352605,22.8545902181704 70.8237184063582,22.8540484772795 70.8225493123303,22.854061871858 70.8225565366048,22.8546036131015</coordinates></LinearRing></outerBoundaryIs></Polygon><Polygon><outerBoundaryIs><LinearRing><coordinates>70.8225782107441,22.8562288365979 70.8225709858117,22.8556870954714 70.8219864315268,22.8556937900722 70.8219936541451,22.8562355313749 70.8225782107441,22.8562288365979</coordinates></LinearRing></outerBoundaryIs></Polygon><Polygon><outerBoundaryIs><LinearRing><coordinates>70.8214163178501,22.8567839654469 70.8214018770226,22.8557004825281 70.8208173222992,22.855707172839 70.8208317584984,22.85679065611 70.8214163178501,22.8567839654469</coordinates></LinearRing></outerBoundaryIs></Polygon><Polygon><outerBoundaryIs><LinearRing><coordinates>70.8225854358959,22.8567705776853 70.8231699945898,22.856763880587 70.8231627671239,22.8562221396758 70.8225782107441,22.8562288365979 70.8225854358959,22.8567705776853</coordinates></LinearRing></outerBoundaryIs></Polygon><Polygon><outerBoundaryIs><LinearRing><coordinates>70.8220153233156,22.8578607550489 70.8220081000395,22.8573190138633 70.8214235385927,22.8573257068477 70.8214307595544,22.8578674482095 70.8220153233156,22.8578607550489</coordinates></LinearRing></outerBoundaryIs></Polygon><Polygon><outerBoundaryIs><LinearRing><coordinates>70.830206448813,22.8583085642325 70.8301991929162,22.8577668255586 70.8296146322312,22.8577735487513 70.8296218858137,22.8583152876022 70.830206448813,22.8583085642325</coordinates></LinearRing></outerBoundaryIs></Polygon><Polygon><outerBoundaryIs><LinearRing><coordinates>70.8173820402531,22.8611646950113 70.8179666194349,22.8611580158121 70.8179594110466,22.8606162736284 70.8173748341796,22.8606229526518 70.8173820402531,22.8611646950113</coordinates></LinearRing></outerBoundaryIs></Polygon><Polygon><outerBoundaryIs><LinearRing><coordinates>70.8249815525297,22.8610776980716 70.8255661288616,22.8610709909807 70.8255588903813,22.8605292510876 70.8249743163641,22.8605359580019 70.8249815525297,22.8610776980716</coordinates></LinearRing></outerBoundaryIs></Polygon><Polygon><outerBoundaryIs><LinearRing><coordinates>70.8138817529744,22.8617464685241 70.8144663357824,22.8617398020227 70.8144591410645,22.861198058824 70.8138745605714,22.8612047251499 70.8138817529744,22.8617464685241</coordinates></LinearRing></outerBoundaryIs></Polygon><Polygon><outerBoundaryIs><LinearRing><coordinates>70.8138889455957,22.8622882118593 70.8138817529744,22.8617464685241 70.813297169948,22.8617531328798 70.8133043602544,22.8622948763904 70.8138889455957,22.8622882118593</coordinates></LinearRing></outerBoundaryIs></Polygon><Polygon><outerBoundaryIs><LinearRing><coordinates>70.8127197746948,22.8623015387759 70.8127125867034,22.86175979509 70.8121280032407,22.8617664551545 70.8121351889171,22.8623081990157 70.8127197746948,22.8623015387759</coordinates></LinearRing></outerBoundaryIs></Polygon><Polygon><outerBoundaryIs><LinearRing><coordinates>70.8238268629378,22.8621745865448 70.8244114443386,22.8621678833921 70.8244042100486,22.861626143224 70.8238196309627,22.8616328462003 70.8238268629378,22.8621745865448</coordinates></LinearRing></outerBoundaryIs></Polygon><Polygon><outerBoundaryIs><LinearRing><coordinates>70.8238340951324,22.8627163268502 70.8238268629378,22.8621745865448 70.8232422813174,22.8621812875519 70.8232495111971,22.8627230280337 70.8238340951324,22.8627163268502</coordinates></LinearRing></outerBoundaryIs></Polygon><Polygon><outerBoundaryIs><LinearRing><coordinates>70.8150869068129,22.8644418479065 70.8150797086878,22.8639001050784 70.8144951168379,22.8639067744275 70.8145023126478,22.8644485174312 70.8150869068129,22.8644418479065</coordinates></LinearRing></outerBoundaryIs></Polygon><Polygon><outerBoundaryIs><LinearRing><coordinates>70.8197780862136,22.8654718971845 70.8203626830405,22.8654652079949 70.8203554636403,22.8649234668271 70.8197708691287,22.8649301558407 70.8197780862136,22.8654718971845</coordinates></LinearRing></outerBoundaryIs></Polygon><Polygon><outerBoundaryIs><LinearRing><coordinates>70.8192079193637,22.8665620671505 70.8192007041562,22.8660203257088 70.8186161045758,22.8660270107824 70.8186233174679,22.8665687524 70.8192079193637,22.8665620671505</coordinates></LinearRing></outerBoundaryIs></Polygon><Polygon><outerBoundaryIs><LinearRing><coordinates>70.8180387153531,22.8665754355034 70.8180459261485,22.867117177258 70.8186305305788,22.8671104939787 70.8186233174679,22.8665687524 70.8180387153531,22.8665754355034</coordinates></LinearRing></outerBoundaryIs></Polygon><Polygon><outerBoundaryIs><LinearRing><coordinates>70.8157507200281,22.8703943428389 70.8163353392283,22.8703876670903 70.8163281340677,22.8698459250426 70.8157435171835,22.8698526006155 70.8157507200281,22.8703943428389</coordinates></LinearRing></outerBoundaryIs></Polygon><Polygon><outerBoundaryIs><LinearRing><coordinates>70.8134482122192,22.87312973841 70.8140328438745,22.8731230703702 70.814025646886,22.8725813278153 70.8134410175471,22.8725879956796 70.8134482122192,22.87312973841</coordinates></LinearRing></outerBoundaryIs></Polygon><Polygon><outerBoundaryIs><LinearRing><coordinates>70.8142344482344,22.8882918460607 70.8148191445579,22.8882851709596 70.8148119391346,22.8877434296732 70.8142272451293,22.8877501045987 70.8142344482344,22.8882918460607</coordinates></LinearRing></outerBoundaryIs></Polygon><Polygon><outerBoundaryIs><LinearRing><coordinates>70.8142488550999,22.8893753288675 70.8142416515579,22.8888335874836 70.8136569526974,22.8888402606117 70.813664153921,22.8893820021711 70.8142488550999,22.8893753288675</coordinates></LinearRing></outerBoundaryIs></Polygon><Polygon><outerBoundaryIs><LinearRing><coordinates>70.8130794525236,22.8893886733262 70.813086651647,22.8899304150219 70.813671355363,22.8899237436914 70.813664153921,22.8893820021711 70.8130794525236,22.8893886733262</coordinates></LinearRing></outerBoundaryIs></Polygon><Polygon><outerBoundaryIs><LinearRing><coordinates>70.8136785570234,22.8904654851726 70.8142632628395,22.890458811518 70.8142560588605,22.8899170702123 70.813671355363,22.8899237436914 70.8136785570234,22.8904654851726</coordinates></LinearRing></outerBoundaryIs></Polygon><Polygon><outerBoundaryIs><LinearRing><coordinates>70.8137001633155,22.8920907093821 70.8136929609997,22.891548968018 70.8131082503276,22.8915556398748 70.8131154503246,22.8920973814144 70.8137001633155,22.8920907093821</coordinates></LinearRing></outerBoundaryIs></Polygon><Polygon><outerBoundaryIs><LinearRing><coordinates>70.846559430356,22.7703445557389 70.8465740097301,22.7714280349409 70.8477423830132,22.7714145102278 70.8477277944271,22.7703310317401 70.8483119761299,22.7703242665367 70.8483046798668,22.769782527413 70.8488888590448,22.7697757602524 70.8488742625789,22.7686922822455 70.8471217381958,22.7687125762479 70.8471436125024,22.7703377948075 70.846559430356,22.7703445557389</coordinates></LinearRing></outerBoundaryIs></Polygon><Polygon><outerBoundaryIs><LinearRing><coordinates>70.8425137931774,22.7736422670793 70.8430979906935,22.7736355200308 70.8430907138285,22.7730937795352 70.8425065186158,22.7731005264056 70.8425137931774,22.7736422670793</coordinates></LinearRing></outerBoundaryIs></Polygon><Polygon><outerBoundaryIs><LinearRing><coordinates>70.8442663850615,22.7736220195248 70.8454347785436,22.7736085104736 70.845449351365,22.7746919899218 70.8460335523805,22.7746852318349 70.8460189749522,22.7736017527436 70.8466031711392,22.7735949928773 70.8465885899912,22.772511513987 70.8471727813499,22.7725047523415 70.8471654888053,22.7719630130164 70.8459971104725,22.7719765338144 70.8460043984107,22.7725182734964 70.8454202066086,22.7725250308696 70.8454274924653,22.7730667706911 70.8442591035898,22.7730802793856 70.8442663850615,22.7736220195248</coordinates></LinearRing></outerBoundaryIs></Polygon><Polygon><outerBoundaryIs><LinearRing><coordinates>70.8466104620459,22.774136732264 70.8471946603145,22.7741299700829 70.8471873671044,22.7735882308747 70.8466031711392,22.7735949928773 70.8466104620459,22.774136732264</coordinates></LinearRing></outerBoundaryIs></Polygon><Polygon><outerBoundaryIs><LinearRing><coordinates>70.8442809486692,22.7747054996863 70.8442736667546,22.774163759625 70.8436894673779,22.7741705111244 70.843696746989,22.7747122513639 70.8442809486692,22.7747054996863</coordinates></LinearRing></outerBoundaryIs></Polygon><Polygon><outerBoundaryIs><LinearRing><coordinates>70.8442809486692,22.7747054996863 70.8442882308053,22.7752472397086 70.8448724345675,22.7752404857162 70.8448651501278,22.7746987458722 70.8442809486692,22.7747054996863</coordinates></LinearRing></outerBoundaryIs></Polygon><Polygon><outerBoundaryIs><LinearRing><coordinates>70.8462012565494,22.7871452301817 70.8467855103418,22.7871384658533 70.8467782141119,22.7865967274019 70.8461939626246,22.7866034915518 70.8462012565494,22.7871452301817</coordinates></LinearRing></outerBoundaryIs></Polygon><Polygon><outerBoundaryIs><LinearRing><coordinates>70.8462012565494,22.7871452301817 70.8456170025352,22.7871519923724 70.8456242943767,22.7876937311416 70.8462085506961,22.7876869687725 70.8462012565494,22.7871452301817</coordinates></LinearRing></outerBoundaryIs></Polygon><Polygon><outerBoundaryIs><LinearRing><coordinates>70.8462158450645,22.7882287073244 70.84563158644,22.788235469872 70.84565346396,22.789860685829 70.8462377295005,22.789853922746 70.8462231396547,22.7887704458372 70.8468074003627,22.7887636809733 70.8467928067936,22.7876802042656 70.8462085506961,22.7876869687725 70.8462158450645,22.7882287073244</coordinates></LinearRing></outerBoundaryIs></Polygon><Polygon><outerBoundaryIs><LinearRing><coordinates>70.8352454412956,22.7981081782858 70.8352817172925,22.800816883858 70.8346974014267,22.8008236098666 70.8347046549807,22.8013653510415 70.8352889731535,22.8013586248555 70.8352962292351,22.801900365814 70.8358805494944,22.8018936373113 70.8359023259839,22.8035188594206 70.8376553062022,22.8034986594786 70.83764804023,22.8029569193472 70.8370637160186,22.8029636546231 70.8370564525744,22.802421914275 70.8382250961622,22.8024084419394 70.8382178283246,22.8018667019077 70.8393864664146,22.8018532213703 70.8393791941839,22.8013114816552 70.8405478267757,22.8012979929166 70.84053327375,22.800214514081 70.8411175851004,22.8002077668588 70.8410957503005,22.7985825488469 70.8399271412188,22.7985960400846 70.8399416883042,22.7996795195099 70.8387730691114,22.7996930029032 70.8387803383721,22.800234742913 70.8376117136819,22.8002482181056 70.8376044490347,22.7997064777403 70.8370201386651,22.7997132119503 70.8370128765455,22.7991714713684 70.8375971846084,22.799164737336 70.8375899204029,22.7986229968928 70.8370056146467,22.7986297307475 70.8369983529686,22.7980879900877 70.838166959647,22.7980745205946 70.8381596935766,22.7975327802511 70.8375753926543,22.7975395158894 70.8375536026874,22.795914294092 70.8381378966906,22.7959075589867 70.8381451620984,22.7964492994471 70.838729458187,22.7964425620255 70.8387149229797,22.7953590814211 70.8375463398068,22.7953725534149 70.8375390771469,22.7948308126989 70.8381233665376,22.7948240779489 70.8381161017924,22.7942823373716 70.8398689617209,22.794262120824 70.8398616902785,22.793720380741 70.8421988245307,22.7936933961177 70.8421769838594,22.7920681777706 70.8427612599517,22.7920614268032 70.8427539778649,22.7915196874543 70.8439225247738,22.7915061794611 70.8439152382971,22.7909644404297 70.843330967259,22.7909711953171 70.8433163995812,22.7898877167809 70.8444849322138,22.7898742055809 70.8444776440962,22.7893324666108 70.8433091160745,22.7893459774543 70.843287266883,22.7877207592407 70.8438715240888,22.7877140054225 70.8438788092364,22.7882557446879 70.8444630685259,22.7882489885537 70.8444557810731,22.7877072494667 70.8450400378357,22.787700491373 70.8450181698915,22.7860752744131 70.8456024195173,22.7860685147169 70.8456097109154,22.7866102535641 70.8461939626246,22.7866034915518 70.8461793754402,22.7855200141753 70.845595128341,22.7855267758306 70.845573256142,22.7839015589381 70.8449890157354,22.7839083179208 70.8449744399871,22.7828248394408 70.8455586757844,22.7828180808149 70.8455440963136,22.7817346025357 70.8443756337152,22.781748116937 70.8443683489211,22.7812063773823 70.8437841195939,22.7812131311989 70.8437768373256,22.780671391427 70.8443610643484,22.7806646377886 70.8443537799973,22.7801228981559 70.8449380044944,22.7801161425588 70.8449234318485,22.7790326635332 70.8455076515158,22.7790259061559 70.8454930751482,22.7779424273312 70.8460772899859,22.7779356681738 70.8460554201855,22.7763104501797 70.8454712122593,22.7763172088018 70.8454566381081,22.7752337295874 70.8448724345675,22.7752404857162 70.8448797192286,22.7757822255213 70.8431271003668,22.7758024816236 70.843163492439,22.7785111827381 70.8437477104667,22.7785044319495 70.8437622734533,22.7795879117662 70.8431780508174,22.7795946629111 70.8431926100813,22.7806781429283 70.8426083826156,22.7806848922927 70.8426156602753,22.7812266324209 70.842031430284,22.7812333798263 70.8420387058606,22.7817751200937 70.8432071702307,22.7817616227897 70.8432144506375,22.7823033626619 70.8414617468371,22.7823236059466 70.8414762944876,22.7834070866427 70.8408920548358,22.7834138304858 70.840921143572,22.7855807921223 70.84033689448,22.7855875345398 70.840358706439,22.7872127558919 70.8397744502109,22.7872194967054 70.839810796371,22.7899281990689 70.8392265283952,22.7899349386339 70.8392628685528,22.7926436409123 70.8380943088818,22.7926571154057 70.8380725179588,22.791031893089 70.8374882447093,22.7910386265953 70.837502767159,22.792122108534 70.8369184890773,22.7921288402573 70.8369257483275,22.7926705813458 70.837510028715,22.7926638494449 70.8375172904918,22.7932055903169 70.8369330077984,22.7932123223954 70.8369475274023,22.7942958043776 70.835194664162,22.794315988848 70.8352091708119,22.7953994717394 70.8357934633916,22.7953927453662 70.8358007193535,22.7959344865759 70.8352164244676,22.7959412131266 70.8352309324406,22.7970246957841 70.8358152319392,22.7970179688786 70.8358224885629,22.7975597099714 70.8364067901474,22.7975529807496 70.8364140492982,22.798094721626 70.8352454412956,22.7981081782858</coordinates></LinearRing></outerBoundaryIs><innerBoundaryIs><LinearRing><coordinates>70.8427030094559,22.787727510921 70.8426957291401,22.7871857712603 70.8432799842621,22.7871790197581 70.843287266883,22.7877207592407 70.8427030094559,22.787727510921</coordinates></LinearRing></innerBoundaryIs><innerBoundaryIs><LinearRing><coordinates>70.8443829187309,22.7822898564527 70.843798684795,22.7822966106259 70.8437914020837,22.7817548709319 70.8443756337152,22.781748116937 70.8443829187309,22.7822898564527</coordinates></LinearRing></innerBoundaryIs><innerBoundaryIs><LinearRing><coordinates>70.8357862076502,22.7948510041174 70.8363704977031,22.7948442757831 70.8363777557506,22.7953860168543 70.8357934633916,22.7953927453662 70.8357862076502,22.7948510041174</coordinates></LinearRing></innerBoundaryIs><innerBoundaryIs><LinearRing><coordinates>70.837049189351,22.8018801738881 70.8370419263484,22.8013384334621 70.8376262436386,22.8013316987192 70.8376335089482,22.8018734389675 70.837049189351,22.8018801738881</coordinates></LinearRing></innerBoundaryIs><innerBoundaryIs><LinearRing><coordinates>70.840438700646,22.7931718978487 70.8404314273398,22.7926301578657 70.8410157064017,22.792623413135 70.8410229820138,22.79316515294 70.840438700646,22.7931718978487</coordinates></LinearRing></innerBoundaryIs><innerBoundaryIs><LinearRing><coordinates>70.8449015745415,22.7774074447026 70.8448942892156,22.7768657050144 70.8454784996673,22.7768589483506 70.8454857872969,22.7774006878603 70.8449015745415,22.7774074447026</coordinates></LinearRing></innerBoundaryIs></Polygon><Polygon><outerBoundaryIs><LinearRing><coordinates>70.845689930928,22.792569378311 70.8456753434756,22.7914859014351 70.8450910707966,22.7914926629153 70.8451056536376,22.7925761401479 70.845689930928,22.792569378311</coordinates></LinearRing></outerBoundaryIs></Polygon><Polygon><outerBoundaryIs><LinearRing><coordinates>70.8480270378714,22.7925423095806 70.8480051293571,22.7909170963508 70.8468365901633,22.7909306339209 70.846865783514,22.7930975862447 70.8474500624447,22.7930908178144 70.8474427614684,22.7925490799706 70.8480270378714,22.7925423095806</coordinates></LinearRing></outerBoundaryIs></Polygon><Polygon><outerBoundaryIs><LinearRing><coordinates>70.8445359552415,22.79366637728 70.8451202373653,22.7936596172246 70.8451129453906,22.7931178787058 70.8445286655727,22.7931246385828 70.8445359552415,22.79366637728</coordinates></LinearRing></outerBoundaryIs></Polygon><Polygon><outerBoundaryIs><LinearRing><coordinates>70.8468803815206,22.7941810621727 70.8468730824064,22.7936393242282 70.8462888009478,22.7936460906987 70.8462960977561,22.7941878288217 70.8468803815206,22.7941810621727</coordinates></LinearRing></outerBoundaryIs></Polygon><Polygon><outerBoundaryIs><LinearRing><coordinates>70.8416290982416,22.7947836245403 70.8416218196599,22.7942418850302 70.8410375339014,22.7942486324333 70.8410448101771,22.7947903721214 70.8416290982416,22.7947836245403</coordinates></LinearRing></outerBoundaryIs></Polygon><Polygon><outerBoundaryIs><LinearRing><coordinates>70.8468949804149,22.7952645379447 70.8474792685697,22.7952577688001 70.8474646650633,22.7941742933853 70.8468803815206,22.7941810621727 70.8468949804149,22.7952645379447</coordinates></LinearRing></outerBoundaryIs></Polygon><Polygon><outerBoundaryIs><LinearRing><coordinates>70.8445651161328,22.7958333316789 70.8445505352439,22.7947498545574 70.8439662482864,22.794756612831 70.843980824563,22.7958400903091 70.8445651161328,22.7958333316789</coordinates></LinearRing></outerBoundaryIs></Polygon><Polygon><outerBoundaryIs><LinearRing><coordinates>70.8433965327716,22.7958468468007 70.843403818936,22.7963885856595 70.8439881130337,22.7963818289897 70.843980824563,22.7958400903091 70.8433965327716,22.7958468468007</coordinates></LinearRing></outerBoundaryIs></Polygon><Polygon><outerBoundaryIs><LinearRing><coordinates>70.8457482896081,22.7969032842547 70.8463325851253,22.7968965188518 70.8463179895121,22.7958130429568 70.8457336986074,22.7958198080028 70.8457482896081,22.7969032842547</coordinates></LinearRing></outerBoundaryIs></Polygon><Polygon><outerBoundaryIs><LinearRing><coordinates>70.8434183919293,22.7974720632601 70.843403818936,22.7963885856595 70.8428195246169,22.7963953401906 70.8428340929974,22.7974788181476 70.8434183919293,22.7974720632601</coordinates></LinearRing></outerBoundaryIs></Polygon><Polygon><outerBoundaryIs><LinearRing><coordinates>70.8469314815342,22.7979732266922 70.8469241808665,22.7974314890207 70.8463398832647,22.7974382567409 70.8463471816259,22.7979799945909 70.8469314815342,22.7979732266922</coordinates></LinearRing></outerBoundaryIs></Polygon><Polygon><outerBoundaryIs><LinearRing><coordinates>70.844009979775,22.7980070447974 70.8440026906397,22.7974653062338 70.8434183919293,22.7974720632601 70.8434256787582,22.7980138020019 70.844009979775,22.7980070447974</coordinates></LinearRing></outerBoundaryIs></Polygon><Polygon><outerBoundaryIs><LinearRing><coordinates>70.8416727743788,22.7980340607825 70.8416654944694,22.7974923215063 70.8410811948734,22.7974990699774 70.8410884724764,22.7980408094317 70.8416727743788,22.7980340607825</coordinates></LinearRing></outerBoundaryIs></Polygon><Polygon><outerBoundaryIs><LinearRing><coordinates>70.8446015722338,22.7985420238003 70.8445942805703,22.798000285454 70.844009979775,22.7980070447974 70.844017269132,22.798548783322 70.8446015722338,22.7985420238003</coordinates></LinearRing></outerBoundaryIs></Polygon><Polygon><outerBoundaryIs><LinearRing><coordinates>70.8423007740044,22.8012777437647 70.8440537192405,22.8012574753601 70.8440245587105,22.7990905218076 70.8428559472289,22.7991040347907 70.8428632324157,22.7996457735938 70.8416946154349,22.7996592783773 70.8417018962296,22.8002010174976 70.8422862071374,22.8001942659972 70.8423007740044,22.8012777437647</coordinates></LinearRing></outerBoundaryIs></Polygon><Polygon><outerBoundaryIs><LinearRing><coordinates>70.8423153417569,22.8023612213761 70.8423007740044,22.8012777437647 70.8417164584828,22.8012844956212 70.8417310216213,22.8023679735888 70.8423153417569,22.8023612213761</coordinates></LinearRing></outerBoundaryIs></Polygon><Polygon><outerBoundaryIs><LinearRing><coordinates>70.8411467012644,22.8023747236622 70.8411539808585,22.8029164627655 70.8417383035226,22.8029097125141 70.8417310216213,22.8023679735888 70.8411467012644,22.8023747236622</coordinates></LinearRing></outerBoundaryIs></Polygon><Polygon><outerBoundaryIs><LinearRing><coordinates>70.8399926100677,22.8034716962705 70.8394082844328,22.8034784402817 70.839401011539,22.8029367006836 70.8388166879903,22.8029434423775 70.838838500413,22.8045686615884 70.8394228308836,22.804561919361 70.8394155575477,22.8040201798408 70.8405842132108,22.8040066893233 70.8405769354814,22.8034649501199 70.8411612606739,22.8034582018299 70.8411539808585,22.8029164627655 70.8399853348667,22.8029299568502 70.8399926100677,22.8034716962705</coordinates></LinearRing></outerBoundaryIs></Polygon><Polygon><outerBoundaryIs><LinearRing><coordinates>70.8388530431331,22.8056521408673 70.8394373782186,22.8056453982843 70.8394301044405,22.8051036588422 70.8388457716626,22.8051104012473 70.838838500413,22.8045686615884 70.8382541697215,22.8045754016762 70.8382614386636,22.8051171415129 70.837092772003,22.8051306156253 70.837100036551,22.8056723557784 70.8376843722993,22.8056656196143 70.8376916393757,22.8062073595508 70.8388603148247,22.8061938804483 70.8388530431331,22.8056521408673</coordinates></LinearRing></outerBoundaryIs></Polygon><Polygon><outerBoundaryIs><LinearRing><coordinates>70.8382977866883,22.8078258401118 70.8388821312254,22.8078190989574 70.8388748588708,22.8072773594934 70.8382905166415,22.80728410047 70.8382977866883,22.8078258401118</coordinates></LinearRing></outerBoundaryIs></Polygon><Polygon><outerBoundaryIs><LinearRing><coordinates>70.8395101281587,22.8110627905615 70.8394955764019,22.809979312418 70.8383268690851,22.809992798289 70.8383414116092,22.8110762771437 70.8395101281587,22.8110627905615</coordinates></LinearRing></outerBoundaryIs></Polygon><Polygon><outerBoundaryIs><LinearRing><coordinates>70.8476984277343,22.8115098813012 70.8476765028246,22.809884671631 70.8470921523786,22.8098914455977 70.8471140703638,22.8115166558037 70.8476984277343,22.8115098813012</coordinates></LinearRing></outerBoundaryIs></Polygon><Polygon><outerBoundaryIs><LinearRing><coordinates>70.8395174043688,22.8116045295747 70.8401017646201,22.8115977828954 70.8400944861018,22.8110560440601 70.8395101281587,22.8110627905615 70.8395174043688,22.8116045295747</coordinates></LinearRing></outerBoundaryIs></Polygon><Polygon><outerBoundaryIs><LinearRing><coordinates>70.8471359903474,22.8131418656586 70.8465516258298,22.8131486385567 70.8465662356453,22.8142321119553 70.8471506047799,22.8142253387001 70.8471359903474,22.8131418656586</coordinates></LinearRing></outerBoundaryIs></Polygon><Polygon><outerBoundaryIs><LinearRing><coordinates>70.8471579123292,22.8147670751624 70.8477422835504,22.8147602995881 70.8477349736924,22.8142185633045 70.8471506047799,22.8142253387001 70.8471579123292,22.8147670751624</coordinates></LinearRing></outerBoundaryIs></Polygon><Polygon><outerBoundaryIs><LinearRing><coordinates>70.845426700535,22.816412599801 70.8460110793485,22.816405830113 70.8459964723748,22.8153223566695 70.8454120981789,22.8153291260005 70.845426700535,22.816412599801</coordinates></LinearRing></outerBoundaryIs></Polygon><Polygon><outerBoundaryIs><LinearRing><coordinates>70.846040295959,22.8185727765318 70.8460256872099,22.8174893034005 70.8454413037785,22.8174960734453 70.8454559079095,22.8185795469336 70.846040295959,22.8185727765318</coordinates></LinearRing></outerBoundaryIs></Polygon><Polygon><outerBoundaryIs><LinearRing><coordinates>70.8419495749553,22.8186201243839 70.8419422866338,22.8180783865897 70.8413578993418,22.8180851418265 70.8413651853541,22.8186268797988 70.8419495749553,22.8186201243839</coordinates></LinearRing></outerBoundaryIs></Polygon><Polygon><outerBoundaryIs><LinearRing><coordinates>70.8454851188338,22.8207464934419 70.8460695161205,22.8207397223262 70.8460476006665,22.8191145130389 70.8454632103077,22.8191212836192 70.8454851188338,22.8207464934419</coordinates></LinearRing></outerBoundaryIs></Polygon><Polygon><outerBoundaryIs><LinearRing><coordinates>70.8384723341055,22.8208275798157 70.8390567340503,22.8208208343946 70.8390494563901,22.8202790958666 70.8384650587548,22.8202858411099 70.8384723341055,22.8208275798157</coordinates></LinearRing></outerBoundaryIs></Polygon><Polygon><outerBoundaryIs><LinearRing><coordinates>70.8437392219997,22.8213085310063 70.8449080223014,22.8212949991243 70.8449007213251,22.8207532624164 70.8437319256424,22.8207667939417 70.8437392219997,22.8213085310063</coordinates></LinearRing></outerBoundaryIs></Polygon><Polygon><outerBoundaryIs><LinearRing><coordinates>70.8437684096458,22.8234754788744 70.8437611124017,22.8229337419659 70.8431767049894,22.8229405052298 70.8431839999237,22.8234822423165 70.8437684096458,22.8234754788744</coordinates></LinearRing></outerBoundaryIs></Polygon><Polygon><outerBoundaryIs><LinearRing><coordinates>70.8379534012547,22.8257099712919 70.8379461262246,22.8251682327594 70.8373617073596,22.8251749753195 70.8373689800796,22.8257167140297 70.8379534012547,22.8257099712919</coordinates></LinearRing></outerBoundaryIs></Polygon><Polygon><outerBoundaryIs><LinearRing><coordinates>70.8368063712385,22.8273486710549 70.8373907995652,22.827341929926 70.8373762530206,22.8262584527008 70.8367918293143,22.8262651934745 70.8368063712385,22.8273486710549</coordinates></LinearRing></outerBoundaryIs></Polygon><Polygon><outerBoundaryIs><LinearRing><coordinates>70.8426579389521,22.8278229003318 70.8426433503797,22.8267394263873 70.8420589263543,22.8267461866153 70.8420735103061,22.8278296609161 70.8426579389521,22.8278229003318</coordinates></LinearRing></outerBoundaryIs></Polygon><Polygon><outerBoundaryIs><LinearRing><coordinates>70.842102680868,22.8299966090494 70.842088095144,22.8289131350608 70.8415036616555,22.8289198938594 70.8415182427583,22.8300033682042 70.842102680868,22.8299966090494</coordinates></LinearRing></outerBoundaryIs></Polygon><Polygon><outerBoundaryIs><LinearRing><coordinates>70.8374417194318,22.8311340989851 70.8380261637117,22.8311273544703 70.8380188864714,22.830585616328 70.8374344445022,22.8305923606651 70.8374417194318,22.8311340989851</coordinates></LinearRing></outerBoundaryIs></Polygon><Polygon><outerBoundaryIs><LinearRing><coordinates>70.8421245611154,22.8316218197396 70.8421172674781,22.8310800828819 70.8415328247469,22.8310868423928 70.8415401160734,22.8316285794286 70.8421245611154,22.8316218197396</coordinates></LinearRing></outerBoundaryIs></Polygon><Polygon><outerBoundaryIs><LinearRing><coordinates>70.8374562699538,22.8322175755079 70.8374489945823,22.831675837266 70.8368645477705,22.8316825798162 70.8368718208311,22.8322243182357 70.8374562699538,22.8322175755079</coordinates></LinearRing></outerBoundaryIs></Polygon><Polygon><outerBoundaryIs><LinearRing><coordinates>70.8409702495055,22.8327188112859 70.8415546993909,22.8327120533831 70.8415474076214,22.8321703164254 70.8409629600471,22.8321770741501 70.8409702495055,22.8327188112859</coordinates></LinearRing></outerBoundaryIs></Polygon><Polygon><outerBoundaryIs><LinearRing><coordinates>70.8369591147902,22.8387251762268 70.8375435916497,22.838718431367 70.8375363136261,22.8381766935934 70.8369518390784,22.8381834382755 70.8369591147902,22.8387251762268</coordinates></LinearRing></outerBoundaryIs></Polygon><Polygon><outerBoundaryIs><LinearRing><coordinates>70.8381571918406,22.8408786343573 70.8387416775058,22.8408718845001 70.838734393974,22.8403301472382 70.8381499106208,22.8403368969175 70.8381571918406,22.8408786343573</coordinates></LinearRing></outerBoundaryIs></Polygon><Polygon><outerBoundaryIs><LinearRing><coordinates>70.8375872644329,22.8419688571889 70.8375799850831,22.8414271196495 70.8369954966636,22.8414338653976 70.8370027737012,22.8419756031147 70.8375872644329,22.8419688571889</coordinates></LinearRing></outerBoundaryIs></Polygon><Polygon><outerBoundaryIs><LinearRing><coordinates>70.839348021809,22.8424903435177 70.8393334490149,22.8414068695447 70.8387489612588,22.841413621723 70.8387635294284,22.8424970960517 70.839348021809,22.8424903435177</coordinates></LinearRing></outerBoundaryIs></Polygon><Polygon><outerBoundaryIs><LinearRing><coordinates>70.837630945174,22.8452192816055 70.8382154495593,22.8452125324698 70.8382008838028,22.8441290581759 70.8376163840427,22.8441358069561 70.837630945174,22.8452192816055</coordinates></LinearRing></outerBoundaryIs></Polygon><Polygon><outerBoundaryIs><LinearRing><coordinates>70.8382300162004,22.8462960066075 70.8382227327693,22.8457542695582 70.8376382260713,22.8457610188716 70.8376455071896,22.8463027560987 70.8382300162004,22.8462960066075</coordinates></LinearRing></outerBoundaryIs></Polygon><Polygon><outerBoundaryIs><LinearRing><coordinates>70.8406409890322,22.851686348434 70.8406336941355,22.8511446124867 70.8400491651919,22.8511513721552 70.8400564577751,22.8516931082805 70.8406409890322,22.851686348434</coordinates></LinearRing></outerBoundaryIs></Polygon><Polygon><outerBoundaryIs><LinearRing><coordinates>70.8377183305335,22.8517201262222 70.8383028626758,22.8517133749535 70.8382955770329,22.8511716382946 70.8377110472041,22.8511783893856 70.8377183305335,22.8517201262222</coordinates></LinearRing></outerBoundaryIs></Polygon><Polygon><outerBoundaryIs><LinearRing><coordinates>70.8412401151526,22.8527630578642 70.8412328174994,22.8522213221731 70.8406482841503,22.8522280843422 70.8406555794899,22.8527698202113 70.8412401151526,22.8527630578642</coordinates></LinearRing></outerBoundaryIs></Polygon><Polygon><outerBoundaryIs><LinearRing><coordinates>70.8383247209315,22.8533385846958 70.8383174346251,22.8527968481541 70.8377328978557,22.8528035997783 70.8377401818485,22.8533453364978 70.8383247209315,22.8533385846958</coordinates></LinearRing></outerBoundaryIs></Polygon><Polygon><outerBoundaryIs><LinearRing><coordinates>70.8598267466278,22.7577285866602 70.8592426223238,22.7577353904475 70.859235287441,22.7571936538319 70.8580670427657,22.7572072546437 70.8580597127083,22.7566655176298 70.8574755923372,22.7566723146543 70.8574682648039,22.7561305774219 70.8568841465109,22.7561373721325 70.8568694967151,22.7550538971918 70.8574536104062,22.7550471028402 70.8574462835417,22.7545053654909 70.8556939487025,22.7545257416045 70.8556866289634,22.7539840036779 70.8539342990219,22.7540043600454 70.8539489249179,22.7550878369352 70.8527806946409,22.7551013978923 70.8527880033208,22.755643136637 70.8522038855477,22.7556499140931 70.8522184989726,22.7567333918237 70.851634376375,22.7567401675034 70.8516416811198,22.7572819064892 70.8522258060185,22.7572751306306 70.8522331132868,22.7578168693985 70.8516489860868,22.7578236454361 70.8516709023216,22.7594488620432 70.8522550364257,22.7594420854685 70.8522477284904,22.7589003468175 70.8534159914286,22.758886787622 70.8534086791129,22.7583450492901 70.8539928079469,22.7583382666695 70.8539854935524,22.7577965284778 70.8569061228764,22.7577625842513 70.8569207749011,22.7588460588024 70.8575049047001,22.7588392631943 70.8575122333483,22.7593810002319 70.8586804968801,22.7593674022525 70.8586878303542,22.7599091388919 70.8592719640869,22.7599023365204 70.8592646283113,22.7593606000606 70.8598487595194,22.7593537957341 70.8598414216656,22.7588120594151 70.860425550349,22.7588052531336 70.8604182104172,22.7582635169554 70.8598340840351,22.7582703230571 70.8598267466278,22.7577285866602</coordinates></LinearRing></outerBoundaryIs><innerBoundaryIs><LinearRing><coordinates>70.8551464271757,22.7572412193189 70.855139108624,22.7566994814078 70.853970865431,22.7567130519776 70.8539562381997,22.7556295753216 70.8545403553055,22.7556227914624 70.8545476711108,22.7561645296306 70.8557159092564,22.7561509551504 70.8557305507394,22.7572344306529 70.8551464271757,22.7572412193189</coordinates></LinearRing></innerBoundaryIs></Polygon><Polygon><outerBoundaryIs><LinearRing><coordinates>70.8557525146345,22.7588596436144 70.8557451931134,22.7583179059995 70.8551610649472,22.7583246950242 70.855168384167,22.7588664328184 70.8557525146345,22.7588596436144</coordinates></LinearRing></outerBoundaryIs></Polygon><Polygon><outerBoundaryIs><LinearRing><coordinates>70.8616084967851,22.7598751056864 70.8616011518037,22.7593333699459 70.8610170212656,22.7593401806767 70.8610243639456,22.7598819165971 70.8616084967851,22.7598751056864</coordinates></LinearRing></outerBoundaryIs></Polygon><Polygon><outerBoundaryIs><LinearRing><coordinates>70.8621999769075,22.7604100281625 70.8621926294012,22.759868292641 70.8616084967851,22.7598751056864 70.86161584199,22.760416841388 70.8621999769075,22.7604100281625</coordinates></LinearRing></outerBoundaryIs></Polygon><Polygon><outerBoundaryIs><LinearRing><coordinates>70.8627914616331,22.7609449481048 70.8627841116016,22.7604032128023 70.8621999769075,22.7604100281625 70.8622073246375,22.7609517636451 70.8627914616331,22.7609449481048</coordinates></LinearRing></outerBoundaryIs></Polygon><Polygon><outerBoundaryIs><LinearRing><coordinates>70.8540293832579,22.7610469570433 70.8540220677505,22.7605052190465 70.8534379297106,22.7605120023838 70.8534452429163,22.7610537405598 70.8540293832579,22.7610469570433</coordinates></LinearRing></outerBoundaryIs></Polygon><Polygon><outerBoundaryIs><LinearRing><coordinates>70.8510867679952,22.759455636483 70.8505026334466,22.7594624087881 70.850517236175,22.760545887047 70.8499330968012,22.7605526575749 70.8499549956546,22.7621778752075 70.8505391419337,22.7621711041431 70.8505245378724,22.7610876261179 70.8511086793258,22.7610808532762 70.8511013753267,22.7605391143841 70.8522696529634,22.7605255626537 70.8522623445834,22.7599838240806 70.8510940715499,22.759997375453 70.8510867679952,22.759455636483</coordinates></LinearRing></outerBoundaryIs></Polygon><Polygon><outerBoundaryIs><LinearRing><coordinates>70.8557818029468,22.7610265936842 70.8557744805346,22.7604848562252 70.8546062055679,22.7604984335743 70.8546208414085,22.7615819091705 70.8552049836065,22.7615751212049 70.8551976632732,22.7610333836055 70.8557818029468,22.7610265936842</coordinates></LinearRing></outerBoundaryIs></Polygon><Polygon><outerBoundaryIs><LinearRing><coordinates>70.8534598699952,22.7621372167949 70.8534525563445,22.7615954786968 70.8511159835471,22.7616225921294 70.8511232879906,22.7621643309436 70.8534598699952,22.7621372167949</coordinates></LinearRing></outerBoundaryIs></Polygon><Polygon><outerBoundaryIs><LinearRing><coordinates>70.8505464442975,22.7627128430972 70.8511305926563,22.7627060697188 70.8511232879906,22.7621643309436 70.8505391419337,22.7621711041431 70.8505464442975,22.7627128430972</coordinates></LinearRing></outerBoundaryIs></Polygon><Polygon><outerBoundaryIs><LinearRing><coordinates>70.8505683527222,22.7643380597258 70.8505756559747,22.7648797985241 70.8511598135417,22.7648730244302 70.8511452026545,22.7637895471524 70.8505610496918,22.7637963208886 70.8505537468836,22.7632545820124 70.8499695960007,22.7632613534345 70.8499549956546,22.7621778752075 70.8493708491534,22.7621846441368 70.8493927430998,22.7638098619552 70.8488085894708,22.7638166292856 70.8488158855949,22.7643583686592 70.8482317294418,22.7643651340331 70.8482390234857,22.7649068735464 70.8476548648085,22.7649136369635 70.8476475730668,22.7643718972716 70.8470634164699,22.7643786583748 70.8470779955708,22.7654621380768 70.847662156772,22.7654553766165 70.8476767413647,22.7665388558055 70.8465084095309,22.7665523773049 70.8465156975551,22.767094117198 70.8470998658853,22.7670873573376 70.8471071564337,22.7676290970133 70.8476913268447,22.7676223348388 70.8476840339937,22.7670805953416 70.8482682018803,22.76707383121 70.8482609069488,22.7665320918525 70.848845072311,22.766525325764 70.848837775299,22.7659835865463 70.8494219381369,22.7659768185009 70.8494000415261,22.7643516011501 70.8505683527222,22.7643380597258</coordinates></LinearRing></outerBoundaryIs></Polygon><Polygon><outerBoundaryIs><LinearRing><coordinates>70.8558623641861,22.7669857031611 70.855855039323,22.7664439661308 70.8546867137127,22.7664575474248 70.8546940339709,22.7669992848138 70.8558623641861,22.7669857031611</coordinates></LinearRing></outerBoundaryIs></Polygon><Polygon><outerBoundaryIs><LinearRing><coordinates>70.8693054754987,22.7673706330419 70.870473799137,22.767356944252 70.8704664164906,22.7668152117629 70.869298097457,22.7668289001912 70.8693054754987,22.7673706330419</coordinates></LinearRing></outerBoundaryIs></Polygon><Polygon><outerBoundaryIs><LinearRing><coordinates>70.8482827924091,22.7681573098081 70.8488669646789,22.7681505431835 70.848859667001,22.7676088040827 70.8482754970338,22.7676155705285 70.8482827924091,22.7681573098081</coordinates></LinearRing></outerBoundaryIs></Polygon><Polygon><outerBoundaryIs><LinearRing><coordinates>70.8552855219733,22.7675342322259 70.8553001682085,22.7686177064503 70.8558843401123,22.7686109140182 70.8558770145807,22.7680691771048 70.8564611839591,22.7680623827163 70.8564538563479,22.7675206459434 70.8552855219733,22.7675342322259</coordinates></LinearRing></outerBoundaryIs></Polygon><Polygon><outerBoundaryIs><LinearRing><coordinates>70.8564611839591,22.7680623827163 70.8564758398504,22.7691458561453 70.8558916658667,22.7691526508926 70.8559209711129,22.7713195980003 70.856505154308,22.7713128025354 70.8564831681304,22.7696875928013 70.857067344194,22.7696807957387 70.8570600136112,22.7691390592622 70.857644187149,22.7691322602434 70.8576368544865,22.7685905239074 70.8570526832514,22.7685973227467 70.8570453531146,22.7680555861922 70.8564611839591,22.7680623827163</coordinates></LinearRing></outerBoundaryIs></Polygon><Polygon><outerBoundaryIs><LinearRing><coordinates>70.8652678754439,22.7712106142428 70.8652605119512,22.7706688804018 70.8646763344102,22.7706757077262 70.8646836956,22.7712174417474 70.8652678754439,22.7712106142428</coordinates></LinearRing></outerBoundaryIs></Polygon><Polygon><outerBoundaryIs><LinearRing><coordinates>70.8699929858229,22.7749480429974 70.8699856023353,22.7744063108737 70.8705697939795,22.774399463061 70.8705624084132,22.773857731079 70.8693940295069,22.7738714242067 70.8693866487716,22.7733296918242 70.8705550230714,22.773315999058 70.8705476379544,22.772774266998 70.8711318224642,22.7727674175916 70.8711244352687,22.7722256856734 70.8705402530619,22.772232534899 70.8705328683941,22.771690802761 70.8699486882656,22.7716976496698 70.8699339242096,22.7706141849151 70.8693497484624,22.7706210293265 70.86933498991,22.7695375640544 70.8699191610517,22.7695307200044 70.8698970179987,22.7679055223457 70.8687286893066,22.7679192072258 70.8687213133429,22.7673774742335 70.8681371509626,22.7673843132896 70.868122404313,22.7663008468268 70.8675382463132,22.7663076833862 70.8675529883581,22.7673911502101 70.8646321719734,22.7674253027796 70.8646395318198,22.7679670370348 70.8634711990933,22.7679806834741 70.8634785545585,22.7685224180507 70.8652310602201,22.7685019446478 70.8652236978472,22.7679602106118 70.8669761945856,22.767939718529 70.8669909333708,22.7690231854798 70.8681592726193,22.7690095126912 70.8681666469535,22.769551245747 70.8675824751387,22.7695580833897 70.8675898473944,22.7700998165871 70.8670056730526,22.7701066522745 70.8670204136312,22.7711901189133 70.8676045925787,22.7711832828649 70.8676119655072,22.7717250159452 70.8670277842567,22.7717318521741 70.8670351551065,22.772273585396 70.8664509713288,22.7722804196693 70.8664583400997,22.7728221530326 70.8658741537948,22.7728289853502 70.8658888874025,22.7739124523205 70.8664730783138,22.7739056196421 70.8664657090947,22.7733638863568 70.8682182735738,22.7733433760457 70.8682256497026,22.7738851087895 70.8676414594639,22.7738919478766 70.8676562077879,22.7749754136082 70.8682404026333,22.77496857416 70.8682477794352,22.7755103067867 70.8676635822864,22.7755171464154 70.8676709570091,22.7760588791837 70.8670867573325,22.7760657168565 70.8670941299759,22.7766074497663 70.8676783319561,22.7766006119129 70.867700458143,22.7782258098665 70.86828466681,22.7782189693349 70.868269911187,22.7771355044327 70.8688541150222,22.7771286621257 70.8688245972543,22.7749617325754 70.8699929858229,22.7749480429974</coordinates></LinearRing></outerBoundaryIs></Polygon><Polygon><outerBoundaryIs><LinearRing><coordinates>70.8512840419795,22.7740825749979 70.8512621146459,22.7724573610102 70.8506779248414,22.7724641376089 70.8506998452652,22.7740893521333 70.8512840419795,22.7740825749979</coordinates></LinearRing></outerBoundaryIs></Polygon><Polygon><outerBoundaryIs><LinearRing><coordinates>70.8670867573325,22.7760657168565 70.8670793849133,22.7755239839078 70.8659109894945,22.7755376524833 70.8659183573067,22.7760793857929 70.8670867573325,22.7760657168565</coordinates></LinearRing></outerBoundaryIs></Polygon><Polygon><outerBoundaryIs><LinearRing><coordinates>70.853073215344,22.7767709172883 70.8536574226864,22.776764130712 70.8536501030265,22.7762223936662 70.8530658979878,22.7762291800634 70.853073215344,22.7767709172883</coordinates></LinearRing></outerBoundaryIs></Polygon><Polygon><outerBoundaryIs><LinearRing><coordinates>70.8484068477481,22.777366871599 70.8483922496728,22.7762833943258 70.8478080426338,22.7762901614941 70.8478226361016,22.7773736391246 70.8484068477481,22.777366871599</coordinates></LinearRing></outerBoundaryIs></Polygon><Polygon><outerBoundaryIs><LinearRing><coordinates>70.8653488886469,22.7771696839193 70.8653415226903,22.7766279505074 70.8647573198136,22.7766347798147 70.8647646834666,22.7771765134069 70.8653488886469,22.7771696839193</coordinates></LinearRing></outerBoundaryIs></Polygon><Polygon><outerBoundaryIs><LinearRing><coordinates>70.8641878396355,22.7777250744913 70.8647720473436,22.77771824696 70.8647646834666,22.7771765134069 70.8641804780623,22.7771833407579 70.8641878396355,22.7777250744913</coordinates></LinearRing></outerBoundaryIs></Polygon><Polygon><outerBoundaryIs><LinearRing><coordinates>70.8525036385516,22.7778611764192 70.8530878507241,22.7778543916212 70.8530805329228,22.7773126544743 70.8524963230541,22.7773194390931 70.8525036385516,22.7778611764192</coordinates></LinearRing></outerBoundaryIs></Polygon><Polygon><outerBoundaryIs><LinearRing><coordinates>70.8478518257002,22.7795405939179 70.8484360465625,22.7795338256777 70.8484506473018,22.7806173024832 70.8478664218311,22.7806240710807 70.8478591236546,22.7800823325188 70.8472749002662,22.7800890988007 70.8472967885485,22.7817143149054 70.8467125580253,22.7817210795859 70.8467344413911,22.7833462958754 70.8473186788277,22.7833395306592 70.8473332734566,22.7844230076335 70.8479175152807,22.7844162399228 70.8479321154069,22.785499716384 70.8491006076082,22.7854861738356 70.8491225232922,22.7871113871628 70.8485382703876,22.7871181600419 70.8485528773439,22.7882016357559 70.850305649222,22.7881813096328 70.8502764085368,22.7860143601942 70.8508606561648,22.7860075812598 70.8508533442442,22.7854658439816 70.851437589345,22.7854590630886 70.851430275342,22.7849173259504 70.850846032546,22.7849241066644 70.8508387210701,22.7843823693082 70.8514229615613,22.7843755887731 70.8514083346673,22.7832921143016 70.8502398626811,22.7833056725188 70.8502179378347,22.7816804594456 70.8496337084216,22.7816872348118 70.8496190975771,22.7806037588772 70.8490348725505,22.7806105317487 70.8490202672029,22.7795270553006 70.8496044876212,22.7795202827866 70.8495971829765,22.7789785446829 70.8501814008685,22.7789717702108 70.850174094142,22.7784300322469 70.8507583095079,22.7784232558169 70.8507436921136,22.7773397801298 70.8513279026495,22.7773330019209 70.851320591982,22.7767912641979 70.8519047999918,22.7767844840313 70.8518901747165,22.7757010088262 70.8524743778965,22.7756942268811 70.8524816927266,22.7762359643241 70.8530658979878,22.7762291800634 70.8530585808541,22.7756874427995 70.8542269861016,22.7756738682269 70.854205022215,22.7740486572764 70.853620826613,22.7740554450933 70.8536354643745,22.7751389194577 70.853051263943,22.7751457054966 70.8530219985238,22.7729787558953 70.8536061897419,22.772971970573 70.8536135080661,22.7735137078526 70.8541977013649,22.7735069202149 70.8541830603325,22.772423445975 70.8530146827253,22.7724370183975 70.8530073671493,22.7718952808607 70.8535915537611,22.7718884958967 70.8535842361046,22.7713467585001 70.8541684201907,22.7713399715792 70.8541611004538,22.7707982343228 70.8547452820143,22.7707914454451 70.8547306386027,22.7697079711739 70.8553148153347,22.7697011805189 70.8553074916602,22.7691594435041 70.8547233172309,22.7691662339798 70.8547159960819,22.7686244967468 70.8535476511606,22.7686380709324 70.8535622844705,22.7697215460764 70.8529781070705,22.7697283303239 70.8529707926071,22.7691865925923 70.8518024417453,22.7692001543216 70.8518243719861,22.7708253684739 70.851240189313,22.7708321466718 70.8512621146459,22.7724573610102 70.8518463042281,22.7724505822755 70.8518828624125,22.7751592711652 70.8507144599923,22.7751728282881 70.8506998452652,22.7740893521333 70.8501156483286,22.7740961271324 70.8501083436018,22.7735543888177 70.8495241487464,22.7735611615016 70.8495387538155,22.7746446384497 70.8489545541312,22.7746514093548 70.8489837577202,22.7768183634983 70.8495679666189,22.7768115918781 70.8495825743534,22.7778950683584 70.8489983608471,22.7779018403361 70.8490129648622,22.7789853170181 70.8478445279676,22.7789988552781 70.8478518257002,22.7795405939179</coordinates></LinearRing></outerBoundaryIs><innerBoundaryIs><LinearRing><coordinates>70.8524158672647,22.7713603259339 70.8524085544367,22.7708185881401 70.8529927366649,22.7708118056703 70.8529854217565,22.7702700680166 70.8535696014593,22.7702632835899 70.8535842361046,22.7713467585001 70.8524158672647,22.7713603259339</coordinates></LinearRing></innerBoundaryIs><innerBoundaryIs><LinearRing><coordinates>70.8501229532776,22.7746378654081 70.8501302584488,22.7751796036449 70.8495460566831,22.7751863768652 70.8495387538155,22.7746446384497 70.8501229532776,22.7746378654081</coordinates></LinearRing></innerBoundaryIs><innerBoundaryIs><LinearRing><coordinates>70.8496848533758,22.7854793993551 70.8496775462872,22.7849376616802 70.8502617895277,22.784930885241 70.8502690989211,22.7854726227371 70.8496848533758,22.7854793993551</coordinates></LinearRing></innerBoundaryIs><innerBoundaryIs><LinearRing><coordinates>70.8484652489291,22.7817007791328 70.8484725500758,22.7822425173992 70.8490567822375,22.7822357461285 70.8490640859107,22.7827774841771 70.8496483201548,22.7827707105905 70.8496629327767,22.7838541862133 70.8490786939234,22.7838609601575 70.8490859982629,22.7844026980891 70.8485017568828,22.7844094700747 70.848494454848,22.7838677319643 70.8479102155506,22.7838745016337 70.8479029160425,22.7833327633057 70.8484871530352,22.7833259938149 70.8484798514445,22.7827842556265 70.8478956167563,22.7827910249387 70.8478810188498,22.7817075480877 70.8484652489291,22.7817007791328</coordinates></LinearRing></innerBoundaryIs></Polygon><Polygon><outerBoundaryIs><LinearRing><coordinates>70.8572286734371,22.7815989883581 70.8572213379477,22.7810572527394 70.8566371135104,22.7810640535711 70.8566444466955,22.7816057893693 70.8572286734371,22.7815989883581</coordinates></LinearRing></outerBoundaryIs></Polygon><Polygon><outerBoundaryIs><LinearRing><coordinates>70.8619760308694,22.7869618429948 70.8619686747093,22.7864201092043 70.8625529201822,22.7864132873394 70.8625308461297,22.7847880862738 70.8631150844644,22.7847812628116 70.8631003649387,22.7836977955996 70.8636845984404,22.7836909703603 70.8636772367087,22.7831492368759 70.864261467682,22.7831424096795 70.8642541038698,22.7826006763362 70.8648383323147,22.7825938471829 70.8648236007533,22.7815103807398 70.864239376917,22.7815172095327 70.8641878396355,22.7777250744913 70.8636036317036,22.7777318998859 70.8636257108549,22.7793571013926 70.8630414957875,22.7793639251909 70.8630562117326,22.7804473930271 70.8618877717103,22.7804610349335 70.8619171878516,22.7826279715782 70.8607487285004,22.7826416063763 70.8607634286949,22.7837250751842 70.8595949592317,22.7837387021529 70.8596096511016,22.7848221715241 70.8584411715263,22.7848357906625 70.8584485131868,22.785377525649 70.8578642707595,22.7853843321917 70.8578716103384,22.7859260673189 70.8584558550705,22.7859192605965 70.8584778820613,22.7875444652049 70.8578936304142,22.7875512724662 70.8579009708858,22.7880930074372 70.859069478567,22.7880793904178 70.8590988611278,22.7902463284747 70.8596831238545,22.7902395160394 70.8596684275168,22.7891560474484 70.8602526854094,22.7891492332348 70.8602379853548,22.7880657648474 70.8608222384136,22.7880589488556 70.8608148864164,22.7875172147832 70.8613991369465,22.7875103968336 70.8613917828679,22.7869686629021 70.8619760308694,22.7869618429948</coordinates></LinearRing></outerBoundaryIs><innerBoundaryIs><LinearRing><coordinates>70.8596463846856,22.7875308442694 70.8590621334851,22.787537655806 70.8590547886266,22.7869959211552 70.8596390375221,22.7869891097984 70.8596463846856,22.7875308442694</coordinates></LinearRing></innerBoundaryIs><innerBoundaryIs><LinearRing><coordinates>70.8596316905819,22.7864473752883 70.860215936949,22.7864405619737 70.8602232861941,22.7869822963039 70.8596390375221,22.7869891097984 70.8596316905819,22.7864473752883</coordinates></LinearRing></innerBoundaryIs></Polygon><Polygon><outerBoundaryIs><LinearRing><coordinates>70.866065760613,22.7869140437909 70.8666500068232,22.7869072067828 70.8666426322236,22.7863654744341 70.8660583883184,22.7863723112617 70.866065760613,22.7869140437909</coordinates></LinearRing></outerBoundaryIs></Polygon><Polygon><outerBoundaryIs><LinearRing><coordinates>70.8695860074309,22.7879564524535 70.8695786208577,22.7874147210857 70.8684101258467,22.7874284147014 70.8684175078098,22.7879701464305 70.8695860074309,22.7879564524535</coordinates></LinearRing></outerBoundaryIs></Polygon><Polygon><outerBoundaryIs><LinearRing><coordinates>70.8666721319672,22.788532403595 70.8666795074636,22.7890741357876 70.8672637626699,22.78906729592 70.8672490072909,22.7879838318567 70.8660805058747,22.7879975087322 70.866065760613,22.7869140437909 70.8654815141787,22.7869208786614 70.8654962548303,22.7880043439634 70.8649120035619,22.7880111770569 70.8649193719187,22.7885529098297 70.8666721319672,22.788532403595</coordinates></LinearRing></outerBoundaryIs></Polygon><Polygon><outerBoundaryIs><LinearRing><coordinates>70.867840637545,22.7885187220831 70.8684248899974,22.7885118781205 70.8684175078098,22.7879701464305 70.8678332576626,22.7879769902124 70.867840637545,22.7885187220831</coordinates></LinearRing></outerBoundaryIs></Polygon><Polygon><outerBoundaryIs><LinearRing><coordinates>70.8649341093045,22.7896363752581 70.8649193719187,22.7885529098297 70.864335118121,22.7885597409657 70.8643498508963,22.7896432067547 70.8649341093045,22.7896363752581</coordinates></LinearRing></outerBoundaryIs></Polygon><Polygon><outerBoundaryIs><LinearRing><coordinates>70.8573460716076,22.7902667529529 70.8573313937127,22.7891832829247 70.8567471347038,22.7891900864491 70.8567618079879,22.7902735568364 70.8573460716076,22.7902667529529</coordinates></LinearRing></outerBoundaryIs></Polygon><Polygon><outerBoundaryIs><LinearRing><coordinates>70.8649414783334,22.7901781079138 70.8655257388229,22.790171274099 70.8655183674886,22.7896295416237 70.8649341093045,22.7896363752581 70.8649414783334,22.7901781079138</coordinates></LinearRing></outerBoundaryIs></Polygon><Polygon><outerBoundaryIs><LinearRing><coordinates>70.8637729566824,22.7901917691295 70.8643572176199,22.7901849395906 70.8643498508963,22.7896432067547 70.8637655922642,22.7896500361134 70.8637729566824,22.7901917691295</coordinates></LinearRing></outerBoundaryIs></Polygon><Polygon><outerBoundaryIs><LinearRing><coordinates>70.8596904723586,22.7907812502763 70.8608590017527,22.7907676186321 70.8608516486378,22.7902258847549 70.8596831238545,22.7902395160394 70.8596904723586,22.7907812502763</coordinates></LinearRing></outerBoundaryIs></Polygon><Polygon><outerBoundaryIs><LinearRing><coordinates>70.8632034204183,22.7912820628059 70.8631960578577,22.7907403296877 70.8637803213246,22.7907335021066 70.8637729566824,22.7901917691295 70.8620201725268,22.7902122449185 70.8620275302526,22.7907539784359 70.8626117941671,22.7907471551308 70.8626191544221,22.7912888884291 70.8632034204183,22.7912820628059</coordinates></LinearRing></outerBoundaryIs></Polygon><Polygon><outerBoundaryIs><LinearRing><coordinates>70.8649635867645,22.7918033056466 70.8649488475864,22.7907198405304 70.8643645845675,22.7907266723875 70.8643793191345,22.7918101378642 70.8649635867645,22.7918033056466</coordinates></LinearRing></outerBoundaryIs></Polygon><Polygon><outerBoundaryIs><LinearRing><coordinates>70.8638024165944,22.7923587008038 70.864386686754,22.792351870544 70.8643793191345,22.7918101378642 70.8637950512805,22.7918169679437 70.8638024165944,22.7923587008038</coordinates></LinearRing></outerBoundaryIs></Polygon><Polygon><outerBoundaryIs><LinearRing><coordinates>70.8655920909173,22.7950468646208 70.8655625988562,22.7928799358904 70.8638097821322,22.7929004336247 70.863817147894,22.7934421664067 70.8649856972122,22.7934285030282 70.865000438631,22.7945119677541 70.8644161594721,22.794518800873 70.8644235282116,22.7950605333576 70.8655920909173,22.7950468646208</coordinates></LinearRing></outerBoundaryIs></Polygon><Polygon><outerBoundaryIs><LinearRing><coordinates>70.8603261990916,22.7945665728306 70.8603188467177,22.7940248390466 70.8597345680746,22.7940316548785 70.8597419181427,22.7945733888423 70.8603261990916,22.7945665728306</coordinates></LinearRing></outerBoundaryIs></Polygon><Polygon><outerBoundaryIs><LinearRing><coordinates>70.8620643222373,22.7934626454374 70.8620864001127,22.79508784517 70.8626706824732,22.7950810204246 70.862655959054,22.7939975543353 70.8638245138796,22.7939838991496 70.863817147894,22.7934421664067 70.8620643222373,22.7934626454374</coordinates></LinearRing></outerBoundaryIs></Polygon><Polygon><outerBoundaryIs><LinearRing><coordinates>70.8644161594721,22.794518800873 70.8644087909566,22.7939770683493 70.8638245138796,22.7939838991496 70.8638318800892,22.7945256318535 70.8644161594721,22.794518800873</coordinates></LinearRing></outerBoundaryIs></Polygon><Polygon><outerBoundaryIs><LinearRing><coordinates>70.8562215555173,22.7935307698843 70.8562362277588,22.7946142400063 70.8568205100474,22.794607436825 70.8568278488088,22.795149171648 70.8574121331803,22.7951423661488 70.8574268159846,22.7962258353187 70.8580111047453,22.7962190273218 70.8579964173287,22.7951355585111 70.8591649849557,22.7951219368202 70.8591502892081,22.7940384685722 70.8597345680746,22.7940316548785 70.8597198686089,22.7929481868339 70.8573827702498,22.7929754273408 70.8573901106477,22.7935171621013 70.8562215555173,22.7935307698843</coordinates></LinearRing></outerBoundaryIs></Polygon><Polygon><outerBoundaryIs><LinearRing><coordinates>70.8603409045102,22.7956500402814 70.8615094749617,22.7956364011231 70.8615021175285,22.795094667777 70.8603335516891,22.7951083065755 70.8603409045102,22.7956500402814</coordinates></LinearRing></outerBoundaryIs></Polygon><Polygon><outerBoundaryIs><LinearRing><coordinates>70.8586027396321,22.7967539513535 70.8585953932827,22.7962122171863 70.8580111047453,22.7962190273218 70.8580184487884,22.7967607616686 70.8586027396321,22.7967539513535</coordinates></LinearRing></outerBoundaryIs></Polygon><Polygon><outerBoundaryIs><LinearRing><coordinates>70.8597860232434,22.7978237918056 70.8597713206493,22.7967403243073 70.8591870302524,22.7967471388997 70.8592017282338,22.7978306067575 70.8597860232434,22.7978237918056</coordinates></LinearRing></outerBoundaryIs></Polygon><Polygon><outerBoundaryIs><LinearRing><coordinates>70.8580404822574,22.798385964475 70.8586247800202,22.7983791536208 70.8586174330008,22.7978374195708 70.8580331375445,22.7978442302452 70.8580404822574,22.798385964475</coordinates></LinearRing></outerBoundaryIs></Polygon><Polygon><outerBoundaryIs><LinearRing><coordinates>70.8545346909945,22.7984267846844 70.8545273601204,22.7978850493779 70.852774468399,22.7979054300708 70.8527817923537,22.7984471659149 70.8539503916703,22.7984335805668 70.853965049474,22.7995170514213 70.8545493534113,22.7995102551804 70.8545420220915,22.7989685199519 70.8562949256463,22.7989481189338 70.8562802498361,22.797864649436 70.8574488418649,22.7978510387809 70.8574414996816,22.7973093043325 70.8556886182231,22.7973297165686 70.8557032889743,22.7984131865032 70.8545346909945,22.7984267846844</coordinates></LinearRing></outerBoundaryIs></Polygon><Polygon><outerBoundaryIs><LinearRing><coordinates>70.8603850261305,22.7989004416974 70.8603776719683,22.7983587082257 70.8592090775596,22.7983723406279 70.8592164271089,22.7989140744593 70.8603850261305,22.7989004416974</coordinates></LinearRing></outerBoundaryIs></Polygon><Polygon><outerBoundaryIs><LinearRing><coordinates>70.8534027267699,22.8011490520499 70.8528184154668,22.8011558445504 70.8528330662705,22.8022393157314 70.8522487501309,22.8022461064509 70.8522633972111,22.8033295778342 70.852847717965,22.8033227867564 70.8528403920064,22.8027810512634 70.8534247102305,22.8027742582255 70.8534173821876,22.8022325228727 70.8540016978819,22.8022257278747 70.85397237871,22.80005878679 70.8533880722431,22.8000655810711 70.8534027267699,22.8011490520499</coordinates></LinearRing></outerBoundaryIs></Polygon><Polygon><outerBoundaryIs><LinearRing><coordinates>70.8522707210851,22.8038713134672 70.8522633972111,22.8033295778342 70.8516790762347,22.8033363667725 70.8516644337686,22.8022528950312 70.8510801171838,22.8022596814723 70.8510947550357,22.8033431535715 70.8499261119704,22.8033567207515 70.8499334266156,22.8038984571004 70.8522707210851,22.8038713134672</coordinates></LinearRing></outerBoundaryIs></Polygon><Polygon><outerBoundaryIs><LinearRing><coordinates>70.8493710407898,22.8055304470094 70.8493637277851,22.8049887105986 70.8487793987748,22.8049954893765 70.8487867094722,22.805537225966 70.8493710407898,22.8055304470094</coordinates></LinearRing></outerBoundaryIs></Polygon><Polygon><outerBoundaryIs><LinearRing><coordinates>70.8493856674662,22.8066139197138 70.8499700031767,22.8066071382599 70.8499553718853,22.8055236659131 70.8493710407898,22.8055304470094 70.8493856674662,22.8066139197138</coordinates></LinearRing></outerBoundaryIs></Polygon><Polygon><outerBoundaryIs><LinearRing><coordinates>70.8482316137133,22.8077109494658 70.8482389232139,22.8082526860389 70.848823266292,22.8082459083283 70.8488159544836,22.8077041719338 70.8494002950317,22.8076973922621 70.8493856674662,22.8066139197138 70.8488013315335,22.8066206990279 70.8488086428975,22.8071624355004 70.8476399657502,22.807175988067 70.8476472727209,22.8077177248578 70.8482316137133,22.8077109494658</coordinates></LinearRing></outerBoundaryIs></Polygon><Polygon><outerBoundaryIs><LinearRing><coordinates>70.8488452030504,22.8098711172774 70.8488305783226,22.8087876446837 70.8482462329367,22.808794422573 70.8482389232139,22.8082526860389 70.8476545799137,22.8082594616096 70.8476765028246,22.809884671631 70.8488452030504,22.8098711172774</coordinates></LinearRing></outerBoundaryIs></Polygon></MultiGeometry>
  </Placemark>
  <Placemark id="flood_extent_Cf39713a.3">
	<name>1.5-3 m</name>
	<Style><LineStyle><color>ff0000ff</color></LineStyle><PolyStyle><fill>0</fill></PolyStyle></Style>
	<ExtendedData><SchemaData schemaUrl="#flood_extent_Cf39713a">
		<SimpleData name="area_km2">5.479</SimpleData>
	</SchemaData></ExtendedData>
      <MultiGeometry><Polygon><outerBoundaryIs><LinearRing><coordinates>70.7886141369461,22.8967096558302 70.7891988776033,22.896703072665 70.7891846645272,22.8956195758826 70.788599928509,22.8956261587017 70.7886141369461,22.8967096558302</coordinates></LinearRing></outerBoundaryIs></Polygon><Polygon><outerBoundaryIs><LinearRing><coordinates>70.788043600733,22.8977997341646 70.788628346245,22.8977931528027 70.7886212414878,22.8972514043359 70.7880364982955,22.8972579855248 70.788043600733,22.8977997341646</coordinates></LinearRing></outerBoundaryIs></Polygon><Polygon><outerBoundaryIs><LinearRing><coordinates>70.7863106506311,22.8994447125947 70.7868954037487,22.8994381371628 70.7868812070761,22.8983546393865 70.7862964585983,22.8983612144727 70.7863106506311,22.8994447125947</coordinates></LinearRing></outerBoundaryIs></Polygon><Polygon><outerBoundaryIs><LinearRing><coordinates>70.7880720126371,22.8999667283337 70.7880649093379,22.8994249798499 70.787480156651,22.8994315595812 70.7874872576302,22.8999733082379 70.7880720126371,22.8999667283337</coordinates></LinearRing></outerBoundaryIs></Polygon><Polygon><outerBoundaryIs><LinearRing><coordinates>70.7869096012823,22.9005216347831 70.7869025024079,22.8999798859925 70.7863177469703,22.8999864615973 70.7863248435247,22.9005282105608 70.7869096012823,22.9005216347831</coordinates></LinearRing></outerBoundaryIs></Polygon><Polygon><outerBoundaryIs><LinearRing><coordinates>70.7880933238271,22.9015919735511 70.788678085579,22.9015853909781 70.7886709793134,22.9010436427843 70.7880862198817,22.9010502251843 70.7880933238271,22.9015919735511</coordinates></LinearRing></outerBoundaryIs></Polygon><Polygon><outerBoundaryIs><LinearRing><coordinates>70.786945098884,22.9032303781515 70.7886994056689,22.9032106353254 70.7886922987568,22.9026688872486 70.7881075323643,22.9026754701677 70.788100427988,22.9021337218789 70.7875156637004,22.902140302475 70.7875227657564,22.9026820509368 70.7869379989331,22.9026886295558 70.786945098884,22.9032303781515</coordinates></LinearRing></outerBoundaryIs></Polygon><Polygon><outerBoundaryIs><LinearRing><coordinates>70.7887491600886,22.9070028707705 70.7893339448307,22.9069962843167 70.7893126132523,22.9053710413078 70.7887278354727,22.9053776272423 70.7887491600886,22.9070028707705</coordinates></LinearRing></outerBoundaryIs></Polygon><Polygon><outerBoundaryIs><LinearRing><coordinates>70.7864100189654,22.9070291950812 70.7858252331463,22.9070357707827 70.7858323301778,22.907577519412 70.7864171183179,22.9075709435377 70.7864100189654,22.9070291950812</coordinates></LinearRing></outerBoundaryIs></Polygon><Polygon><outerBoundaryIs><LinearRing><coordinates>70.7864242178856,22.9081126919552 70.7870090081315,22.9081061137574 70.7870019062427,22.9075643655128 70.7864171183179,22.9075709435377 70.7864242178856,22.9081126919552</coordinates></LinearRing></outerBoundaryIs></Polygon><Polygon><outerBoundaryIs><LinearRing><coordinates>70.7870232125551,22.9091896101297 70.787608007228,22.9091830294355 70.787593798162,22.9080995334091 70.7870090081315,22.9081061137574 70.7870232125551,22.9091896101297</coordinates></LinearRing></outerBoundaryIs></Polygon><Polygon><outerBoundaryIs><LinearRing><coordinates>70.7829509033219,22.9108608626624 70.7835357064648,22.9108542965054 70.7835215286055,22.9097707982944 70.7829367301055,22.9097773641063 70.7829509033219,22.9108608626624</coordinates></LinearRing></outerBoundaryIs></Polygon><Polygon><outerBoundaryIs><LinearRing><coordinates>70.7864739208877,22.9119049297855 70.7870587273828,22.9118983503776 70.7870516239866,22.9113566024061 70.7864668198129,22.9113631816411 70.7864739208877,22.9119049297855</coordinates></LinearRing></outerBoundaryIs></Polygon><Polygon><outerBoundaryIs><LinearRing><coordinates>70.7847053121056,22.9108411577389 70.7835357064648,22.9108542965054 70.7835569748657,22.9124795435295 70.7841417847583,22.9124729747038 70.7841276009662,22.911389477072 70.7847124060006,22.9113829064406 70.7847053121056,22.9108411577389</coordinates></LinearRing></outerBoundaryIs></Polygon><Polygon><outerBoundaryIs><LinearRing><coordinates>70.7841488769768,22.9130147234612 70.7847336889761,22.9130081523119 70.7847265944358,22.9124664037271 70.7841417847583,22.9124729747038 70.7841488769768,22.9130147234612</coordinates></LinearRing></outerBoundaryIs></Polygon><Polygon><outerBoundaryIs><LinearRing><coordinates>70.7835711548744,22.9135630413505 70.7841559694104,22.9135564721796 70.7841488769768,22.9130147234612 70.7835640647625,22.9130212924595 70.7835711548744,22.9135630413505</coordinates></LinearRing></outerBoundaryIs></Polygon><Polygon><outerBoundaryIs><LinearRing><coordinates>70.7841701549226,22.9146399694994 70.784163062059,22.914098220859 70.7835782452011,22.9141047902024 70.7835853357428,22.9146465390154 70.7841701549226,22.9146399694994</coordinates></LinearRing></outerBoundaryIs></Polygon><Polygon><outerBoundaryIs><LinearRing><coordinates>70.7888558122682,22.9151290831443 70.788891373774,22.9178378186513 70.7883065423837,22.9178444064157 70.7883207638506,22.9189279006915 70.7889055998857,22.9189213125809 70.788898486722,22.9183795656356 70.7894833202191,22.9183729755465 70.789469089894,22.9172894818851 70.7900539185307,22.9172828899907 70.7900468013695,22.9167411432746 70.789461975055,22.9167477349958 70.7894406318321,22.9151224940939 70.7888558122682,22.9151290831443</coordinates></LinearRing></outerBoundaryIs></Polygon><Polygon><outerBoundaryIs><LinearRing><coordinates>70.7883634334245,22.9221783825821 70.7889482833958,22.9221717934331 70.7889411689383,22.921630046722 70.7883563212899,22.9216366356979 70.7883634334245,22.9221783825821</coordinates></LinearRing></outerBoundaryIs></Polygon><Polygon><outerBoundaryIs><LinearRing><coordinates>70.784276573683,22.9227661944233 70.7842694775935,22.9222244463681 70.7836846258996,22.9222310183008 70.7836917196662,22.9227727665286 70.784276573683,22.9227661944233</coordinates></LinearRing></outerBoundaryIs></Polygon><Polygon><outerBoundaryIs><LinearRing><coordinates>70.7883776583404,22.9232618762334 70.7883705457747,22.9227201294273 70.7877856932649,22.9227267165973 70.7877928035076,22.9232684635764 70.7883776583404,22.9232618762334</coordinates></LinearRing></outerBoundaryIs></Polygon><Polygon><outerBoundaryIs><LinearRing><coordinates>70.7831210489663,22.9238628331654 70.7837059078443,22.923856262867 70.7836988136477,22.9233145147173 70.7831139570928,22.9233210848431 70.7831210489663,22.9238628331654</coordinates></LinearRing></outerBoundaryIs></Polygon><Polygon><outerBoundaryIs><LinearRing><coordinates>70.7878070246397,22.9243519574177 70.7883918841187,22.9243453697286 70.7883847711217,22.9238036230005 70.7877999139659,22.9238102105166 70.7878070246397,22.9243519574177</coordinates></LinearRing></outerBoundaryIs></Polygon><Polygon><outerBoundaryIs><LinearRing><coordinates>70.7872292735112,22.9249002899895 70.7878141355289,22.9248937042797 70.7878070246397,22.9243519574177 70.7872221649451,22.9243585429545 70.7872292735112,22.9249002899895</coordinates></LinearRing></outerBoundaryIs></Polygon><Polygon><outerBoundaryIs><LinearRing><coordinates>70.7796472840783,22.9266109559561 70.7796402050708,22.9260692067946 70.7790553353964,22.926075762716 70.7790624120803,22.9266175120496 70.7796472840783,22.9266109559561</coordinates></LinearRing></outerBoundaryIs></Polygon><Polygon><outerBoundaryIs><LinearRing><coordinates>70.777892667441,22.9266306177792 70.7778997396923,22.9271723674181 70.7790694889788,22.9271592613443 70.7790624120803,22.9266175120496 70.777892667441,22.9266306177792</coordinates></LinearRing></outerBoundaryIs></Polygon><Polygon><outerBoundaryIs><LinearRing><coordinates>70.784932423444,22.928177096844 70.7861021768689,22.9281639384174 70.7860950716573,22.9276221912707 70.7849253228798,22.9276353493518 70.784932423444,22.928177096844</coordinates></LinearRing></outerBoundaryIs></Polygon><Polygon><outerBoundaryIs><LinearRing><coordinates>70.7785270663949,22.9304163114388 70.7785199905335,22.9298745622061 70.7796897626288,22.9298614501055 70.779682682334,22.9293197011782 70.7802675657359,22.9293131420708 70.7802604833318,22.9287713932767 70.7808453641952,22.9287648321888 70.7808311953835,22.9276813348281 70.7814160713848,22.9276747719322 70.7814018987847,22.9265912747601 70.781986769924,22.9265847100564 70.7819796816226,22.9260429615843 70.7825645502237,22.9260363949005 70.7825574598138,22.9254946465618 70.7831423258765,22.9254880778981 70.7831281410547,22.9244045814486 70.7825432796386,22.9244111497673 70.7825503696187,22.924952898184 70.7819655056644,22.9249594645229 70.7819725935361,22.9255012130731 70.7813877270436,22.9255077774319 70.7813948128068,22.9260495261155 70.7808099437761,22.9260560884944 70.7808241112997,22.9271395860892 70.7802392374073,22.9271461466602 70.7802463191675,22.9276878955713 70.7796614427369,22.9276944541619 70.7796756022537,22.9287779522118 70.7785058394539,22.9287910636237 70.7785129148865,22.9293328129344 70.7779280308411,22.9293393655833 70.7779351041642,22.9298811150271 70.7773502175805,22.9298876656952 70.7773572887939,22.9304294152719 70.7767723996719,22.9304359639591 70.7767794687756,22.9309777136689 70.7756096852409,22.9309908049282 70.7756167499106,22.9315325549427 70.7750318554979,22.9315390975146 70.7750247931524,22.9309973473283 70.7744399008498,22.9310038875755 70.7744540211065,22.9320873882525 70.7750389180574,22.9320808476619 70.7750459808309,22.9326225977701 70.7756308798921,22.9326160548546 70.7756238147943,22.9320743049181 70.7762087113171,22.9320677600213 70.7762016441092,22.9315260102176 70.7773714318638,22.9315129143084 70.7773643602217,22.9309711648097 70.7779492514534,22.9309646137976 70.7779421777016,22.9304228644318 70.7785270663949,22.9304163114388</coordinates></LinearRing></outerBoundaryIs></Polygon><Polygon><outerBoundaryIs><LinearRing><coordinates>70.777906812158,22.9277141170179 70.7778997396923,22.9271723674181 70.7767299895484,22.9271854648815 70.7767370573668,22.9277272148253 70.7761521796499,22.9277337605 70.7761592453588,22.9282755105767 70.775574365104,22.9282820542706 70.7755673017188,22.927740304022 70.7749824235737,22.9277468453914 70.7750036074,22.9293720965354 70.7744187220695,22.9293786362673 70.774425781449,22.9299203867424 70.7755955565439,22.9299073047822 70.7755884925165,22.9293655546507 70.776173377419,22.9293590106131 70.7761663112818,22.9288172606144 70.7767511936462,22.9288107145959 70.7767441253994,22.9282689647301 70.7773290052258,22.9282624167308 70.7773219348695,22.9277206669979 70.777906812158,22.9277141170179</coordinates></LinearRing></outerBoundaryIs></Polygon><Polygon><outerBoundaryIs><LinearRing><coordinates>70.7738126666415,22.9277599216722 70.7732277878546,22.9277664565836 70.7732489507667,22.9293917092727 70.7726640647946,22.9293982425461 70.7726781698236,22.9304817444869 70.7732630604437,22.9304752108704 70.7732560054983,22.929933460091 70.7738408935806,22.9299269244932 70.7738267796833,22.9288434231607 70.7744116629039,22.9288368857533 70.7744046039523,22.9282951352002 70.7738197230555,22.9283016724359 70.7738126666415,22.9277599216722</coordinates></LinearRing></outerBoundaryIs></Polygon><Polygon><outerBoundaryIs><LinearRing><coordinates>70.7849466252181,22.9292605917113 70.7849395242234,22.9287188442972 70.7843546448645,22.9287254204542 70.7843617435353,22.929267168041 70.7849466252181,22.9292605917113</coordinates></LinearRing></outerBoundaryIs></Polygon><Polygon><outerBoundaryIs><LinearRing><coordinates>70.7884630259461,22.9297628348624 70.7884559107931,22.9292210885247 70.7878710304026,22.9292276777711 70.7878781432318,22.9297694242818 70.7884630259461,22.9297628348624</coordinates></LinearRing></outerBoundaryIs></Polygon><Polygon><outerBoundaryIs><LinearRing><coordinates>70.7837839581995,22.9298154899384 70.7843688424213,22.9298089155888 70.7843617435353,22.929267168041 70.7837768616374,22.9292737422179 70.7837839581995,22.9298154899384</coordinates></LinearRing></outerBoundaryIs></Polygon><Polygon><outerBoundaryIs><LinearRing><coordinates>70.7703738250347,22.9332166150216 70.7709587281306,22.9332100891602 70.7709516814136,22.9326683378899 70.7703667806422,22.93267486358 70.7703738250347,22.9332166150216</coordinates></LinearRing></outerBoundaryIs></Polygon><Polygon><outerBoundaryIs><LinearRing><coordinates>70.7738761820665,22.9326356771417 70.7732912823634,22.9326422135977 70.7733053946062,22.9337257147273 70.7744752030961,22.9337126389755 70.7744681422189,22.9331708887735 70.7750530438185,22.9331643478394 70.7750459808309,22.9326225977701 70.7744610815557,22.9326291385325 70.7744540211065,22.9320873882525 70.7738691239416,22.93209392669 70.7738761820665,22.9326356771417</coordinates></LinearRing></outerBoundaryIs></Polygon><Polygon><outerBoundaryIs><LinearRing><coordinates>70.769803006502,22.9343066418386 70.769795964007,22.9337648903037 70.7692110581598,22.9337714120298 70.7692180983302,22.934313163736 70.769803006502,22.9343066418386</coordinates></LinearRing></outerBoundaryIs></Polygon><Polygon><outerBoundaryIs><LinearRing><coordinates>70.7709728222052,22.9342935915838 70.7709657750611,22.9337518403915 70.7703808696408,22.9337583664243 70.7703879144603,22.9343001177879 70.7709728222052,22.9342935915838</coordinates></LinearRing></outerBoundaryIs></Polygon><Polygon><outerBoundaryIs><LinearRing><coordinates>70.7762511190625,22.9353182580236 70.7768360293179,22.9353117099421 70.7768289585002,22.9347699605445 70.7762440505695,22.934776508454 70.7762511190625,22.9353182580236</coordinates></LinearRing></outerBoundaryIs></Polygon><Polygon><outerBoundaryIs><LinearRing><coordinates>70.7762581877697,22.935860007554 70.7762511190625,22.9353182580236 70.7756662085929,22.9353248039516 70.7756732749754,22.9358665536539 70.7762581877697,22.935860007554</coordinates></LinearRing></outerBoundaryIs></Polygon><Polygon><outerBoundaryIs><LinearRing><coordinates>70.7750954262389,22.9364148474355 70.775088361967,22.9358730976003 70.7745034487446,22.9358796393932 70.7745105106916,22.9364213894001 70.7750954262389,22.9364148474355</coordinates></LinearRing></outerBoundaryIs></Polygon><Polygon><outerBoundaryIs><LinearRing><coordinates>70.7739326547666,22.9369696793508 70.7745175728527,22.936963139368 70.7745105106916,22.9364213894001 70.7739255949304,22.9364279292112 70.7739326547666,22.9369696793508</coordinates></LinearRing></outerBoundaryIs></Polygon><Polygon><outerBoundaryIs><LinearRing><coordinates>70.7739397148167,22.9375114294513 70.7739326547666,22.9369696793508 70.7733477364666,22.9369762171799 70.7733547941918,22.9375179674521 70.7739397148167,22.9375114294513</coordinates></LinearRing></outerBoundaryIs></Polygon><Polygon><outerBoundaryIs><LinearRing><coordinates>70.7692603438332,22.9375636731539 70.7692533023826,22.9370219216818 70.7686683823738,22.9370284422817 70.7686754214993,22.9375701939251 70.7692603438332,22.9375636731539</coordinates></LinearRing></outerBoundaryIs></Polygon><Polygon><outerBoundaryIs><LinearRing><coordinates>70.772776928967,22.938066253704 70.7733618521308,22.9380597176853 70.7733547941918,22.9375179674521 70.772769873353,22.9375245032992 70.772776928967,22.938066253704</coordinates></LinearRing></outerBoundaryIs></Polygon><Polygon><outerBoundaryIs><LinearRing><coordinates>70.7675126108807,22.9381249809527 70.7686824608382,22.9381119455294 70.7686754214993,22.9375701939251 70.7675055761919,22.9375832290062 70.7675126108807,22.9381249809527</coordinates></LinearRing></outerBoundaryIs></Polygon><Polygon><outerBoundaryIs><LinearRing><coordinates>70.7721990590921,22.9386145381062 70.7727839847948,22.9386080040697 70.772776928967,22.938066253704 70.7721920055894,22.9380727875689 70.7721990590921,22.9386145381062</coordinates></LinearRing></outerBoundaryIs></Polygon><Polygon><outerBoundaryIs><LinearRing><coordinates>70.7722061128086,22.9391562886045 70.7721990590921,22.9386145381062 70.7716141331757,22.9386210699888 70.771621184567,22.9391628206586 70.7722061128086,22.9391562886045</coordinates></LinearRing></outerBoundaryIs></Polygon><Polygon><outerBoundaryIs><LinearRing><coordinates>70.7646090527253,22.9397827899891 70.7646020290234,22.939241037305 70.7628472353445,22.9392605430038 70.7628542520706,22.9398022961999 70.7646090527253,22.9397827899891</coordinates></LinearRing></outerBoundaryIs></Polygon><Polygon><outerBoundaryIs><LinearRing><coordinates>70.7663638514647,22.9397632643925 70.7646090527253,22.9397827899891 70.7646160766401,22.9403245426342 70.76578594733,22.9403115273821 70.7657929761084,22.9408532796465 70.7663779134593,22.9408467686185 70.7663638514647,22.9397632643925</coordinates></LinearRing></outerBoundaryIs></Polygon><Polygon><outerBoundaryIs><LinearRing><coordinates>70.7716423400229,22.9407880724338 70.7716352879906,22.9402463218811 70.7710503548848,22.9402528521242 70.7710574045918,22.9407946028483 70.7716423400229,22.9407880724338</coordinates></LinearRing></outerBoundaryIs></Polygon><Polygon><outerBoundaryIs><LinearRing><coordinates>70.767547787522,22.9408337401003 70.7675407517674,22.9402919883488 70.766955817168,22.9402985035139 70.7669628505972,22.9408402554365 70.767547787522,22.9408337401003</coordinates></LinearRing></outerBoundaryIs></Polygon><Polygon><outerBoundaryIs><LinearRing><coordinates>70.7704865643507,22.9418846327828 70.7710715046463,22.9418781041796 70.7710574045918,22.9407946028483 70.770472468947,22.9408011311088 70.7704865643507,22.9418846327828</coordinates></LinearRing></outerBoundaryIs></Polygon><Polygon><outerBoundaryIs><LinearRing><coordinates>70.7675618596707,22.9419172434864 70.7675548234898,22.9413754918129 70.7669698842395,22.94138200732 70.7669769180949,22.9419237591645 70.7675618596707,22.9419172434864</coordinates></LinearRing></outerBoundaryIs></Polygon><Polygon><outerBoundaryIs><LinearRing><coordinates>70.7699016238415,22.9418911592318 70.769915715448,22.9429746610924 70.7693307700741,22.9429811857298 70.7693448578829,22.9440646877768 70.7687599076441,22.9440712106024 70.7687739916547,22.9451547128357 70.7681890365507,22.9451612338492 70.7682101571884,22.9467864874201 70.7687951192708,22.9467799658932 70.7687810339801,22.9456964638939 70.7693659911968,22.9456899405547 70.7693519021075,22.9446064387418 70.7699368544588,22.9445999135906 70.7699227615715,22.9435164119641 70.7705077090576,22.9435098850011 70.7704865643507,22.9418846327828 70.7699016238415,22.9418911592318</coordinates></LinearRing></outerBoundaryIs></Polygon><Polygon><outerBoundaryIs><LinearRing><coordinates>70.7652783147839,22.9462773107282 70.7658632756058,22.9462708001456 70.7658562446976,22.9457290482712 70.7652712862019,22.9457355586829 70.7652783147839,22.9462773107282</coordinates></LinearRing></outerBoundaryIs></Polygon><Polygon><outerBoundaryIs><LinearRing><coordinates>70.7676533494239,22.9489600116918 70.7682383210249,22.9489534916351 70.7682171978276,22.9473282385324 70.7676322332058,22.9473347580757 70.7676533494239,22.9489600116918</coordinates></LinearRing></outerBoundaryIs></Polygon><Polygon><outerBoundaryIs><LinearRing><coordinates>70.7647284882218,22.9489925796513 70.7653134608883,22.9489860703692 70.7653064312415,22.9484443185191 70.7647214609016,22.9484508276303 70.7647284882218,22.9489925796513</coordinates></LinearRing></outerBoundaryIs></Polygon><Polygon><outerBoundaryIs><LinearRing><coordinates>70.7653275208206,22.9500695739526 70.765320490748,22.9495278221804 70.764735515755,22.9495343316333 70.7647425435011,22.9500760835763 70.7653275208206,22.9500695739526</coordinates></LinearRing></outerBoundaryIs></Polygon><Polygon><outerBoundaryIs><LinearRing><coordinates>70.7677026280627,22.9527522687635 70.7676533494239,22.9489600116918 70.7670683776096,22.9489665295935 70.7671176399613,22.9527587878626 70.7677026280627,22.9527522687635</coordinates></LinearRing></outerBoundaryIs></Polygon><Polygon><outerBoundaryIs><LinearRing><coordinates>70.7981335876086,22.8646343928768 70.7987181878625,22.8646277834384 70.7986682593295,22.8608355485679 70.7980836752815,22.8608421567887 70.7980908049647,22.8613839049182 70.7975062183854,22.8613905111673 70.7975204737709,22.8624740076572 70.7981050649803,22.8624674010603 70.7981335876086,22.8646343928768</coordinates></LinearRing></outerBoundaryIs></Polygon><Polygon><outerBoundaryIs><LinearRing><coordinates>70.7981478502214,22.8657178885513 70.7981407188068,22.8651761407335 70.797556116021,22.8651827481999 70.7975775039675,22.8668079920578 70.7987467232159,22.8667947739355 70.7987324551062,22.8657112787649 70.7981478502214,22.8657178885513</coordinates></LinearRing></outerBoundaryIs></Polygon><Polygon><outerBoundaryIs><LinearRing><coordinates>70.7964154089704,22.8673629498176 70.7964225343035,22.867904698001 70.7975917636804,22.8678914877682 70.7975775039675,22.8668079920578 70.7969928940187,22.8668145978997 70.7970000214512,22.8673563459482 70.7964154089704,22.8673629498176</coordinates></LinearRing></outerBoundaryIs></Polygon><Polygon><outerBoundaryIs><LinearRing><coordinates>70.7975988938614,22.868433235565 70.7981835105412,22.8684266270552 70.7981763780443,22.8678848794324 70.7975917636804,22.8678914877682 70.7975988938614,22.868433235565</coordinates></LinearRing></outerBoundaryIs></Polygon><Polygon><outerBoundaryIs><LinearRing><coordinates>70.7987823972795,22.8695035111799 70.7987752620337,22.8689617638089 70.7970214050468,22.8689815898599 70.7970285333447,22.8695233377526 70.7987823972795,22.8695035111799</coordinates></LinearRing></outerBoundaryIs></Polygon><Polygon><outerBoundaryIs><LinearRing><coordinates>70.795288910811,22.8706266417176 70.7952746674628,22.8695431450068 70.7946900450699,22.8695497431319 70.7947042837858,22.8706332401899 70.795288910811,22.8706266417176</coordinates></LinearRing></outerBoundaryIs></Polygon><Polygon><outerBoundaryIs><LinearRing><coordinates>70.7970427905893,22.8706068334209 70.7976274167496,22.8706002263621 70.7976202857029,22.8700584787213 70.7970356618588,22.8700650856062 70.7970427905893,22.8706068334209</coordinates></LinearRing></outerBoundaryIs></Polygon><Polygon><outerBoundaryIs><LinearRing><coordinates>70.7952960328092,22.8711683900145 70.7964652908435,22.8711551862826 70.7964581642128,22.8706134383331 70.795288910811,22.8706266417176 70.7952960328092,22.8711683900145</coordinates></LinearRing></outerBoundaryIs></Polygon><Polygon><outerBoundaryIs><LinearRing><coordinates>70.7976559431003,22.8727672165356 70.7982405783092,22.8727606066345 70.7982263100683,22.8716771119736 70.7976416794921,22.8716837215268 70.7976559431003,22.8727672165356</coordinates></LinearRing></outerBoundaryIs></Polygon><Polygon><outerBoundaryIs><LinearRing><coordinates>70.7982548474162,22.8738441011395 70.7982477127545,22.8733023539065 70.797663075229,22.8733089639815 70.7976773401358,22.8743924587563 70.799431265962,22.8743726210469 70.7994241264506,22.8738308742009 70.7982548474162,22.8738441011395</coordinates></LinearRing></outerBoundaryIs></Polygon><Polygon><outerBoundaryIs><LinearRing><coordinates>70.7988823134593,22.877087970279 70.7988751751815,22.8765462234539 70.7982905239723,22.8765528367196 70.7982976599331,22.8770945837187 70.7988823134593,22.877087970279</coordinates></LinearRing></outerBoundaryIs></Polygon><Polygon><outerBoundaryIs><LinearRing><coordinates>70.7982976599331,22.8770945837187 70.7977130061904,22.8771011950111 70.7977058725466,22.8765594478381 70.7971212209044,22.8765660568094 70.7971354837744,22.8776495514641 70.7983047961104,22.8776363306788 70.7982976599331,22.8770945837187</coordinates></LinearRing></outerBoundaryIs></Polygon><Polygon><outerBoundaryIs><LinearRing><coordinates>70.7948039789976,22.8782177152305 70.7947968565065,22.8776759672667 70.794212199149,22.8776825658489 70.794219319323,22.8782243139863 70.7948039789976,22.8782177152305</coordinates></LinearRing></outerBoundaryIs></Polygon><Polygon><outerBoundaryIs><LinearRing><coordinates>70.7977344084206,22.8787264362961 70.7977272741274,22.8781846892401 70.7971426155341,22.878191298733 70.7971497475101,22.8787330459629 70.7977344084206,22.8787264362961</coordinates></LinearRing></outerBoundaryIs></Polygon><Polygon><outerBoundaryIs><LinearRing><coordinates>70.7948182246283,22.8793012110411 70.7954028887212,22.8792946097906 70.7953957634805,22.8787528620784 70.7948111017049,22.8787594631553 70.7948182246283,22.8793012110411</coordinates></LinearRing></outerBoundaryIs></Polygon><Polygon><outerBoundaryIs><LinearRing><coordinates>70.798918008097,22.8797967038195 70.7989108687362,22.8792549571894 70.7977415429303,22.8792681833131 70.7977486776564,22.8798099302912 70.798918008097,22.8797967038195</coordinates></LinearRing></outerBoundaryIs></Polygon><Polygon><outerBoundaryIs><LinearRing><coordinates>70.7948253477678,22.879842958888 70.7948182246283,22.8793012110411 70.7942335603192,22.8793078101442 70.7942406811414,22.8798495581646 70.7948253477678,22.879842958888</coordinates></LinearRing></outerBoundaryIs></Polygon><Polygon><outerBoundaryIs><LinearRing><coordinates>70.7960018083625,22.8803715013525 70.7965864766577,22.8803648954593 70.7965722162584,22.8792814008469 70.7959875525979,22.8792880063925 70.7960018083625,22.8803715013525</coordinates></LinearRing></outerBoundaryIs></Polygon><Polygon><outerBoundaryIs><LinearRing><coordinates>70.7971996774016,22.8825252754803 70.7977843545343,22.8825186645964 70.7977772187258,22.8819769178133 70.7971925439107,22.8819835285233 70.7971996774016,22.8825252754803</coordinates></LinearRing></outerBoundaryIs></Polygon><Polygon><outerBoundaryIs><LinearRing><coordinates>70.7977914905594,22.8830604113404 70.7983761697933,22.8830537981347 70.7983690314505,22.8825120515646 70.7977843545343,22.8825186645964 70.7977914905594,22.8830604113404</coordinates></LinearRing></outerBoundaryIs></Polygon><Polygon><outerBoundaryIs><LinearRing><coordinates>70.7977986268009,22.8836021580455 70.7972139450327,22.8836087692771 70.7972210791728,22.8841505161171 70.797805763259,22.8841439047115 70.7977986268009,22.8836021580455</coordinates></LinearRing></outerBoundaryIs></Polygon><Polygon><outerBoundaryIs><LinearRing><coordinates>70.7978200368246,22.8852273979266 70.7984047253302,22.8852207840251 70.7983904471286,22.8841372911579 70.797805763259,22.8841439047115 70.7978200368246,22.8852273979266</coordinates></LinearRing></outerBoundaryIs></Polygon><Polygon><outerBoundaryIs><LinearRing><coordinates>70.7972638885592,22.8874009963377 70.797848586554,22.8873943838888 70.7978343112563,22.8863108909857 70.7972496178979,22.8863175030868 70.7972638885592,22.8874009963377</coordinates></LinearRing></outerBoundaryIs></Polygon><Polygon><outerBoundaryIs><LinearRing><coordinates>70.7972710242145,22.8879427429046 70.7972638885592,22.8874009963377 70.7966791903478,22.8874076066382 70.7966863236848,22.887949353379 70.7972710242145,22.8879427429046</coordinates></LinearRing></outerBoundaryIs></Polygon><Polygon><outerBoundaryIs><LinearRing><coordinates>70.7990751288445,22.8917151198141 70.7990608408067,22.8906316282311 70.7984761293338,22.8906382460208 70.7984904127338,22.8917217379519 70.7990751288445,22.8917151198141</coordinates></LinearRing></outerBoundaryIs></Polygon><Polygon><outerBoundaryIs><LinearRing><coordinates>70.7985118394587,22.8933469755558 70.7990965625263,22.893340356896 70.7990822731884,22.8922568655471 70.7984975547588,22.8922634838589 70.7985118394587,22.8933469755558</coordinates></LinearRing></outerBoundaryIs></Polygon><Polygon><outerBoundaryIs><LinearRing><coordinates>70.7897694003299,22.8956129909143 70.7897551834772,22.8945294943222 70.7891704523132,22.8945360789443 70.7891846645272,22.8956195758826 70.7897694003299,22.8956129909143</coordinates></LinearRing></outerBoundaryIs></Polygon><Polygon><outerBoundaryIs><LinearRing><coordinates>70.7985332681333,22.8949722128086 70.7985261250251,22.8944304670967 70.7973566689633,22.8944436986652 70.7973780850217,22.8960689367275 70.797962820119,22.8960623214961 70.7979485378914,22.8949788298414 70.7985332681333,22.8949722128086</coordinates></LinearRing></outerBoundaryIs></Polygon><Polygon><outerBoundaryIs><LinearRing><coordinates>70.7968076235237,22.897159042004 70.7973923634765,22.8971524285741 70.7973780850217,22.8960689367275 70.7967933497079,22.8960755498097 70.7968076235237,22.897159042004</coordinates></LinearRing></outerBoundaryIs></Polygon><Polygon><outerBoundaryIs><LinearRing><coordinates>70.7909602121017,22.8972250580864 70.7915449542159,22.8972184661504 70.7915378380761,22.8966767185106 70.7909530982815,22.8966833102732 70.7909602121017,22.8972250580864</coordinates></LinearRing></outerBoundaryIs></Polygon><Polygon><outerBoundaryIs><LinearRing><coordinates>70.7962300182673,22.8977073994969 70.7968147607563,22.8977007880426 70.7968076235237,22.897159042004 70.7962228833544,22.8971656532845 70.7962300182673,22.8977073994969</coordinates></LinearRing></outerBoundaryIs></Polygon><Polygon><outerBoundaryIs><LinearRing><coordinates>70.7909744403893,22.8983085535956 70.7909602121017,22.8972250580864 70.7903754697717,22.8972316478729 70.7903896934199,22.8983151437286 70.7909744403893,22.8983085535956</coordinates></LinearRing></outerBoundaryIs></Polygon><Polygon><outerBoundaryIs><LinearRing><coordinates>70.7962371533967,22.8982491456703 70.7962300182673,22.8977073994969 70.7950605326403,22.8977206159572 70.7950676631302,22.898262362478 70.7962371533967,22.8982491456703</coordinates></LinearRing></outerBoundaryIs></Polygon><Polygon><outerBoundaryIs><LinearRing><coordinates>70.789220198834,22.8983283175461 70.7898049462348,22.8983217317121 70.7897978366226,22.8977799836306 70.788628346245,22.8977931528027 70.7886425564058,22.8988766496193 70.789227306342,22.8988700657618 70.789220198834,22.8983283175461</coordinates></LinearRing></outerBoundaryIs></Polygon><Polygon><outerBoundaryIs><LinearRing><coordinates>70.7950819247588,22.8993458554027 70.7950676631302,22.898262362478 70.7944829176726,22.8982689676576 70.7944971746615,22.8993524609296 70.7950819247588,22.8993458554027</coordinates></LinearRing></outerBoundaryIs></Polygon><Polygon><outerBoundaryIs><LinearRing><coordinates>70.793912424348,22.8993590643068 70.7939266775616,22.9004425577699 70.7945114325151,22.9004359540454 70.7944971746615,22.8993524609296 70.793912424348,22.8993590643068</coordinates></LinearRing></outerBoundaryIs></Polygon><Polygon><outerBoundaryIs><LinearRing><coordinates>70.7904394829832,22.9021073779951 70.7910242461929,22.9021007866494 70.7910171304308,22.9015590391873 70.7916018911044,22.9015524458649 70.7915947732379,22.9010106985371 70.7910100148844,22.9010172916862 70.7909886695401,22.8993920489489 70.7904039179309,22.8993986394284 70.7903968055676,22.898856891598 70.7898120560626,22.8988634797547 70.7898262763651,22.8999469757228 70.79041103051,22.8999403872197 70.7904394829832,22.9021073779951</coordinates></LinearRing></outerBoundaryIs></Polygon><Polygon><outerBoundaryIs><LinearRing><coordinates>70.7921795313756,22.9010041032383 70.7921724114048,22.9004623560449 70.7915876555873,22.9004689511703 70.7915947732379,22.9010106985371 70.7921795313756,22.9010041032383</coordinates></LinearRing></outerBoundaryIs></Polygon><Polygon><outerBoundaryIs><LinearRing><coordinates>70.7939480590031,22.9020677976718 70.7939266775616,22.9004425577699 70.7933419223921,22.9004491593446 70.7933632968731,22.9020743997672 70.7939480590031,22.9020677976718</coordinates></LinearRing></outerBoundaryIs></Polygon><Polygon><outerBoundaryIs><LinearRing><coordinates>70.7921937719649,22.9020875975081 70.792778534527,22.9020809997126 70.7927714118041,22.9015392527706 70.7921866515622,22.9015458503927 70.7921937719649,22.9020875975081</coordinates></LinearRing></outerBoundaryIs></Polygon><Polygon><outerBoundaryIs><LinearRing><coordinates>70.7886922987568,22.9026688872486 70.7898618308951,22.9026557149605 70.7898547195578,22.902113967191 70.7886851920601,22.9021271391329 70.7886922987568,22.9026688872486</coordinates></LinearRing></outerBoundaryIs></Polygon><Polygon><outerBoundaryIs><LinearRing><coordinates>70.7927856574658,22.9026227466156 70.7933704221322,22.9026161464967 70.7933632968731,22.9020743997672 70.792778534527,22.9020809997126 70.7927856574658,22.9026227466156</coordinates></LinearRing></outerBoundaryIs></Polygon><Polygon><outerBoundaryIs><LinearRing><coordinates>70.7898973908164,22.905364453223 70.7898831662009,22.904280958035 70.7892983932781,22.9042875457735 70.7893126132523,22.9053710413078 70.7898973908164,22.905364453223</coordinates></LinearRing></outerBoundaryIs></Polygon><Polygon><outerBoundaryIs><LinearRing><coordinates>70.795167512697,22.905846809673 70.7951603791792,22.9053050636984 70.7945756035587,22.9053116711355 70.7945827347558,22.9058534172837 70.795167512697,22.905846809673</coordinates></LinearRing></outerBoundaryIs></Polygon><Polygon><outerBoundaryIs><LinearRing><coordinates>70.7940050856909,22.906401769027 70.7945898661691,22.906395163393 70.7945827347558,22.9058534172837 70.7939979565984,22.9058600227442 70.7940050856909,22.906401769027</coordinates></LinearRing></outerBoundaryIs></Polygon><Polygon><outerBoundaryIs><LinearRing><coordinates>70.7934416866084,22.9080336116456 70.7934345591883,22.9074918653063 70.792849773636,22.9074984669866 70.7928568987351,22.9080402134994 70.7934416866084,22.9080336116456</coordinates></LinearRing></outerBoundaryIs></Polygon><Polygon><outerBoundaryIs><LinearRing><coordinates>70.7922934802757,22.9096720530273 70.7922863568498,22.9091303064581 70.7917015639022,22.9091369043576 70.791708685007,22.9096786511002 70.7922934802757,22.9096720530273</coordinates></LinearRing></outerBoundaryIs></Polygon><Polygon><outerBoundaryIs><LinearRing><coordinates>70.7905604445033,22.9113170818271 70.7911452471679,22.9113104875359 70.7911381277369,22.910768740737 70.7905533273937,22.910775334855 70.7905604445033,22.9113170818271</coordinates></LinearRing></outerBoundaryIs></Polygon><Polygon><outerBoundaryIs><LinearRing><coordinates>70.7905817971269,22.9129423225093 70.7905675618287,22.9118588287602 70.7899827566268,22.9118654210738 70.7899969872817,22.9129489151694 70.7905817971269,22.9129423225093</coordinates></LinearRing></outerBoundaryIs></Polygon><Polygon><outerBoundaryIs><LinearRing><coordinates>70.7929281616086,22.9134576764812 70.7929210343489,22.9129159303586 70.7935058431144,22.9129093269433 70.7934915846001,22.9118258349281 70.7929067804778,22.9118324379964 70.7929139073053,22.912374184197 70.7923291006454,22.9123807852878 70.7923433503053,22.9134642779189 70.7929281616086,22.9134576764812</coordinates></LinearRing></outerBoundaryIs></Polygon><Polygon><outerBoundaryIs><LinearRing><coordinates>70.7911808475611,22.9140192209447 70.7917656616182,22.9140126236358 70.791758538786,22.9134708772055 70.7911737270508,22.913477474341 70.7911808475611,22.9140192209447</coordinates></LinearRing></outerBoundaryIs></Polygon><Polygon><outerBoundaryIs><LinearRing><coordinates>70.7900112187996,22.9140324091088 70.7905960332883,22.9140258161023 70.7905889150997,22.9134840693254 70.7900041029328,22.9134906621586 70.7900112187996,22.9140324091088</coordinates></LinearRing></outerBoundaryIs></Polygon><Polygon><outerBoundaryIs><LinearRing><coordinates>70.7906031516926,22.9145675628403 70.7911879682874,22.9145609675094 70.7911808475611,22.9140192209447 70.7905960332883,22.9140258161023 70.7906031516926,22.9145675628403</coordinates></LinearRing></outerBoundaryIs></Polygon><Polygon><outerBoundaryIs><LinearRing><coordinates>70.7900183348821,22.91457415602 70.7900112187996,22.9140324091088 70.7894264040951,22.9140389999642 70.7894335178558,22.9145807470486 70.7900183348821,22.91457415602</coordinates></LinearRing></outerBoundaryIs></Polygon><Polygon><outerBoundaryIs><LinearRing><coordinates>70.7923647264152,22.9150895165727 70.7923576008292,22.9145477703938 70.7917727846663,22.9145543700272 70.7917799079303,22.9150961163795 70.7923647264152,22.9150895165727</coordinates></LinearRing></outerBoundaryIs></Polygon><Polygon><outerBoundaryIs><LinearRing><coordinates>70.790039684424,22.9161993965195 70.7906245082006,22.9161928028201 70.7906173891488,22.9156510561992 70.7900325676943,22.9156576497254 70.790039684424,22.9161993965195</coordinates></LinearRing></outerBoundaryIs></Polygon><Polygon><outerBoundaryIs><LinearRing><coordinates>70.7912378194158,22.9183531923694 70.7912306971784,22.9178114460779 70.7906458666509,22.9178180424486 70.7906529865661,22.9183597889134 70.7912378194158,22.9183531923694</coordinates></LinearRing></outerBoundaryIs></Polygon><Polygon><outerBoundaryIs><LinearRing><coordinates>70.7906672270438,22.9194432817259 70.790660106697,22.9189015353391 70.790075271309,22.9189081299047 70.7900823893332,22.9194498764647 70.7906672270438,22.9194432817259</coordinates></LinearRing></outerBoundaryIs></Polygon><Polygon><outerBoundaryIs><LinearRing><coordinates>70.789526016371,22.9216234555941 70.7901108635881,22.9216168623142 70.7900823893332,22.9194498764647 70.7894975514069,22.9194564690518 70.789526016371,22.9216234555941</coordinates></LinearRing></outerBoundaryIs></Polygon><Polygon><outerBoundaryIs><LinearRing><coordinates>70.8004148714482,22.8602739635597 70.8004077329387,22.8597322160483 70.79982315417,22.8597388303576 70.7998302903647,22.8602805780431 70.8004148714482,22.8602739635597</coordinates></LinearRing></outerBoundaryIs></Polygon><Polygon><outerBoundaryIs><LinearRing><coordinates>70.7992457090646,22.860287190381 70.799252843161,22.8608289382015 70.799837426776,22.8608223256896 70.7998302903647,22.8602805780431 70.7992457090646,22.860287190381</coordinates></LinearRing></outerBoundaryIs></Polygon><Polygon><outerBoundaryIs><LinearRing><coordinates>70.813297169948,22.8617531328798 70.8138817529744,22.8617464685241 70.8138745605714,22.8612047251499 70.8144591410645,22.861198058824 70.8144447522839,22.8601145723095 70.8138601764203,22.8601212382845 70.8138673683867,22.8606629817367 70.81328278999,22.8606696457416 70.813297169948,22.8617531328798</coordinates></LinearRing></outerBoundaryIs></Polygon><Polygon><outerBoundaryIs><LinearRing><coordinates>70.8127413399781,22.8639267695998 70.813325932483,22.8639201066882 70.8133187415219,22.8633783632946 70.8127341513322,22.8633850260308 70.8127413399781,22.8639267695998</coordinates></LinearRing></outerBoundaryIs></Polygon><Polygon><outerBoundaryIs><LinearRing><coordinates>70.812163933804,22.8644751740707 70.8127485288423,22.8644685131297 70.8127413399781,22.8639267695998 70.8121567472551,22.8639334303655 70.812163933804,22.8644751740707</coordinates></LinearRing></outerBoundaryIs></Polygon><Polygon><outerBoundaryIs><LinearRing><coordinates>70.8104316874974,22.8661203764768 70.8104388679722,22.8666621205516 70.8116080776626,22.8666488079977 70.8115937076689,22.8655653205098 70.8127629072251,22.8655520000725 70.8127557179246,22.8650102566206 70.8115865229992,22.8650235767073 70.8115793385475,22.8644818328659 70.810994743073,22.8644884895151 70.8110162901361,22.8661137214481 70.8104316874974,22.8661203764768</coordinates></LinearRing></outerBoundaryIs></Polygon><Polygon><outerBoundaryIs><LinearRing><coordinates>70.8127916666093,22.8677189734901 70.812784476436,22.8671772301942 70.8121998698203,22.8671838920118 70.812207057678,22.867725635483 70.8127916666093,22.8677189734901</coordinates></LinearRing></outerBoundaryIs></Polygon><Polygon><outerBoundaryIs><LinearRing><coordinates>70.8040296654214,22.8683604239074 70.8046142797162,22.8683537917876 70.8046071217454,22.8678120460815 70.8040225097664,22.8678186780267 70.8040296654214,22.8683604239074</coordinates></LinearRing></outerBoundaryIs></Polygon><Polygon><outerBoundaryIs><LinearRing><coordinates>70.8122214340479,22.8688091223083 70.8122142457539,22.8682673789151 70.8116296342887,22.8682740389371 70.8116368202669,22.8688157825055 70.8122214340479,22.8688091223083</coordinates></LinearRing></outerBoundaryIs></Polygon><Polygon><outerBoundaryIs><LinearRing><coordinates>70.8040582902133,22.8705274070401 70.8040368212936,22.868902169749 70.8034522044658,22.8689087998969 70.8034736664375,22.8705340377114 70.8040582902133,22.8705274070401</coordinates></LinearRing></outerBoundaryIs></Polygon><Polygon><outerBoundaryIs><LinearRing><coordinates>70.8104963196163,22.8709960717458 70.8110809430974,22.8709894151407 70.8110737585629,22.8704476715531 70.810489137398,22.8704543279831 70.8104963196163,22.8709960717458</coordinates></LinearRing></outerBoundaryIs></Polygon><Polygon><outerBoundaryIs><LinearRing><coordinates>70.8075731989428,22.8710293225722 70.807566028305,22.8704875779346 70.8069814058334,22.8704942214852 70.806988574155,22.8710359662977 70.8075731989428,22.8710293225722</coordinates></LinearRing></outerBoundaryIs></Polygon><Polygon><outerBoundaryIs><LinearRing><coordinates>70.7988109404281,22.8716705002736 70.7987966684207,22.8705870058047 70.7982120426934,22.8705936171567 70.7982263100683,22.8716771119736 70.7988109404281,22.8716705002736</coordinates></LinearRing></outerBoundaryIs></Polygon><Polygon><outerBoundaryIs><LinearRing><coordinates>70.7999802004979,22.8716572704336 70.8005648302077,22.8716506522936 70.800557687147,22.8711089056009 70.7999730597534,22.8711155235668 70.7999802004979,22.8716572704336</coordinates></LinearRing></outerBoundaryIs></Polygon><Polygon><outerBoundaryIs><LinearRing><coordinates>70.8099260563753,22.8720862139629 70.8105106847068,22.8720795591542 70.8105035020526,22.8715378154695 70.8099188760373,22.8715444701031 70.8099260563753,22.8720862139629</coordinates></LinearRing></outerBoundaryIs></Polygon><Polygon><outerBoundaryIs><LinearRing><coordinates>70.8058193239268,22.8710492473088 70.8052346984866,22.8710558845944 70.805249021885,22.8721393751506 70.8058336519577,22.8721327375157 70.8058408162993,22.8726744825606 70.8064254484709,22.8726678426042 70.806418281813,22.872126097734 70.8070029114508,22.8721194558056 70.806988574155,22.8710359662977 70.8064039491496,22.8710426078766 70.8064111153726,22.8715843528248 70.8058264878336,22.8715909924317 70.8058193239268,22.8710492473088</coordinates></LinearRing></outerBoundaryIs></Polygon><Polygon><outerBoundaryIs><LinearRing><coordinates>70.7999944826369,22.8727407640504 70.7999802004979,22.8716572704336 70.7993955705713,22.871663886427 70.7994098480777,22.8727473803919 70.7999944826369,22.8727407640504</coordinates></LinearRing></outerBoundaryIs></Polygon><Polygon><outerBoundaryIs><LinearRing><coordinates>70.8011637511053,22.8727275249269 70.8011494597009,22.8716440320068 70.8005648302077,22.8716506522936 70.8005791169795,22.8727341455621 70.8011637511053,22.8727275249269</coordinates></LinearRing></outerBoundaryIs></Polygon><Polygon><outerBoundaryIs><LinearRing><coordinates>70.814025646886,22.8725813278153 70.8146102760066,22.8725746578043 70.8146030769202,22.8720329153859 70.814018450116,22.8720395852214 70.814025646886,22.8725813278153</coordinates></LinearRing></outerBoundaryIs></Polygon><Polygon><outerBoundaryIs><LinearRing><coordinates>70.8099332369312,22.8726279577837 70.8099260563753,22.8720862139629 70.809341427826,22.8720928666249 70.8093486060655,22.8726346106207 70.8099332369312,22.8726279577837</coordinates></LinearRing></outerBoundaryIs></Polygon><Polygon><outerBoundaryIs><LinearRing><coordinates>70.80467871123,22.8732295013881 70.8046715513038,22.872687756033 70.8052561839102,22.8726811203702 70.805249021885,22.8721393751506 70.804664391595,22.8721460106388 70.8046572321034,22.8716042652056 70.8040726039124,22.8716108983725 70.8040940760899,22.8732361350786 70.80467871123,22.8732295013881</coordinates></LinearRing></outerBoundaryIs></Polygon><Polygon><outerBoundaryIs><LinearRing><coordinates>70.8023330187063,22.8727142772161 70.8029176521813,22.8727076501405 70.8029104994216,22.8721659042229 70.8023258682629,22.8721725311241 70.8023330187063,22.8727142772161</coordinates></LinearRing></outerBoundaryIs></Polygon><Polygon><outerBoundaryIs><LinearRing><coordinates>70.8023401693667,22.8732560232691 70.8023330187063,22.8727142772161 70.8017483850143,22.8727209021449 70.8017555333582,22.8732626483722 70.8023401693667,22.8732560232691</coordinates></LinearRing></outerBoundaryIs></Polygon><Polygon><outerBoundaryIs><LinearRing><coordinates>70.8087855040583,22.8742664935894 70.8087783274818,22.8737247495356 70.8076090553957,22.8737380451754 70.8076162273392,22.874279789579 70.8087855040583,22.8742664935894</coordinates></LinearRing></outerBoundaryIs></Polygon><Polygon><outerBoundaryIs><LinearRing><coordinates>70.8064469497495,22.8742930769809 70.8070315886531,22.8742864343534 70.8070244190262,22.873744689775 70.8064397824392,22.8737513322277 70.8064469497495,22.8742930769809</coordinates></LinearRing></outerBoundaryIs></Polygon><Polygon><outerBoundaryIs><LinearRing><coordinates>70.7994455456348,22.8754561146219 70.800030191777,22.8754494974099 70.8000159074708,22.8743660041831 70.799431265962,22.8743726210469 70.7994455456348,22.8754561146219</coordinates></LinearRing></outerBoundaryIs></Polygon><Polygon><outerBoundaryIs><LinearRing><coordinates>70.8111456137191,22.8758651056732 70.8117302578303,22.8758584453446 70.8117230690167,22.8753167022834 70.8111384272223,22.8753233624368 70.8111456137191,22.8758651056732</coordinates></LinearRing></outerBoundaryIs></Polygon><Polygon><outerBoundaryIs><LinearRing><coordinates>70.7994598261742,22.876539608041 70.7994526857961,22.8759978613509 70.7988680371204,22.8760044765898 70.7988751751815,22.8765462234539 70.7994598261742,22.876539608041</coordinates></LinearRing></outerBoundaryIs></Polygon><Polygon><outerBoundaryIs><LinearRing><coordinates>70.808835746192,22.8780587008736 70.8088285680909,22.8775169570929 70.8082439159395,22.8775236072108 70.8082510917235,22.8780653511665 70.808835746192,22.8780587008736</coordinates></LinearRing></outerBoundaryIs></Polygon><Polygon><outerBoundaryIs><LinearRing><coordinates>70.7989322874684,22.8808801969627 70.7995169569986,22.8808735801574 70.7995098148872,22.8803318337793 70.7989251476744,22.8803384504106 70.7989322874684,22.8808801969627</coordinates></LinearRing></outerBoundaryIs></Polygon><Polygon><outerBoundaryIs><LinearRing><coordinates>70.8047789730111,22.880813932265 70.8047718100428,22.8802721874559 70.8041871447827,22.8802788234156 70.8041943054336,22.8808205683992 70.8047789730111,22.880813932265</coordinates></LinearRing></outerBoundaryIs></Polygon><Polygon><outerBoundaryIs><LinearRing><coordinates>70.8036096376389,22.8808272023858 70.8036167961895,22.8813689475049 70.8042014663017,22.8813623133438 70.8041943054336,22.8808205683992 70.8036096376389,22.8808272023858</coordinates></LinearRing></outerBoundaryIs></Polygon><Polygon><outerBoundaryIs><LinearRing><coordinates>70.8030392823104,22.8819173247728 70.8036239549574,22.881910692585 70.8036167961895,22.8813689475049 70.8030321258602,22.8813755795182 70.8030392823104,22.8819173247728</coordinates></LinearRing></outerBoundaryIs></Polygon><Polygon><outerBoundaryIs><LinearRing><coordinates>70.7989465677063,22.8819636899499 70.798939427479,22.8814219434758 70.7983547554146,22.8814285583074 70.7983618933243,22.8819703049555 70.7989465677063,22.8819636899499</coordinates></LinearRing></outerBoundaryIs></Polygon><Polygon><outerBoundaryIs><LinearRing><coordinates>70.8037027157393,22.8878698858914 70.8036883936421,22.8867863965505 70.803103700134,22.8867930303084 70.8030535958624,22.8830008151649 70.802468918363,22.8830074455537 70.8024975388009,22.8851744265674 70.8019128518129,22.8851810555057 70.8019486206536,22.8878897817667 70.8037027157393,22.8878698858914</coordinates></LinearRing></outerBoundaryIs></Polygon><Polygon><outerBoundaryIs><LinearRing><coordinates>70.801378226276,22.8889799000082 70.801962929709,22.888973271998 70.8019557750728,22.8884315269018 70.8013710739583,22.8884381547378 70.801378226276,22.8889799000082</coordinates></LinearRing></outerBoundaryIs></Polygon><Polygon><outerBoundaryIs><LinearRing><coordinates>70.8025619474856,22.8900501315657 70.8031466551216,22.8900434989097 70.8031394954141,22.8895017542403 70.8025547900967,22.889508386722 70.8025619474856,22.8900501315657</coordinates></LinearRing></outerBoundaryIs></Polygon><Polygon><outerBoundaryIs><LinearRing><coordinates>70.8131010505491,22.8910138982962 70.8136857589023,22.8910072266148 70.8136785570234,22.8904654851726 70.8130938509888,22.8904721566786 70.8131010505491,22.8910138982962</coordinates></LinearRing></outerBoundaryIs></Polygon><Polygon><outerBoundaryIs><LinearRing><coordinates>70.8072611316077,22.8916222402628 70.8072467786438,22.8905387535642 70.8066620702109,22.8905454014353 70.8066764185373,22.8916288884835 70.8072611316077,22.8916222402628</coordinates></LinearRing></outerBoundaryIs></Polygon><Polygon><outerBoundaryIs><LinearRing><coordinates>70.8119388283285,22.8915689771423 70.8119316331874,22.891027235213 70.8113469241792,22.8910339004484 70.8113397315751,22.8904921583049 70.8107550246674,22.8904988212164 70.8107622149529,22.8910405635352 70.8101775055084,22.8910472244732 70.8101846936931,22.8915889669281 70.8119388283285,22.8915689771423</coordinates></LinearRing></outerBoundaryIs></Polygon><Polygon><outerBoundaryIs><LinearRing><coordinates>70.8125307371154,22.8921040512979 70.8131154503246,22.8920973814144 70.8131082503276,22.8915556398748 70.8125235394372,22.8915623095829 70.8125307371154,22.8921040512979</coordinates></LinearRing></outerBoundaryIs></Polygon><Polygon><outerBoundaryIs><LinearRing><coordinates>70.8066835930269,22.8921706319491 70.8066764185373,22.8916288884835 70.8060917052492,22.8916355345555 70.8060988774199,22.8921772781958 70.8066835930269,22.8921706319491</coordinates></LinearRing></outerBoundaryIs></Polygon><Polygon><outerBoundaryIs><LinearRing><coordinates>70.8090224532776,22.8921440254742 70.8090152695126,22.8916022827082 70.8084305570954,22.8916089373752 70.8084377385416,22.8921506803162 70.8090224532776,22.8921440254742</coordinates></LinearRing></outerBoundaryIs></Polygon><Polygon><outerBoundaryIs><LinearRing><coordinates>70.8090296372606,22.8926857682012 70.8096143540976,22.8926791110354 70.8096071677957,22.8921373684835 70.8090224532776,22.8921440254742 70.8090296372606,22.8926857682012</coordinates></LinearRing></outerBoundaryIs></Polygon><Polygon><outerBoundaryIs><LinearRing><coordinates>70.8107837871177,22.8926657902573 70.810776596178,22.8921240480556 70.8101918820959,22.892130709344 70.8101990707167,22.8926724517208 70.8107837871177,22.8926657902573</coordinates></LinearRing></outerBoundaryIs></Polygon><Polygon><outerBoundaryIs><LinearRing><coordinates>70.8055285019516,22.8932674098066 70.8055213316648,22.8927256660696 70.8049366133039,22.8927323081933 70.8049437812717,22.8932740521049 70.8055285019516,22.8932674098066</coordinates></LinearRing></outerBoundaryIs></Polygon><Polygon><outerBoundaryIs><LinearRing><coordinates>70.8078673824957,22.893240819124 70.8084521020875,22.893234166081 70.8084449202056,22.8926924232181 70.8078602029329,22.8926990760861 70.8078673824957,22.893240819124</coordinates></LinearRing></outerBoundaryIs></Polygon><Polygon><outerBoundaryIs><LinearRing><coordinates>70.806113222414,22.8932607653594 70.8072826626862,22.893247470018 70.8072754854423,22.8927057268053 70.8061060498082,22.8927190217971 70.806113222414,22.8932607653594</coordinates></LinearRing></outerBoundaryIs></Polygon><Polygon><outerBoundaryIs><LinearRing><coordinates>70.8072898401477,22.8937892131917 70.8078745622763,22.8937825621228 70.8078673824957,22.893240819124 70.8072826626862,22.893247470018 70.8072898401477,22.8937892131917</coordinates></LinearRing></outerBoundaryIs></Polygon><Polygon><outerBoundaryIs><LinearRing><coordinates>70.8067122931615,22.8943376054211 70.8067051178014,22.8937958621116 70.8061203952374,22.8938025088826 70.8061275682783,22.8943442523668 70.8067122931615,22.8943376054211</coordinates></LinearRing></outerBoundaryIs></Polygon><Polygon><outerBoundaryIs><LinearRing><coordinates>70.8032039406007,22.8943774548596 70.8031967791556,22.8938357105025 70.8026120552873,22.8938423443794 70.8026263737563,22.8949258334036 70.8037958305525,22.8949125628028 70.8037886665709,22.8943708186592 70.8032039406007,22.8943774548596</coordinates></LinearRing></outerBoundaryIs></Polygon><Polygon><outerBoundaryIs><LinearRing><coordinates>70.8038101591674,22.895996050973 70.8043948918783,22.8959894120999 70.8043877251428,22.8954476682088 70.8038029947513,22.8954543069074 70.8038101591674,22.895996050973</coordinates></LinearRing></outerBoundaryIs></Polygon><Polygon><outerBoundaryIs><LinearRing><coordinates>70.8055930443201,22.8981431016829 70.8055858720758,22.8976013582972 70.8050011328411,22.8976080019927 70.8050083027658,22.8981497455531 70.8055930443201,22.8981431016829</coordinates></LinearRing></outerBoundaryIs></Polygon><Polygon><outerBoundaryIs><LinearRing><coordinates>70.8044307288164,22.8986981309697 70.804423560994,22.8981563872738 70.8038388190049,22.8981630268451 70.8038459845075,22.8987047707155 70.8044307288164,22.8986981309697</coordinates></LinearRing></outerBoundaryIs></Polygon><Polygon><outerBoundaryIs><LinearRing><coordinates>70.8026764952379,22.8987180437586 70.8032612399814,22.8987114083118 70.8032540767985,22.8981696642669 70.8026693343748,22.8981762995393 70.8026764952379,22.8987180437586</coordinates></LinearRing></outerBoundaryIs></Polygon><Polygon><outerBoundaryIs><LinearRing><coordinates>70.8032898948854,22.9008783841012 70.8032827308335,22.9003366402124 70.8026979791304,22.9003432761825 70.8027051408623,22.9008850202457 70.8032898948854,22.9008783841012</coordinates></LinearRing></outerBoundaryIs></Polygon><Polygon><outerBoundaryIs><LinearRing><coordinates>70.8050656699915,22.9024836926303 70.8050226432674,22.8992332325566 70.8044378968562,22.8992398746265 70.8044450651133,22.8997816182443 70.8038603161647,22.8997882583393 70.8038674823193,22.9003300020926 70.8044522335878,22.9003233618231 70.8044809096599,22.9024903357478 70.8050656699915,22.9024836926303</coordinates></LinearRing></outerBoundaryIs></Polygon><Polygon><outerBoundaryIs><LinearRing><coordinates>70.7997885178389,22.9014599136178 70.8003732752673,22.9014532880478 70.8003661225987,22.9009115433264 70.7997813674904,22.9009181687222 70.7997885178389,22.9014599136178</coordinates></LinearRing></outerBoundaryIs></Polygon><Polygon><outerBoundaryIs><LinearRing><coordinates>70.7986332943982,22.9025566486785 70.7992180569007,22.9025500270601 70.7992109084388,22.9020082820685 70.7986261482565,22.9020149035129 70.7986332943982,22.9025566486785</coordinates></LinearRing></outerBoundaryIs></Polygon><Polygon><outerBoundaryIs><LinearRing><coordinates>70.8312421842109,22.8046561158445 70.8318265175489,22.8046494014315 70.8318192742089,22.8041076596042 70.8312349431782,22.8041143738402 70.8312421842109,22.8046561158445</coordinates></LinearRing></outerBoundaryIs></Polygon><Polygon><outerBoundaryIs><LinearRing><coordinates>70.8341638486987,22.8046225223835 70.8341711014888,22.8051642634629 70.8353397703563,22.8051508107467 70.8353470279818,22.8056925514324 70.8359313643922,22.8056858216874 70.8359168447468,22.804602340632 70.8353325129513,22.804609070022 70.8353252557669,22.8040673292584 70.8347409260583,22.8040740563315 70.8347336714018,22.8035323153514 70.8335650159377,22.8035457627244 70.8335795162418,22.8046292453548 70.8341638486987,22.8046225223835</coordinates></LinearRing></outerBoundaryIs></Polygon><Polygon><outerBoundaryIs><LinearRing><coordinates>70.8330169287507,22.8062611903717 70.8330024317395,22.8051777076206 70.8318337611091,22.8051911432198 70.8318554931107,22.8068163683509 70.8324398354589,22.8068096510898 70.8324325889305,22.8062679095955 70.8330169287507,22.8062611903717</coordinates></LinearRing></outerBoundaryIs></Polygon><Polygon><outerBoundaryIs><LinearRing><coordinates>70.8353542858279,22.8062342920791 70.8353470279818,22.8056925514324 70.8347626913508,22.8056992790377 70.8347699468893,22.8062410198619 70.8353542858279,22.8062342920791</coordinates></LinearRing></outerBoundaryIs></Polygon><Polygon><outerBoundaryIs><LinearRing><coordinates>70.8359458849203,22.8067693025869 70.8359386245459,22.8062275621566 70.8353542858279,22.8062342920791 70.8353615438946,22.8067760326868 70.8359458849203,22.8067693025869</coordinates></LinearRing></outerBoundaryIs></Polygon><Polygon><outerBoundaryIs><LinearRing><coordinates>70.8354341366947,22.8121934366199 70.8354268764219,22.811651696402 70.8348425144036,22.811658425959 70.834849772368,22.8122001663543 70.8354341366947,22.8121934366199</coordinates></LinearRing></outerBoundaryIs></Polygon><Polygon><outerBoundaryIs><LinearRing><coordinates>70.8336592836712,22.8105883970353 70.833074925608,22.8105951198168 70.8330894270256,22.8116786017883 70.8325050641255,22.8116853227841 70.8325123128564,22.8122270638886 70.8319279474276,22.8122337829213 70.8319424409334,22.8133172653675 70.8325268109791,22.8133105459806 70.8325195618076,22.8127688049541 70.8336882966212,22.8127553601132 70.8336810430531,22.8122136194022 70.8342654078208,22.8122068939485 70.8342581521648,22.8116651533758 70.8336737897054,22.8116718786522 70.8336592836712,22.8105883970353</coordinates></LinearRing></outerBoundaryIs></Polygon><Polygon><outerBoundaryIs><LinearRing><coordinates>70.8357319978854,22.8344047519727 70.8357247285636,22.8338630133541 70.835140271845,22.8338697501871 70.8351475388556,22.8344114889832 70.8357319978854,22.8344047519727</coordinates></LinearRing></outerBoundaryIs></Polygon><Polygon><outerBoundaryIs><LinearRing><coordinates>70.8345630796051,22.834418223851 70.8345558149058,22.8338764848774 70.8339713577459,22.8338832174252 70.8339786201339,22.8344249565761 70.8345630796051,22.834418223851</coordinates></LinearRing></outerBoundaryIs></Polygon><Polygon><outerBoundaryIs><LinearRing><coordinates>70.8339931455718,22.8355084347609 70.8345776096657,22.835501701681 70.834570344525,22.8349599627855 70.8339858827426,22.834966695688 70.8339931455718,22.8355084347609</coordinates></LinearRing></outerBoundaryIs></Polygon><Polygon><outerBoundaryIs><LinearRing><coordinates>70.8339931455718,22.8355084347609 70.8334086812574,22.835515165698 70.8334159419957,22.8360569049092 70.8340004086216,22.8360501737948 70.8339931455718,22.8355084347609</coordinates></LinearRing></outerBoundaryIs></Polygon><Polygon><outerBoundaryIs><LinearRing><coordinates>70.8328387337967,22.8366053732302 70.8334232029546,22.8365986440814 70.8334159419957,22.8360569049092 70.8328314751493,22.8360636338808 70.8328387337967,22.8366053732302</coordinates></LinearRing></outerBoundaryIs></Polygon><Polygon><outerBoundaryIs><LinearRing><coordinates>70.8328532517528,22.8376888518121 70.8328459926645,22.8371471125407 70.8322615209745,22.8371538397238 70.8322687777511,22.8376955791725 70.8328532517528,22.8376888518121</coordinates></LinearRing></outerBoundaryIs></Polygon><Polygon><outerBoundaryIs><LinearRing><coordinates>70.831684303529,22.8377023043898 70.8316915582142,22.8382440439766 70.8322760347481,22.8382373185821 70.8322687777511,22.8376955791725 70.831684303529,22.8377023043898</coordinates></LinearRing></outerBoundaryIs></Polygon><Polygon><outerBoundaryIs><LinearRing><coordinates>70.8305371052697,22.8393409681011 70.8311215868678,22.8393342466387 70.8311143340539,22.8387925069529 70.8305298547676,22.8387992282382 70.8305371052697,22.8393409681011</coordinates></LinearRing></outerBoundaryIs></Polygon><Polygon><outerBoundaryIs><LinearRing><coordinates>70.8363964592351,22.8403571330959 70.8363891851724,22.8398153950841 70.8358047032472,22.8398221360128 70.8358119749979,22.8403638742021 70.8363964592351,22.8403571330959</coordinates></LinearRing></outerBoundaryIs></Polygon><Polygon><outerBoundaryIs><LinearRing><coordinates>70.8299743693427,22.840972907306 70.8299671204922,22.8404311673831 70.8293826338297,22.840437884913 70.8293898803682,22.8409796250128 70.8299743693427,22.840972907306</coordinates></LinearRing></outerBoundaryIs></Polygon><Polygon><outerBoundaryIs><LinearRing><coordinates>70.8346720765747,22.8425443037717 70.8352565705023,22.8425375662422 70.8352493001805,22.8419958280315 70.8346648085653,22.8420025653835 70.8346720765747,22.8425443037717</coordinates></LinearRing></outerBoundaryIs></Polygon><Polygon><outerBoundaryIs><LinearRing><coordinates>70.8346866132558,22.843627780431 70.8346793448049,22.8430860421209 70.8340948483443,22.8430927776842 70.8341021144828,22.8436345161718 70.8346866132558,22.843627780431</coordinates></LinearRing></outerBoundaryIs></Polygon><Polygon><outerBoundaryIs><LinearRing><coordinates>70.8276798543539,22.8442502082355 70.8276581322498,22.8426249869299 70.8270736354585,22.8426316965933 70.8270953506253,22.8442569184292 70.8276798543539,22.8442502082355</coordinates></LinearRing></outerBoundaryIs></Polygon><Polygon><outerBoundaryIs><LinearRing><coordinates>70.832406698385,22.8479886212824 70.8329912163218,22.8479818905547 70.8329839530441,22.8474401520248 70.8323994374203,22.8474468825752 70.832406698385,22.8479886212824</coordinates></LinearRing></outerBoundaryIs></Polygon><Polygon><outerBoundaryIs><LinearRing><coordinates>70.8271605079954,22.8491325818299 70.8277450325402,22.8491258700456 70.8277377896399,22.8485841300006 70.8271532674083,22.8485908416081 70.8271605079954,22.8491325818299</coordinates></LinearRing></outerBoundaryIs></Polygon><Polygon><outerBoundaryIs><LinearRing><coordinates>70.835351104777,22.8495801594298 70.8359356285499,22.8495734174491 70.8359283530445,22.8490316799233 70.8353438315849,22.8490384217265 70.835351104777,22.8495801594298</coordinates></LinearRing></outerBoundaryIs></Polygon><Polygon><outerBoundaryIs><LinearRing><coordinates>70.8359501802233,22.8506568923835 70.8359429042761,22.8501151549358 70.8347738518831,22.850128637108 70.8347811232036,22.8506703749107 70.8359501802233,22.8506568923835</coordinates></LinearRing></outerBoundaryIs></Polygon><Polygon><outerBoundaryIs><LinearRing><coordinates>70.8342111330388,22.8517605888009 70.8342038635903,22.8512188508988 70.8330348006194,22.8512323209146 70.8330420654409,22.8517740591713 70.8342111330388,22.8517605888009</coordinates></LinearRing></outerBoundaryIs></Polygon><Polygon><outerBoundaryIs><LinearRing><coordinates>70.8312957204913,22.8523359873924 70.8318802573757,22.8523292595358 70.8318584767921,22.8507040437024 70.8312739468483,22.8507107710276 70.8312957204913,22.8523359873924</coordinates></LinearRing></outerBoundaryIs></Polygon><Polygon><outerBoundaryIs><LinearRing><coordinates>70.8353729256785,22.8512053723054 70.8347883947448,22.8512121126744 70.8347956665068,22.8517538503989 70.835380199754,22.8517471098525 70.8353729256785,22.8512053723054</coordinates></LinearRing></outerBoundaryIs></Polygon><Polygon><outerBoundaryIs><LinearRing><coordinates>70.8353874740503,22.8522888473606 70.8359720093902,22.8522821044922 70.8359647327803,22.8517403671617 70.835380199754,22.8517471098525 70.8353874740503,22.8522888473606</coordinates></LinearRing></outerBoundaryIs></Polygon><Polygon><outerBoundaryIs><LinearRing><coordinates>70.8272039561349,22.8523830223411 70.8277884945603,22.8523763094964 70.8277812503404,22.8518345696855 70.8271967142287,22.8518412823534 70.8272039561349,22.8523830223411</coordinates></LinearRing></outerBoundaryIs></Polygon><Polygon><outerBoundaryIs><LinearRing><coordinates>70.833049330483,22.8523157973889 70.8330420654409,22.8517740591713 70.8324575313111,22.8517807911397 70.8324647940396,22.8523225295346 70.833049330483,22.8523157973889</coordinates></LinearRing></outerBoundaryIs></Polygon><Polygon><outerBoundaryIs><LinearRing><coordinates>70.8348102106931,22.852837325731 70.8347956665068,22.8517538503989 70.8342111330388,22.8517605888009 70.834225672598,22.8528440644878 70.8348102106931,22.852837325731</coordinates></LinearRing></outerBoundaryIs></Polygon><Polygon><outerBoundaryIs><LinearRing><coordinates>70.8307184393947,22.8528844519918 70.831302978813,22.8528777261026 70.8312957204913,22.8523359873924 70.8307111833866,22.8523427131045 70.8307184393947,22.8528844519918</coordinates></LinearRing></outerBoundaryIs></Polygon><Polygon><outerBoundaryIs><LinearRing><coordinates>70.8336484020791,22.8533925390622 70.8342329427086,22.8533858022726 70.834225672598,22.8528440644878 70.8336411342821,22.8528508010999 70.8336484020791,22.8533925390622</coordinates></LinearRing></outerBoundaryIs></Polygon><Polygon><outerBoundaryIs><LinearRing><coordinates>70.8313247551004,22.854502941999 70.8324938471587,22.8544894827238 70.8324865835481,22.8539477444851 70.8313174961176,22.8539612034059 70.8313247551004,22.854502941999</coordinates></LinearRing></outerBoundaryIs></Polygon><Polygon><outerBoundaryIs><LinearRing><coordinates>70.8313320143036,22.8550446805531 70.8313247551004,22.854502941999 70.8307402087407,22.8545096684194 70.8307474656299,22.8550514071506 70.8313320143036,22.8550446805531</coordinates></LinearRing></outerBoundaryIs></Polygon><Polygon><outerBoundaryIs><LinearRing><coordinates>70.8260710683156,22.8551051427161 70.8260638299379,22.8545634025703 70.825479281598,22.8545701096875 70.8254865176617,22.8551118500099 70.8260710683156,22.8551051427161</coordinates></LinearRing></outerBoundaryIs></Polygon><Polygon><outerBoundaryIs><LinearRing><coordinates>70.8225709858117,22.8556870954714 70.8231555398773,22.8556803987257 70.8231410860424,22.8545969167083 70.8225565366048,22.8546036131015 70.8225709858117,22.8556870954714</coordinates></LinearRing></outerBoundaryIs></Polygon><Polygon><outerBoundaryIs><LinearRing><coordinates>70.8313465333711,22.856128157544 70.8313392737272,22.8555864190681 70.8307547227395,22.8555931458427 70.8307619800694,22.8561348844957 70.8313465333711,22.856128157544</coordinates></LinearRing></outerBoundaryIs></Polygon><Polygon><outerBoundaryIs><LinearRing><coordinates>70.8243391113194,22.8567504799551 70.8243318792251,22.8562087393967 70.8237473232842,22.8562154406088 70.8237545530644,22.8567571813435 70.8243391113194,22.8567504799551</coordinates></LinearRing></outerBoundaryIs></Polygon><Polygon><outerBoundaryIs><LinearRing><coordinates>70.8220008769827,22.8567772726386 70.8225854358959,22.8567705776853 70.8225782107441,22.8562288365979 70.8214090973268,22.856242224007 70.8214235385927,22.8573257068477 70.8220081000395,22.8573190138633 70.8220008769827,22.8567772726386</coordinates></LinearRing></outerBoundaryIs></Polygon><Polygon><outerBoundaryIs><LinearRing><coordinates>70.8307764953901,22.8572183616848 70.8307692376196,22.8566766231098 70.8301846817834,22.8566833480936 70.8301919372397,22.8572250868456 70.8307764953901,22.8572183616848</coordinates></LinearRing></outerBoundaryIs></Polygon><Polygon><outerBoundaryIs><LinearRing><coordinates>70.8214452021356,22.8589509308161 70.8214379807354,22.8584091895324 70.8208534144406,22.8584158807239 70.8208606335263,22.8589576221839 70.8214452021356,22.8589509308161</coordinates></LinearRing></outerBoundaryIs></Polygon><Polygon><outerBoundaryIs><LinearRing><coordinates>70.8202832816881,22.8595060530033 70.8208678528311,22.8594993636048 70.8208606335263,22.8589576221839 70.8202760646979,22.8589643114063 70.8202832816881,22.8595060530033</coordinates></LinearRing></outerBoundaryIs></Polygon><Polygon><outerBoundaryIs><LinearRing><coordinates>70.8202832816881,22.8595060530033 70.8196987103261,22.8595127402565 70.8197059252208,22.8600544819905 70.8202904988975,22.8600477945613 70.8202832816881,22.8595060530033</coordinates></LinearRing></outerBoundaryIs></Polygon><Polygon><outerBoundaryIs><LinearRing><coordinates>70.8255588903813,22.8605292510876 70.8261434641787,22.8605225420279 70.8261362236034,22.8599808022724 70.8255516521207,22.8599875111555 70.8255588903813,22.8605292510876</coordinates></LinearRing></outerBoundaryIs></Polygon><Polygon><outerBoundaryIs><LinearRing><coordinates>70.8197131403345,22.8605962236855 70.8197059252208,22.8600544819905 70.8191213513251,22.8600611672743 70.8191285641241,22.8606029091453 70.8197131403345,22.8605962236855</coordinates></LinearRing></outerBoundaryIs></Polygon><Polygon><outerBoundaryIs><LinearRing><coordinates>70.8179594110466,22.8606162736284 70.8179666194349,22.8611580158121 70.819135777142,22.8611446509772 70.8191285641241,22.8606029091453 70.8179594110466,22.8606162736284</coordinates></LinearRing></outerBoundaryIs></Polygon><Polygon><outerBoundaryIs><LinearRing><coordinates>70.8162416891951,22.8633450174268 70.8168262780742,22.8633383418159 70.8168190734408,22.8627965994367 70.8162344868768,22.8628032748719 70.8162416891951,22.8633450174268</coordinates></LinearRing></outerBoundaryIs></Polygon><Polygon><outerBoundaryIs><LinearRing><coordinates>70.8226793828298,22.8638132082707 70.8226721548264,22.8632714676906 70.8220875681372,22.863278164759 70.8220947938255,22.8638199055154 70.8226793828298,22.8638132082707</coordinates></LinearRing></outerBoundaryIs></Polygon><Polygon><outerBoundaryIs><LinearRing><coordinates>70.8215102046019,22.8638266006142 70.8215174281944,22.8643683415078 70.8221020197331,22.8643616462327 70.8220947938255,22.8638199055154 70.8215102046019,22.8638266006142</coordinates></LinearRing></outerBoundaryIs></Polygon><Polygon><outerBoundaryIs><LinearRing><coordinates>70.8174685301979,22.8676656002824 70.8180531371627,22.8676589189735 70.8180459261485,22.867117177258 70.8174613214993,22.8671238583911 70.8174685301979,22.8676656002824</coordinates></LinearRing></outerBoundaryIs></Polygon><Polygon><outerBoundaryIs><LinearRing><coordinates>70.8174757391153,22.8682073421347 70.8174685301979,22.8676656002824 70.8168839230144,22.8676722794452 70.816891129616,22.8682140214732 70.8174757391153,22.8682073421347</coordinates></LinearRing></outerBoundaryIs></Polygon><Polygon><outerBoundaryIs><LinearRing><coordinates>70.8169055434755,22.8692975054122 70.8168983364364,22.8687557634622 70.8163137244026,22.8687624408302 70.8163209291259,22.8693041829559 70.8169055434755,22.8692975054122</coordinates></LinearRing></outerBoundaryIs></Polygon><Polygon><outerBoundaryIs><LinearRing><coordinates>70.8157435171835,22.8698526006155 70.8163281340677,22.8698459250426 70.8163209291259,22.8693041829559 70.8157363145576,22.8693108583532 70.8157435171835,22.8698526006155</coordinates></LinearRing></outerBoundaryIs></Polygon><Polygon><outerBoundaryIs><LinearRing><coordinates>70.8151733013563,22.8709427588009 70.8157579230912,22.8709360850232 70.8157507200281,22.8703943428389 70.8151661006092,22.870401016441 70.8151733013563,22.8709427588009</coordinates></LinearRing></outerBoundaryIs></Polygon><Polygon><outerBoundaryIs><LinearRing><coordinates>70.8146030769202,22.8720329153859 70.815187703506,22.8720262434037 70.8151805023219,22.8714845011218 70.8145958780523,22.8714911729285 70.8146030769202,22.8720329153859</coordinates></LinearRing></outerBoundaryIs></Polygon><Polygon><outerBoundaryIs><LinearRing><coordinates>70.8148119391346,22.8877434296732 70.8148047339298,22.8872016883478 70.8142200422428,22.8872083630977 70.8142272451293,22.8877501045987 70.8148119391346,22.8877434296732</coordinates></LinearRing></outerBoundaryIs></Polygon><Polygon><outerBoundaryIs><LinearRing><coordinates>70.8148335560604,22.8893686534153 70.8148191445579,22.8882851709596 70.8142344482344,22.8882918460607 70.8142488550999,22.8893753288675 70.8148335560604,22.8893686534153</coordinates></LinearRing></outerBoundaryIs></Polygon><Polygon><outerBoundaryIs><LinearRing><coordinates>70.8148407621395,22.8899103945846 70.8154254651999,22.8899037168084 70.8154182568022,22.8893619758147 70.8148335560604,22.8893686534153 70.8148407621395,22.8899103945846</coordinates></LinearRing></outerBoundaryIs></Polygon><Polygon><outerBoundaryIs><LinearRing><coordinates>70.8460335523805,22.7746852318349 70.845449351365,22.7746919899218 70.8454347785436,22.7736085104736 70.8436821879882,22.7736287708459 70.8436894673779,22.7741705111244 70.8442736667546,22.774163759625 70.8442809486692,22.7747054996863 70.8448651501278,22.7746987458722 70.8448724345675,22.7752404857162 70.8454566381081,22.7752337295874 70.8454712122593,22.7763172088018 70.8460554201855,22.7763104501797 70.8460408414271,22.7752269713222 70.8466250445244,22.7752202109205 70.8466177531743,22.7746784716117 70.8472019537463,22.7746717092521 70.8471946603145,22.7741299700829 70.8466104620459,22.774136732264 70.8466031711392,22.7735949928773 70.8460189749522,22.7736017527436 70.8460335523805,22.7746852318349</coordinates></LinearRing></outerBoundaryIs></Polygon><Polygon><outerBoundaryIs><LinearRing><coordinates>70.8460772899859,22.7779356681738 70.8454930751482,22.7779424273312 70.8455076515158,22.7790259061559 70.8460918709614,22.7790191466417 70.8460845803628,22.7784774074272 70.8466687972827,22.7784706459547 70.8466396278901,22.7763036894211 70.8460554201855,22.7763104501797 70.8460772899859,22.7779356681738</coordinates></LinearRing></outerBoundaryIs></Polygon><Polygon><outerBoundaryIs><LinearRing><coordinates>70.8455076515158,22.7790259061559 70.8449234318485,22.7790326635332 70.8449380044944,22.7801161425588 70.8443537799973,22.7801228981559 70.8443756337152,22.781748116937 70.8455440963136,22.7817346025357 70.8455076515158,22.7790259061559</coordinates></LinearRing></outerBoundaryIs></Polygon><Polygon><outerBoundaryIs><LinearRing><coordinates>70.8443829187309,22.7822898564527 70.8443756337152,22.781748116937 70.8437914020837,22.7817548709319 70.843798684795,22.7822966106259 70.8443829187309,22.7822898564527</coordinates></LinearRing></outerBoundaryIs></Polygon><Polygon><outerBoundaryIs><LinearRing><coordinates>70.846727146714,22.7828045571512 70.8467198522587,22.7822628183881 70.8461356192093,22.78226958111 70.8461429113601,22.7828113200517 70.846727146714,22.7828045571512</coordinates></LinearRing></outerBoundaryIs></Polygon><Polygon><outerBoundaryIs><LinearRing><coordinates>70.845573256142,22.7839015589381 70.8455586757844,22.7828180808149 70.8449744399871,22.7828248394408 70.8449890157354,22.7839083179208 70.845573256142,22.7839015589381</coordinates></LinearRing></outerBoundaryIs></Polygon><Polygon><outerBoundaryIs><LinearRing><coordinates>70.845573256142,22.7839015589381 70.845595128341,22.7855267758306 70.8461793754402,22.7855200141753 70.8461574963268,22.783894797818 70.845573256142,22.7839015589381</coordinates></LinearRing></outerBoundaryIs></Polygon><Polygon><outerBoundaryIs><LinearRing><coordinates>70.8427030094559,22.787727510921 70.843287266883,22.7877207592407 70.8432799842621,22.7871790197581 70.8426957291401,22.7871857712603 70.8427030094559,22.787727510921</coordinates></LinearRing></outerBoundaryIs></Polygon><Polygon><outerBoundaryIs><LinearRing><coordinates>70.8462523202335,22.7909373994989 70.8462450247561,22.7903956611419 70.8456607569101,22.7904024244033 70.845668050082,22.7909441629387 70.8462523202335,22.7909373994989</coordinates></LinearRing></outerBoundaryIs></Polygon><Polygon><outerBoundaryIs><LinearRing><coordinates>70.8410229820138,22.79316515294 70.8410157064017,22.792623413135 70.8404314273398,22.7926301578657 70.840438700646,22.7931718978487 70.8410229820138,22.79316515294</coordinates></LinearRing></outerBoundaryIs></Polygon><Polygon><outerBoundaryIs><LinearRing><coordinates>70.8451129453906,22.7931178787058 70.8456972249868,22.7931111166904 70.845689930928,22.792569378311 70.8451056536376,22.7925761401479 70.8451129453906,22.7931178787058</coordinates></LinearRing></outerBoundaryIs></Polygon><Polygon><outerBoundaryIs><LinearRing><coordinates>70.8451421146195,22.7952848325472 70.8451202373653,22.7936596172246 70.8445359552415,22.79366637728 70.8445578255775,22.7952915931377 70.8451421146195,22.7952848325472</coordinates></LinearRing></outerBoundaryIs></Polygon><Polygon><outerBoundaryIs><LinearRing><coordinates>70.8463179895121,22.7958130429568 70.8462960977561,22.7941878288217 70.8457118137698,22.7941945933323 70.8457336986074,22.7958198080028 70.8463179895121,22.7958130429568</coordinates></LinearRing></outerBoundaryIs></Polygon><Polygon><outerBoundaryIs><LinearRing><coordinates>70.8439881130337,22.7963818289897 70.8445724069097,22.7963750701812 70.8445651161328,22.7958333316789 70.843980824563,22.7958400903091 70.8439881130337,22.7963818289897</coordinates></LinearRing></outerBoundaryIs></Polygon><Polygon><outerBoundaryIs><LinearRing><coordinates>70.8463398832647,22.7974382567409 70.8463325851253,22.7968965188518 70.8457482896081,22.7969032842547 70.845755585441,22.7974450223223 70.8463398832647,22.7974382567409</coordinates></LinearRing></outerBoundaryIs></Polygon><Polygon><outerBoundaryIs><LinearRing><coordinates>70.8446307411043,22.8007089767955 70.8446015722338,22.7985420238003 70.844017269132,22.798548783322 70.8440464287756,22.8007157370304 70.8446307411043,22.8007089767955</coordinates></LinearRing></outerBoundaryIs></Polygon><Polygon><outerBoundaryIs><LinearRing><coordinates>70.84230805777,22.8018194825899 70.8434766927628,22.801805972103 70.8434694043833,22.8012642336341 70.8423007740044,22.8012777437647 70.84230805777,22.8018194825899</coordinates></LinearRing></outerBoundaryIs></Polygon><Polygon><outerBoundaryIs><LinearRing><coordinates>70.8394082844328,22.8034784402817 70.8399926100677,22.8034716962705 70.8399853348667,22.8029299568502 70.839401011539,22.8029367006836 70.8394082844328,22.8034784402817</coordinates></LinearRing></outerBoundaryIs></Polygon><Polygon><outerBoundaryIs><LinearRing><coordinates>70.8394228308836,22.804561919361 70.840007161133,22.8045551749941 70.8399998854898,22.8040134356518 70.8394155575477,22.8040201798408 70.8394228308836,22.804561919361</coordinates></LinearRing></outerBoundaryIs></Polygon><Polygon><outerBoundaryIs><LinearRing><coordinates>70.8394301044405,22.8051036588422 70.8394228308836,22.804561919361 70.838838500413,22.8045686615884 70.8388457716626,22.8051104012473 70.8394301044405,22.8051036588422</coordinates></LinearRing></outerBoundaryIs></Polygon><Polygon><outerBoundaryIs><LinearRing><coordinates>70.8371073013199,22.8062140958925 70.8371145663095,22.8067558359676 70.837698906673,22.8067490994483 70.8377134419302,22.8078325791263 70.8382977866883,22.8078258401118 70.8382905166415,22.80728410047 70.8388748588708,22.8072773594934 70.8388603148247,22.8061938804483 70.8376916393757,22.8062073595508 70.8376843722993,22.8056656196143 70.8359313643922,22.8056858216874 70.8359386245459,22.8062275621566 70.8371073013199,22.8062140958925</coordinates></LinearRing></outerBoundaryIs></Polygon><Polygon><outerBoundaryIs><LinearRing><coordinates>70.8359531455153,22.8073110429781 70.836537488628,22.8073043105608 70.8365302257253,22.8067625703471 70.8359458849203,22.8067693025869 70.8359531455153,22.8073110429781</coordinates></LinearRing></outerBoundaryIs></Polygon><Polygon><outerBoundaryIs><LinearRing><coordinates>70.838889403801,22.8083608383824 70.8388821312254,22.8078190989574 70.8382977866883,22.8078258401118 70.838305056956,22.8083675797146 70.838889403801,22.8083608383824</coordinates></LinearRing></outerBoundaryIs></Polygon><Polygon><outerBoundaryIs><LinearRing><coordinates>70.8365447517515,22.8078460507356 70.8365592786606,22.8089295309681 70.8359749286243,22.808936263918 70.8359894518004,22.8100197443496 70.8354050969273,22.8100264755145 70.835397837537,22.8094847351407 70.8348134847515,22.809491463988 70.8348207418337,22.8100332045392 70.8342363865195,22.8100399314238 70.8342436415141,22.8105816721135 70.83658107068,22.8105547510245 70.8365738064528,22.8100130110447 70.8371581608844,22.8100062755996 70.8371436284762,22.8089227958782 70.8377279780709,22.8089160586483 70.8377207098901,22.8083743189068 70.8371363626033,22.808381055959 70.8371290969512,22.8078393160009 70.8365447517515,22.8078460507356</coordinates></LinearRing></outerBoundaryIs></Polygon><Polygon><outerBoundaryIs><LinearRing><coordinates>70.8383268690851,22.809992798289 70.8394955764019,22.809979312418 70.8394883008552,22.8094375732878 70.8383195981544,22.8094510588032 70.8383268690851,22.809992798289</coordinates></LinearRing></outerBoundaryIs></Polygon><Polygon><outerBoundaryIs><LinearRing><coordinates>70.8383341402367,22.8105345377358 70.8383268690851,22.809992798289 70.8371581608844,22.8100062755996 70.8371654274197,22.8105480154018 70.8383341402367,22.8105345377358</coordinates></LinearRing></outerBoundaryIs></Polygon><Polygon><outerBoundaryIs><LinearRing><coordinates>70.83658107068,22.8105547510245 70.8365883351279,22.8110964909653 70.8371726941759,22.811089755165 70.8371654274197,22.8105480154018 70.83658107068,22.8105547510245</coordinates></LinearRing></outerBoundaryIs></Polygon><Polygon><outerBoundaryIs><LinearRing><coordinates>70.8401236015023,22.8132229991675 70.8407079684576,22.8132162498141 70.8407006869672,22.8126745112737 70.8401163223204,22.8126812604491 70.8401236015023,22.8132229991675</coordinates></LinearRing></outerBoundaryIs></Polygon><Polygon><outerBoundaryIs><LinearRing><coordinates>70.8471506047799,22.8142253387001 70.8465662356453,22.8142321119553 70.8465589306266,22.8136903752755 70.8459745635786,22.8136971462116 70.8459891692208,22.8147806198892 70.8471579123292,22.8147670751624 70.8471506047799,22.8142253387001</coordinates></LinearRing></outerBoundaryIs></Polygon><Polygon><outerBoundaryIs><LinearRing><coordinates>70.8413214726004,22.8153764513798 70.8419058483477,22.8153696970333 70.8418985613547,22.814827959005 70.8413141879162,22.8148347131734 70.8413214726004,22.8153764513798</coordinates></LinearRing></outerBoundaryIs></Polygon><Polygon><outerBoundaryIs><LinearRing><coordinates>70.8448496207016,22.8169611043683 70.8448861200379,22.8196697888834 70.8443017269262,22.81967655536 70.8443090251496,22.8202182923243 70.8454778157699,22.8202047568733 70.8454340020458,22.8169543366427 70.8448496207016,22.8169611043683</coordinates></LinearRing></outerBoundaryIs></Polygon><Polygon><outerBoundaryIs><LinearRing><coordinates>70.8437246295068,22.8202250568381 70.8437319256424,22.8207667939417 70.8443163235946,22.8207600292496 70.8443090251496,22.8202182923243 70.8437246295068,22.8202250568381</coordinates></LinearRing></outerBoundaryIs></Polygon><Polygon><outerBoundaryIs><LinearRing><coordinates>70.8379170283143,22.8230012782395 70.8385014377186,22.8229945342487 70.83848688547,22.8219110571102 70.837902480685,22.8219178007455 70.8379170283143,22.8230012782395</coordinates></LinearRing></outerBoundaryIs></Polygon><Polygon><outerBoundaryIs><LinearRing><coordinates>70.8437611124017,22.8229337419659 70.8437538153794,22.8223920050184 70.8431694102768,22.822398768104 70.8431767049894,22.8229405052298 70.8437611124017,22.8229337419659</coordinates></LinearRing></outerBoundaryIs></Polygon><Polygon><outerBoundaryIs><LinearRing><coordinates>70.8431912950796,22.8240239793643 70.8431839999237,22.8234822423165 70.84259958998,22.8234890036172 70.842606882826,22.8240307408431 70.8431912950796,22.8240239793643</coordinates></LinearRing></outerBoundaryIs></Polygon><Polygon><outerBoundaryIs><LinearRing><coordinates>70.8426214691828,22.8251142151779 70.8432058860563,22.8251074533426 70.8431985904571,22.824565716373 70.8426141758936,22.82457247803 70.8426214691828,22.8251142151779</coordinates></LinearRing></outerBoundaryIs></Polygon><Polygon><outerBoundaryIs><LinearRing><coordinates>70.8426360564258,22.8261976893565 70.8426214691828,22.8251142151779 70.8420370520878,22.8251209748714 70.8420516347106,22.8262044494064 70.8426360564258,22.8261976893565</coordinates></LinearRing></outerBoundaryIs></Polygon><Polygon><outerBoundaryIs><LinearRing><coordinates>70.8379752276711,22.8273351866551 70.8379534012547,22.8257099712919 70.8373689800796,22.8257167140297 70.8373907995652,22.827341929926 70.8379752276711,22.8273351866551</coordinates></LinearRing></outerBoundaryIs></Polygon><Polygon><outerBoundaryIs><LinearRing><coordinates>70.835644780595,22.8279038859739 70.8362292116738,22.8278971489513 70.8362219426908,22.827355410042 70.8356375139224,22.8273621468871 70.835644780595,22.8279038859739</coordinates></LinearRing></outerBoundaryIs></Polygon><Polygon><outerBoundaryIs><LinearRing><coordinates>70.8415036616555,22.8289198938594 70.842088095144,22.8289131350608 70.8420589263543,22.8267461866153 70.8414745021073,22.8267529447015 70.8415036616555,22.8289198938594</coordinates></LinearRing></outerBoundaryIs></Polygon><Polygon><outerBoundaryIs><LinearRing><coordinates>70.8368209140461,22.8284321484793 70.8374053469937,22.8284254069951 70.8373907995652,22.827341929926 70.8368063712385,22.8273486710549 70.8368209140461,22.8284321484793</coordinates></LinearRing></outerBoundaryIs></Polygon><Polygon><outerBoundaryIs><LinearRing><coordinates>70.8415182427583,22.8300033682042 70.8409338044272,22.8300101252167 70.840941093,22.8305518625086 70.8415255336419,22.830545105318 70.8415182427583,22.8300033682042</coordinates></LinearRing></outerBoundaryIs></Polygon><Polygon><outerBoundaryIs><LinearRing><coordinates>70.8415328247469,22.8310868423928 70.8421172674781,22.8310800828819 70.8421099740623,22.8305383459852 70.8415255336419,22.830545105318 70.8415328247469,22.8310868423928</coordinates></LinearRing></outerBoundaryIs></Polygon><Polygon><outerBoundaryIs><LinearRing><coordinates>70.8409629600471,22.8321770741501 70.8415474076214,22.8321703164254 70.8415328247469,22.8310868423928 70.8409483817943,22.8310935997615 70.8409629600471,22.8321770741501</coordinates></LinearRing></outerBoundaryIs></Polygon><Polygon><outerBoundaryIs><LinearRing><coordinates>70.8409702495055,22.8327188112859 70.8409629600471,22.8321770741501 70.8403785122513,22.8321838297325 70.8403857993988,22.8327255670462 70.8409702495055,22.8327188112859</coordinates></LinearRing></outerBoundaryIs></Polygon><Polygon><outerBoundaryIs><LinearRing><coordinates>70.8363091850613,22.8338562743785 70.8363019136492,22.8333145358984 70.8357174594626,22.8333212746964 70.8357247285636,22.8338630133541 70.8363091850613,22.8338562743785</coordinates></LinearRing></outerBoundaryIs></Polygon><Polygon><outerBoundaryIs><LinearRing><coordinates>70.8386688521402,22.8354545101241 70.8392533144669,22.835447759902 70.8392460308353,22.8349060224276 70.8386615708201,22.8349127724718 70.8386688521402,22.8354545101241</coordinates></LinearRing></outerBoundaryIs></Polygon><Polygon><outerBoundaryIs><LinearRing><coordinates>70.838683415444,22.8365379853116 70.8386761336815,22.8359962477373 70.8380916688224,22.8360029959944 70.8380989482733,22.8365447337464 70.838683415444,22.8365379853116</coordinates></LinearRing></outerBoundaryIs></Polygon><Polygon><outerBoundaryIs><LinearRing><coordinates>70.8381135078386,22.8376282091333 70.8381062279454,22.8370864714594 70.8375217582421,22.8370932179291 70.8375290358236,22.8376349557808 70.8381135078386,22.8376282091333</coordinates></LinearRing></outerBoundaryIs></Polygon><Polygon><outerBoundaryIs><LinearRing><coordinates>70.8375799850831,22.8414271196495 70.8375872644329,22.8419688571889 70.8370027737012,22.8419756031147 70.8370173284393,22.8430590784318 70.8376018237957,22.8430523321506 70.8376091038086,22.8435940695729 70.8387780984828,22.8435805702243 70.838770813845,22.8430388331575 70.8381863189309,22.8430455837258 70.8381790368266,22.8425038464423 70.8387635294284,22.8424970960517 70.8387489612588,22.841413621723 70.8393334490149,22.8414068695447 70.8393188771059,22.8403233954156 70.838734393974,22.8403301472382 70.8387416775058,22.8408718845001 70.8381571918406,22.8408786343573 70.8381644732815,22.841420371758 70.8375799850831,22.8414271196495</coordinates></LinearRing></outerBoundaryIs></Polygon><Polygon><outerBoundaryIs><LinearRing><coordinates>70.8387635294284,22.8424970960517 70.838770813845,22.8430388331575 70.8393553085379,22.8430320804457 70.839348021809,22.8424903435177 70.8387635294284,22.8424970960517</coordinates></LinearRing></outerBoundaryIs></Polygon><Polygon><outerBoundaryIs><LinearRing><coordinates>70.8376163840427,22.8441358069561 70.8370318840615,22.8441425535927 70.8370246061399,22.8436008160318 70.8364401082502,22.843607560347 70.8364764885049,22.8463162486495 70.8376455071896,22.8463027560987 70.8376163840427,22.8441358069561</coordinates></LinearRing></outerBoundaryIs></Polygon><Polygon><outerBoundaryIs><LinearRing><coordinates>70.8382518678207,22.8479212175213 70.8382445837261,22.8473794805891 70.8376600700896,22.8473862304358 70.8376673518712,22.8479279675458 70.8382518678207,22.8479212175213</coordinates></LinearRing></outerBoundaryIs></Polygon><Polygon><outerBoundaryIs><LinearRing><coordinates>70.8406336941355,22.8511446124867 70.8406263994603,22.8506028765003 70.8400418728301,22.8506096359909 70.8400491651919,22.8511513721552 70.8406336941355,22.8511446124867</coordinates></LinearRing></outerBoundaryIs></Polygon><Polygon><outerBoundaryIs><LinearRing><coordinates>70.8383028626758,22.8517133749535 70.8388873945969,22.8517066215403 70.8388801066405,22.8511648850592 70.8382955770329,22.8511716382946 70.8383028626758,22.8517133749535</coordinates></LinearRing></outerBoundaryIs></Polygon><Polygon><outerBoundaryIs><LinearRing><coordinates>70.8377183305335,22.8517201262222 70.8377110472041,22.8511783893856 70.8371265171542,22.8511851383322 70.8371337981702,22.8517268753465 70.8377183305335,22.8517201262222</coordinates></LinearRing></outerBoundaryIs></Polygon><Polygon><outerBoundaryIs><LinearRing><coordinates>70.8412328174994,22.8522213221731 70.8412255200677,22.8516795864429 70.8406409890322,22.851686348434 70.8406482841503,22.8522280843422 70.8412328174994,22.8522213221731</coordinates></LinearRing></outerBoundaryIs></Polygon><Polygon><outerBoundaryIs><LinearRing><coordinates>70.8394865075002,22.8527833384718 70.8400710436058,22.8527765804139 70.8400637505797,22.8522348443667 70.8394792167878,22.8522416022467 70.8394865075002,22.8527833384718</coordinates></LinearRing></outerBoundaryIs></Polygon><Polygon><outerBoundaryIs><LinearRing><coordinates>70.8377401818485,22.8533453364978 70.8377328978557,22.8528035997783 70.8371483608652,22.852810349258 70.8371556425442,22.8533520861552 70.8377401818485,22.8533453364978</coordinates></LinearRing></outerBoundaryIs></Polygon><Polygon><outerBoundaryIs><LinearRing><coordinates>70.8639818002001,22.7625565152128 70.8639744448941,22.7620147803874 70.8633903037424,22.7620216005577 70.8633976567466,22.7625633355632 70.8639818002001,22.7625565152128</coordinates></LinearRing></outerBoundaryIs></Polygon><Polygon><outerBoundaryIs><LinearRing><coordinates>70.8669467197053,22.7657727841593 70.8675308756271,22.7657659499158 70.8675235051652,22.7652242164064 70.8669393515456,22.7652310504694 70.8669467197053,22.7657727841593</coordinates></LinearRing></outerBoundaryIs></Polygon><Polygon><outerBoundaryIs><LinearRing><coordinates>70.8512621146459,22.7724573610102 70.851240189313,22.7708321466718 70.8518243719861,22.7708253684739 70.8518024417453,22.7692001543216 70.8535549677043,22.7691798085239 70.8535476511606,22.7686380709324 70.8547159960819,22.7686244967468 70.8547086751555,22.7680827594747 70.8552928449795,22.7680759693576 70.8552855219733,22.7675342322259 70.8564538563479,22.7675206459434 70.8564611839591,22.7680623827163 70.8570453531146,22.7680555861922 70.8570380232008,22.7675138495987 70.8576221898308,22.7675070511185 70.8576148578375,22.7669653146656 70.85703069351,22.7669721129663 70.8570233640421,22.7664303762949 70.855855039323,22.7664439661308 70.8558403902653,22.7653604919533 70.8570087057752,22.7653469028351 70.8569867200471,22.763721692353 70.8575708705613,22.7637148951294 70.8575635401291,22.7631731584036 70.8581476881184,22.7631663592244 70.8581403556074,22.7626246226392 70.8587245010716,22.7626178215044 70.8587171664819,22.7620760850598 70.8593013094212,22.7620692819696 70.8592939727528,22.7615275456658 70.8604622533582,22.7615139334398 70.8604402308827,22.759888725373 70.8610243639456,22.7598819165971 70.8610096788091,22.7587984447173 70.8598414216656,22.7588120594151 70.8598487595194,22.7593537957341 70.8592646283113,22.7593606000606 70.8592719640869,22.7599023365204 70.8586878303542,22.7599091388919 70.8586804968801,22.7593674022525 70.8575122333483,22.7593810002319 70.8575049047001,22.7588392631943 70.8569207749011,22.7588460588024 70.8569061228764,22.7577625842513 70.855737871815,22.7577761683457 70.8557525146345,22.7588596436144 70.855168384167,22.7588664328184 70.8551610649472,22.7583246950242 70.8534086791129,22.7583450492901 70.8534159914286,22.758886787622 70.8522477284904,22.7589003468175 70.8522550364257,22.7594420854685 70.8510867679952,22.759455636483 70.8510940715499,22.759997375453 70.8522623445834,22.7599838240806 70.8522696529634,22.7605255626537 70.8540220677505,22.7605052190465 70.8540293832579,22.7610469570433 70.8534452429163,22.7610537405598 70.8534598699952,22.7621372167949 70.8511232879906,22.7621643309436 70.8511305926563,22.7627060697188 70.8505464442975,22.7627128430972 70.8505391419337,22.7621711041431 70.8499549956546,22.7621778752075 70.8499695960007,22.7632613534345 70.8505537468836,22.7632545820124 70.8505610496918,22.7637963208886 70.8511452026545,22.7637895471524 70.851152507987,22.7643312858108 70.8523208178499,22.7643177315748 70.8523281280089,22.7648594698362 70.8505756559747,22.7648797985241 70.8505683527222,22.7643380597258 70.8494000415261,22.7643516011501 70.8494219381369,22.7659768185009 70.848837775299,22.7659835865463 70.848845072311,22.766525325764 70.8482609069488,22.7665320918525 70.8482682018803,22.76707383121 70.8476840339937,22.7670805953416 70.8476913268447,22.7676223348388 70.848859667001,22.7676088040827 70.8488669646789,22.7681505431835 70.8482827924091,22.7681573098081 70.8482900880064,22.7686990490487 70.8488742625789,22.7686922822455 70.8488888590448,22.7697757602524 70.8483046798668,22.769782527413 70.8483119761299,22.7703242665367 70.8477277944271,22.7703310317401 70.8477423830132,22.7714145102278 70.8471581964825,22.7714212736524 70.8471727813499,22.7725047523415 70.8465885899912,22.772511513987 70.8466031711392,22.7735949928773 70.8471873671044,22.7735882308747 70.8471800741162,22.7730464916276 70.8477642675563,22.7730397276673 70.847749677639,22.7719562494133 70.8483338662508,22.7719494836741 70.8483192726149,22.7708660056215 70.8489034563987,22.7708592381035 70.8488961576108,22.7703174991974 70.8500645199064,22.7703039581111 70.8501010390971,22.773012650464 70.849516846545,22.7730194229691 70.8495241487464,22.7735611615016 70.8501083436018,22.7735543888177 70.8501156483286,22.7740961271324 70.8506998452652,22.7740893521333 70.8506779248414,22.7724641376089 70.8512621146459,22.7724573610102</coordinates></LinearRing></outerBoundaryIs><innerBoundaryIs><LinearRing><coordinates>70.8558623641861,22.7669857031611 70.8546940339709,22.7669992848138 70.8546867137127,22.7664575474248 70.855855039323,22.7664439661308 70.8558623641861,22.7669857031611</coordinates></LinearRing></innerBoundaryIs><innerBoundaryIs><LinearRing><coordinates>70.8500207042083,22.7670535260016 70.8506048712068,22.7670467533277 70.8505975670655,22.7665050146852 70.8511817315394,22.7664982400546 70.8511890379831,22.7670399785181 70.8517732045372,22.767033201573 70.851765895791,22.7664914632884 70.8523500598203,22.7664846843867 70.8523427489941,22.7659429462422 70.8529269104986,22.765936165384 70.8529195975925,22.7653944273796 70.8535037565723,22.7653876445651 70.853525702865,22.7670128579242 70.8529415369782,22.767019641276 70.8529488505517,22.7675613791635 70.8523646821399,22.7675681605589 70.8523719936333,22.7681098985865 70.8517878226965,22.7681166780252 70.8517805135057,22.7675749398186 70.8511963446491,22.7675817169427 70.8512255735359,22.7697486702513 70.8506413952464,22.7697554459554 70.850648700721,22.770297184364 70.8500645199064,22.7703039581111 70.8500207042083,22.7670535260016</coordinates></LinearRing></innerBoundaryIs><innerBoundaryIs><LinearRing><coordinates>70.8534744979641,22.7632206928742 70.8534671838684,22.762678954854 70.8540513311153,22.7626721708 70.8540440149403,22.7621304329201 70.8552123041626,22.7621168587653 70.8552196249413,22.7626585962867 70.8546354781397,22.7626653846109 70.8546427968392,22.7632071222727 70.8534744979641,22.7632206928742</coordinates></LinearRing></innerBoundaryIs><innerBoundaryIs><LinearRing><coordinates>70.8557744805346,22.7604848562252 70.8557818029468,22.7610265936842 70.8551976632732,22.7610333836055 70.8552049836065,22.7615751212049 70.8546208414085,22.7615819091705 70.8546062055679,22.7604984335743 70.8557744805346,22.7604848562252</coordinates></LinearRing></innerBoundaryIs></Polygon><Polygon><outerBoundaryIs><LinearRing><coordinates>70.8669614566972,22.7668562514222 70.8675456172235,22.7668494168177 70.8675382463132,22.7663076833862 70.8669540880892,22.7663145178103 70.8669614566972,22.7668562514222</coordinates></LinearRing></outerBoundaryIs></Polygon><Polygon><outerBoundaryIs><LinearRing><coordinates>70.8587905224216,22.7674934477512 70.8587831858234,22.7669517116575 70.858199021942,22.7669585142293 70.8582063562377,22.7675002505026 70.8587905224216,22.7674934477512</coordinates></LinearRing></outerBoundaryIs></Polygon><Polygon><outerBoundaryIs><LinearRing><coordinates>70.8663846624764,22.7674048176445 70.8663772959466,22.7668630838912 70.865793134972,22.7668699142247 70.8658004991994,22.7674116481584 70.8663846624764,22.7674048176445</coordinates></LinearRing></outerBoundaryIs></Polygon><Polygon><outerBoundaryIs><LinearRing><coordinates>70.8687286893066,22.7679192072258 70.8698970179987,22.7679055223457 70.8698896374301,22.7673637897147 70.8687213133429,22.7673774742335 70.8687286893066,22.7679192072258</coordinates></LinearRing></outerBoundaryIs></Polygon><Polygon><outerBoundaryIs><LinearRing><coordinates>70.8646395318198,22.7679670370348 70.8646321719734,22.7674253027796 70.8640480080245,22.7674321268868 70.8640553655684,22.7679738613223 70.8646395318198,22.7679670370348</coordinates></LinearRing></outerBoundaryIs></Polygon><Polygon><outerBoundaryIs><LinearRing><coordinates>70.8582283604637,22.7691254590888 70.8582063562377,22.7675002505026 70.8576221898308,22.7675070511185 70.8576295220471,22.7680487875324 70.8570453531146,22.7680555861922 70.8570526832514,22.7685973227467 70.8576368544865,22.7685905239074 70.857644187149,22.7691322602434 70.8582283604637,22.7691254590888</coordinates></LinearRing></outerBoundaryIs></Polygon><Polygon><outerBoundaryIs><LinearRing><coordinates>70.8558916658667,22.7691526508926 70.8564758398504,22.7691458561453 70.8564611839591,22.7680623827163 70.8558770145807,22.7680691771048 70.8558916658667,22.7691526508926</coordinates></LinearRing></outerBoundaryIs></Polygon><Polygon><outerBoundaryIs><LinearRing><coordinates>70.8576515200345,22.7696739965404 70.857644187149,22.7691322602434 70.8570600136112,22.7691390592622 70.857067344194,22.7696807957387 70.8576515200345,22.7696739965404</coordinates></LinearRing></outerBoundaryIs></Polygon><Polygon><outerBoundaryIs><LinearRing><coordinates>70.8564831681304,22.7696875928013 70.8564904966334,22.7702293294183 70.8570746749997,22.7702225321763 70.857067344194,22.7696807957387 70.8564831681304,22.7696875928013</coordinates></LinearRing></outerBoundaryIs></Polygon><Polygon><outerBoundaryIs><LinearRing><coordinates>70.855898991844,22.769694387728 70.8547306386027,22.7697079711739 70.8547379601971,22.770249708329 70.855322139232,22.7702429174946 70.8553367876949,22.7713263913293 70.8559209711129,22.7713195980003 70.855898991844,22.769694387728</coordinates></LinearRing></outerBoundaryIs></Polygon><Polygon><outerBoundaryIs><LinearRing><coordinates>70.8529927366649,22.7708118056703 70.8535769186707,22.7708050210645 70.8535696014593,22.7702632835899 70.8529854217565,22.7702700680166 70.8529927366649,22.7708118056703</coordinates></LinearRing></outerBoundaryIs></Polygon><Polygon><outerBoundaryIs><LinearRing><coordinates>70.8541684201907,22.7713399715792 70.8547526040542,22.7713331825222 70.8547452820143,22.7707914454451 70.8541611004538,22.7707982343228 70.8541684201907,22.7713399715792</coordinates></LinearRing></outerBoundaryIs></Polygon><Polygon><outerBoundaryIs><LinearRing><coordinates>70.8565124834797,22.7718545390354 70.856505154308,22.7713128025354 70.8559209711129,22.7713195980003 70.8559282979815,22.7718613346798 70.8565124834797,22.7718545390354</coordinates></LinearRing></outerBoundaryIs></Polygon><Polygon><outerBoundaryIs><LinearRing><coordinates>70.8535842361046,22.7713467585001 70.8535915537611,22.7718884958967 70.8530073671493,22.7718952808607 70.8530146827253,22.7724370183975 70.8541830603325,22.772423445975 70.8541684201907,22.7713399715792 70.8535842361046,22.7713467585001</coordinates></LinearRing></outerBoundaryIs></Polygon><Polygon><outerBoundaryIs><LinearRing><coordinates>70.8541903807373,22.7729651831144 70.8547745715101,22.7729583935197 70.8547672488021,22.7724166565595 70.8541830603325,22.772423445975 70.8541903807373,22.7729651831144</coordinates></LinearRing></outerBoundaryIs></Polygon><Polygon><outerBoundaryIs><LinearRing><coordinates>70.8495314511699,22.7741028999951 70.8495241487464,22.7735611615016 70.8489399536689,22.7735679320493 70.848947253789,22.7741096707216 70.8495314511699,22.7741028999951</coordinates></LinearRing></outerBoundaryIs></Polygon><Polygon><outerBoundaryIs><LinearRing><coordinates>70.8477788583612,22.7741232057654 70.8477715628478,22.7735814667358 70.8471873671044,22.7735882308747 70.8471946603145,22.7741299700829 70.8477788583612,22.7741232057654</coordinates></LinearRing></outerBoundaryIs></Polygon><Polygon><outerBoundaryIs><LinearRing><coordinates>70.8489545541312,22.7746514093548 70.8483703542248,22.7746581781236 70.8483849509682,22.7757416556307 70.8478007462328,22.7757484226204 70.8478080426338,22.7762901614941 70.8489764564899,22.7762766250209 70.8489545541312,22.7746514093548</coordinates></LinearRing></outerBoundaryIs></Polygon><Polygon><outerBoundaryIs><LinearRing><coordinates>70.8536647425689,22.7773058677187 70.8536574226864,22.776764130712 70.853073215344,22.7767709172883 70.8530805329228,22.7773126544743 70.8536647425689,22.7773058677187</coordinates></LinearRing></outerBoundaryIs></Polygon><Polygon><outerBoundaryIs><LinearRing><coordinates>70.8601204170953,22.7793980121304 70.8601130709783,22.778856277254 70.8606972848598,22.7788494643196 70.8606899366622,22.778307729584 70.8612741480163,22.7783009146927 70.8612594476839,22.7772174454644 70.861843654207,22.7772106287963 70.8618363020724,22.7766688943036 70.8624205060681,22.7766620756788 70.8624131518535,22.7761203413271 70.8629973533219,22.7761135207459 70.8629899970274,22.7755717865352 70.8641583946859,22.7755581393237 70.8641510340082,22.7750164054343 70.8653194261643,22.7750027500376 70.865326791449,22.7755444835665 70.8647425931794,22.7755513125133 70.8647499563845,22.7760930461835 70.8641657555875,22.7760998731741 70.864173116713,22.7766416069855 70.8635889133885,22.7766484320198 70.8635962724341,22.7771901659724 70.8630120665821,22.7771969890503 70.8630267807373,22.7782804571986 70.861858359147,22.7782940976647 70.8618730649814,22.7793775663771 70.8612888492429,22.779384383765 70.8612962001915,22.7799261182427 70.8601277634358,22.7799397469678 70.8601424567871,22.7810232165255 70.8595582334658,22.7810300280423 70.8595729231021,22.7821134978036 70.8589886949488,22.7821203075428 70.8589960377976,22.7826620425446 70.8584118071166,22.7826688503264 70.858433830089,22.784294055637 70.8572653542301,22.7843076658666 70.857272691058,22.7848494012513 70.8566884504892,22.7848562033396 70.8566957852354,22.7853979388648 70.8561115421387,22.7854047389951 70.8561188748031,22.7859464746608 70.8555346291786,22.7859532728331 70.8555492905664,22.7870367444062 70.8549650401091,22.7870435407996 70.8549796977782,22.7881270125754 70.8561482076903,22.7881134169334 70.8561702096969,22.7897386232282 70.8555859479365,22.7897454226563 70.855600612445,22.7908288936834 70.8573534108898,22.7908084879085 70.8573460716076,22.7902667529529 70.8579303350042,22.7902599469315 70.8579229936398,22.7897182121164 70.8585072545078,22.7897114041367 70.8585145981776,22.7902531387721 70.8590988611278,22.7902463284747 70.859069478567,22.7880793904178 70.8579009708858,22.7880930074372 70.8578936304142,22.7875512724662 70.8584778820613,22.7875444652049 70.8584558550705,22.7859192605965 70.8578716103384,22.7859260673189 70.8578642707595,22.7853843321917 70.8584485131868,22.785377525649 70.8584411715263,22.7848357906625 70.8596096511016,22.7848221715241 70.8595949592317,22.7837387021529 70.8607634286949,22.7837250751842 70.8607487285004,22.7826416063763 70.8619171878516,22.7826279715782 70.8618877717103,22.7804610349335 70.8630562117326,22.7804473930271 70.8630414957875,22.7793639251909 70.8636257108549,22.7793571013926 70.8636036317036,22.7777318998859 70.8641878396355,22.7777250744913 70.8641804780623,22.7771833407579 70.8647646834666,22.7771765134069 70.8647573198136,22.7766347798147 70.8653415226903,22.7766279505074 70.8653341569576,22.7760862170565 70.8659183573067,22.7760793857929 70.8659109894945,22.7755376524833 70.8670793849133,22.7755239839078 70.8670867573325,22.7760657168565 70.8676709570091,22.7760588791837 70.8676635822864,22.7755171464154 70.8682477794352,22.7755103067867 70.8682404026333,22.77496857416 70.8676562077879,22.7749754136082 70.8676414594639,22.7738919478766 70.8682256497026,22.7738851087895 70.8682182735738,22.7733433760457 70.8664657090947,22.7733638863568 70.8664730783138,22.7739056196421 70.8658888874025,22.7739124523205 70.8658741537948,22.7728289853502 70.8664583400997,22.7728221530326 70.8664509713288,22.7722804196693 70.8670351551065,22.772273585396 70.8670277842567,22.7717318521741 70.8676119655072,22.7717250159452 70.8676045925787,22.7711832828649 70.8670204136312,22.7711901189133 70.8670056730526,22.7701066522745 70.8675898473944,22.7700998165871 70.8675824751387,22.7695580833897 70.8681666469535,22.769551245747 70.8681592726193,22.7690095126912 70.8669909333708,22.7690231854798 70.8669761945856,22.767939718529 70.8652236978472,22.7679602106118 70.8652310602201,22.7685019446478 70.8634785545585,22.7685224180507 70.8634711990933,22.7679806834741 70.8628870323943,22.7679875034903 70.8629017389433,22.7690709729647 70.8623175674155,22.7690777912053 70.8623249187228,22.7696195260641 70.8617407446687,22.7696263423489 70.8617480938968,22.7701680773487 70.8611639173163,22.7701748916776 70.8611712644652,22.7707166268183 70.8605870853584,22.7707234391913 70.8606017757206,22.7718069097154 70.8600175917844,22.7718137203121 70.8600249349976,22.7723554556954 70.859440748535,22.7723622643359 70.859455431025,22.7734457353451 70.8588712397328,22.7734525422089 70.8588785790094,22.7739942778347 70.8582943851907,22.7740010827419 70.8583090598069,22.7750845542359 70.8577248611582,22.775091357366 70.85773953206,22.7761748290633 70.8571553285811,22.7761816304161 70.8571773296959,22.7778068382081 70.8565931190827,22.7778136379629 70.8566224478092,22.7799805818577 70.8560382277572,22.7799873801935 70.8560748821612,22.7826960600818 70.8566591137347,22.7826892608488 70.8566517801036,22.7821475251285 70.8572360091496,22.7821407239378 70.8572286734371,22.7815989883581 70.8578128999557,22.7815921852098 70.857805562162,22.7810504497706 70.8583897861532,22.7810436446648 70.8583824462784,22.7805019093663 70.8589666677422,22.7804951023032 70.8589593257865,22.7799533671453 70.8595435447229,22.779946558125 70.8595362006864,22.7794048231078 70.8601204170953,22.7793980121304</coordinates></LinearRing></outerBoundaryIs><innerBoundaryIs><LinearRing><coordinates>70.8567618079879,22.7902735568364 70.8567471347038,22.7891900864491 70.8573313937127,22.7891832829247 70.8573460716076,22.7902667529529 70.8567618079879,22.7902735568364</coordinates></LinearRing></innerBoundaryIs><innerBoundaryIs><LinearRing><coordinates>70.8566444466955,22.7816057893693 70.8566371135104,22.7810640535711 70.8572213379477,22.7810572527394 70.8572286734371,22.7815989883581 70.8566444466955,22.7816057893693</coordinates></LinearRing></innerBoundaryIs><innerBoundaryIs><LinearRing><coordinates>70.8646763344102,22.7706757077262 70.8652605119512,22.7706688804018 70.8652678754439,22.7712106142428 70.8646836956,22.7712174417474 70.8646763344102,22.7706757077262</coordinates></LinearRing></innerBoundaryIs></Polygon><Polygon><outerBoundaryIs><LinearRing><coordinates>70.847837230457,22.7784571165992 70.8472530139808,22.7784638823453 70.8472676046159,22.7795473600212 70.8466833833097,22.7795541239877 70.8467125580253,22.7817210795859 70.8472967885485,22.7817143149054 70.8472749002662,22.7800890988007 70.8478591236546,22.7800823325188 70.8478445279676,22.7789988552781 70.8484287465259,22.7789920872165 70.8484068477481,22.777366871599 70.8478226361016,22.7773736391246 70.847837230457,22.7784571165992</coordinates></LinearRing></outerBoundaryIs></Polygon><Polygon><outerBoundaryIs><LinearRing><coordinates>70.8524743778965,22.7756942268811 70.8518901747165,22.7757010088262 70.8519047999918,22.7767844840313 70.851320591982,22.7767912641979 70.8513279026495,22.7773330019209 70.8507436921136,22.7773397801298 70.8507583095079,22.7784232558169 70.850174094142,22.7784300322469 70.8501814008685,22.7789717702108 70.8495971829765,22.7789785446829 70.8496044876212,22.7795202827866 70.8490202672029,22.7795270553006 70.8490348725505,22.7806105317487 70.8496190975771,22.7806037588772 70.8496337084216,22.7816872348118 70.8502179378347,22.7816804594456 70.8502398626811,22.7833056725188 70.8514083346673,22.7832921143016 70.8514156480031,22.7838338515569 70.8519998859672,22.7838270690634 70.8519267395728,22.7784096965465 70.8525109542716,22.7784029137062 70.8525182702141,22.7789446509543 70.8531024869944,22.7789378657981 70.8530878507241,22.7778543916212 70.8525036385516,22.7778611764192 70.8524743778965,22.7756942268811</coordinates></LinearRing></outerBoundaryIs></Polygon><Polygon><outerBoundaryIs><LinearRing><coordinates>70.8467417362899,22.7838880345606 70.8473259760312,22.7838812691659 70.8473186788277,22.7833395306592 70.8467344413911,22.7833462958754 70.8467417362899,22.7838880345606</coordinates></LinearRing></outerBoundaryIs></Polygon><Polygon><outerBoundaryIs><LinearRing><coordinates>70.851430275342,22.7849173259504 70.8514229615613,22.7843755887731 70.8508387210701,22.7843823693082 70.850846032546,22.7849241066644 70.851430275342,22.7849173259504</coordinates></LinearRing></outerBoundaryIs></Polygon><Polygon><outerBoundaryIs><LinearRing><coordinates>70.8479321154069,22.785499716384 70.8479175152807,22.7844162399228 70.8473332734566,22.7844230076335 70.8473478689732,22.7855064844519 70.8479321154069,22.785499716384</coordinates></LinearRing></outerBoundaryIs></Polygon><Polygon><outerBoundaryIs><LinearRing><coordinates>70.8491006076082,22.7854861738356 70.8479321154069,22.785499716384 70.8479394158029,22.7860414545561 70.8485236643195,22.786034684172 70.8485382703876,22.7871181600419 70.8491225232922,22.7871113871628 70.8491006076082,22.7854861738356</coordinates></LinearRing></outerBoundaryIs></Polygon><Polygon><outerBoundaryIs><LinearRing><coordinates>70.8462012565494,22.7871452301817 70.8462085506961,22.7876869687725 70.8473770626693,22.787673437621 70.8473551670643,22.7860482228027 70.8467709181038,22.7860549889117 70.8467636223176,22.7855132503824 70.8461793754402,22.7855200141753 70.8461939626246,22.7866034915518 70.8467782141119,22.7865967274019 70.8467855103418,22.7871384658533 70.8462012565494,22.7871452301817</coordinates></LinearRing></outerBoundaryIs></Polygon><Polygon><outerBoundaryIs><LinearRing><coordinates>70.8602232861941,22.7869822963039 70.860215936949,22.7864405619737 70.8596316905819,22.7864473752883 70.8596390375221,22.7869891097984 70.8602232861941,22.7869822963039</coordinates></LinearRing></outerBoundaryIs></Polygon><Polygon><outerBoundaryIs><LinearRing><coordinates>70.8590621334851,22.787537655806 70.8596463846856,22.7875308442694 70.8596390375221,22.7869891097984 70.8590547886266,22.7869959211552 70.8590621334851,22.787537655806</coordinates></LinearRing></outerBoundaryIs></Polygon><Polygon><outerBoundaryIs><LinearRing><coordinates>70.867840637545,22.7885187220831 70.8678332576626,22.7879769902124 70.8672490072909,22.7879838318567 70.8672563848683,22.7885255639079 70.867840637545,22.7885187220831</coordinates></LinearRing></outerBoundaryIs></Polygon><Polygon><outerBoundaryIs><LinearRing><coordinates>70.84681469748,22.7893054192687 70.8468074003627,22.7887636809733 70.8462231396547,22.7887704458372 70.8462304344667,22.7893121843111 70.84681469748,22.7893054192687</coordinates></LinearRing></outerBoundaryIs></Polygon><Polygon><outerBoundaryIs><LinearRing><coordinates>70.8549943563387,22.7892104841951 70.8555786160166,22.7892036870843 70.8555712843197,22.7886619514733 70.854987026947,22.7886687484048 70.8549943563387,22.7892104841951</coordinates></LinearRing></outerBoundaryIs></Polygon><Polygon><outerBoundaryIs><LinearRing><coordinates>70.8660952520331,22.7890809735173 70.8666795074636,22.7890741357876 70.8666721319672,22.788532403595 70.8649193719187,22.7885529098297 70.8649341093045,22.7896363752581 70.8661026254486,22.7896227058514 70.8660952520331,22.7890809735173</coordinates></LinearRing></outerBoundaryIs></Polygon><Polygon><outerBoundaryIs><LinearRing><coordinates>70.8591062073263,22.7907880628914 70.8596904723586,22.7907812502763 70.8596831238545,22.7902395160394 70.8590988611278,22.7902463284747 70.8591062073263,22.7907880628914</coordinates></LinearRing></outerBoundaryIs></Polygon><Polygon><outerBoundaryIs><LinearRing><coordinates>70.8509045323571,22.7892580041103 70.8508825932604,22.7876327928606 70.8514668475811,22.7876260112518 70.851437589345,22.7854590630886 70.8508533442442,22.7854658439816 70.8508606561648,22.7860075812598 70.8502764085368,22.7860143601942 70.850305649222,22.7881813096328 70.8485528773439,22.7882016357559 70.8485455737547,22.7876598979184 70.847961318323,22.7876666688386 70.8479978269631,22.7903753585296 70.8474135597827,22.7903821282051 70.8474208598712,22.7909238662049 70.8480051293571,22.7909170963508 70.8480270378714,22.7925423095806 70.8474427614684,22.7925490799706 70.8474500624447,22.7930908178144 70.846865783514,22.7930975862447 70.8468584848435,22.7925558482223 70.8462742079966,22.7925626143357 70.8462888009478,22.7936460906987 70.8468730824064,22.7936393242282 70.8468803815206,22.7941810621727 70.8474646650633,22.7941742933853 70.8474938729641,22.7963412440589 70.8480781655092,22.7963344724185 70.8480562523322,22.7947092600077 70.8486405377368,22.7947024867647 70.8486332314825,22.7941607493951 70.8498017970133,22.7941471968513 70.8497579364825,22.79089677396 70.8503422050799,22.7908899955536 70.8503202708983,22.7892647841181 70.8509045323571,22.7892580041103</coordinates></LinearRing></outerBoundaryIs></Polygon><Polygon><outerBoundaryIs><LinearRing><coordinates>70.8643498508963,22.7896432067547 70.8643572176199,22.7901849395906 70.8637729566824,22.7901917691295 70.8637803213246,22.7907335021066 70.8631960578577,22.7907403296877 70.8632034204183,22.7912820628059 70.8626191544221,22.7912888884291 70.8626117941671,22.7907471551308 70.8608590017527,22.7907676186321 70.8608663550912,22.7913093524704 70.8614506217585,22.7913025332614 70.8614653337174,22.7923860004609 70.8620496047723,22.7923791787539 70.8620569633929,22.7929209121152 70.8614726900323,22.7929277340022 70.8614800465709,22.7934694675044 70.8608957706808,22.7934762874332 70.8609104798171,22.7945597546804 70.8603261990916,22.7945665728306 70.8603335516891,22.7951083065755 70.8620864001127,22.79508784517 70.8620643222373,22.7934626454374 70.863817147894,22.7934421664067 70.8637950512805,22.7918169679437 70.8643793191345,22.7918101378642 70.8643645845675,22.7907266723875 70.8649488475864,22.7907198405304 70.8649341093045,22.7896363752581 70.8643498508963,22.7896432067547</coordinates></LinearRing></outerBoundaryIs><innerBoundaryIs><LinearRing><coordinates>70.8626338756035,22.7923723549087 70.8632181462109,22.7923655289253 70.863225509443,22.7929072619264 70.8626412365298,22.7929140880899 70.8626338756035,22.7923723549087</coordinates></LinearRing></innerBoundaryIs></Polygon><Polygon><outerBoundaryIs><LinearRing><coordinates>70.8597198686089,22.7929481868339 70.8597125192111,22.792406452753 70.8591282472621,22.7924132659074 70.8591355943541,22.792955000168 70.8597198686089,22.7929481868339</coordinates></LinearRing></outerBoundaryIs></Polygon><Polygon><outerBoundaryIs><LinearRing><coordinates>70.8567838195871,22.7918987621247 70.856798495102,22.7929822321219 70.8544613922805,22.7930094298637 70.8544760502407,22.7940929011399 70.8562288915265,22.7940725049648 70.8562215555173,22.7935307698843 70.8573901106477,22.7935171621013 70.8573827702498,22.7929754273408 70.8585513198759,22.7929618113638 70.8585439750897,22.7924200769235 70.857959702694,22.7924268858015 70.8579523604367,22.7918851511425 70.8567838195871,22.7918987621247</coordinates></LinearRing></outerBoundaryIs></Polygon><Polygon><outerBoundaryIs><LinearRing><coordinates>70.8603188467177,22.7940248390466 70.8603041426402,22.7929413713616 70.8597198686089,22.7929481868339 70.8597345680746,22.7940316548785 70.8603188467177,22.7940248390466</coordinates></LinearRing></outerBoundaryIs></Polygon><Polygon><outerBoundaryIs><LinearRing><coordinates>70.8649856972122,22.7934285030282 70.863817147894,22.7934421664067 70.8638245138796,22.7939838991496 70.8644087909566,22.7939770683493 70.8644161594721,22.794518800873 70.865000438631,22.7945119677541 70.8649856972122,22.7934285030282</coordinates></LinearRing></outerBoundaryIs></Polygon><Polygon><outerBoundaryIs><LinearRing><coordinates>70.8568205100474,22.794607436825 70.8562362277588,22.7946142400063 70.8562435642141,22.7951559750088 70.8568278488088,22.795149171648 70.8568205100474,22.794607436825</coordinates></LinearRing></outerBoundaryIs></Polygon><Polygon><outerBoundaryIs><LinearRing><coordinates>70.8568351877932,22.795690906432 70.8574194744709,22.7956841007533 70.8574121331803,22.7951423661488 70.8568278488088,22.795149171648 70.8568351877932,22.795690906432</coordinates></LinearRing></outerBoundaryIs></Polygon><Polygon><outerBoundaryIs><LinearRing><coordinates>70.8586100862048,22.7972956854816 70.8591943791314,22.7972888728481 70.8591870302524,22.7967471388997 70.8586027396321,22.7967539513535 70.8586100862048,22.7972956854816</coordinates></LinearRing></outerBoundaryIs></Polygon><Polygon><outerBoundaryIs><LinearRing><coordinates>70.8556886182231,22.7973297165686 70.8562729122657,22.7973229146286 70.8562655749182,22.7967811797822 70.855681283182,22.7967879815427 70.8556886182231,22.7973297165686</coordinates></LinearRing></outerBoundaryIs></Polygon><Polygon><outerBoundaryIs><LinearRing><coordinates>70.8574488418649,22.7978510387809 70.8580331375445,22.7978442302452 70.8580257930548,22.7973024959764 70.8574414996816,22.7973093043325 70.8574488418649,22.7978510387809</coordinates></LinearRing></outerBoundaryIs></Polygon><Polygon><outerBoundaryIs><LinearRing><coordinates>70.8551043239575,22.7973365163698 70.8551116569152,22.797878251536 70.8545273601204,22.7978850493779 70.8545346909945,22.7984267846844 70.8557032889743,22.7984131865032 70.8556886182231,22.7973297165686 70.8551043239575,22.7973365163698</coordinates></LinearRing></outerBoundaryIs></Polygon><Polygon><outerBoundaryIs><LinearRing><coordinates>70.8597933748757,22.7983655254962 70.8597860232434,22.7978237918056 70.8592017282338,22.7978306067575 70.8592090775596,22.7983723406279 70.8597933748757,22.7983655254962</coordinates></LinearRing></outerBoundaryIs></Polygon><Polygon><outerBoundaryIs><LinearRing><coordinates>70.8586321272629,22.7989208876319 70.8592164271089,22.7989140744593 70.8592090775596,22.7983723406279 70.8586247800202,22.7983791536208 70.8586321272629,22.7989208876319</coordinates></LinearRing></outerBoundaryIs></Polygon><Polygon><outerBoundaryIs><LinearRing><coordinates>70.8528184154668,22.8011558445504 70.8534027267699,22.8011490520499 70.8533880722431,22.8000655810711 70.85397237871,22.80005878679 70.8539503916703,22.7984335805668 70.8527817923537,22.7984471659149 70.852774468399,22.7979054300708 70.8545273601204,22.7978850493779 70.8545200294691,22.7973433140324 70.8539357347578,22.7973501095562 70.8539284066357,22.7968083739924 70.8533441140079,22.7968151671983 70.8533514398237,22.7973569029413 70.8515985536856,22.7973772702642 70.8516131921466,22.7984607427078 70.8510288917092,22.7984675278959 70.8510362089668,22.7990092642381 70.8504519060005,22.7990160474663 70.8504738521879,22.8006412567957 70.849889542079,22.8006480384216 70.8498968556127,22.8011897749656 70.8493125429747,22.8011965546313 70.849327166095,22.8022800279598 70.8499114833469,22.8022732479366 70.8499187975475,22.8028149843635 70.8493344779885,22.8028217645656 70.8493417901043,22.8033635011324 70.8510947550357,22.8033431535715 70.8510801171838,22.8022596814723 70.8516644337686,22.8022528950312 70.8516790762347,22.8033363667725 70.8522633972111,22.8033295778342 70.8522487501309,22.8022461064509 70.8528330662705,22.8022393157314 70.8528184154668,22.8011558445504</coordinates></LinearRing></outerBoundaryIs><innerBoundaryIs><LinearRing><coordinates>70.8499041693686,22.8017315114706 70.8504884840913,22.8017247294869 70.8504958003765,22.802266465774 70.8499114833469,22.8022732479366 70.8499041693686,22.8017315114706</coordinates></LinearRing></innerBoundaryIs></Polygon><Polygon><outerBoundaryIs><LinearRing><coordinates>70.8487428486208,22.8022868058439 70.8487501582073,22.8028285426284 70.8493344779885,22.8028217645656 70.849327166095,22.8022800279598 70.8487428486208,22.8022868058439</coordinates></LinearRing></outerBoundaryIs></Polygon><Polygon><outerBoundaryIs><LinearRing><coordinates>70.8487793987748,22.8049954893765 70.8493637277851,22.8049887105986 70.8493417901043,22.8033635011324 70.8487574680159,22.803370279374 70.8487793987748,22.8049954893765</coordinates></LinearRing></outerBoundaryIs></Polygon><Polygon><outerBoundaryIs><LinearRing><coordinates>70.8493856674662,22.8066139197138 70.8493710407898,22.8055304470094 70.8482023779323,22.805544002783 70.8482096865444,22.8060857395122 70.8476253524749,22.8060925143683 70.8476326590015,22.8066342512372 70.8470483224024,22.8066410241322 70.8470921523786,22.8098914455977 70.8476765028246,22.809884671631 70.8476545799137,22.8082594616096 70.8482389232139,22.8082526860389 70.8482316137133,22.8077109494658 70.8476472727209,22.8077177248578 70.8476399657502,22.807175988067 70.8488086428975,22.8071624355004 70.8488013315335,22.8066206990279 70.8493856674662,22.8066139197138</coordinates></LinearRing></outerBoundaryIs></Polygon><Polygon><outerBoundaryIs><LinearRing><coordinates>70.8471359903474,22.8131418656586 70.8471140703638,22.8115166558037 70.8465297127713,22.8115234281661 70.8465516258298,22.8131486385567 70.8471359903474,22.8131418656586</coordinates></LinearRing></outerBoundaryIs></Polygon></MultiGeometry>
  </Placemark>
  <Placemark id="flood_extent_Cf39713a.4">
	<name>&gt; 3 m</name>
	<Style><LineStyle><color>ff0000ff</color></LineStyle><PolyStyle><fill>0</fill></PolyStyle></Style>
	<ExtendedData><SchemaData schemaUrl="#flood_extent_Cf39713a">
		<SimpleData name="area_km2">13.45</SimpleData>
	</SchemaData></ExtendedData>
      <MultiGeometry><Polygon><outerBoundaryIs><LinearRing><coordinates>70.8570746749997,22.7702225321763 70.8564904966334,22.7702293294183 70.8565124834797,22.7718545390354 70.8559282979815,22.7718613346798 70.8559209711129,22.7713195980003 70.8553367876949,22.7713263913293 70.855322139232,22.7702429174946 70.8547379601971,22.770249708329 70.8547526040542,22.7713331825222 70.8541684201907,22.7713399715792 70.8541830603325,22.772423445975 70.8547672488021,22.7724166565595 70.8547745715101,22.7729583935197 70.8541903807373,22.7729651831144 70.8542269861016,22.7756738682269 70.8536427835892,22.7756806565814 70.8536647425689,22.7773058677187 70.8530805329228,22.7773126544743 70.8531024869944,22.7789378657981 70.8525182702141,22.7789446509543 70.8525109542716,22.7784029137062 70.8519267395728,22.7784096965465 70.8519998859672,22.7838270690634 70.8514156480031,22.7838338515569 70.8514668475811,22.7876260112518 70.8508825932604,22.7876327928606 70.8509045323571,22.7892580041103 70.8503202708983,22.7892647841181 70.8503422050799,22.7908899955536 70.8497579364825,22.79089677396 70.8498017970133,22.7941471968513 70.8486332314825,22.7941607493951 70.8486405377368,22.7947024867647 70.8480562523322,22.7947092600077 70.8480781655092,22.7963344724185 70.8474938729641,22.7963412440589 70.8475084782464,22.7974247191618 70.8469241808665,22.7974314890207 70.8469314815342,22.7979732266922 70.8463471816259,22.7979799945909 70.8463398832647,22.7974382567409 70.845755585441,22.7974450223223 70.8457118137698,22.7941945933323 70.8462960977561,22.7941878288217 70.8462742079966,22.7925626143357 70.8468584848435,22.7925558482223 70.8468365901633,22.7909306339209 70.8474208598712,22.7909238662049 70.8474135597827,22.7903821282051 70.8479978269631,22.7903753585296 70.847961318323,22.7876666688386 70.8485455737547,22.7876598979184 70.8485236643195,22.786034684172 70.8479394158029,22.7860414545561 70.8479321154069,22.785499716384 70.8473478689732,22.7855064844519 70.8473259760312,22.7838812691659 70.8467417362899,22.7838880345606 70.846727146714,22.7828045571512 70.8461429113601,22.7828113200517 70.8461356192093,22.78226958111 70.8467198522587,22.7822628183881 70.8466833833097,22.7795541239877 70.8472676046159,22.7795473600212 70.8472530139808,22.7784638823453 70.847837230457,22.7784571165992 70.8478007462328,22.7757484226204 70.8483849509682,22.7757416556307 70.8483703542248,22.7746581781236 70.8489545541312,22.7746514093548 70.8489399536689,22.7735679320493 70.8495241487464,22.7735611615016 70.849516846545,22.7730194229691 70.8501010390971,22.773012650464 70.8500645199064,22.7703039581111 70.8488961576108,22.7703174991974 70.8489034563987,22.7708592381035 70.8483192726149,22.7708660056215 70.8483338662508,22.7719494836741 70.847749677639,22.7719562494133 70.8477642675563,22.7730397276673 70.8471800741162,22.7730464916276 70.8471873671044,22.7735882308747 70.8477715628478,22.7735814667358 70.8477788583612,22.7741232057654 70.8471946603145,22.7741299700829 70.8472019537463,22.7746717092521 70.8466177531743,22.7746784716117 70.8466250445244,22.7752202109205 70.8460408414271,22.7752269713222 70.8460554201855,22.7763104501797 70.8466396278901,22.7763036894211 70.8466687972827,22.7784706459547 70.8460845803628,22.7784774074272 70.8460918709614,22.7790191466417 70.8455076515158,22.7790259061559 70.845573256142,22.7839015589381 70.8461574963268,22.783894797818 70.8461793754402,22.7855200141753 70.8467636223176,22.7855132503824 70.8467709181038,22.7860549889117 70.8473551670643,22.7860482228027 70.8473770626693,22.787673437621 70.8467928067936,22.7876802042656 70.84681469748,22.7893054192687 70.8462304344667,22.7893121843111 70.8462523202335,22.7909373994989 70.845668050082,22.7909441629387 70.8456972249868,22.7931111166904 70.8451129453906,22.7931178787058 70.8451421146195,22.7952848325472 70.8445578255775,22.7952915931377 70.8445724069097,22.7963750701812 70.843403818936,22.7963885856595 70.8434183919293,22.7974720632601 70.8440026906397,22.7974653062338 70.844009979775,22.7980070447974 70.8445942805703,22.798000285454 70.8446307411043,22.8007089767955 70.8440464287756,22.8007157370304 70.8440537192405,22.8012574753601 70.8434694043833,22.8012642336341 70.8434766927628,22.801805972103 70.84230805777,22.8018194825899 70.8423153417569,22.8023612213761 70.8417310216213,22.8023679735888 70.8417383035226,22.8029097125141 70.8411539808585,22.8029164627655 70.8411612606739,22.8034582018299 70.8405769354814,22.8034649501199 70.8405842132108,22.8040066893233 70.8399998854898,22.8040134356518 70.840007161133,22.8045551749941 70.8394228308836,22.804561919361 70.8394373782186,22.8056453982843 70.8388530431331,22.8056521408673 70.838889403801,22.8083608383824 70.838305056956,22.8083675797146 70.8382977866883,22.8078258401118 70.8377134419302,22.8078325791263 70.837698906673,22.8067490994483 70.8371145663095,22.8067558359676 70.8371073013199,22.8062140958925 70.8359386245459,22.8062275621566 70.8359458849203,22.8067693025869 70.8365302257253,22.8067625703471 70.8365447517515,22.8078460507356 70.8371290969512,22.8078393160009 70.8371363626033,22.808381055959 70.8377207098901,22.8083743189068 70.8377279780709,22.8089160586483 70.8371436284762,22.8089227958782 70.8371581608844,22.8100062755996 70.8383268690851,22.809992798289 70.8383195981544,22.8094510588032 70.8394883008552,22.8094375732878 70.8395101281587,22.8110627905615 70.8400944861018,22.8110560440601 70.8401163223204,22.8126812604491 70.8407006869672,22.8126745112737 70.8407152501692,22.8137579883155 70.8412996192119,22.8137512366436 70.8413141879162,22.8148347131734 70.8418985613547,22.814827959005 70.8419495749553,22.8186201243839 70.8401964054878,22.8186403842057 70.840203687103,22.819182122495 70.8396192945287,22.8191888716648 70.8396265740559,22.819730610093 70.8390421789511,22.8197373572996 70.8390567340503,22.8208208343946 70.8384723341055,22.8208275798157 70.8385014377186,22.8229945342487 70.8379170283143,22.8230012782395 70.8379752276711,22.8273351866551 70.8373907995652,22.827341929926 70.8374198953061,22.8295088839081 70.8380043326538,22.8295021399264 70.8380261637117,22.8311273544703 70.8374417194318,22.8311340989851 70.8374562699538,22.8322175755079 70.8368718208311,22.8322243182357 70.8368790941125,22.8327660566163 70.8362946424579,22.8327727973793 70.8363091850613,22.8338562743785 70.8357247285636,22.8338630133541 70.8357319978854,22.8344047519727 70.8345630796051,22.834418223851 70.8345776096657,22.835501701681 70.8339931455718,22.8355084347609 70.8340004086216,22.8360501737948 70.8334159419957,22.8360569049092 70.8334232029546,22.8365986440814 70.8328387337967,22.8366053732302 70.8328532517528,22.8376888518121 70.8322687777511,22.8376955791725 70.8322760347481,22.8382373185821 70.8316915582142,22.8382440439766 70.8316988131198,22.8387857835243 70.8311143340539,22.8387925069529 70.8311215868678,22.8393342466387 70.8305371052697,22.8393409681011 70.830544355992,22.839882707925 70.8299598718617,22.8398894274213 70.8299743693427,22.840972907306 70.8288053911735,22.8409863405763 70.8288126356199,22.841528080814 70.8282281438931,22.8415347944109 70.8282426288211,22.8426182751229 70.8276581322498,22.8426249869299 70.8277884945603,22.8523763094964 70.8272039561349,22.8523830223411 70.8272184406069,22.8534665021993 70.8266338973343,22.8534732132527 70.8266411375863,22.8540149533 70.82605659178,22.8540216623854 70.8260710683156,22.8551051427161 70.8254865176617,22.8551118500099 70.8254937539451,22.8556535902933 70.8243246473503,22.8556669987994 70.8243391113194,22.8567504799551 70.8220008769827,22.8567772726386 70.8220153233156,22.8578607550489 70.8214307595544,22.8578674482095 70.8214452021356,22.8589509308161 70.8208606335263,22.8589576221839 70.8208678528311,22.8594993636048 70.8202832816881,22.8595060530033 70.8202904988975,22.8600477945613 70.8197059252208,22.8600544819905 70.8197131403345,22.8605962236855 70.8191285641241,22.8606029091453 70.819135777142,22.8611446509772 70.8179666194349,22.8611580158121 70.817981036868,22.8622415000626 70.8173964530564,22.8622481796133 70.8174036597862,22.8627899218558 70.8168190734408,22.8627965994367 70.8168262780742,22.8633383418159 70.8156571000974,22.8633516908919 70.8156643003192,22.8638934335835 70.8150797086878,22.8639001050784 70.8150869068129,22.8644418479065 70.8139177182642,22.8644551848099 70.8139249119772,22.86499692795 70.81334031506,22.8650035933583 70.8133331236624,22.8644618500427 70.812163933804,22.8644751740707 70.8121567472551,22.8639334303655 70.8115721543139,22.8639400889854 70.8115865229992,22.8650235767073 70.8127557179246,22.8650102566206 70.8127916666093,22.8677189734901 70.812207057678,22.867725635483 70.8122214340479,22.8688091223083 70.8110522062678,22.8688224405563 70.8110809430974,22.8709894151407 70.8104963196163,22.8709960717458 70.8105106847068,22.8720795591542 70.8099260563753,22.8720862139629 70.8099332369312,22.8726279577837 70.8093486060655,22.8726346106207 70.8093557845229,22.8731763545775 70.808771151123,22.8731830054428 70.8087855040583,22.8742664935894 70.804693031734,22.8743129919815 70.8046858713734,22.8737712467043 70.8041012339168,22.8737778805694 70.8040726039124,22.8716108983725 70.8046572321034,22.8716042652056 70.804664391595,22.8721460106388 70.805249021885,22.8721393751506 70.8052346984866,22.8710558845944 70.8040654469543,22.8710691527258 70.8040582902133,22.8705274070401 70.8028890424446,22.8705406662361 70.8029176521813,22.8727076501405 70.8023330187063,22.8727142772161 70.8023401693667,22.8732560232691 70.8011708971328,22.8732692713284 70.8011637511053,22.8727275249269 70.7994098480777,22.8727473803919 70.7993955705713,22.871663886427 70.7999802004979,22.8716572704336 70.7999730597534,22.8711155235668 70.800557687147,22.8711089056009 70.8005505443031,22.8705671588691 70.7999659192256,22.8705737766609 70.7999587789145,22.8700320297161 70.7993741559365,22.8700386451872 70.7993670181581,22.8694968980293 70.7970285333447,22.8695233377526 70.7970214050468,22.8689815898599 70.7976060242589,22.8689749833227 70.7975917636804,22.8678914877682 70.7964225343035,22.867904698001 70.7964296598528,22.8684464461453 70.7958450425241,22.8684530482159 70.7958521659738,22.8689947964951 70.795267546113,22.869001396593 70.795288910811,22.8706266417176 70.7970427905893,22.8706068334209 70.7970356618588,22.8700650856062 70.7976202857029,22.8700584787213 70.7976274167496,22.8706002263621 70.7987966684207,22.8705870058047 70.7988109404281,22.8716705002736 70.7982263100683,22.8716771119736 70.7982405783092,22.8727606066345 70.7976559431003,22.8727672165356 70.797663075229,22.8733089639815 70.7982477127545,22.8733023539065 70.7982548474162,22.8738441011395 70.7994241264506,22.8738308742009 70.799431265962,22.8743726210469 70.8000159074708,22.8743660041831 70.800030191777,22.8754494974099 70.7994455456348,22.8754561146219 70.7994598261742,22.876539608041 70.7988751751815,22.8765462234539 70.7988823134593,22.877087970279 70.7982976599331,22.8770945837187 70.7983047961104,22.8776363306788 70.7977201400507,22.8776429421451 70.7977344084206,22.8787264362961 70.7971497475101,22.8787330459629 70.7971568797025,22.8792747931538 70.7965722162584,22.8792814008469 70.7965793463499,22.8798231481726 70.7977486776564,22.8798099302912 70.7977415429303,22.8792681833131 70.7989108687362,22.8792549571894 70.7989251476744,22.8803384504106 70.7995098148872,22.8803318337793 70.7995240993268,22.8814153264964 70.798939427479,22.8814219434758 70.7989465677063,22.8819636899499 70.7977772187258,22.8819769178133 70.7977843545343,22.8825186645964 70.7983690314505,22.8825120515646 70.7983833083526,22.8835955446658 70.7977986268009,22.8836021580455 70.797805763259,22.8841439047115 70.7983904471286,22.8841372911579 70.7984047253302,22.8852207840251 70.7978200368246,22.8852273979266 70.797848586554,22.8873943838888 70.7972638885592,22.8874009963377 70.7972781600862,22.8884844894325 70.7978628627179,22.8884778766358 70.7978842785878,22.8901031154638 70.7984689879587,22.8900964999968 70.7984761293338,22.8906382460208 70.7990608408067,22.8906316282311 70.7990751288445,22.8917151198141 70.7984904127338,22.8917217379519 70.7984975547588,22.8922634838589 70.7990822731884,22.8922568655471 70.7990965625263,22.893340356896 70.7985118394587,22.8933469755558 70.7985332681333,22.8949722128086 70.7979485378914,22.8949788298414 70.797962820119,22.8960623214961 70.7973780850217,22.8960689367275 70.7973923634765,22.8971524285741 70.7968076235237,22.897159042004 70.7968147607563,22.8977007880426 70.7962300182673,22.8977073994969 70.7962371533967,22.8982491456703 70.7950676631302,22.898262362478 70.7950819247588,22.8993458554027 70.7944971746615,22.8993524609296 70.7945114325151,22.9004359540454 70.7939266775616,22.9004425577699 70.7939480590031,22.9020677976718 70.7933632968731,22.9020743997672 70.7933704221322,22.9026161464967 70.7927856574658,22.9026227466156 70.7927927806207,22.9031644934795 70.7922080134179,22.9031710916219 70.7921795313756,22.9010041032383 70.7915947732379,22.9010106985371 70.7916018911044,22.9015524458649 70.7910171304308,22.9015590391873 70.7910242461929,22.9021007866494 70.7904394829832,22.9021073779951 70.79041103051,22.8999403872197 70.7898262763651,22.8999469757228 70.7898120560626,22.8988634797547 70.7903968055676,22.898856891598 70.7904039179309,22.8993986394284 70.7909886695401,22.8993920489489 70.7909744403893,22.8983085535956 70.789220198834,22.8983283175461 70.789227306342,22.8988700657618 70.7880578062542,22.8988832313271 70.7880720126371,22.8999667283337 70.7874872576302,22.8999733082379 70.787480156651,22.8994315595812 70.7868954037487,22.8994381371628 70.7869167003721,22.9010633835348 70.7886709793134,22.9010436427843 70.788678085579,22.9015853909781 70.7880933238271,22.9015919735511 70.7881075323643,22.9026754701677 70.7886922987568,22.9026688872486 70.7886851920601,22.9021271391329 70.7898547195578,22.902113967191 70.7898973908164,22.905364453223 70.7893126132523,22.9053710413078 70.7893339448307,22.9069962843167 70.7887491600886,22.9070028707705 70.7887562687249,22.9075446185351 70.7881714814463,22.9075512030115 70.7881785879772,22.9080929509103 70.787593798162,22.9080995334091 70.787608007228,22.9091830294355 70.7870232125551,22.9091896101297 70.7870587273828,22.9118983503776 70.7864739208877,22.9119049297855 70.786488123683,22.9129884259574 70.7841488769768,22.9130147234612 70.7841559694104,22.9135564721796 70.7853255978373,22.9135433273845 70.785339792637,22.9146268240135 70.7841701549226,22.9146399694994 70.784276573683,22.9227661944233 70.7836917196662,22.9227727665286 70.7837059078443,22.923856262867 70.7831210489663,22.9238628331654 70.7831423258765,22.9254880778981 70.7825574598138,22.9254946465618 70.7825645502237,22.9260363949005 70.7819796816226,22.9260429615843 70.781986769924,22.9265847100564 70.7814018987847,22.9265912747601 70.7814160713848,22.9276747719322 70.7808311953835,22.9276813348281 70.7808453641952,22.9287648321888 70.7802604833318,22.9287713932767 70.7802675657359,22.9293131420708 70.779682682334,22.9293197011782 70.7796897626288,22.9298614501055 70.7785199905335,22.9298745622061 70.7785270663949,22.9304163114388 70.7779421777016,22.9304228644318 70.7779492514534,22.9309646137976 70.7773643602217,22.9309711648097 70.7773714318638,22.9315129143084 70.7762016441092,22.9315260102176 70.7762087113171,22.9320677600213 70.7756238147943,22.9320743049181 70.7756308798921,22.9326160548546 70.7750459808309,22.9326225977701 70.7750530438185,22.9331643478394 70.7744681422189,22.9331708887735 70.7744752030961,22.9337126389755 70.7733053946062,22.9337257147273 70.7732912823634,22.9326422135977 70.7738761820665,22.9326356771417 70.7738691239416,22.93209392669 70.7744540211065,22.9320873882525 70.7744399008498,22.9310038875755 70.7750247931524,22.9309973473283 70.7750106691034,22.9299138468387 70.7732560054983,22.929933460091 70.7732842265628,22.9321004629744 70.7726993289702,22.9321069971057 70.7727063824465,22.9326487479006 70.7721214823159,22.9326552800502 70.7721285336816,22.9331970309776 70.7709587281306,22.9332100891602 70.7709728222052,22.9342935915838 70.769803006502,22.9343066418386 70.7698170921322,22.9353901447915 70.7692321793111,22.9353966670313 70.7692603438332,22.9375636731539 70.7686754214993,22.9375701939251 70.7686824608382,22.9381119455294 70.7680975359661,22.9381184643179 70.7681327242337,22.9408272226101 70.7669628505972,22.9408402554365 70.7669698842395,22.94138200732 70.7675548234898,22.9413754918129 70.7675618596707,22.9419172434864 70.7669769180949,22.9419237591645 70.7669909864451,22.9430072627366 70.7664060400049,22.9430137766026 70.7664130721738,22.9435555285011 70.7658281231948,22.9435620403836 70.7658632756058,22.9462708001456 70.7652783147839,22.9462773107282 70.7653134608883,22.9489860703692 70.7647284882218,22.9489925796513 70.764735515755,22.9495343316333 70.765320490748,22.9495278221804 70.7653626743783,22.9527783322281 70.7671176399613,22.9527587878626 70.7670683776096,22.9489665295935 70.7676533494239,22.9489600116918 70.7676322332058,22.9473347580757 70.7682171978276,22.9473282385324 70.7681890365507,22.9451612338492 70.7687739916547,22.9451547128357 70.7687599076441,22.9440712106024 70.7693448578829,22.9440646877768 70.7693307700741,22.9429811857298 70.769915715448,22.9429746610924 70.7699016238415,22.9418911592318 70.7704865643507,22.9418846327828 70.770472468947,22.9408011311088 70.7710574045918,22.9407946028483 70.7710503548848,22.9402528521242 70.7716352879906,22.9402463218811 70.7716141331757,22.9386210699888 70.7721990590921,22.9386145381062 70.7721920055894,22.9380727875689 70.772776928967,22.938066253704 70.772769873353,22.9375245032992 70.7733547941918,22.9375179674521 70.7733477364666,22.9369762171799 70.7739326547666,22.9369696793508 70.7739255949304,22.9364279292112 70.7745105106916,22.9364213894001 70.7745034487446,22.9358796393932 70.7756732749754,22.9358665536539 70.7756662085929,22.9353248039516 70.7762511190625,22.9353182580236 70.7762440505695,22.934776508454 70.7774138662167,22.9347634104815 70.7774067932887,22.9342216612169 70.7785766034296,22.9342085549749 70.778569526067,22.9336668060154 70.7791544284912,22.9336602498366 70.7791473490187,22.9331185010102 70.779732248904,22.9331119428503 70.7797251673217,22.932570194157 70.7803100646681,22.9325636340162 70.7803029809761,22.9320218854562 70.7814727703763,22.9320087590597 70.7814656822506,22.9314670108054 70.7820505743044,22.93146044455 70.7820434840693,22.930918696429 70.7826283735841,22.930912128193 70.78262128124,22.9303703802055 70.7832061682158,22.9303638099891 70.7831990737626,22.9298220621351 70.7837839581995,22.9298154899384 70.7837768616374,22.9292737422179 70.7843617435353,22.929267168041 70.7843546448645,22.9287254204542 70.7849395242234,22.9287188442972 70.7849466252181,22.9292605917113 70.786116387938,22.9292474325935 70.7861234937956,22.9297891796231 70.7867083771564,22.9297825966621 70.7867154855533,22.9303243434798 70.7873003710227,22.9303177581931 70.7872932603018,22.9297760115484 70.7878781432318,22.9297694242818 70.7878710304026,22.9292276777711 70.786701268975,22.9292408498055 70.7866870532583,22.9281573559751 70.784932423444,22.928177096844 70.7849253228798,22.9276353493518 70.7855101973762,22.9276287713876 70.7854959922461,22.9265452766316 70.7860808618802,22.9265386968604 70.7860737573146,22.9259969495967 70.7866586244099,22.9259903678458 70.7866515177362,22.9254486207159 70.7872363822927,22.9254420369855 70.7872221649451,22.9243585429545 70.7878070246397,22.9243519574177 70.7877856932649,22.9227267165973 70.7883705457747,22.9227201294273 70.7883563212899,22.9216366356979 70.7889411689383,22.921630046722 70.7889340546965,22.9210882999718 70.7895188998065,22.9210817090171 70.7894975514069,22.9194564690518 70.7900823893332,22.9194498764647 70.790075271309,22.9189081299047 70.790660106697,22.9189015353391 70.7906387469517,22.9172762959448 70.7912235751568,22.9172696997474 70.7912093317614,22.9161862069693 70.7917941551063,22.9161796089671 70.7917727846663,22.9145543700272 70.7923576008292,22.9145477703938 70.7923362253674,22.9129225316229 70.7917514161698,22.9129291307361 70.7917656616182,22.9140126236358 70.7911808475611,22.9140192209447 70.7911879682874,22.9145609675094 70.7906031516926,22.9145675628403 70.7906245082006,22.9161928028201 70.790039684424,22.9161993965195 70.7900539185307,22.9172828899907 70.789469089894,22.9172894818851 70.7894833202191,22.9183729755465 70.788898486722,22.9183795656356 70.7889055998857,22.9189213125809 70.7883207638506,22.9189279006915 70.7883065423837,22.9178444064157 70.788891373774,22.9178378186513 70.7888558122682,22.9151290831443 70.7894406318321,22.9151224940939 70.7894264040951,22.9140389999642 70.7900112187996,22.9140324091088 70.7899827566268,22.9118654210738 70.7905675618287,22.9118588287602 70.7905533273937,22.910775334855 70.7911381277369,22.910768740737 70.7911310085217,22.9102269938992 70.7917158063277,22.9102203978037 70.7917015639022,22.9091369043576 70.7922863568498,22.9091303064581 70.7922792336398,22.9085885598499 70.7928640240502,22.9085819599732 70.792849773636,22.9074984669866 70.7934345591883,22.9074918653063 70.7934274319844,22.906950118928 70.7940122149996,22.9069435152708 70.7939979565984,22.9058600227442 70.7945827347558,22.9058534172837 70.7945756035587,22.9053116711355 70.7957451545834,22.9052984541111 70.7957380189613,22.9047567082712 70.7963227918285,22.9047500967075 70.7963156541021,22.9042083510023 70.7969004244323,22.9042017374622 70.7968932846019,22.9036599918919 70.7974780523951,22.9036533763755 70.7974709104608,22.90311163094 70.798055675717,22.9031050134476 70.798048531679,22.902563268147 70.7986332943982,22.9025566486785 70.7986261482565,22.9020149035129 70.7992109084388,22.9020082820685 70.7992037601936,22.9014665370379 70.7997885178389,22.9014599136178 70.7997813674904,22.9009181687222 70.8003661225987,22.9009115433264 70.800358970147,22.900369798566 70.8009437227184,22.9003631711947 70.8009365681636,22.8998214265695 70.8021060680154,22.8998081657263 70.8021132272102,22.9003499100029 70.8038674823193,22.9003300020926 70.8038603161647,22.8997882583393 70.8044450651133,22.8997816182443 70.8044378968562,22.8992398746265 70.8050226432674,22.8992332325566 70.8050154729079,22.8986914890743 70.8056002167819,22.8986848450295 70.8055930443201,22.8981431016829 70.804423560994,22.8981563872738 70.8044307288164,22.8986981309697 70.8038459845075,22.8987047707155 70.8038029947513,22.8954543069074 70.8043877251428,22.8954476682088 70.8043805586247,22.8949059242788 70.8049652864795,22.8948992836056 70.8049581178595,22.8943575398111 70.8061275682783,22.8943442523668 70.8061203952374,22.8938025088826 70.8072898401477,22.8937892131917 70.8072826626862,22.893247470018 70.806113222414,22.8932607653594 70.8060988774199,22.8921772781958 70.8055141615955,22.8921839222937 70.8055285019516,22.8932674098066 70.8049437812717,22.8932740521049 70.8049509494569,22.8938157959775 70.8043662262404,22.8938224363015 70.8043733923239,22.8943641803096 70.8037886665709,22.8943708186592 70.8037958305525,22.8949125628028 70.8026263737563,22.8949258334036 70.8025547900967,22.889508386722 70.8031394954141,22.8895017542403 70.8031180175945,22.8878765199982 70.8019486206536,22.8878897817667 70.8019128518129,22.8851810555057 70.8024975388009,22.8851744265674 70.802468918363,22.8830074455537 70.8030535958624,22.8830008151649 70.8030321258602,22.8813755795182 70.8036167961895,22.8813689475049 70.8036096376389,22.8808272023858 70.8041943054336,22.8808205683992 70.8041871447827,22.8802788234156 70.8047718100428,22.8802721874559 70.8047646472918,22.8797304426078 70.8059339725252,22.879717164595 70.805926805357,22.8791754200572 70.8065114653303,22.8791687780043 70.8065042960624,22.8786270336022 70.807088953501,22.8786203895765 70.8070817821334,22.8780786453102 70.8082510917235,22.8780653511665 70.8082439159395,22.8775236072108 70.8094132200246,22.8775103048277 70.8094060398244,22.876968561183 70.8099906892232,22.8769619069455 70.809983506924,22.8764201634369 70.810568153788,22.8764135072273 70.8105609693899,22.8758717638548 70.8111456137191,22.8758651056732 70.8111384272223,22.8753233624368 70.8117230690167,22.8753167022834 70.8117158804212,22.8747749591832 70.8123005196809,22.874768297058 70.812293328987,22.8742265540941 70.8128779657118,22.8742198899973 70.8128707729196,22.8736781471696 70.8134554071096,22.8736714811013 70.8134410175471,22.8725879956796 70.814025646886,22.8725813278153 70.814018450116,22.8720395852214 70.8146030769202,22.8720329153859 70.8145958780523,22.8714911729285 70.8151805023219,22.8714845011218 70.8151661006092,22.870401016441 70.8157507200281,22.8703943428389 70.8157363145576,22.8693108583532 70.8163209291259,22.8693041829559 70.8163137244026,22.8687624408302 70.8168983364364,22.8687557634622 70.8168839230144,22.8676722794452 70.8174685301979,22.8676656002824 70.8174613214993,22.8671238583911 70.8180459261485,22.867117177258 70.8180387153531,22.8665754355034 70.8186233174679,22.8665687524 70.8186161045758,22.8660270107824 70.8192007041562,22.8660203257088 70.8191934891677,22.8654785842281 70.8197780862136,22.8654718971845 70.8197708691287,22.8649301558407 70.8203554636403,22.8649234668271 70.8203482444591,22.8643817256203 70.8215174281944,22.8643683415078 70.8215102046019,22.8638266006142 70.8220947938255,22.8638199055154 70.8220875681372,22.863278164759 70.8226721548264,22.8632714676906 70.8226649270423,22.8627297270715 70.8232495111971,22.8627230280337 70.8232422813174,22.8621812875519 70.8238268629378,22.8621745865448 70.8238196309627,22.8616328462003 70.8244042100486,22.861626143224 70.8243969759782,22.8610844030169 70.8249815525297,22.8610776980716 70.8249743163641,22.8605359580019 70.8255588903813,22.8605292510876 70.8255516521207,22.8599875111555 70.8267207948664,22.8599740912438 70.8267135521963,22.8594323516259 70.8272981209248,22.8594256386288 70.8272908761601,22.8588838991485 70.8284600083283,22.8588704670718 70.8284527591545,22.8583287279061 70.8296218858137,22.8583152876022 70.8296146322312,22.8577735487513 70.8301991929162,22.8577668255586 70.8301846817834,22.8566833480936 70.8307692376196,22.8566766231098 70.8307547227395,22.8555931458427 70.8313392737272,22.8555864190681 70.8313320143036,22.8550446805531 70.8307474656299,22.8550514071506 70.8307402087407,22.8545096684194 70.8313247551004,22.854502941999 70.8313174961176,22.8539612034059 70.8336556700967,22.8539342769854 70.8336411342821,22.8528508010999 70.834225672598,22.8528440644878 70.8342111330388,22.8517605888009 70.8330420654409,22.8517740591713 70.833049330483,22.8523157973889 70.8312957204913,22.8523359873924 70.8312739468483,22.8507107710276 70.8318584767921,22.8507040437024 70.8318439575051,22.849620566285 70.8324284826019,22.8496138371698 70.8323994374203,22.8474468825752 70.8329839530441,22.8474401520248 70.8329621645342,22.8458149362008 70.8335466729989,22.8458082040381 70.8335321438029,22.8447247269816 70.8341166474216,22.8447179930298 70.8340948483443,22.8430927776842 70.8346793448049,22.8430860421209 70.8346648085653,22.8420025653835 70.8352493001805,22.8419958280315 70.8352420300795,22.8414540897817 70.8358265191618,22.8414473504638 70.8358047032472,22.8398221360128 70.8363891851724,22.8398153950841 70.8363819113306,22.8392736570333 70.8369663907229,22.839266914139 70.8369518390784,22.8381834382755 70.8375363136261,22.8381766935934 70.8375217582421,22.8370932179291 70.8381062279454,22.8370864714594 70.8380916688224,22.8360029959944 70.8386761336815,22.8359962477373 70.8386615708201,22.8349127724718 70.8392460308353,22.8349060224276 70.839238747425,22.8343642849141 70.8398232049078,22.8343575329051 70.8398086341284,22.8332740581168 70.8403930867676,22.833267304321 70.8403785122513,22.8321838297325 70.8409629600471,22.8321770741501 70.8409483817943,22.8310935997615 70.8415328247469,22.8310868423928 70.8415255336419,22.830545105318 70.840941093,22.8305518625086 70.8409338044272,22.8300101252167 70.8415182427583,22.8300033682042 70.8414745021073,22.8267529447015 70.8420589263543,22.8267461866153 70.8420370520878,22.8251209748714 70.8426214691828,22.8251142151779 70.8426141758936,22.82457247803 70.8431985904571,22.824565716373 70.8431912950796,22.8240239793643 70.842606882826,22.8240307408431 70.84259958998,22.8234890036172 70.8431839999237,22.8234822423165 70.8431694102768,22.822398768104 70.8437538153794,22.8223920050184 70.8437246295068,22.8202250568381 70.8443090251496,22.8202182923243 70.8443017269262,22.81967655536 70.8448861200379,22.8196697888834 70.8448496207016,22.8169611043683 70.8454340020458,22.8169543366427 70.8454120981789,22.8153291260005 70.8459964723748,22.8153223566695 70.8459745635786,22.8136971462116 70.8465589306266,22.8136903752755 70.8465297127713,22.8115234281661 70.8471140703638,22.8115166558037 70.8470483224024,22.8066410241322 70.8476326590015,22.8066342512372 70.8476253524749,22.8060925143683 70.8482096865444,22.8060857395122 70.8482023779323,22.805544002783 70.8487867094722,22.805537225966 70.8487574680159,22.803370279374 70.8493417901043,22.8033635011324 70.8493344779885,22.8028217645656 70.8487501582073,22.8028285426284 70.8487428486208,22.8022868058439 70.849327166095,22.8022800279598 70.8493125429747,22.8011965546313 70.8498968556127,22.8011897749656 70.849889542079,22.8006480384216 70.8504738521879,22.8006412567957 70.8504519060005,22.7990160474663 70.8510362089668,22.7990092642381 70.8510288917092,22.7984675278959 70.8516131921466,22.7984607427078 70.8515985536856,22.7973772702642 70.8533514398237,22.7973569029413 70.8533441140079,22.7968151671983 70.8539284066357,22.7968083739924 70.8539357347578,22.7973501095562 70.8545200294691,22.7973433140324 70.8545273601204,22.7978850493779 70.8551116569152,22.797878251536 70.8551043239575,22.7973365163698 70.8556886182231,22.7973297165686 70.855681283182,22.7967879815427 70.8562655749182,22.7967811797822 70.8562729122657,22.7973229146286 70.8580257930548,22.7973024959764 70.8580331375445,22.7978442302452 70.8586174330008,22.7978374195708 70.8586247800202,22.7983791536208 70.8592090775596,22.7983723406279 70.8591943791314,22.7972888728481 70.8586100862048,22.7972956854816 70.8586027396321,22.7967539513535 70.8580184487884,22.7967607616686 70.8580111047453,22.7962190273218 70.8574268159846,22.7962258353187 70.8574194744709,22.7956841007533 70.8568351877932,22.795690906432 70.8568278488088,22.795149171648 70.8562435642141,22.7951559750088 70.8562288915265,22.7940725049648 70.8544760502407,22.7940929011399 70.8544613922805,22.7930094298637 70.856798495102,22.7929822321219 70.8567838195871,22.7918987621247 70.8579523604367,22.7918851511425 70.857959702694,22.7924268858015 70.8585439750897,22.7924200769235 70.8585513198759,22.7929618113638 70.8591355943541,22.792955000168 70.8591282472621,22.7924132659074 70.8597125192111,22.792406452753 70.8597198686089,22.7929481868339 70.8603041426402,22.7929413713616 70.8603261990916,22.7945665728306 70.8609104798171,22.7945597546804 70.8608957706808,22.7934762874332 70.8614800465709,22.7934694675044 70.8614726900323,22.7929277340022 70.8620569633929,22.7929209121152 70.8620496047723,22.7923791787539 70.8614653337174,22.7923860004609 70.8614506217585,22.7913025332614 70.8608663550912,22.7913093524704 70.8608590017527,22.7907676186321 70.8591062073263,22.7907880628914 70.8590988611278,22.7902463284747 70.8585145981776,22.7902531387721 70.8585072545078,22.7897114041367 70.8579229936398,22.7897182121164 70.8579303350042,22.7902599469315 70.8573460716076,22.7902667529529 70.8573534108898,22.7908084879085 70.855600612445,22.7908288936834 70.8555859479365,22.7897454226563 70.8561702096969,22.7897386232282 70.8561482076903,22.7881134169334 70.8549796977782,22.7881270125754 70.8549650401091,22.7870435407996 70.8555492905664,22.7870367444062 70.8555346291786,22.7859532728331 70.8561188748031,22.7859464746608 70.8561115421387,22.7854047389951 70.8566957852354,22.7853979388648 70.8566884504892,22.7848562033396 70.857272691058,22.7848494012513 70.8572653542301,22.7843076658666 70.858433830089,22.784294055637 70.8584118071166,22.7826688503264 70.8589960377976,22.7826620425446 70.8589886949488,22.7821203075428 70.8595729231021,22.7821134978036 70.8595582334658,22.7810300280423 70.8601424567871,22.7810232165255 70.8601277634358,22.7799397469678 70.8612962001915,22.7799261182427 70.8612888492429,22.779384383765 70.8618730649814,22.7793775663771 70.861858359147,22.7782940976647 70.8630267807373,22.7782804571986 70.8630120665821,22.7771969890503 70.8635962724341,22.7771901659724 70.8635889133885,22.7766484320198 70.864173116713,22.7766416069855 70.8641657555875,22.7760998731741 70.8647499563845,22.7760930461835 70.8647425931794,22.7755513125133 70.865326791449,22.7755444835665 70.8653194261643,22.7750027500376 70.8641510340082,22.7750164054343 70.8641583946859,22.7755581393237 70.8629899970274,22.7755717865352 70.8629973533219,22.7761135207459 70.8624131518535,22.7761203413271 70.8624205060681,22.7766620756788 70.8618363020724,22.7766688943036 70.861843654207,22.7772106287963 70.8612594476839,22.7772174454644 70.8612741480163,22.7783009146927 70.8606899366622,22.778307729584 70.8606972848598,22.7788494643196 70.8601130709783,22.778856277254 70.8601204170953,22.7793980121304 70.8595362006864,22.7794048231078 70.8595435447229,22.779946558125 70.8589593257865,22.7799533671453 70.8589666677422,22.7804951023032 70.8583824462784,22.7805019093663 70.8583897861532,22.7810436446648 70.857805562162,22.7810504497706 70.8578128999557,22.7815921852098 70.8572286734371,22.7815989883581 70.8572360091496,22.7821407239378 70.8566517801036,22.7821475251285 70.8566591137347,22.7826892608488 70.8560748821612,22.7826960600818 70.8560382277572,22.7799873801935 70.8566224478092,22.7799805818577 70.8565931190827,22.7778136379629 70.8571773296959,22.7778068382081 70.8571553285811,22.7761816304161 70.85773953206,22.7761748290633 70.8577248611582,22.775091357366 70.8583090598069,22.7750845542359 70.8582943851907,22.7740010827419 70.8588785790094,22.7739942778347 70.8588712397328,22.7734525422089 70.859455431025,22.7734457353451 70.859440748535,22.7723622643359 70.8600249349976,22.7723554556954 70.8600175917844,22.7718137203121 70.8606017757206,22.7718069097154 70.8605870853584,22.7707234391913 70.8611712644652,22.7707166268183 70.8611639173163,22.7701748916776 70.8617480938968,22.7701680773487 70.8617407446687,22.7696263423489 70.8623249187228,22.7696195260641 70.8623175674155,22.7690777912053 70.8629017389433,22.7690709729647 70.8628870323943,22.7679875034903 70.8640553655684,22.7679738613223 70.8640480080245,22.7674321268868 70.8658004991994,22.7674116481584 70.865793134972,22.7668699142247 70.8669614566972,22.7668562514222 70.8669540880892,22.7663145178103 70.8675382463132,22.7663076833862 70.8675308756271,22.7657659499158 70.8669467197053,22.7657727841593 70.86693198361,22.7646893167405 70.8663478320684,22.7646961484879 70.8663404666591,22.7641544145395 70.8657563171954,22.7641612439712 70.8657489543121,22.7636195098036 70.8651648069264,22.7636263369197 70.865157446569,22.7630846025328 70.8645733012613,22.7630914273335 70.8645659434297,22.7625496927273 70.8633976567466,22.7625633355632 70.8633829509619,22.7614798655132 70.8627988118883,22.7614866833684 70.8627914616331,22.7609449481048 70.8622073246375,22.7609517636451 70.8621999769075,22.7604100281625 70.86161584199,22.760416841388 70.8616084967851,22.7598751056864 70.8604402308827,22.759888725373 70.8604622533582,22.7615139334398 70.8592939727528,22.7615275456658 70.8593013094212,22.7620692819696 70.8587171664819,22.7620760850598 70.8587245010716,22.7626178215044 70.8581403556074,22.7626246226392 70.8581476881184,22.7631663592244 70.8575635401291,22.7631731584036 70.8575708705613,22.7637148951294 70.8569867200471,22.763721692353 70.8570087057752,22.7653469028351 70.8558403902653,22.7653604919533 70.855855039323,22.7664439661308 70.8570233640421,22.7664303762949 70.85703069351,22.7669721129663 70.8576148578375,22.7669653146656 70.8576221898308,22.7675070511185 70.8582063562377,22.7675002505026 70.8582283604637,22.7691254590888 70.857644187149,22.7691322602434 70.8576515200345,22.7696739965404 70.857067344194,22.7696807957387 70.8570746749997,22.7702225321763</coordinates></LinearRing></outerBoundaryIs><innerBoundaryIs><LinearRing><coordinates>70.831302978813,22.8528777261026 70.8307184393947,22.8528844519918 70.8307111833866,22.8523427131045 70.8312957204913,22.8523359873924 70.831302978813,22.8528777261026</coordinates></LinearRing></innerBoundaryIs><innerBoundaryIs><LinearRing><coordinates>70.858199021942,22.7669585142293 70.8587831858234,22.7669517116575 70.8587905224216,22.7674934477512 70.8582063562377,22.7675002505026 70.858199021942,22.7669585142293</coordinates></LinearRing></innerBoundaryIs><innerBoundaryIs><LinearRing><coordinates>70.8026693343748,22.8981762995393 70.8032540767985,22.8981696642669 70.8032612399814,22.8987114083118 70.8026764952379,22.8987180437586 70.8026693343748,22.8981762995393</coordinates></LinearRing></innerBoundaryIs><innerBoundaryIs><LinearRing><coordinates>70.8013710739583,22.8884381547378 70.8019557750728,22.8884315269018 70.801962929709,22.888973271998 70.801378226276,22.8889799000082 70.8013710739583,22.8884381547378</coordinates></LinearRing></innerBoundaryIs><innerBoundaryIs><LinearRing><coordinates>70.854987026947,22.7886687484048 70.8555712843197,22.7886619514733 70.8555786160166,22.7892036870843 70.8549943563387,22.7892104841951 70.854987026947,22.7886687484048</coordinates></LinearRing></innerBoundaryIs></Polygon><Polygon><outerBoundaryIs><LinearRing><coordinates>70.799259977474,22.8613706859831 70.7992457090646,22.860287190381 70.7986611275479,22.8602938005734 70.7986753913276,22.8613772965235 70.799259977474,22.8613706859831</coordinates></LinearRing></outerBoundaryIs></Polygon><Polygon><outerBoundaryIs><LinearRing><coordinates>70.8127125867034,22.86175979509 70.8127197746948,22.8623015387759 70.8121351889171,22.8623081990157 70.8121567472551,22.8639334303655 70.8127413399781,22.8639267695998 70.8127341513322,22.8633850260308 70.8133187415219,22.8633783632946 70.813297169948,22.8617531328798 70.8127125867034,22.86175979509</coordinates></LinearRing></outerBoundaryIs></Polygon><Polygon><outerBoundaryIs><LinearRing><coordinates>70.7987324551062,22.8657112787649 70.7987181878625,22.8646277834384 70.7981335876086,22.8646343928768 70.7981478502214,22.8657178885513 70.7987324551062,22.8657112787649</coordinates></LinearRing></outerBoundaryIs></Polygon><Polygon><outerBoundaryIs><LinearRing><coordinates>70.7981763780443,22.8678848794324 70.7981621136999,22.8668013840698 70.7975775039675,22.8668079920578 70.7975917636804,22.8678914877682 70.7981763780443,22.8678848794324</coordinates></LinearRing></outerBoundaryIs></Polygon><Polygon><outerBoundaryIs><LinearRing><coordinates>70.8058408162993,22.8726744825606 70.8058336519577,22.8721327375157 70.805249021885,22.8721393751506 70.8052561839102,22.8726811203702 70.8058408162993,22.8726744825606</coordinates></LinearRing></outerBoundaryIs></Polygon><Polygon><outerBoundaryIs><LinearRing><coordinates>70.7959946803721,22.879829753892 70.7959875525979,22.8792880063925 70.7948182246283,22.8793012110411 70.7948253477678,22.879842958888 70.7959946803721,22.879829753892</coordinates></LinearRing></outerBoundaryIs></Polygon><Polygon><outerBoundaryIs><LinearRing><coordinates>70.8148407621395,22.8899103945846 70.8148335560604,22.8893686534153 70.813664153921,22.8893820021711 70.813671355363,22.8899237436914 70.8148407621395,22.8899103945846</coordinates></LinearRing></outerBoundaryIs></Polygon><Polygon><outerBoundaryIs><LinearRing><coordinates>70.8136785570234,22.8904654851726 70.813671355363,22.8899237436914 70.813086651647,22.8899304150219 70.8130938509888,22.8904721566786 70.8136785570234,22.8904654851726</coordinates></LinearRing></outerBoundaryIs></Polygon><Polygon><outerBoundaryIs><LinearRing><coordinates>70.8090152695126,22.8916022827082 70.8090224532776,22.8921440254742 70.8096071677957,22.8921373684835 70.8096143540976,22.8926791110354 70.8101990707167,22.8926724517208 70.8101918820959,22.892130709344 70.8125307371154,22.8921040512979 70.8125235394372,22.8915623095829 70.8131082503276,22.8915556398748 70.8130938509888,22.8904721566786 70.8125091447359,22.890478826036 70.8125163419774,22.891020567829 70.8119316331874,22.891027235213 70.8119388283285,22.8915689771423 70.8090152695126,22.8916022827082</coordinates></LinearRing></outerBoundaryIs></Polygon><Polygon><outerBoundaryIs><LinearRing><coordinates>70.8090296372606,22.8926857682012 70.8090224532776,22.8921440254742 70.8078530235878,22.8921573330093 70.8078602029329,22.8926990760861 70.8090296372606,22.8926857682012</coordinates></LinearRing></outerBoundaryIs></Polygon><Polygon><outerBoundaryIs><LinearRing><coordinates>70.8072754854423,22.8927057268053 70.8072826626862,22.893247470018 70.8078673824957,22.893240819124 70.8078602029329,22.8926990760861 70.8072754854423,22.8927057268053</coordinates></LinearRing></outerBoundaryIs></Polygon><Polygon><outerBoundaryIs><LinearRing><coordinates>70.7870161102357,22.9086478619631 70.7870090081315,22.9081061137574 70.7864242178856,22.9081126919552 70.7864313176687,22.9086544403337 70.7870161102357,22.9086478619631</coordinates></LinearRing></outerBoundaryIs></Polygon><Polygon><outerBoundaryIs><LinearRing><coordinates>70.7841205093927,22.9108477281976 70.7841134180342,22.9103059792842 70.7835286174277,22.9103125474194 70.7835357064648,22.9108542965054 70.7841205093927,22.9108477281976</coordinates></LinearRing></outerBoundaryIs></Polygon><Polygon><outerBoundaryIs><LinearRing><coordinates>70.7841488769768,22.9130147234612 70.7841417847583,22.9124729747038 70.7835569748657,22.9124795435295 70.7835640647625,22.9130212924595 70.7841488769768,22.9130147234612</coordinates></LinearRing></outerBoundaryIs></Polygon><Polygon><outerBoundaryIs><LinearRing><coordinates>70.7669628505972,22.9408402554365 70.7669487839519,22.9397567515524 70.7663638514647,22.9397632643925 70.7663779134593,22.9408467686185 70.7669628505972,22.9408402554365</coordinates></LinearRing></outerBoundaryIs></Polygon><Polygon><outerBoundaryIs><LinearRing><coordinates>70.8540440149403,22.7621304329201 70.8540513311153,22.7626721708 70.8534671838684,22.762678954854 70.8534744979641,22.7632206928742 70.8546427968392,22.7632071222727 70.8546354781397,22.7626653846109 70.8552196249413,22.7626585962867 70.8552123041626,22.7621168587653 70.8540440149403,22.7621304329201</coordinates></LinearRing></outerBoundaryIs></Polygon><Polygon><outerBoundaryIs><LinearRing><coordinates>70.8517805135057,22.7675749398186 70.8517878226965,22.7681166780252 70.8523719936333,22.7681098985865 70.8523646821399,22.7675681605589 70.8529488505517,22.7675613791635 70.8529415369782,22.767019641276 70.853525702865,22.7670128579242 70.8535037565723,22.7653876445651 70.8529195975925,22.7653944273796 70.8529269104986,22.765936165384 70.8523427489941,22.7659429462422 70.8523500598203,22.7664846843867 70.851765895791,22.7664914632884 70.8517732045372,22.767033201573 70.8511890379831,22.7670399785181 70.8511817315394,22.7664982400546 70.8505975670655,22.7665050146852 70.8506048712068,22.7670467533277 70.8500207042083,22.7670535260016 70.8500645199064,22.7703039581111 70.850648700721,22.770297184364 70.8506413952464,22.7697554459554 70.8512255735359,22.7697486702513 70.8511963446491,22.7675817169427 70.8517805135057,22.7675749398186</coordinates></LinearRing></outerBoundaryIs></Polygon><Polygon><outerBoundaryIs><LinearRing><coordinates>70.8576295220471,22.7680487875324 70.8576221898308,22.7675070511185 70.8570380232008,22.7675138495987 70.8570453531146,22.7680555861922 70.8576295220471,22.7680487875324</coordinates></LinearRing></outerBoundaryIs></Polygon><Polygon><outerBoundaryIs><LinearRing><coordinates>70.863225509443,22.7929072619264 70.8632181462109,22.7923655289253 70.8626338756035,22.7923723549087 70.8626412365298,22.7929140880899 70.863225509443,22.7929072619264</coordinates></LinearRing></outerBoundaryIs></Polygon><Polygon><outerBoundaryIs><LinearRing><coordinates>70.8504958003765,22.802266465774 70.8504884840913,22.8017247294869 70.8499041693686,22.8017315114706 70.8499114833469,22.8022732479366 70.8504958003765,22.802266465774</coordinates></LinearRing></outerBoundaryIs></Polygon><Polygon><outerBoundaryIs><LinearRing><coordinates>70.849327166095,22.8022800279598 70.8493344779885,22.8028217645656 70.8499187975475,22.8028149843635 70.8499114833469,22.8022732479366 70.849327166095,22.8022800279598</coordinates></LinearRing></outerBoundaryIs></Polygon><Polygon><outerBoundaryIs><LinearRing><coordinates>70.8353397703563,22.8051508107467 70.8347554360328,22.8051575381746 70.8347626913508,22.8056992790377 70.8353470279818,22.8056925514324 70.8353397703563,22.8051508107467</coordinates></LinearRing></outerBoundaryIs></Polygon><Polygon><outerBoundaryIs><LinearRing><coordinates>70.8353542858279,22.8062342920791 70.8359386245459,22.8062275621566 70.8359313643922,22.8056858216874 70.8353470279818,22.8056925514324 70.8353542858279,22.8062342920791</coordinates></LinearRing></outerBoundaryIs></Polygon><Polygon><outerBoundaryIs><LinearRing><coordinates>70.8371654274197,22.8105480154018 70.8371581608844,22.8100062755996 70.8365738064528,22.8100130110447 70.83658107068,22.8105547510245 70.8371654274197,22.8105480154018</coordinates></LinearRing></outerBoundaryIs></Polygon><Polygon><outerBoundaryIs><LinearRing><coordinates>70.8342581521648,22.8116651533758 70.8342654078208,22.8122068939485 70.834849772368,22.8122001663543 70.8348425144036,22.811658425959 70.8360112382197,22.8116449647047 70.8360039758592,22.8111032246253 70.8365883351279,22.8110964909653 70.83658107068,22.8105547510245 70.8342436415141,22.8105816721135 70.8342363865195,22.8100399314238 70.8336520309848,22.8100466561683 70.8336737897054,22.8116718786522 70.8342581521648,22.8116651533758</coordinates></LinearRing></outerBoundaryIs></Polygon><Polygon><outerBoundaryIs><LinearRing><coordinates>70.838770813845,22.8430388331575 70.8387635294284,22.8424970960517 70.8381790368266,22.8425038464423 70.8381863189309,22.8430455837258 70.838770813845,22.8430388331575</coordinates></LinearRing></outerBoundaryIs></Polygon><Polygon><outerBoundaryIs><LinearRing><coordinates>70.8376163840427,22.8441358069561 70.8376018237957,22.8430523321506 70.8370173284393,22.8430590784318 70.8370318840615,22.8441425535927 70.8376163840427,22.8441358069561</coordinates></LinearRing></outerBoundaryIs></Polygon><Polygon><outerBoundaryIs><LinearRing><coordinates>70.837674633874,22.8484697046167 70.8376455071896,22.8463027560987 70.8364764885049,22.8463162486495 70.8365055966857,22.8484831985887 70.8359210777601,22.8484899423585 70.8359356285499,22.8495734174491 70.8365201521018,22.8495666733241 70.8365128742833,22.8490249359759 70.837097395301,22.8490181898843 70.8370901153903,22.8484764526748 70.837674633874,22.8484697046167</coordinates></LinearRing></outerBoundaryIs></Polygon><Polygon><outerBoundaryIs><LinearRing><coordinates>70.835351104777,22.8495801594298 70.83535837819,22.8501218970941 70.8359429042761,22.8501151549358 70.8359356285499,22.8495734174491 70.835351104777,22.8495801594298</coordinates></LinearRing></outerBoundaryIs></Polygon><Polygon><outerBoundaryIs><LinearRing><coordinates>70.8342038635903,22.8512188508988 70.8342111330388,22.8517605888009 70.8347956665068,22.8517538503989 70.8347883947448,22.8512121126744 70.8342038635903,22.8512188508988</coordinates></LinearRing></outerBoundaryIs></Polygon><Polygon><outerBoundaryIs><LinearRing><coordinates>70.8394865075002,22.8527833384718 70.8394792167878,22.8522416022467 70.8406482841503,22.8522280843422 70.8406409890322,22.851686348434 70.8400564577751,22.8516931082805 70.8400418728301,22.8506096359909 70.8388728189055,22.8506231485391 70.8388873945969,22.8517066215403 70.8371337981702,22.8517268753465 70.8371265171542,22.8511851383322 70.8365419868833,22.8511918851343 70.8365347084018,22.8506501479033 70.8347811232036,22.8506703749107 70.8347883947448,22.8512121126744 70.8353729256785,22.8512053723054 70.835380199754,22.8517471098525 70.8359647327803,22.8517403671617 70.835979286221,22.8528238417837 70.8394865075002,22.8527833384718</coordinates></LinearRing></outerBoundaryIs></Polygon></MultiGeometry>
  </Placemark>
</Folder>
</Document></kml>
