<?xml version="1.0" encoding="utf-8" ?>
<kml xmlns="http://www.opengis.net/kml/2.2">
<Document id="root_doc">
<Schema name="flood_extent_S0_release" id="flood_extent_S0_release">
	<SimpleField name="area_km2" type="float"></SimpleField>
</Schema>
<Folder><name>flood_extent_S0_release</name>
  <Placemark id="flood_extent_S0_release.1">
	<name>0.1-0.5 m</name>
	<Style><LineStyle><color>ff0000ff</color></LineStyle><PolyStyle><fill>0</fill></PolyStyle></Style>
	<ExtendedData><SchemaData schemaUrl="#flood_extent_S0_release">
		<SimpleData name="area_km2">0.48</SimpleData>
	</SchemaData></ExtendedData>
      <MultiGeometry><Polygon><outerBoundaryIs><LinearRing><coordinates>70.7732348419448,22.9283082075189 70.7735272825269,22.9283049402465 70.7735202272748,22.927763189397 70.7732277878546,22.9277664565836 70.7732348419448,22.9283082075189</coordinates></LinearRing></outerBoundaryIs></Polygon><Polygon><outerBoundaryIs><LinearRing><coordinates>70.7738232513427,22.9285725478032 70.7741156923988,22.9285692794115 70.7741121635306,22.9282984040872 70.7738197230555,22.9283016724359 70.7738232513427,22.9285725478032</coordinates></LinearRing></outerBoundaryIs></Polygon><Polygon><outerBoundaryIs><LinearRing><coordinates>70.7755849605831,22.9290946795703 70.7758774024801,22.9290914078635 70.7758703376119,22.9285496577594 70.7755778968768,22.9285529293802 70.7755849605831,22.9290946795703</coordinates></LinearRing></outerBoundaryIs></Polygon><Polygon><outerBoundaryIs><LinearRing><coordinates>70.7755884925165,22.9293655546507 70.7755849605831,22.9290946795703 70.7752925186326,22.9290979507388 70.775296049985,22.9293688258621 70.7755884925165,22.9293655546507</coordinates></LinearRing></outerBoundaryIs></Polygon><Polygon><outerBoundaryIs><LinearRing><coordinates>70.772963561377,22.9299367270826 70.7729600345654,22.9296658516354 70.7726675909717,22.9296691180459 70.7726711172022,22.929939993536 70.772963561377,22.9299367270826</coordinates></LinearRing></outerBoundaryIs></Polygon><Polygon><outerBoundaryIs><LinearRing><coordinates>70.7732560054983,22.929933460091 70.7735484495662,22.9299301925612 70.7735449215926,22.9296593171998 70.7732524781058,22.9296625846867 70.7732560054983,22.929933460091</coordinates></LinearRing></outerBoundaryIs></Polygon><Polygon><outerBoundaryIs><LinearRing><coordinates>70.7747182253029,22.9299171170597 70.7747146950055,22.92964624187 70.7744222517325,22.9296495115097 70.774425781449,22.9299203867424 70.7747182253029,22.9299171170597</coordinates></LinearRing></outerBoundaryIs></Polygon><Polygon><outerBoundaryIs><LinearRing><coordinates>70.7791084157543,22.9301388817674 70.7791048766884,22.9298680072322 70.7788124336378,22.9298712849883 70.7788159721227,22.9301421595665 70.7791084157543,22.9301388817674</coordinates></LinearRing></outerBoundaryIs></Polygon><Polygon><outerBoundaryIs><LinearRing><coordinates>70.77384795085,22.9304686751009 70.7741403959729,22.9304654064088 70.7741333375415,22.9299236558869 70.7738408935806,22.9299269244932 70.77384795085,22.9304686751009</coordinates></LinearRing></outerBoundaryIs></Polygon><Polygon><outerBoundaryIs><LinearRing><coordinates>70.7788195106612,22.9304130341349 70.7788159721227,22.9301421595665 70.7785235284374,22.9301454368273 70.7785270663949,22.9304163114388 70.7788195106612,22.9304130341349</coordinates></LinearRing></outerBoundaryIs></Polygon><Polygon><outerBoundaryIs><LinearRing><coordinates>70.7779421777016,22.9304228644318 70.7779457145507,22.9306937391196 70.7785306044061,22.9306871860405 70.7785270663949,22.9304163114388 70.7779421777016,22.9304228644318</coordinates></LinearRing></outerBoundaryIs></Polygon><Polygon><outerBoundaryIs><LinearRing><coordinates>70.7776568058644,22.9309678895728 70.7779492514534,22.9309646137976 70.7779457145507,22.9306937391196 70.7776532695427,22.9306970148518 70.7776568058644,22.9309678895728</coordinates></LinearRing></outerBoundaryIs></Polygon><Polygon><outerBoundaryIs><LinearRing><coordinates>70.7773678960159,22.931242039564 70.7773643602217,22.9309711648097 70.7770719145255,22.9309744395084 70.7770754497387,22.9312453143057 70.7773678960159,22.931242039564</coordinates></LinearRing></outerBoundaryIs></Polygon><Polygon><outerBoundaryIs><LinearRing><coordinates>70.7767830034078,22.9312485885091 70.7767865380936,22.9315194633396 70.7770789850055,22.9315161890931 70.7770754497387,22.9312453143057 70.7767830034078,22.9312485885091</coordinates></LinearRing></outerBoundaryIs></Polygon><Polygon><outerBoundaryIs><LinearRing><coordinates>70.7744469608712,22.9315456379335 70.7747394082113,22.9315423679932 70.7747358775928,22.931271492862 70.7744434308338,22.9312747627594 70.7744469608712,22.9315456379335</coordinates></LinearRing></outerBoundaryIs></Polygon><Polygon><outerBoundaryIs><LinearRing><coordinates>70.7767900728329,22.9317903381603 70.7767865380936,22.9315194633396 70.7764940911281,22.9315227370477 70.7764976252864,22.9317936119114 70.7767900728329,22.9317903381603</coordinates></LinearRing></outerBoundaryIs></Polygon><Polygon><outerBoundaryIs><LinearRing><coordinates>70.7727028556817,22.932377872508 70.7726993289702,22.9321069971057 70.7724068800937,22.9321102633639 70.7724104062241,22.9323811388091 70.7727028556817,22.932377872508</coordinates></LinearRing></outerBoundaryIs></Polygon><Polygon><outerBoundaryIs><LinearRing><coordinates>70.7759197961857,22.932341907669 70.7762122450014,22.9323386349084 70.7762087113171,22.9320677600213 70.7759162630825,22.9320710327388 70.7759197961857,22.932341907669</coordinates></LinearRing></outerBoundaryIs></Polygon><Polygon><outerBoundaryIs><LinearRing><coordinates>70.7709516814136,22.9326683378899 70.7709481581352,22.9323974622402 70.7706557083573,22.9324007253115 70.7706592310546,22.9326716010041 70.7709516814136,22.9326683378899</coordinates></LinearRing></outerBoundaryIs></Polygon><Polygon><outerBoundaryIs><LinearRing><coordinates>70.7756308798921,22.9326160548546 70.7756273473165,22.9323451798912 70.7753348983937,22.9323484515752 70.7753384303883,22.9326193265815 70.7756308798921,22.9326160548546</coordinates></LinearRing></outerBoundaryIs></Polygon><Polygon><outerBoundaryIs><LinearRing><coordinates>70.7735837322417,22.9326389456389 70.7738761820665,22.9326356771417 70.7738726529773,22.9323648019207 70.7735802037336,22.932368070375 70.7735837322417,22.9326389456389</coordinates></LinearRing></outerBoundaryIs></Polygon><Polygon><outerBoundaryIs><LinearRing><coordinates>70.7753419624364,22.932890201578 70.7753384303883,22.9326193265815 70.7750459808309,22.9326225977701 70.775049512298,22.9328934728096 70.7753419624364,22.932890201578</coordinates></LinearRing></outerBoundaryIs></Polygon><Polygon><outerBoundaryIs><LinearRing><coordinates>70.779728708086,22.9328410685085 70.7797251673217,22.932570194157 70.779432718568,22.93257347342 70.7794362587513,22.9328443478146 70.779728708086,22.9328410685085</coordinates></LinearRing></outerBoundaryIs></Polygon><Polygon><outerBoundaryIs><LinearRing><coordinates>70.7695070317497,22.9340390272511 70.7697994852278,22.934035766076 70.769795964007,22.9337648903037 70.76950351111,22.9337681514359 70.7695070317497,22.9340390272511</coordinates></LinearRing></outerBoundaryIs></Polygon><Polygon><outerBoundaryIs><LinearRing><coordinates>70.7768289585002,22.9347699605445 70.7771214123852,22.9347666857822 70.7771178764756,22.9344958111117 70.7768254231717,22.9344990858311 70.7768289585002,22.9347699605445</coordinates></LinearRing></outerBoundaryIs></Polygon><Polygon><outerBoundaryIs><LinearRing><coordinates>70.7686789411421,22.9378410697321 70.7689714029169,22.9378378095729 70.7689678826929,22.9375669338087 70.7686754214993,22.9375701939251 70.7686789411421,22.9378410697321</coordinates></LinearRing></outerBoundaryIs></Polygon><Polygon><outerBoundaryIs><LinearRing><coordinates>70.7733583231345,22.9377888425736 70.7733547941918,22.9375179674521 70.7730623337991,22.9375212356449 70.7730658621606,22.9377921108092 70.7733583231345,22.9377888425736</coordinates></LinearRing></outerBoundaryIs></Polygon><Polygon><outerBoundaryIs><LinearRing><coordinates>70.7686824608382,22.9381119455294 70.7686789411421,22.9378410697321 70.768386479314,22.9378443293528 70.7683899984288,22.9381152051929 70.7686824608382,22.9381119455294</coordinates></LinearRing></outerBoundaryIs></Polygon><Polygon><outerBoundaryIs><LinearRing><coordinates>70.763136192226,22.9389864168301 70.7631326834145,22.9387155402503 70.762840218831,22.9387187897686 70.7628437270612,22.938989666391 70.763136192226,22.9389864168301</coordinates></LinearRing></outerBoundaryIs></Polygon><Polygon><outerBoundaryIs><LinearRing><coordinates>70.7722025859236,22.9388854133602 70.7721990590921,22.9386145381062 70.7719065961606,22.9386178043167 70.7719101224109,22.9388886796136 70.7722025859236,22.9388854133602</coordinates></LinearRing></outerBoundaryIs></Polygon><Polygon><outerBoundaryIs><LinearRing><coordinates>70.7634321667835,22.9392540432581 70.7634286573376,22.9389831667307 70.763136192226,22.9389864168301 70.7631397010906,22.9392572934002 70.7634321667835,22.9392540432581</coordinates></LinearRing></outerBoundaryIs></Polygon><Polygon><outerBoundaryIs><LinearRing><coordinates>70.7625582773005,22.9395346687145 70.762850743681,22.9395314196067 70.7628472353445,22.9392605430038 70.7625547695453,22.9392637920689 70.7625582773005,22.9395346687145</coordinates></LinearRing></outerBoundaryIs></Polygon><Polygon><outerBoundaryIs><LinearRing><coordinates>70.7684111142374,22.9397404600285 70.7684075948027,22.939469584247 70.7681151294335,22.9394728435859 70.7681186482869,22.9397437194103 70.7684111142374,22.9397404600285</coordinates></LinearRing></outerBoundaryIs></Polygon><Polygon><outerBoundaryIs><LinearRing><coordinates>70.7657824330206,22.9400406512352 70.7657789187645,22.9397697750786 70.7654864523346,22.939773029614 70.7654899660093,22.9400439058133 70.7657824330206,22.9400406512352</coordinates></LinearRing></outerBoundaryIs></Polygon><Polygon><outerBoundaryIs><LinearRing><coordinates>70.7713463468725,22.940520462596 70.77163881398,22.9405171971623 70.7716352879906,22.9402463218811 70.7713428214644,22.9402495872719 70.7713463468725,22.940520462596</coordinates></LinearRing></outerBoundaryIs></Polygon><Polygon><outerBoundaryIs><LinearRing><coordinates>70.771349872334,22.9407913379103 70.7713463468725,22.940520462596 70.7710538797116,22.9405237274911 70.7710574045918,22.9407946028483 70.771349872334,22.9407913379103</coordinates></LinearRing></outerBoundaryIs></Polygon><Polygon><outerBoundaryIs><LinearRing><coordinates>70.7678437744431,22.9411013574429 70.7678402559045,22.9408304816245 70.767547787522,22.9408337401003 70.7675513054793,22.9411046159615 70.7678437744431,22.9411013574429</coordinates></LinearRing></outerBoundaryIs></Polygon><Polygon><outerBoundaryIs><LinearRing><coordinates>70.7707719855539,22.9413396180186 70.7710644545123,22.9413363535334 70.7710609295253,22.9410654781958 70.7707684611483,22.9410687426381 70.7707719855539,22.9413396180186</coordinates></LinearRing></outerBoundaryIs></Polygon><Polygon><outerBoundaryIs><LinearRing><coordinates>70.7669698842395,22.94138200732 70.7669663673917,22.9411111313831 70.766673898268,22.9411143882862 70.7666774145345,22.9413852642658 70.7669698842395,22.94138200732</coordinates></LinearRing></outerBoundaryIs></Polygon><Polygon><outerBoundaryIs><LinearRing><coordinates>70.7704936123728,22.9424263835612 70.7704865643507,22.9418846327828 70.7701940941228,22.9418878962766 70.7702011409821,22.9424296471407 70.7704936123728,22.9424263835612</coordinates></LinearRing></outerBoundaryIs></Polygon><Polygon><outerBoundaryIs><LinearRing><coordinates>70.769919238483,22.9432455365331 70.7702117116714,22.9432422733638 70.7702046644918,22.9427005225581 70.7699121924663,22.9427037856419 70.769919238483,22.9432455365331</coordinates></LinearRing></outerBoundaryIs></Polygon><Polygon><outerBoundaryIs><LinearRing><coordinates>70.7699298079084,22.9440581627969 70.769919238483,22.9432455365331 70.7696267652413,22.943248799164 70.7696302877483,22.9435196746378 70.7693378138718,22.9435229367728 70.7693413358507,22.9437938122797 70.7696338103086,22.9437905501018 70.7696373329223,22.9440614255561 70.7699298079084,22.9440581627969</coordinates></LinearRing></outerBoundaryIs></Polygon><Polygon><outerBoundaryIs><LinearRing><coordinates>70.7661241132939,22.943829660689 70.766120597711,22.9435587847116 70.7658281231948,22.9435620403836 70.7658316381963,22.9438329164037 70.7661241132939,22.943829660689</coordinates></LinearRing></outerBoundaryIs></Polygon><Polygon><outerBoundaryIs><LinearRing><coordinates>70.7693519021075,22.9446064387418 70.7696443783098,22.9446031764355 70.7696373329223,22.9440614255561 70.7693448578829,22.9440646877768 70.7693519021075,22.9446064387418</coordinates></LinearRing></outerBoundaryIs></Polygon><Polygon><outerBoundaryIs><LinearRing><coordinates>70.7658527293234,22.9454581723194 70.7658492140024,22.9451872963578 70.7655567359442,22.9451905517476 70.7655602506837,22.9454614277519 70.7658527293234,22.9454581723194</coordinates></LinearRing></outerBoundaryIs></Polygon><Polygon><outerBoundaryIs><LinearRing><coordinates>70.7690770344393,22.9459640779653 70.7690735126151,22.9456932024936 70.7693659911968,22.9456899405547 70.7693519021075,22.9446064387418 70.7690594258518,22.9446097005095 70.7690699908442,22.9454223270122 70.7687775127907,22.9454255883697 70.7687845552227,22.9459673394084 70.7690770344393,22.9459640779653</coordinates></LinearRing></outerBoundaryIs></Polygon><Polygon><outerBoundaryIs><LinearRing><coordinates>70.7684991174351,22.946512351398 70.7687915978681,22.946509090408 70.7687845552227,22.9459673394084 70.7684920759528,22.9459706003128 70.7684991174351,22.946512351398</coordinates></LinearRing></outerBoundaryIs></Polygon><Polygon><outerBoundaryIs><LinearRing><coordinates>70.7684991174351,22.946512351398 70.7682066369488,22.9465156118493 70.7682207182272,22.9475991140739 70.7685132010397,22.9475958534514 70.7684991174351,22.946512351398</coordinates></LinearRing></outerBoundaryIs></Polygon><Polygon><outerBoundaryIs><LinearRing><coordinates>70.7679387951352,22.948415000852 70.7682312797458,22.9484117406399 70.7682242386801,22.9478699896056 70.7679317552326,22.9478732497322 70.7679387951352,22.948415000852</coordinates></LinearRing></outerBoundaryIs></Polygon><Polygon><outerBoundaryIs><LinearRing><coordinates>70.7679634364736,22.950311129464 70.7676709477383,22.9503143894369 70.7676779874372,22.9508561404666 70.7679704773359,22.9508528804082 70.7679634364736,22.950311129464</coordinates></LinearRing></outerBoundaryIs></Polygon><Polygon><outerBoundaryIs><LinearRing><coordinates>70.7679845597002,22.9519363821796 70.7682770518724,22.9519331214113 70.7682629671813,22.9508496198111 70.7679704773359,22.9508528804082 70.7679845597002,22.9519363821796</coordinates></LinearRing></outerBoundaryIs></Polygon><Polygon><outerBoundaryIs><LinearRing><coordinates>70.7677026280627,22.9527522687635 70.7679951220334,22.9527490084056 70.7679880804246,22.952207257598 70.7676955876174,22.9522105178703 70.7677026280627,22.9527522687635</coordinates></LinearRing></outerBoundaryIs></Polygon><Polygon><outerBoundaryIs><LinearRing><coordinates>70.7653626743783,22.9527783322281 70.765359158783,22.9525074564445 70.7650666649145,22.9525107119101 70.7650701799281,22.9527815877365 70.7653626743783,22.9527783322281</coordinates></LinearRing></outerBoundaryIs></Polygon><Polygon><outerBoundaryIs><LinearRing><coordinates>70.789227306342,22.8988700657618 70.7892308601768,22.899140939855 70.7895232356441,22.8991376470769 70.7895267901127,22.899408521117 70.789819166106,22.8994052277582 70.7898120560626,22.8988634797547 70.789227306342,22.8988700657618</coordinates></LinearRing></outerBoundaryIs></Polygon><Polygon><outerBoundaryIs><LinearRing><coordinates>70.7904039179309,22.8993986394284 70.7906962937625,22.8993953444573 70.7906927369738,22.8991244705903 70.7904003617223,22.8991277655181 70.7904039179309,22.8993986394284</coordinates></LinearRing></outerBoundaryIs></Polygon><Polygon><outerBoundaryIs><LinearRing><coordinates>70.7892379680082,22.8996826880122 70.7892344140655,22.8994118139385 70.7889420379645,22.8994151062224 70.7889455913271,22.8996859803394 70.7892379680082,22.8996826880122</coordinates></LinearRing></outerBoundaryIs></Polygon><Polygon><outerBoundaryIs><LinearRing><coordinates>70.7871913301094,22.8997057230172 70.7871877802267,22.8994348486407 70.7868954037487,22.8994381371628 70.7868989530514,22.8997090115825 70.7871913301094,22.8997057230172</coordinates></LinearRing></outerBoundaryIs></Polygon><Polygon><outerBoundaryIs><LinearRing><coordinates>70.7877796351606,22.8999700185546 70.7880720126371,22.8999667283337 70.7880684609606,22.8996958540967 70.787776084064,22.8996991442743 70.7877796351606,22.8999700185546</coordinates></LinearRing></outerBoundaryIs></Polygon><Polygon><outerBoundaryIs><LinearRing><coordinates>70.7874872576302,22.8999733082379 70.7874837071137,22.8997024339144 70.7871913301094,22.8997057230172 70.7871948800459,22.8999765973839 70.7874872576302,22.8999733082379</coordinates></LinearRing></outerBoundaryIs></Polygon><Polygon><outerBoundaryIs><LinearRing><coordinates>70.7907069644519,22.9002079659998 70.790699850605,22.8996662183146 70.7904074741935,22.8996695133289 70.7904145868804,22.9002112611008 70.7907069644519,22.9002079659998</coordinates></LinearRing></outerBoundaryIs></Polygon><Polygon><outerBoundaryIs><LinearRing><coordinates>70.7895374538422,22.9002211431791 70.788952698214,22.9002277285442 70.7889491447436,22.8999568544467 70.7886567674286,22.8999601462798 70.7886638732632,22.9005018945516 70.7895410085265,22.9004920171803 70.7895374538422,22.9002211431791</coordinates></LinearRing></outerBoundaryIs></Polygon><Polygon><outerBoundaryIs><LinearRing><coordinates>70.7904394829832,22.9021073779951 70.7904359262353,22.9018365041823 70.7901435451297,22.9018397990057 70.7901471012975,22.9021106728618 70.7904394829832,22.9021073779951</coordinates></LinearRing></outerBoundaryIs></Polygon><Polygon><outerBoundaryIs><LinearRing><coordinates>70.7886887453815,22.9023980131956 70.7886851920601,22.9021271391329 70.788392810051,22.9021304307746 70.7883963627923,22.9024013048806 70.7886887453815,22.9023980131956</coordinates></LinearRing></outerBoundaryIs></Polygon><Polygon><outerBoundaryIs><LinearRing><coordinates>70.7898618308951,22.9026557149605 70.7901542137949,22.9026524205447 70.7901506575192,22.9023815467081 70.7898582751995,22.9023848410806 70.7898618308951,22.9026557149605</coordinates></LinearRing></outerBoundaryIs></Polygon><Polygon><outerBoundaryIs><LinearRing><coordinates>70.790467938908,22.9042743681464 70.7904643817286,22.9040034944116 70.7901719959822,22.9040067895814 70.7901755525814,22.9042776633595 70.790467938908,22.9042743681464</coordinates></LinearRing></outerBoundaryIs></Polygon><Polygon><outerBoundaryIs><LinearRing><coordinates>70.7904750534285,22.9048161155867 70.7904714961413,22.9045452418714 70.7901791092345,22.9045485371278 70.7901826659416,22.9048194108864 70.7904750534285,22.9048161155867</coordinates></LinearRing></outerBoundaryIs></Polygon><Polygon><outerBoundaryIs><LinearRing><coordinates>70.7893268340889,22.9064545366861 70.7896192252187,22.9064512427393 70.7896121135322,22.9059094951563 70.7893197235628,22.9059127890164 70.7893268340889,22.9064545366861</coordinates></LinearRing></outerBoundaryIs></Polygon><Polygon><outerBoundaryIs><LinearRing><coordinates>70.789045107358,22.9072704516563 70.7890415524866,22.9069995778124 70.7887491600886,22.9070028707705 70.7887527143798,22.9072737446577 70.789045107358,22.9072704516563</coordinates></LinearRing></outerBoundaryIs></Polygon><Polygon><outerBoundaryIs><LinearRing><coordinates>70.788470982804,22.9080896588544 70.7884674289313,22.9078187849531 70.7881750346848,22.9078220769658 70.7881785879772,22.9080929509103 70.788470982804,22.9080896588544</coordinates></LinearRing></outerBoundaryIs></Polygon><Polygon><outerBoundaryIs><LinearRing><coordinates>70.7902716011454,22.9115912516809 70.7905640031391,22.9115879552986 70.7905604445033,22.9113170818271 70.7902680430901,22.9113203781662 70.7902716011454,22.9115912516809</coordinates></LinearRing></outerBoundaryIs></Polygon><Polygon><outerBoundaryIs><LinearRing><coordinates>70.7899863142096,22.9121362946123 70.790278717418,22.9121329986811 70.7902751592547,22.9118621251859 70.7899827566268,22.9118654210738 70.7899863142096,22.9121362946123</coordinates></LinearRing></outerBoundaryIs></Polygon><Polygon><outerBoundaryIs><LinearRing><coordinates>70.7850296428262,22.9132757401651 70.7853220492719,22.9132724532028 70.7853185007602,22.9130015790115 70.785026094895,22.9130048659306 70.7850296428262,22.9132757401651</coordinates></LinearRing></outerBoundaryIs></Polygon><Polygon><outerBoundaryIs><LinearRing><coordinates>70.783860016506,22.9132888826364 70.7838564708965,22.9130180082292 70.7835640647625,22.9130212924595 70.7835676097916,22.9132921669098 70.783860016506,22.9132888826364</coordinates></LinearRing></outerBoundaryIs></Polygon><Polygon><outerBoundaryIs><LinearRing><coordinates>70.7850331908112,22.9135466143899 70.7850296428262,22.9132757401651 70.7847372363268,22.9132790265896 70.7847407837314,22.9135499008576 70.7850331908112,22.9135466143899</coordinates></LinearRing></outerBoundaryIs></Polygon><Polygon><outerBoundaryIs><LinearRing><coordinates>70.7894228472957,22.9137681264074 70.7897152540944,22.9137648312919 70.7897081394964,22.9132230842356 70.7894157338585,22.9132263792645 70.7894228472957,22.9137681264074</coordinates></LinearRing></outerBoundaryIs></Polygon><Polygon><outerBoundaryIs><LinearRing><coordinates>70.7891411092617,22.9145840417561 70.7891375529349,22.9143131681755 70.7888451448675,22.914316462302 70.7888487006138,22.9145873359258 70.7891411092617,22.9145840417561</coordinates></LinearRing></outerBoundaryIs></Polygon><Polygon><outerBoundaryIs><LinearRing><coordinates>70.7847762607346,22.9162586430011 70.7847691649038,22.9157168946504 70.7844767531262,22.9157201809257 70.784483847796,22.9162619293627 70.7847762607346,22.9162586430011</coordinates></LinearRing></outerBoundaryIs></Polygon><Polygon><outerBoundaryIs><LinearRing><coordinates>70.7903356553656,22.9164669732778 70.7906280678074,22.9164636761159 70.7906245082006,22.9161928028201 70.7903320963393,22.9161960999387 70.7903356553656,22.9164669732778</coordinates></LinearRing></outerBoundaryIs></Polygon><Polygon><outerBoundaryIs><LinearRing><coordinates>70.787711048727,22.9170383709598 70.7877039409624,22.9164966235318 70.7874115279815,22.9164999153152 70.787418634585,22.9170416628296 70.787711048727,22.9170383709598</coordinates></LinearRing></outerBoundaryIs></Polygon><Polygon><outerBoundaryIs><LinearRing><coordinates>70.7871262203891,22.9170449541616 70.7871297731911,22.9173158279474 70.7874221879675,22.9173125365722 70.787418634585,22.9170416628296 70.7871262203891,22.9170449541616</coordinates></LinearRing></outerBoundaryIs></Polygon><Polygon><outerBoundaryIs><LinearRing><coordinates>70.7894726473944,22.9175603553151 70.7897650623203,22.9175570595935 70.7897615042394,22.9172861862068 70.789469089894,22.9172894818851 70.7894726473944,22.9175603553151</coordinates></LinearRing></outerBoundaryIs></Polygon><Polygon><outerBoundaryIs><LinearRing><coordinates>70.7877430363341,22.9194762339027 70.7880354556477,22.9194729411057 70.788031900673,22.9192020675277 70.7877394819401,22.9192053602814 70.7877359275999,22.9189344866503 70.7880283457522,22.9189311939399 70.788017681313,22.9181185731179 70.7883100976696,22.9181152799993 70.7883065423837,22.9178444064157 70.7885989581058,22.9178411128024 70.7885776240388,22.9162158713557 70.7888700362237,22.9162125774642 70.7888593681762,22.9153999567389 70.7885669577329,22.9154032505006 70.7885740685496,22.9159449977471 70.7882816568914,22.9159482910575 70.7882852118001,22.9162191647094 70.7879927995074,22.9162224575252 70.7880141266077,22.9178476994911 70.7874292948941,22.9178542840281 70.7874328484382,22.9181251577414 70.7877252649026,22.9181218656986 70.7877288190811,22.9183927393589 70.7874364020362,22.918396031445 70.7874435093937,22.9189377788229 70.7871510911337,22.9189410704575 70.7871617508321,22.9197536915808 70.787746590782,22.9197471075142 70.7877430363341,22.9194762339027</coordinates></LinearRing></outerBoundaryIs></Polygon><Polygon><outerBoundaryIs><LinearRing><coordinates>70.7874257414039,22.917583410305 70.7871333260469,22.9175867017235 70.7871368789565,22.9178575754898 70.7874292948941,22.9178542840281 70.7874257414039,22.917583410305</coordinates></LinearRing></outerBoundaryIs></Polygon><Polygon><outerBoundaryIs><LinearRing><coordinates>70.7903605700602,22.9183630863785 70.7906529865661,22.9183597889134 70.7906458666509,22.9178180424486 70.7903534513063,22.9178213398271 70.7903605700602,22.9183630863785</coordinates></LinearRing></outerBoundaryIs></Polygon><Polygon><outerBoundaryIs><LinearRing><coordinates>70.7889091565483,22.9191921860389 70.7889055998857,22.9189213125809 70.7886131818951,22.9189246069051 70.7886167379771,22.9191954804064 70.7889091565483,22.9191921860389</coordinates></LinearRing></outerBoundaryIs></Polygon><Polygon><outerBoundaryIs><LinearRing><coordinates>70.788324319352,22.919198774236 70.7883278749073,22.9194696477708 70.7886202941131,22.919466353898 70.7886167379771,22.9191954804064 70.788324319352,22.919198774236</coordinates></LinearRing></outerBoundaryIs></Polygon><Polygon><outerBoundaryIs><LinearRing><coordinates>70.7892193620909,22.9205432580608 70.7895117834576,22.920539962401 70.789508225364,22.9202690890783 70.789215804578,22.9202723846949 70.7892193620909,22.9205432580608</coordinates></LinearRing></outerBoundaryIs></Polygon><Polygon><outerBoundaryIs><LinearRing><coordinates>70.7845654519584,22.922492033584 70.7845619033598,22.9222211595947 70.7842694775935,22.9222244463681 70.7842730256114,22.9224953204006 70.7845654519584,22.922492033584</coordinates></LinearRing></outerBoundaryIs></Polygon><Polygon><outerBoundaryIs><LinearRing><coordinates>70.7880781195467,22.9227234232813 70.7880745639254,22.9224525498203 70.7877821382244,22.922455843093 70.7877856932649,22.9227267165973 70.7880781195467,22.9227234232813</coordinates></LinearRing></outerBoundaryIs></Polygon><Polygon><outerBoundaryIs><LinearRing><coordinates>70.7836952666301,22.9230436406278 70.7839876942462,22.923040354801 70.7839841467015,22.9227694807449 70.7836917196662,22.9227727665286 70.7836952666301,22.9230436406278</coordinates></LinearRing></outerBoundaryIs></Polygon><Polygon><outerBoundaryIs><LinearRing><coordinates>70.7839947894968,22.9235821028839 70.7839912418446,22.9233112288474 70.7836988136477,22.9233145147173 70.7837023607192,22.923585388797 70.7839947894968,22.9235821028839</coordinates></LinearRing></outerBoundaryIs></Polygon><Polygon><outerBoundaryIs><LinearRing><coordinates>70.7877963587098,22.9235393370514 70.7877928035076,22.9232684635764 70.7875003760104,22.9232717564409 70.7875039306318,22.9235426299591 70.7877963587098,22.9235393370514</coordinates></LinearRing></outerBoundaryIs></Polygon><Polygon><outerBoundaryIs><LinearRing><coordinates>70.7878034692758,22.924081083972 70.7880958984615,22.9240777904397 70.7880923425708,22.9238069170276 70.7877999139659,22.9238102105166 70.7878034692758,22.924081083972</coordinates></LinearRing></outerBoundaryIs></Polygon><Polygon><outerBoundaryIs><LinearRing><coordinates>70.7878034692758,22.924081083972 70.7875110400363,22.9240843769662 70.7875145948193,22.9243552504551 70.7878070246397,22.9243519574177 70.7878034692758,22.924081083972</coordinates></LinearRing></outerBoundaryIs></Polygon><Polygon><outerBoundaryIs><LinearRing><coordinates>70.7869403962045,22.9251744555834 70.787232827875,22.9251711634924 70.7872292735112,22.9249002899895 70.7869368424215,22.9249035820373 70.7869403962045,22.9251744555834</coordinates></LinearRing></outerBoundaryIs></Polygon><Polygon><outerBoundaryIs><LinearRing><coordinates>70.7834312119604,22.9252139187045 70.7834276651473,22.9249430446402 70.7831352333581,22.9249463296929 70.7831387795905,22.9252172038004 70.7834312119604,22.9252139187045</coordinates></LinearRing></outerBoundaryIs></Polygon><Polygon><outerBoundaryIs><LinearRing><coordinates>70.7828463471668,22.9252204883581 70.782849892872,22.925491362499 70.7831423258765,22.9254880778981 70.7831387795905,22.9252172038004 70.7828463471668,22.9252204883581</coordinates></LinearRing></outerBoundaryIs></Polygon><Polygon><outerBoundaryIs><LinearRing><coordinates>70.7822756606547,22.9263105527093 70.7825680955092,22.9263072690553 70.7825645502237,22.9260363949005 70.78227211595,22.9260396785115 70.7822756606547,22.9263105527093</coordinates></LinearRing></outerBoundaryIs></Polygon><Polygon><outerBoundaryIs><LinearRing><coordinates>70.7822792054131,22.9265814268974 70.7822756606547,22.9263105527093 70.7819832257465,22.9263138358252 70.781986769924,22.9265847100564 70.7822792054131,22.9265814268974</coordinates></LinearRing></outerBoundaryIs></Polygon><Polygon><outerBoundaryIs><LinearRing><coordinates>70.7817049654934,22.9274006154418 70.7817014217356,22.9271297411967 70.7814089849773,22.9271330233657 70.7814125281542,22.9274038976538 70.7817049654934,22.9274006154418</coordinates></LinearRing></outerBoundaryIs></Polygon><Polygon><outerBoundaryIs><LinearRing><coordinates>70.7811271761143,22.927948927961 70.781419614669,22.9279456462009 70.7814160713848,22.9276747719322 70.781123633411,22.9276780536492 70.7811271761143,22.927948927961</coordinates></LinearRing></outerBoundaryIs></Polygon><Polygon><outerBoundaryIs><LinearRing><coordinates>70.7863946150905,22.9281606474653 70.7863910618769,22.9278897739401 70.7860986242362,22.9278930648489 70.7861021768689,22.9281639384174 70.7863946150905,22.9281606474653</coordinates></LinearRing></outerBoundaryIs></Polygon><Polygon><outerBoundaryIs><LinearRing><coordinates>70.7811307188713,22.928219802263 70.7811271761143,22.927948927961 70.7808347375059,22.9279522091829 70.780838279682,22.928223083528 70.7811307188713,22.928219802263</coordinates></LinearRing></outerBoundaryIs></Polygon><Polygon><outerBoundaryIs><LinearRing><coordinates>70.7805529237903,22.9287681130019 70.7808453641952,22.9287648321888 70.7808418219117,22.9284939578633 70.7805493820878,22.9284972386332 70.7805529237903,22.9287681130019</coordinates></LinearRing></outerBoundaryIs></Polygon><Polygon><outerBoundaryIs><LinearRing><coordinates>70.7852355148736,22.9289864290802 70.7852319638222,22.9287155554114 70.7849395242234,22.9287188442972 70.7849430746939,22.9289897180091 70.7852355148736,22.9289864290802</coordinates></LinearRing></outerBoundaryIs></Polygon><Polygon><outerBoundaryIs><LinearRing><coordinates>70.7802675657359,22.9293131420708 70.780264024507,22.9290422676786 70.7799715834138,22.9290455474583 70.7799751240617,22.9293164218936 70.7802675657359,22.9293131420708</coordinates></LinearRing></outerBoundaryIs></Polygon><Polygon><outerBoundaryIs><LinearRing><coordinates>70.7979090315226,22.8697843006823 70.7982013427304,22.8697809959417 70.7981977761843,22.8695101221839 70.7979054655556,22.869513426881 70.7979090315226,22.8697843006823</coordinates></LinearRing></outerBoundaryIs></Polygon><Polygon><outerBoundaryIs><LinearRing><coordinates>70.7987859649836,22.8697743848507 70.7987823972795,22.8695035111799 70.798490086759,22.8695068169502 70.7984936538841,22.8697776906645 70.7987859649836,22.8697743848507</coordinates></LinearRing></outerBoundaryIs></Polygon><Polygon><outerBoundaryIs><LinearRing><coordinates>70.7976202857029,22.8700584787213 70.7976167202607,22.8697876048863 70.7973244089448,22.8697909085536 70.7973279738079,22.8700617824321 70.7976202857029,22.8700584787213</coordinates></LinearRing></outerBoundaryIs></Polygon><Polygon><outerBoundaryIs><LinearRing><coordinates>70.7996736066056,22.8705770847519 70.7999659192256,22.8705737766609 70.799962349043,22.8703029031934 70.799670037002,22.8703062112408 70.7996736066056,22.8705770847519</coordinates></LinearRing></outerBoundaryIs></Polygon><Polygon><outerBoundaryIs><LinearRing><coordinates>70.7996807459753,22.8711188317447 70.7996771762634,22.8708479582532 70.7993848630102,22.870851265851 70.7993884321431,22.871122139386 70.7996807459753,22.8711188317447</coordinates></LinearRing></outerBoundaryIs></Polygon><Polygon><outerBoundaryIs><LinearRing><coordinates>70.7991032555268,22.8716671936187 70.7990996868647,22.8713963200596 70.798807372345,22.871399626671 70.7988109404281,22.8716705002736 70.7991032555268,22.8716671936187</coordinates></LinearRing></outerBoundaryIs></Polygon><Polygon><outerBoundaryIs><LinearRing><coordinates>70.7979518273482,22.8730347855377 70.7982441455048,22.8730314802754 70.7982405783092,22.8727606066345 70.7979482607318,22.8727639118534 70.7979518273482,22.8730347855377</coordinates></LinearRing></outerBoundaryIs></Polygon><Polygon><outerBoundaryIs><LinearRing><coordinates>70.7991246686367,22.8732924347686 70.7991175307168,22.8727506877576 70.7988252133017,22.8727539945866 70.7988323500634,22.8732957416846 70.7991246686367,22.8732924347686</coordinates></LinearRing></outerBoundaryIs></Polygon><Polygon><outerBoundaryIs><LinearRing><coordinates>70.8000051948101,22.8735533841606 70.8000016240315,22.8732825108003 70.7997093056207,22.8732858193265 70.7997128758202,22.8735566927303 70.8000051948101,22.8735533841606</coordinates></LinearRing></outerBoundaryIs></Polygon><Polygon><outerBoundaryIs><LinearRing><coordinates>70.7991353759227,22.874105055212 70.7994276961792,22.8741017476288 70.7994241264506,22.8738308742009 70.7991318067732,22.8738341817406 70.7991353759227,22.874105055212</coordinates></LinearRing></outerBoundaryIs></Polygon><Polygon><outerBoundaryIs><LinearRing><coordinates>70.7982584148282,22.8741149747414 70.7985507352472,22.8741116687683 70.798547167256,22.8738407952099 70.7982548474162,22.8738441011395 70.7982584148282,22.8741149747414</coordinates></LinearRing></outerBoundaryIs></Polygon><Polygon><outerBoundaryIs><LinearRing><coordinates>70.7997485807939,22.8762654262327 70.8000409055756,22.8762621172277 70.8000373342552,22.8759912439649 70.7997450100528,22.8759945529263 70.7997485807939,22.8762654262327</coordinates></LinearRing></outerBoundaryIs></Polygon><Polygon><outerBoundaryIs><LinearRing><coordinates>70.7994633964444,22.8768104813714 70.7994598261742,22.876539608041 70.7991675007049,22.8765429160158 70.799171070396,22.8768137893898 70.7994633964444,22.8768104813714</coordinates></LinearRing></outerBoundaryIs></Polygon><Polygon><outerBoundaryIs><LinearRing><coordinates>70.7985971240591,22.8776330241403 70.7985935553641,22.8773621507087 70.7983012279947,22.8773654572036 70.7983047961104,22.8776363306788 70.7985971240591,22.8776330241403</coordinates></LinearRing></outerBoundaryIs></Polygon><Polygon><outerBoundaryIs><LinearRing><coordinates>70.7974527781001,22.8795423620393 70.7977451102663,22.879539056807 70.7977415429303,22.8792681833131 70.798033874463,22.8792648775875 70.7980303066017,22.8789940041274 70.7977379756484,22.8789973098095 70.7977344084206,22.8787264362961 70.7974420779924,22.8787297413979 70.7974527781001,22.8795423620393</coordinates></LinearRing></outerBoundaryIs></Polygon><Polygon><outerBoundaryIs><LinearRing><coordinates>70.798618537366,22.8792582645256 70.7986149683461,22.8789873911524 70.798322637501,22.8789906979083 70.7983262059415,22.879261571325 70.798618537366,22.8792582645256</coordinates></LinearRing></outerBoundaryIs></Polygon><Polygon><outerBoundaryIs><LinearRing><coordinates>70.7995062439127,22.8800609605757 70.7995026729924,22.8797900873623 70.7992103405718,22.8797933958593 70.7992139109127,22.8800642691162 70.7995062439127,22.8800609605757</coordinates></LinearRing></outerBoundaryIs></Polygon><Polygon><outerBoundaryIs><LinearRing><coordinates>70.8000873376711,22.8797834687575 70.7997950053589,22.8797867783283 70.7997985768585,22.8800576514982 70.7995062439127,22.8800609605757 70.7995098148872,22.8803318337793 70.8000944818833,22.8803252150005 70.8000873376711,22.8797834687575</coordinates></LinearRing></outerBoundaryIs></Polygon><Polygon><outerBoundaryIs><LinearRing><coordinates>70.7984082950159,22.8854916572175 70.7984047253302,22.8852207840251 70.7981123811044,22.8852240912444 70.7981159502107,22.8854949644803 70.7984082950159,22.8854916572175</coordinates></LinearRing></outerBoundaryIs></Polygon><Polygon><outerBoundaryIs><LinearRing><coordinates>70.8013496183068,22.8868129186924 70.8013460425548,22.886542045984 70.8010536959732,22.8865453587914 70.8010572711458,22.8868162315433 70.8013496183068,22.8868129186924</coordinates></LinearRing></outerBoundaryIs></Polygon><Polygon><outerBoundaryIs><LinearRing><coordinates>70.797848586554,22.8873943838888 70.7981409354703,22.8873910768587 70.7981373659851,22.887120203691 70.7978450176484,22.8871235106776 70.797848586554,22.8873943838888</coordinates></LinearRing></outerBoundaryIs></Polygon><Polygon><outerBoundaryIs><LinearRing><coordinates>70.7975633743982,22.8879394368617 70.7975598059638,22.8876685636266 70.7972674563598,22.887671869626 70.7972710242145,22.8879427429046 70.7975633743982,22.8879394368617</coordinates></LinearRing></outerBoundaryIs></Polygon><Polygon><outerBoundaryIs><LinearRing><coordinates>70.8010751478218,22.8881705951567 70.8010679969887,22.8876288497406 70.8007756480347,22.8876321621851 70.8007827977086,22.8881739076883 70.8010751478218,22.8881705951567</coordinates></LinearRing></outerBoundaryIs></Polygon><Polygon><outerBoundaryIs><LinearRing><coordinates>70.7988184889052,22.8944271578614 70.7991108527311,22.8944238480888 70.7991037075203,22.8938821025119 70.798811344854,22.8938854121975 70.7988184889052,22.8944271578614</coordinates></LinearRing></outerBoundaryIs></Polygon><Polygon><outerBoundaryIs><LinearRing><coordinates>70.7988327776575,22.8955106490722 70.798825633173,22.8949689034863 70.7985332681333,22.8949722128086 70.7985404114581,22.8955139584815 70.7988327776575,22.8955106490722</coordinates></LinearRing></outerBoundaryIs></Polygon><Polygon><outerBoundaryIs><LinearRing><coordinates>70.7985511268516,22.8963265769177 70.7985475549996,22.8960557041154 70.7982551875864,22.8960590130744 70.7982587588585,22.8963298859202 70.7985511268516,22.8963265769177</coordinates></LinearRing></outerBoundaryIs></Polygon><Polygon><outerBoundaryIs><LinearRing><coordinates>70.7979771032129,22.8971458129948 70.7982694729998,22.8971425043992 70.7982659015652,22.8968716315826 70.7979735323582,22.8968749401348 70.7979771032129,22.8971458129948</coordinates></LinearRing></outerBoundaryIs></Polygon><Polygon><outerBoundaryIs><LinearRing><coordinates>70.7979842450847,22.8976875586856 70.7979806741217,22.8974166858451 70.7976883037007,22.8974199939469 70.7976918740838,22.8976908668309 70.7979842450847,22.8976875586856</coordinates></LinearRing></outerBoundaryIs></Polygon><Polygon><outerBoundaryIs><LinearRing><coordinates>70.7977061561576,22.8987743582694 70.7977025855579,22.8985034854244 70.7974102127631,22.8985067931627 70.7974137827828,22.8987776660512 70.7977061561576,22.8987743582694</coordinates></LinearRing></outerBoundaryIs></Polygon><Polygon><outerBoundaryIs><LinearRing><coordinates>70.7971285483958,22.8993227191303 70.7974209229846,22.8993194117989 70.7974173528567,22.8990485389299 70.7971249788478,22.8990518462178 70.7971285483958,22.8993227191303</coordinates></LinearRing></outerBoundaryIs></Polygon><Polygon><outerBoundaryIs><LinearRing><coordinates>70.7971356876542,22.8998644649259 70.7971321179979,22.8995935920329 70.796839742775,22.8995968988704 70.7968433118513,22.8998677718068 70.7971356876542,22.8998644649259</coordinates></LinearRing></outerBoundaryIs></Polygon><Polygon><outerBoundaryIs><LinearRing><coordinates>70.796265696078,22.9004161299736 70.7962514243045,22.8993326379 70.7959590494992,22.8993359430818 70.7959733189527,22.9004194353292 70.796265696078,22.9004161299736</coordinates></LinearRing></outerBoundaryIs></Polygon><Polygon><outerBoundaryIs><LinearRing><coordinates>70.7965580731491,22.9004128240807 70.7968504501662,22.9004095176503 70.7968468809817,22.9001386447334 70.7965545045446,22.9001419511203 70.7965580731491,22.9004128240807</coordinates></LinearRing></outerBoundaryIs></Polygon><Polygon><outerBoundaryIs><LinearRing><coordinates>70.790421699783,22.9007530088337 70.7907140785145,22.9007497136461 70.7907105214563,22.9004788398278 70.7904181433047,22.9004821349721 70.790421699783,22.9007530088337</coordinates></LinearRing></outerBoundaryIs></Polygon><Polygon><outerBoundaryIs><LinearRing><coordinates>70.7953778658486,22.8996134249964 70.795085490301,22.8996167286094 70.7950997530109,22.900700221339 70.7948073750893,22.9007035245882 70.7948109403219,22.9009743977896 70.7951033188235,22.900971094497 70.795110450611,22.9015128407837 70.7954028302186,22.9015095368668 70.7953921308784,22.9006969175523 70.7956845086919,22.9006936132282 70.7956809417733,22.9004227401473 70.7953885645399,22.900426044428 70.7953778658486,22.8996134249964</coordinates></LinearRing></outerBoundaryIs></Polygon><Polygon><outerBoundaryIs><LinearRing><coordinates>70.7948145056086,22.9012452709813 70.7948109403219,22.9009743977896 70.7945185617662,22.9009777005448 70.7945221264728,22.9012485737799 70.7948145056086,22.9012452709813</coordinates></LinearRing></outerBoundaryIs></Polygon><Polygon><outerBoundaryIs><LinearRing><coordinates>70.7945292560483,22.9017903202208 70.7945256912335,22.9015194470052 70.7942333114637,22.9015227493098 70.7942368756984,22.9017936225687 70.7945292560483,22.9017903202208</coordinates></LinearRing></outerBoundaryIs></Polygon><Polygon><outerBoundaryIs><LinearRing><coordinates>70.7919013906028,22.9020908955996 70.7916090091868,22.9020941931537 70.7916054501187,22.9018233195142 70.7913130692287,22.9018266164874 70.7913201862589,22.9023683638434 70.791904950305,22.9023617691861 70.7919013906028,22.9020908955996</coordinates></LinearRing></outerBoundaryIs></Polygon><Polygon><outerBoundaryIs><LinearRing><coordinates>70.7919156297355,22.9031743898868 70.7919120698714,22.9029035163297 70.7916196867151,22.9029068140137 70.7916232459991,22.9031776876142 70.7919156297355,22.9031743898868</coordinates></LinearRing></outerBoundaryIs></Polygon><Polygon><outerBoundaryIs><LinearRing><coordinates>70.7974744814009,22.9033825036627 70.7974709104608,22.90311163094 70.7971785277515,22.90311493888 70.7971820981115,22.9033858116461 70.7974744814009,22.9033825036627</coordinates></LinearRing></outerBoundaryIs></Polygon><Polygon><outerBoundaryIs><LinearRing><coordinates>70.7910491530597,22.9039969024595 70.7913415386444,22.9039936056771 70.7913379797786,22.9037227320625 70.7910455947741,22.9037260288016 70.7910491530597,22.9039969024595</coordinates></LinearRing></outerBoundaryIs></Polygon><Polygon><outerBoundaryIs><LinearRing><coordinates>70.7919298697318,22.9042578840179 70.7919263096517,22.9039870104998 70.791633924175,22.9039903083572 70.7916374836749,22.9042611819187 70.7919298697318,22.9042578840179</coordinates></LinearRing></outerBoundaryIs></Polygon><Polygon><outerBoundaryIs><LinearRing><coordinates>70.7916446028366,22.9048029290124 70.7916410432288,22.9045320554704 70.7913486565379,22.904535352877 70.7913522155656,22.9048062264623 70.7916446028366,22.9048029290124</coordinates></LinearRing></outerBoundaryIs></Polygon><Polygon><outerBoundaryIs><LinearRing><coordinates>70.7942903457041,22.9058567202827 70.7945827347558,22.9058534172837 70.7945791691303,22.9055825442145 70.7942867806588,22.9055858471701 70.7942903457041,22.9058567202827</coordinates></LinearRing></outerBoundaryIs></Polygon><Polygon><outerBoundaryIs><LinearRing><coordinates>70.793719823519,22.9069468173682 70.7937162594179,22.9066759442078 70.7934238684634,22.9066792457242 70.7934274319844,22.906950118928 70.793719823519,22.9069468173682</coordinates></LinearRing></outerBoundaryIs></Polygon><Polygon><outerBoundaryIs><LinearRing><coordinates>70.7919975215087,22.9094044790095 70.791993960403,22.9091336056767 70.7917015639022,22.9091369043576 70.7917051244276,22.9094077777337 70.7919975215087,22.9094044790095</coordinates></LinearRing></outerBoundaryIs></Polygon><Polygon><outerBoundaryIs><LinearRing><coordinates>70.7920509445726,22.913467577831 70.7923433503053,22.9134642779189 70.7923397878093,22.9131934047757 70.7920473826571,22.9131967046446 70.7920509445726,22.913467577831</coordinates></LinearRing></outerBoundaryIs></Polygon><Polygon><outerBoundaryIs><LinearRing><coordinates>70.7923504754592,22.9140060241758 70.7923469128553,22.9137351510522 70.7917621001751,22.9137417504255 70.7917656616182,22.9140126236358 70.7923504754592,22.9140060241758</coordinates></LinearRing></outerBoundaryIs></Polygon><Polygon><outerBoundaryIs><LinearRing><coordinates>70.7914732546166,22.9140159225591 70.7914768155332,22.914286795803 70.7917692231152,22.9142834968364 70.7917656616182,22.9140126236358 70.7914732546166,22.9140159225591</coordinates></LinearRing></outerBoundaryIs></Polygon><Polygon><outerBoundaryIs><LinearRing><coordinates>70.7917727846663,22.9145543700272 70.7920651927747,22.9145510704794 70.7920616306432,22.9142801973319 70.7917692231152,22.9142834968364 70.7917727846663,22.9145543700272</coordinates></LinearRing></outerBoundaryIs></Polygon><Polygon><outerBoundaryIs><LinearRing><coordinates>70.7911879682874,22.9145609675094 70.7911844078973,22.9142900942319 70.7908920002074,22.914293392123 70.790895560017,22.9145642654437 70.7911879682874,22.9145609675094</coordinates></LinearRing></outerBoundaryIs></Polygon><Polygon><outerBoundaryIs><LinearRing><coordinates>70.7917834696433,22.915366989541 70.7917799079303,22.9150961163795 70.7914874986069,22.9150994154762 70.7914910597394,22.915370288681 70.7917834696433,22.915366989541</coordinates></LinearRing></outerBoundaryIs></Polygon><Polygon><outerBoundaryIs><LinearRing><coordinates>70.7906387469517,22.9172762959448 70.7909311610812,22.917272998115 70.790927600732,22.9170021248918 70.790635187183,22.9170054226782 70.7906387469517,22.9172762959448</coordinates></LinearRing></outerBoundaryIs></Polygon><Polygon><outerBoundaryIs><LinearRing><coordinates>70.812163933804,22.8644751740707 70.8121603405022,22.864204302223 70.8118680434801,22.864207631845 70.811871636203,22.8644785037365 70.812163933804,22.8644751740707</coordinates></LinearRing></outerBoundaryIs></Polygon><Polygon><outerBoundaryIs><LinearRing><coordinates>70.8157255110284,22.8684982448865 70.8157219099614,22.8682273737114 70.8154296049111,22.8682307104295 70.8154332053992,22.8685015816485 70.8157255110284,22.8684982448865</coordinates></LinearRing></outerBoundaryIs></Polygon><Polygon><outerBoundaryIs><LinearRing><coordinates>70.8151516997707,22.8693175316041 70.8154440071914,22.8693141952469 70.8154404065394,22.8690433240572 70.8151480996976,22.8690466603704 70.8151516997707,22.8693175316041</coordinates></LinearRing></outerBoundaryIs></Polygon><Polygon><outerBoundaryIs><LinearRing><coordinates>70.811647599643,22.869628397785 70.8116440064631,22.8693575260349 70.8113516983329,22.8693608554162 70.8113552909338,22.8696317272101 70.811647599643,22.869628397785</coordinates></LinearRing></outerBoundaryIs></Polygon><Polygon><outerBoundaryIs><LinearRing><coordinates>70.8148737908179,22.8704043524371 70.8148701911053,22.8701334811986 70.8145778818383,22.8701368166142 70.8145814809719,22.8704076878966 70.8148737908179,22.8704043524371</coordinates></LinearRing></outerBoundaryIs></Polygon><Polygon><outerBoundaryIs><LinearRing><coordinates>70.8040690254062,22.8713400255541 70.8043613389498,22.8713367092826 70.8043577599188,22.871065836498 70.8040654469543,22.8710691527258 70.8040690254062,22.8713400255541</coordinates></LinearRing></outerBoundaryIs></Polygon><Polygon><outerBoundaryIs><LinearRing><coordinates>70.8034879755042,22.8716175293928 70.8034843981561,22.871346656487 70.8031920844496,22.8713499711486 70.8031956612186,22.8716208440979 70.8034879755042,22.8716175293928</coordinates></LinearRing></outerBoundaryIs></Polygon><Polygon><outerBoundaryIs><LinearRing><coordinates>70.8105106847068,22.8720795591542 70.8105070933525,22.8718086873167 70.810214779793,22.8718120149456 70.8102183705683,22.8720828868269 70.8105106847068,22.8720795591542</coordinates></LinearRing></outerBoundaryIs></Polygon><Polygon><outerBoundaryIs><LinearRing><coordinates>70.8034951303632,22.872159275175 70.8037874457526,22.8721559598459 70.8037838677168,22.8718850870033 70.8034915529065,22.8718884022887 70.8034951303632,22.872159275175</coordinates></LinearRing></outerBoundaryIs></Polygon><Polygon><outerBoundaryIs><LinearRing><coordinates>70.8032135458779,22.8729752086983 70.8032099688375,22.8727043357977 70.8029176521813,22.8727076501405 70.8029212286426,22.8729785230847 70.8032135458779,22.8729752086983</coordinates></LinearRing></outerBoundaryIs></Polygon><Polygon><outerBoundaryIs><LinearRing><coordinates>70.8134482122192,22.87312973841 70.8134446148559,22.8728588670497 70.8131522995254,22.8728622002206 70.8131558963097,22.8731330716248 70.8134482122192,22.87312973841</coordinates></LinearRing></outerBoundaryIs></Polygon><Polygon><outerBoundaryIs><LinearRing><coordinates>70.8011744702279,22.8735401445146 70.8014667889468,22.8735368332613 70.8014632152726,22.8732659601187 70.8011708971328,22.8732692713284 70.8011744702279,22.8735401445146</coordinates></LinearRing></outerBoundaryIs></Polygon><Polygon><outerBoundaryIs><LinearRing><coordinates>70.8090742342074,22.8739922962719 70.8090706453672,22.8737214242838 70.8087783274818,22.8737247495356 70.8087819157428,22.8739956215674 70.8090742342074,22.8739922962719</coordinates></LinearRing></outerBoundaryIs></Polygon><Polygon><outerBoundaryIs><LinearRing><coordinates>70.8125856473766,22.874223222314 70.8125820515324,22.8739523508612 70.8122897337218,22.8739556825974 70.812293328987,22.8742265540941 70.8125856473766,22.874223222314</coordinates></LinearRing></outerBoundaryIs></Polygon><Polygon><outerBoundaryIs><LinearRing><coordinates>70.8017698306969,22.8743461407098 70.8020621510448,22.8743428282523 70.8020585760496,22.8740719552261 70.8017662562808,22.87407526764 70.8017698306969,22.8743461407098</coordinates></LinearRing></outerBoundaryIs></Polygon><Polygon><outerBoundaryIs><LinearRing><coordinates>70.804693031734,22.8743129919815 70.8046894515265,22.8740421193477 70.8043971322463,22.8740454365923 70.8044007118746,22.8743163092696 70.804693031734,22.8743129919815</coordinates></LinearRing></outerBoundaryIs></Polygon><Polygon><outerBoundaryIs><LinearRing><coordinates>70.80791571992,22.8748182106639 70.8079121332331,22.8745473385302 70.8076198133925,22.8745506617662 70.8076233995003,22.8748215339436 70.80791571992,22.8748182106639</coordinates></LinearRing></outerBoundaryIs></Polygon><Polygon><outerBoundaryIs><LinearRing><coordinates>70.8026610967343,22.8754196933857 70.8029534192361,22.8754163791436 70.8029498422864,22.8751455062872 70.8032421641548,22.8751421915519 70.8032385866803,22.8748713187293 70.802946265391,22.874874633421 70.8029355350304,22.874062014764 70.8026432154244,22.8740653287881 70.8026610967343,22.8754196933857</coordinates></LinearRing></outerBoundaryIs></Polygon><Polygon><outerBoundaryIs><LinearRing><coordinates>70.8017769796916,22.8748878868201 70.8017734051671,22.8746170137698 70.8014810841858,22.8746203257342 70.8014846581311,22.874891198828 70.8017769796916,22.8748878868201</coordinates></LinearRing></outerBoundaryIs></Polygon><Polygon><outerBoundaryIs><LinearRing><coordinates>70.8076269856624,22.8750924061113 70.8076233995003,22.8748215339436 70.8073310790262,22.8748248566866 70.8073346646091,22.875095728898 70.8076269856624,22.8750924061113</coordinates></LinearRing></outerBoundaryIs></Polygon><Polygon><outerBoundaryIs><LinearRing><coordinates>70.8023723500237,22.8756938800249 70.8026646731591,22.875690566276 70.8026610967343,22.8754196933857 70.8023687741782,22.8754230070911 70.8023723500237,22.8756938800249</coordinates></LinearRing></outerBoundaryIs></Polygon><Polygon><outerBoundaryIs><LinearRing><coordinates>70.8052955789339,22.8756607183807 70.8052919972964,22.875389845883 70.804999675229,22.8753931644193 70.8050032562873,22.8756640369606 70.8052955789339,22.8756607183807</coordinates></LinearRing></outerBoundaryIs></Polygon><Polygon><outerBoundaryIs><LinearRing><coordinates>70.8105645615617,22.8761426355459 70.8105609693899,22.8758717638548 70.8102686471436,22.8758750921404 70.8102722387362,22.8761459638753 70.8105645615617,22.8761426355459</coordinates></LinearRing></outerBoundaryIs></Polygon><Polygon><outerBoundaryIs><LinearRing><coordinates>70.8058873898189,22.8761958244019 70.8061797134609,22.8761925041243 70.8061761299771,22.8759216317771 70.8058838069144,22.8759249520111 70.8058873898189,22.8761958244019</coordinates></LinearRing></outerBoundaryIs></Polygon><Polygon><outerBoundaryIs><LinearRing><coordinates>70.8055986485023,22.8764700165674 70.8055950661226,22.8761991441427 70.8053027423719,22.8762024633467 70.8053063241724,22.8764733358151 70.8055986485023,22.8764700165674</coordinates></LinearRing></outerBoundaryIs></Polygon><Polygon><outerBoundaryIs><LinearRing><coordinates>70.804725256046,22.876750845246 70.8047216753496,22.8764799727001 70.8044293508567,22.8764832903374 70.8044329309738,22.876754162927 70.804725256046,22.876750845246</coordinates></LinearRing></outerBoundaryIs></Polygon><Polygon><outerBoundaryIs><LinearRing><coordinates>70.8050175810638,22.8767475270283 70.8053099060272,22.8767442082737 70.8053063241724,22.8764733358151 70.8050139997882,22.876476654526 70.8050175810638,22.8767475270283</coordinates></LinearRing></outerBoundaryIs></Polygon><Polygon><outerBoundaryIs><LinearRing><coordinates>70.8041441854396,22.8770283526946 70.8044365111453,22.8770250355068 70.8044329309738,22.876754162927 70.8041406058474,22.8767574800711 70.8041441854396,22.8770283526946</coordinates></LinearRing></outerBoundaryIs></Polygon><Polygon><outerBoundaryIs><LinearRing><coordinates>70.8026897096517,22.877586676235 70.8029820367873,22.8775833616441 70.8029784594035,22.8773124888657 70.8026861328471,22.8773158034129 70.8026897096517,22.877586676235</coordinates></LinearRing></outerBoundaryIs></Polygon><Polygon><outerBoundaryIs><LinearRing><coordinates>70.802108630918,22.8778641767057 70.8021050552177,22.8775933038063 70.8018127279193,22.8775966167867 70.8018163030403,22.8778674897297 70.802108630918,22.8778641767057</coordinates></LinearRing></outerBoundaryIs></Polygon><Polygon><outerBoundaryIs><LinearRing><coordinates>70.8035738481434,22.878118476205 70.8035702694924,22.8778476035333 70.8032779418861,22.8778509192414 70.8032815199577,22.8781217919568 70.8035738481434,22.878118476205</coordinates></LinearRing></outerBoundaryIs></Polygon><Polygon><outerBoundaryIs><LinearRing><coordinates>70.801235221139,22.8781449871876 70.8015275497044,22.8781416751937 70.8015239751084,22.8778708022169 70.8012316471223,22.8778741141672 70.801235221139,22.8781449871876</coordinates></LinearRing></outerBoundaryIs></Polygon><Polygon><outerBoundaryIs><LinearRing><coordinates>70.8012423693352,22.8786867331992 70.80123879521,22.8784158601983 70.8009464660111,22.8784191716989 70.800950039557,22.8786900447433 70.8012423693352,22.8786867331992</coordinates></LinearRing></outerBoundaryIs></Polygon><Polygon><outerBoundaryIs><LinearRing><coordinates>70.8062191353708,22.8791720992992 70.806215551289,22.8789012270593 70.8059232218545,22.8789045477737 70.805926805357,22.8791754200572 70.8062191353708,22.8791720992992</coordinates></LinearRing></outerBoundaryIs></Polygon><Polygon><outerBoundaryIs><LinearRing><coordinates>70.8024617637961,22.8824657002028 70.8027541014141,22.8824623853641 70.8027505236327,22.8821915127175 70.8024581865941,22.8821948275127 70.8024617637961,22.8824657002028</coordinates></LinearRing></outerBoundaryIs></Polygon><Polygon><outerBoundaryIs><LinearRing><coordinates>70.8024724957278,22.8832783182146 70.802468918363,22.8830074455537 70.8021765795318,22.8830107599427 70.8021801563172,22.8832816326471 70.8024724957278,22.8832783182146</coordinates></LinearRing></outerBoundaryIs></Polygon><Polygon><outerBoundaryIs><LinearRing><coordinates>70.8022016181689,22.8849068686689 70.8021980410579,22.884635996023 70.8019056986958,22.8846393101364 70.8019092752272,22.8849101828259 70.8022016181689,22.8849068686689</coordinates></LinearRing></outerBoundaryIs></Polygon><Polygon><outerBoundaryIs><LinearRing><coordinates>70.8013424668569,22.8862711732659 70.8016348128046,22.886267859965 70.8016276604126,22.8857261145867 70.8013353156239,22.8857294278004 70.8013424668569,22.8862711732659</coordinates></LinearRing></outerBoundaryIs></Polygon><Polygon><outerBoundaryIs><LinearRing><coordinates>70.8025512114837,22.8892375142855 70.8025476329249,22.8889666418392 70.8022552813441,22.8889699571872 70.8022588593232,22.889240829677 70.8025512114837,22.8892375142855</coordinates></LinearRing></outerBoundaryIs></Polygon><Polygon><outerBoundaryIs><LinearRing><coordinates>70.8016777317136,22.8895183314159 70.8016741548395,22.8892474588487 70.8013818025163,22.8892507726288 70.8013853788107,22.8895216452396 70.8016777317136,22.8895183314159</coordinates></LinearRing></outerBoundaryIs></Polygon><Polygon><outerBoundaryIs><LinearRing><coordinates>70.8022695935862,22.890053447088 70.8025619474856,22.8900501315657 70.802558368764,22.8897792591487 70.8022660154443,22.8897825746275 70.8022695935862,22.890053447088</coordinates></LinearRing></outerBoundaryIs></Polygon><Polygon><outerBoundaryIs><LinearRing><coordinates>70.8136749561659,22.8901946144369 70.813671355363,22.8899237436914 70.8133790035323,22.8899270796252 70.8133826037556,22.8901979504146 70.8136749561659,22.8901946144369</coordinates></LinearRing></outerBoundaryIs></Polygon><Polygon><outerBoundaryIs><LinearRing><coordinates>70.8016920397526,22.8906018215874 70.8016884626615,22.8903309490592 70.8013961080196,22.8903342630136 70.8013996845311,22.8906051355854 70.8016920397526,22.8906018215874</coordinates></LinearRing></outerBoundaryIs></Polygon><Polygon><outerBoundaryIs><LinearRing><coordinates>70.8130974507417,22.8907430274923 70.8133898043659,22.890739691964 70.8133862040334,22.8904688211942 70.8130938509888,22.8904721566786 70.8130974507417,22.8907430274923</coordinates></LinearRing></outerBoundaryIs></Polygon><Polygon><outerBoundaryIs><LinearRing><coordinates>70.8131010505491,22.8910138982962 70.8130974507417,22.8907430274923 70.8128050970628,22.8907463624834 70.8128086962905,22.8910172333312 70.8131010505491,22.8910138982962</coordinates></LinearRing></outerBoundaryIs></Polygon><Polygon><outerBoundaryIs><LinearRing><coordinates>70.8128158949097,22.8915589749975 70.8128122955728,22.8912881041692 70.81251994068,22.8912914387108 70.8125235394372,22.8915623095829 70.8128158949097,22.8915589749975</coordinates></LinearRing></outerBoundaryIs></Polygon><Polygon><outerBoundaryIs><LinearRing><coordinates>70.8116536668922,22.8921140520941 70.8119460236878,22.8921107190326 70.8119424259809,22.8918398480923 70.811650069765,22.8918431811101 70.8116536668922,22.8921140520941</coordinates></LinearRing></outerBoundaryIs></Polygon><Polygon><outerBoundaryIs><LinearRing><coordinates>70.8029044172486,22.8938390277096 70.8029008371873,22.8935681554727 70.8026084758058,22.893571472099 70.8026120552873,22.8938423443794 70.8029044172486,22.8938390277096</coordinates></LinearRing></outerBoundaryIs></Polygon><Polygon><outerBoundaryIs><LinearRing><coordinates>70.8043769754471,22.8946350522991 70.8043733923239,22.8943641803096 70.8040810294746,22.894367499753 70.804084612018,22.8946383717861 70.8043769754471,22.8946350522991</coordinates></LinearRing></outerBoundaryIs></Polygon><Polygon><outerBoundaryIs><LinearRing><coordinates>70.8035249562042,22.8965411137174 70.8038173238008,22.8965377949996 70.803813741457,22.8962669229912 70.8035213744402,22.8962702416654 70.8035249562042,22.8965411137174</coordinates></LinearRing></outerBoundaryIs></Polygon><Polygon><outerBoundaryIs><LinearRing><coordinates>70.8020666963252,22.8968285715071 70.8023590647733,22.8968252554323 70.8023554852745,22.8965543832156 70.8020631174063,22.8965576992468 70.8020666963252,22.8968285715071</coordinates></LinearRing></outerBoundaryIs></Polygon><Polygon><outerBoundaryIs><LinearRing><coordinates>70.8023626443264,22.8970961276392 70.8026550133,22.8970928109835 70.802651433167,22.8968219388201 70.8023590647733,22.8968252554323 70.8023626443264,22.8970961276392</coordinates></LinearRing></outerBoundaryIs></Polygon><Polygon><outerBoundaryIs><LinearRing><coordinates>70.8035428658389,22.8978954738312 70.8035392838034,22.897624601828 70.8032469138328,22.897627920183 70.8032504952885,22.8978987922298 70.8035428658389,22.8978954738312</coordinates></LinearRing></outerBoundaryIs></Polygon><Polygon><outerBoundaryIs><LinearRing><coordinates>70.842611144395,22.8026287138015 70.8426075017417,22.8023578444676 70.8423153417569,22.8023612213761 70.8423189838335,22.8026320907546 70.842611144395,22.8026287138015</coordinates></LinearRing></outerBoundaryIs></Polygon><Polygon><outerBoundaryIs><LinearRing><coordinates>70.8394919386009,22.8097084428578 70.8397841147149,22.8097050700969 70.8397804763922,22.8094342005714 70.8394883008552,22.8094375732878 70.8394919386009,22.8097084428578</coordinates></LinearRing></outerBoundaryIs></Polygon><Polygon><outerBoundaryIs><LinearRing><coordinates>70.8438964540708,22.8112830084771 70.8438928073375,22.8110121396333 70.8436006291131,22.8110155201072 70.8436042752693,22.8112863889955 70.8438964540708,22.8112830084771</coordinates></LinearRing></outerBoundaryIs></Polygon><Polygon><outerBoundaryIs><LinearRing><coordinates>70.8407079684576,22.8132162498141 70.8407043276848,22.8129453805488 70.8404121448119,22.8129487554485 70.8404157850076,22.8132196247583 70.8407079684576,22.8132162498141</coordinates></LinearRing></outerBoundaryIs></Polygon><Polygon><outerBoundaryIs><LinearRing><coordinates>70.8440131787938,22.819950806327 70.8443053760102,22.8199474238471 70.8443017269262,22.81967655536 70.8440095302872,22.8196799377954 70.8440131787938,22.819950806327</coordinates></LinearRing></outerBoundaryIs></Polygon><Polygon><outerBoundaryIs><LinearRing><coordinates>70.8440241246462,22.8207634118633 70.8440204759733,22.820492543361 70.8437282775469,22.8204959253948 70.8437319256424,22.8207667939417 70.8440241246462,22.8207634118633</coordinates></LinearRing></outerBoundaryIs></Polygon><Polygon><outerBoundaryIs><LinearRing><coordinates>70.8437465185787,22.8218502680319 70.8437428702615,22.821579399524 70.8434506694701,22.8215827812008 70.8434543172099,22.8218536497532 70.8437465185787,22.8218502680319</coordinates></LinearRing></outerBoundaryIs></Polygon><Polygon><outerBoundaryIs><LinearRing><coordinates>70.8431803524289,22.823211373778 70.8434725567402,22.8232079923692 70.8434689087233,22.8229371238655 70.8431767049894,22.8229405052298 70.8431803524289,22.823211373778</coordinates></LinearRing></outerBoundaryIs></Polygon><Polygon><outerBoundaryIs><LinearRing><coordinates>70.8408463588199,22.8235092746701 70.8408427159446,22.8232384057754 70.840550511135,22.8232417823659 70.8405541534328,22.8235126513051 70.8408463588199,22.8235092746701</coordinates></LinearRing></outerBoundaryIs></Polygon><Polygon><outerBoundaryIs><LinearRing><coordinates>70.842606882826,22.8240307408431 70.8426032363753,22.823759872235 70.8423110307429,22.8237632521268 70.8423146766162,22.8240341207794 70.842606882826,22.8240307408431</coordinates></LinearRing></outerBoundaryIs></Polygon><Polygon><outerBoundaryIs><LinearRing><coordinates>70.842329260663,22.8251175952923 70.8426214691828,22.8251142151779 70.8426178225105,22.8248433466088 70.8423256145682,22.8248467266788 70.842329260663,22.8251175952923</coordinates></LinearRing></outerBoundaryIs></Polygon><Polygon><outerBoundaryIs><LinearRing><coordinates>70.8420516347106,22.8262044494064 70.8420479889718,22.8259335807873 70.8417557786087,22.8259369599645 70.8417594237699,22.8262078286281 70.8420516347106,22.8262044494064</coordinates></LinearRing></outerBoundaryIs></Polygon><Polygon><outerBoundaryIs><LinearRing><coordinates>70.8376902884047,22.8278802970235 70.8376866509976,22.8276094277957 70.8373944363395,22.8276127992079 70.837398073169,22.82788366848 70.8376902884047,22.8278802970235</coordinates></LinearRing></outerBoundaryIs></Polygon><Polygon><outerBoundaryIs><LinearRing><coordinates>70.8412114448282,22.8289232724554 70.8415036616555,22.8289198938594 70.8414890814385,22.8278364193585 70.8411968669217,22.8278397977764 70.8412114448282,22.8289232724554</coordinates></LinearRing></outerBoundaryIs></Polygon><Polygon><outerBoundaryIs><LinearRing><coordinates>70.8412223788393,22.8297358783621 70.8412187341136,22.8294650097363 70.8409265160757,22.8294683878858 70.8409301602237,22.8297392565561 70.8412223788393,22.8297358783621</coordinates></LinearRing></outerBoundaryIs></Polygon><Polygon><outerBoundaryIs><LinearRing><coordinates>70.8412369582958,22.8308193527679 70.8412333133486,22.8305484841811 70.840941093,22.8305518625086 70.8409447373695,22.8308227311399 70.8412369582958,22.8308193527679</coordinates></LinearRing></outerBoundaryIs></Polygon><Polygon><outerBoundaryIs><LinearRing><coordinates>70.8406634480952,22.8316387149453 70.84095567081,22.8316353369753 70.8409520262745,22.8313644683733 70.8406598041374,22.8313678462988 70.8406634480952,22.8316387149453</coordinates></LinearRing></outerBoundaryIs></Polygon><Polygon><outerBoundaryIs><LinearRing><coordinates>70.8406707361768,22.8321804522091 70.8406670921084,22.8319095835821 70.8403748687605,22.831912961061 70.8403785122513,22.8321838297325 70.8406707361768,22.8321804522091</coordinates></LinearRing></outerBoundaryIs></Polygon><Polygon><outerBoundaryIs><LinearRing><coordinates>70.8374599077224,22.8324884446143 70.8374562699538,22.8322175755079 70.8371640454201,22.8322209471396 70.8371676826109,22.8324918162904 70.8374599077224,22.8324884446143</coordinates></LinearRing></outerBoundaryIs></Polygon><Polygon><outerBoundaryIs><LinearRing><coordinates>70.8395236918494,22.8338191717139 70.8398159194075,22.8338157955304 70.8398122767403,22.8335449268285 70.83952004976,22.8335483029674 70.8395236918494,22.8338191717139</coordinates></LinearRing></outerBoundaryIs></Polygon><Polygon><outerBoundaryIs><LinearRing><coordinates>70.839238747425,22.8343642849141 70.8395309761941,22.8343609091774 70.8395273339941,22.8340900404505 70.8392351058028,22.8340934161427 70.839238747425,22.8343642849141</coordinates></LinearRing></outerBoundaryIs></Polygon><Polygon><outerBoundaryIs><LinearRing><coordinates>70.8389538008553,22.8349093977175 70.8392460308353,22.8349060224276 70.8392423891025,22.8346351536757 70.8389501597003,22.8346385289212 70.8389538008553,22.8349093977175</coordinates></LinearRing></outerBoundaryIs></Polygon><Polygon><outerBoundaryIs><LinearRing><coordinates>70.8345776096657,22.835501701681 70.8345739770678,22.8352308322382 70.8342817456263,22.8352341990016 70.8342853776463,22.8355050684888 70.8345776096657,22.835501701681</coordinates></LinearRing></outerBoundaryIs></Polygon><Polygon><outerBoundaryIs><LinearRing><coordinates>70.8339931455718,22.8355084347609 70.8339967770692,22.8357793042827 70.8342890097215,22.8357759379663 70.8342853776463,22.8355050684888 70.8339931455718,22.8355084347609</coordinates></LinearRing></outerBoundaryIs></Polygon><Polygon><outerBoundaryIs><LinearRing><coordinates>70.8322760347481,22.8382373185821 70.8325682729323,22.8382339550812 70.8325646438283,22.8379630854255 70.832272406222,22.8379664488821 70.8322760347481,22.8382373185821</coordinates></LinearRing></outerBoundaryIs></Polygon><Polygon><outerBoundaryIs><LinearRing><coordinates>70.8319946806835,22.8390532907214 70.8319910525702,22.8387824210064 70.8316988131198,22.8387857835243 70.8317024406552,22.8390566532836 70.8319946806835,22.8390532907214</coordinates></LinearRing></outerBoundaryIs></Polygon><Polygon><outerBoundaryIs><LinearRing><coordinates>70.8369627527289,22.8389960451878 70.8369591147902,22.8387251762268 70.8366668762776,22.838728547853 70.8366705136384,22.8389994168584 70.8369627527289,22.8389960451878</coordinates></LinearRing></outerBoundaryIs></Polygon><Polygon><outerBoundaryIs><LinearRing><coordinates>70.8299671204922,22.8404311673831 70.8302593637409,22.8404278078144 70.8302557388201,22.8401569378826 70.8299634961494,22.8401602974071 70.8299671204922,22.8404311673831</coordinates></LinearRing></outerBoundaryIs></Polygon><Polygon><outerBoundaryIs><LinearRing><coordinates>70.8349606889557,22.84227006613 70.8349570544005,22.8419991969754 70.8346648085653,22.8420025653835 70.8346684425425,22.8422734345825 70.8349606889557,22.84227006613</coordinates></LinearRing></outerBoundaryIs></Polygon><Polygon><outerBoundaryIs><LinearRing><coordinates>70.8285348770243,22.8426149184155 70.8285276332941,22.8420731781674 70.8282353862471,22.8420765347864 70.8282426288211,22.8426182751229 70.8285348770243,22.8426149184155</coordinates></LinearRing></outerBoundaryIs></Polygon><Polygon><outerBoundaryIs><LinearRing><coordinates>70.8279576222006,22.8431633716802 70.828249871615,22.8431600154203 70.8282462501906,22.8428891452765 70.8279540013543,22.8428925014921 70.8279576222006,22.8431633716802</coordinates></LinearRing></outerBoundaryIs></Polygon><Polygon><outerBoundaryIs><LinearRing><coordinates>70.8279829696644,22.8450594627234 70.8279793484333,22.8447885926036 70.8276870954951,22.8447919485927 70.8276907161481,22.8450628187567 70.8279829696644,22.8450594627234</coordinates></LinearRing></outerBoundaryIs></Polygon><Polygon><outerBoundaryIs><LinearRing><coordinates>70.83241032895,22.8482594906214 70.8324030678751,22.8477177519337 70.8321108094023,22.8477211164492 70.8321180693207,22.8482628552255 70.83241032895,22.8482594906214</coordinates></LinearRing></outerBoundaryIs></Polygon><Polygon><outerBoundaryIs><LinearRing><coordinates>70.8277414110626,22.848855000028 70.8280336726742,22.848851643376 70.8280300506733,22.8485807733928 70.8277377896399,22.8485841300006 70.8277414110626,22.848855000028</coordinates></LinearRing></outerBoundaryIs></Polygon><Polygon><outerBoundaryIs><LinearRing><coordinates>70.8318439575051,22.849620566285 70.8318403278211,22.8493496969062 70.8315480657684,22.8493530606154 70.8315516948741,22.8496239300385 70.8318439575051,22.849620566285</coordinates></LinearRing></outerBoundaryIs></Polygon><Polygon><outerBoundaryIs><LinearRing><coordinates>70.831259432188,22.8496272932559 70.8312630607704,22.8498981627135 70.8315553240349,22.8498947994517 70.8315516948741,22.8496239300385 70.831259432188,22.8496272932559</coordinates></LinearRing></outerBoundaryIs></Polygon><Polygon><outerBoundaryIs><LinearRing><coordinates>70.8277595190005,22.8502093500187 70.8280517835038,22.8502059931457 70.828044539007,22.8496642532671 70.8277522756604,22.8496676100517 70.8277595190005,22.8502093500187</coordinates></LinearRing></outerBoundaryIs></Polygon><Polygon><outerBoundaryIs><LinearRing><coordinates>70.8301048862997,22.8507242192449 70.830108512789,22.8509950888404 70.8304007785871,22.850991727546 70.8304044057099,22.8512625970876 70.8301121393335,22.8512659584263 70.8301157659329,22.8515368280023 70.829823498923,22.8515401888491 70.8298343773166,22.8523527976515 70.8301266460616,22.852349436672 70.8301193925874,22.8518076975686 70.8304116601207,22.8518043361415 70.8304080328878,22.8515334666194 70.8307002997876,22.8515301047004 70.8306930443302,22.8509883657155 70.8309853100182,22.8509850033489 70.8309816817937,22.8507141338861 70.8301048862997,22.8507242192449</coordinates></LinearRing></outerBoundaryIs></Polygon><Polygon><outerBoundaryIs><LinearRing><coordinates>70.8298416298542,22.8528945368043 70.8298380035578,22.8526236672328 70.8295457341793,22.8526270277205 70.8295493598972,22.8528978973362 70.8298416298542,22.8528945368043</coordinates></LinearRing></outerBoundaryIs></Polygon><Polygon><outerBoundaryIs><LinearRing><coordinates>70.8301556621607,22.8545163926951 70.8304479354782,22.8545130308253 70.8304443076946,22.8542421614009 70.8301520349556,22.8542455232263 70.8301556621607,22.8545163926951</coordinates></LinearRing></outerBoundaryIs></Polygon><Polygon><outerBoundaryIs><LinearRing><coordinates>70.8249164349464,22.8562020360397 70.8249128178245,22.8559311658341 70.8246205405698,22.8559345177367 70.8246241571132,22.8562053879863 70.8249164349464,22.8562020360397</coordinates></LinearRing></outerBoundaryIs></Polygon><Polygon><outerBoundaryIs><LinearRing><coordinates>70.82318445018,22.8578473622921 70.8231808362002,22.8575764918805 70.8228885551449,22.85757984083 70.8228921685461,22.8578507112858 70.82318445018,22.8578473622921</coordinates></LinearRing></outerBoundaryIs></Polygon><Polygon><outerBoundaryIs><LinearRing><coordinates>70.8287414158189,22.8580544990813 70.8290336969326,22.8580511393177 70.8290300713261,22.8577802697989 70.828737790791,22.8577836295183 70.8287414158189,22.8580544990813</coordinates></LinearRing></outerBoundaryIs></Polygon><Polygon><outerBoundaryIs><LinearRing><coordinates>70.8296182589949,22.8580444181816 70.8296146322312,22.8577735487513 70.8293223518062,22.8577769095432 70.8293259779913,22.8580477790178 70.8296182589949,22.8580444181816</coordinates></LinearRing></outerBoundaryIs></Polygon><Polygon><outerBoundaryIs><LinearRing><coordinates>70.8246856467499,22.8608101807384 70.8246820292732,22.8605393106545 70.8243897421274,22.8605426627708 70.8243933590253,22.8608135328987 70.8246856467499,22.8608101807384</coordinates></LinearRing></outerBoundaryIs></Polygon><Polygon><outerBoundaryIs><LinearRing><coordinates>70.8194244593169,22.8608704375604 70.8197167479735,22.8608670945184 70.8197131403345,22.8605962236855 70.8194208522567,22.8605995666836 70.8194244593169,22.8608704375604</coordinates></LinearRing></outerBoundaryIs></Polygon><Polygon><outerBoundaryIs><LinearRing><coordinates>70.818562014863,22.8619639474061 70.8185584093199,22.8616930764363 70.8182661187083,22.8616964174648 70.8182697236727,22.8619672884785 70.818562014863,22.8619639474061</coordinates></LinearRing></outerBoundaryIs></Polygon><Polygon><outerBoundaryIs><LinearRing><coordinates>70.823534572155,22.8621779373165 70.8235309567188,22.8619070671051 70.8232386664599,22.8619104172963 70.8232422813174,22.8621812875519 70.823534572155,22.8621779373165</coordinates></LinearRing></outerBoundaryIs></Polygon><Polygon><outerBoundaryIs><LinearRing><coordinates>70.8168226757302,22.8630674706312 70.8171149695089,22.863064132065 70.8171113666408,22.8627932609145 70.8168190734408,22.8627965994367 70.8168226757302,22.8630674706312</coordinates></LinearRing></outerBoundaryIs></Polygon><Polygon><outerBoundaryIs><LinearRing><coordinates>70.8162488917321,22.8638867599427 70.8162452904363,22.8636158886897 70.815952995336,22.8636192257343 70.815956596053,22.8638900970313 70.8162488917321,22.8638867599427</coordinates></LinearRing></outerBoundaryIs></Polygon><Polygon><outerBoundaryIs><LinearRing><coordinates>70.8197708691287,22.8649301558407 70.8197672606684,22.8646592851541 70.8194749639093,22.8646626288122 70.8194785717908,22.8649334995427 70.8197708691287,22.8649301558407</coordinates></LinearRing></outerBoundaryIs></Polygon><Polygon><outerBoundaryIs><LinearRing><coordinates>70.8186088919027,22.8654852691257 70.8189011905625,22.8654819269451 70.8188975837292,22.8652110561461 70.8186052856482,22.8652143982827 70.8186088919027,22.8654852691257</coordinates></LinearRing></outerBoundaryIs></Polygon><Polygon><outerBoundaryIs><LinearRing><coordinates>70.8162993156121,22.8676789564617 70.8162957135511,22.8674080853452 70.8160034103469,22.8674114230047 70.8160070118289,22.8676822941651 70.8162993156121,22.8676789564617</coordinates></LinearRing></outerBoundaryIs></Polygon><Polygon><outerBoundaryIs><LinearRing><coordinates>70.8525219282687,22.7792155195637 70.8525182702141,22.7789446509543 70.8522261617405,22.7789480427311 70.8522298192191,22.7792189113853 70.8525219282687,22.7792155195637</coordinates></LinearRing></outerBoundaryIs></Polygon><Polygon><outerBoundaryIs><LinearRing><coordinates>70.8522700551551,22.782198465938 70.8525621705413,22.7821950736241 70.8525585118748,22.7819242051219 70.8522663970646,22.781927597391 70.8522700551551,22.782198465938</coordinates></LinearRing></outerBoundaryIs></Polygon><Polygon><outerBoundaryIs><LinearRing><coordinates>70.8522956633457,22.7840945454939 70.8522920048659,22.7838236770151 70.8519998859672,22.7838270690634 70.8520035438709,22.7840979375869 70.8522956633457,22.7840945454939</coordinates></LinearRing></outerBoundaryIs></Polygon><Polygon><outerBoundaryIs><LinearRing><coordinates>70.8520181760416,22.7851814115834 70.8520145179155,22.7849105430989 70.8517223966565,22.7849139347918 70.8517260542064,22.7851848033211 70.8520181760416,22.7851814115834</coordinates></LinearRing></outerBoundaryIs></Polygon><Polygon><outerBoundaryIs><LinearRing><coordinates>70.8517370271898,22.7859974088503 70.8520291507536,22.7859940169784 70.8520254924607,22.7857231485232 70.8517333694731,22.7857265403503 70.8517370271898,22.7859974088503</coordinates></LinearRing></outerBoundaryIs></Polygon><Polygon><outerBoundaryIs><LinearRing><coordinates>70.8517480006737,22.7868100142919 70.8517443427901,22.7865391458211 70.8514522180182,22.7865425372482 70.8514558753255,22.7868134057637 70.8517480006737,22.7868100142919</coordinates></LinearRing></outerBoundaryIs></Polygon><Polygon><outerBoundaryIs><LinearRing><coordinates>70.8509191595334,22.7903414780819 70.8509118458341,22.7897997411156 70.8506197139798,22.7898031314762 70.8506270265264,22.7903448685319 70.8509191595334,22.7903414780819</coordinates></LinearRing></outerBoundaryIs></Polygon><Polygon><outerBoundaryIs><LinearRing><coordinates>70.8503422050799,22.7908899955536 70.8506343392953,22.7908866055486 70.8506306828831,22.7906157370452 70.8503385492441,22.7906191270054 70.8503422050799,22.7908899955536</coordinates></LinearRing></outerBoundaryIs></Polygon><Polygon><outerBoundaryIs><LinearRing><coordinates>70.8541509358622,22.7916584876371 70.8541436089261,22.7911167517533 70.8538514748019,22.7911201482172 70.8538588005853,22.7916618841906 70.8541509358622,22.7916584876371</coordinates></LinearRing></outerBoundaryIs></Polygon><Polygon><outerBoundaryIs><LinearRing><coordinates>70.8506453088656,22.7916992110006 70.8506416522866,22.7914283425264 70.8503495169184,22.7914317326208 70.850353172921,22.7917026011398 70.8506453088656,22.7916992110006</coordinates></LinearRing></outerBoundaryIs></Polygon><Polygon><outerBoundaryIs><LinearRing><coordinates>70.8532965016333,22.7932938839179 70.8535886404803,22.7932904881646 70.8535849778032,22.7930196201965 70.8532928395327,22.793023015905 70.8532965016333,22.7932938839179</coordinates></LinearRing></outerBoundaryIs></Polygon><Polygon><outerBoundaryIs><LinearRing><coordinates>70.8535959660016,22.7938322240716 70.8535923032131,22.793561356123 70.8533001637897,22.7935647519211 70.8533038260017,22.7938356199145 70.8535959660016,22.7938322240716</coordinates></LinearRing></outerBoundaryIs></Polygon><Polygon><outerBoundaryIs><LinearRing><coordinates>70.8538954328427,22.7943705634725 70.8538917693664,22.7940996955882 70.8533074882694,22.7941064878981 70.8533148129717,22.7946482238362 70.8536069547011,22.7946448278589 70.8536032917456,22.7943739599396 70.8538954328427,22.7943705634725</coordinates></LinearRing></outerBoundaryIs></Polygon><Polygon><outerBoundaryIs><LinearRing><coordinates>70.8492284772828,22.794966579964 70.8495206203672,22.7949631914267 70.8495169654272,22.7946923228906 70.8492248229193,22.7946957113832 70.8492284772828,22.794966579964</coordinates></LinearRing></outerBoundaryIs></Polygon><Polygon><outerBoundaryIs><LinearRing><coordinates>70.8536142807791,22.7951865636684 70.8539064236059,22.7951831670669 70.8539027599625,22.7949122992119 70.8536106177123,22.7949156957685 70.8536142807791,22.7951865636684</coordinates></LinearRing></outerBoundaryIs></Polygon><Polygon><outerBoundaryIs><LinearRing><coordinates>70.8489436418833,22.7955117051885 70.8492357861764,22.7955083170964 70.8492284772828,22.794966579964 70.8489363341428,22.7949699679668 70.8489436418833,22.7955117051885</coordinates></LinearRing></outerBoundaryIs></Polygon><Polygon><outerBoundaryIs><LinearRing><coordinates>70.8451530539948,22.796097440077 70.8451457610225,22.7955557017336 70.8448536159527,22.7955590823407 70.8448609077719,22.7961008207733 70.8451530539948,22.796097440077</coordinates></LinearRing></outerBoundaryIs></Polygon><Polygon><outerBoundaryIs><LinearRing><coordinates>70.8530483053628,22.7965476950683 70.8530446431706,22.7962768271277 70.8527524978707,22.7962802223044 70.8527561594863,22.7965510902898 70.8530483053628,22.7965476950683</coordinates></LinearRing></outerBoundaryIs></Polygon><Polygon><outerBoundaryIs><LinearRing><coordinates>70.8480854703457,22.7968762098108 70.8483776176882,22.7968728230993 70.8483739646656,22.7966019544527 70.8480818178997,22.7966053411195 70.8480854703457,22.7968762098108</coordinates></LinearRing></outerBoundaryIs></Polygon><Polygon><outerBoundaryIs><LinearRing><coordinates>70.8521755280845,22.7968287471941 70.8521718675664,22.7965578791288 70.851879721523,22.7965612727463 70.8518833814645,22.7968321408564 70.8521755280845,22.7968287471941</coordinates></LinearRing></outerBoundaryIs></Polygon><Polygon><outerBoundaryIs><LinearRing><coordinates>70.8442911948506,22.7971910576668 70.8442839048944,22.7966493191338 70.8439917573521,22.7966526983153 70.8439990461551,22.7971944369374 70.8442911948506,22.7971910576668</coordinates></LinearRing></outerBoundaryIs></Polygon><Polygon><outerBoundaryIs><LinearRing><coordinates>70.8454597890784,22.7971775352374 70.8457519374968,22.7971741532934 70.8457482896081,22.7969032842547 70.8454561417663,22.7969066661542 70.8454597890784,22.7971775352374</coordinates></LinearRing></outerBoundaryIs></Polygon><Polygon><outerBoundaryIs><LinearRing><coordinates>70.8518870414617,22.7971030089566 70.8518833814645,22.7968321408564 70.8515912347889,22.796835533984 70.8515948942095,22.797106402129 70.8518870414617,22.7971030089566</coordinates></LinearRing></outerBoundaryIs></Polygon><Polygon><outerBoundaryIs><LinearRing><coordinates>70.8480927754042,22.7974179471641 70.8480891228472,22.7971470784923 70.8477969748726,22.7971504647139 70.8478006268531,22.7974213334303 70.8480927754042,22.7974179471641</coordinates></LinearRing></outerBoundaryIs></Polygon><Polygon><outerBoundaryIs><LinearRing><coordinates>70.8445942805703,22.798000285454 70.8448864308848,22.7979969049803 70.8448827845596,22.7977260358371 70.8445906348217,22.7977294162663 70.8445942805703,22.798000285454</coordinates></LinearRing></outerBoundaryIs></Polygon><Polygon><outerBoundaryIs><LinearRing><coordinates>70.8466466313442,22.7985183486307 70.8466429814482,22.7982474797747 70.8463508308897,22.7982508635013 70.846354480209,22.798521732402 70.8466466313442,22.7985183486307</coordinates></LinearRing></outerBoundaryIs></Polygon><Polygon><outerBoundaryIs><LinearRing><coordinates>70.8457701777724,22.7985284983403 70.8457665296064,22.7982576293504 70.8448900772655,22.7982677741137 70.8448973701931,22.7988095123513 70.8451895221821,22.7988061312091 70.8451858751139,22.7985352621397 70.8457701777724,22.7985284983403</coordinates></LinearRing></outerBoundaryIs></Polygon><Polygon><outerBoundaryIs><LinearRing><coordinates>70.8495937308345,22.8003805601011 70.8498858853956,22.800377170135 70.8498822287677,22.8001063018386 70.8495900747833,22.80010969176 70.8495937308345,22.8003805601011</coordinates></LinearRing></outerBoundaryIs></Polygon><Polygon><outerBoundaryIs><LinearRing><coordinates>70.8487465033863,22.802557674241 70.8487428486208,22.8022868058439 70.8484506898004,22.8022901939837 70.8484543439891,22.8025610624255 70.8487465033863,22.802557674241</coordinates></LinearRing></outerBoundaryIs></Polygon><Polygon><outerBoundaryIs><LinearRing><coordinates>70.8473185752773,22.8050124269606 70.8473149228961,22.8047415584279 70.8470227586069,22.8047449442955 70.8470264104112,22.8050158128728 70.8473185752773,22.8050124269606</coordinates></LinearRing></outerBoundaryIs></Polygon><Polygon><outerBoundaryIs><LinearRing><coordinates>70.8464566836698,22.8061060576615 70.8467488509543,22.8061026726406 70.846741548111,22.8055609354648 70.8464493819802,22.8055643203965 70.8464566836698,22.8061060576615</coordinates></LinearRing></outerBoundaryIs></Polygon><Polygon><outerBoundaryIs><LinearRing><coordinates>70.8464603345978,22.8063769262794 70.8464566836698,22.8061060576615 70.8461645163298,22.8061094421475 70.8461681666809,22.80638031081 70.8464603345978,22.8063769262794</coordinates></LinearRing></outerBoundaryIs></Polygon><Polygon><outerBoundaryIs><LinearRing><coordinates>70.8458759987085,22.8063836948057 70.8458796485382,22.8066545635031 70.8461718170875,22.8066511794628 70.8461681666809,22.80638031081 70.8458759987085,22.8063836948057</coordinates></LinearRing></outerBoundaryIs></Polygon><Polygon><outerBoundaryIs><LinearRing><coordinates>70.8455947786054,22.8071996844632 70.8458869483639,22.8071963008686 70.8458832984233,22.8069254321907 70.8455911292417,22.8069288157407 70.8455947786054,22.8071996844632</coordinates></LinearRing></outerBoundaryIs></Polygon><Polygon><outerBoundaryIs><LinearRing><coordinates>70.8455984280245,22.8074705531759 70.8455947786054,22.8071996844632 70.8453026087914,22.8072030675229 70.8453062576336,22.8074739362802 70.8455984280245,22.8074705531759</coordinates></LinearRing></outerBoundaryIs></Polygon><Polygon><outerBoundaryIs><LinearRing><coordinates>70.8450359779431,22.8091025314564 70.8450323293452,22.8088316627129 70.8453245026763,22.8088282799206 70.8453135554843,22.8080156737656 70.8450213838841,22.8080190564242 70.8450250323157,22.8082899251968 70.844732860083,22.808293307365 70.8447438039795,22.8091059137583 70.8450359779431,22.8091025314564</coordinates></LinearRing></outerBoundaryIs></Polygon><Polygon><outerBoundaryIs><LinearRing><coordinates>70.8453354503674,22.8096408859878 70.846211975221,22.8096307339994 70.846219277421,22.8101724710611 70.8465114534153,22.8101690859057 70.8464931954463,22.8088147434014 70.846201022337,22.8088181283337 70.8461973714867,22.808547259759 70.8459051988989,22.8085506441116 70.8459161498854,22.8093632499405 70.8453318010816,22.8093700173085 70.8453354503674,22.8096408859878</coordinates></LinearRing></outerBoundaryIs></Polygon><Polygon><outerBoundaryIs><LinearRing><coordinates>70.8441703968195,22.8099252833302 70.8450469240695,22.8099151376281 70.8450432753052,22.809644268914 70.8444589250147,22.8096510331612 70.8444552774599,22.8093801643481 70.8447474520559,22.8093767825366 70.8447438039795,22.8091059137583 70.8441594558861,22.8091126767572 70.8441703968195,22.8099252833302</coordinates></LinearRing></outerBoundaryIs></Polygon><Polygon><outerBoundaryIs><LinearRing><coordinates>70.8438928073375,22.8110121396333 70.8441849855065,22.8110087586244 70.8441703968195,22.8099252833302 70.8438782209586,22.8099286641609 70.8438928073375,22.8110121396333</coordinates></LinearRing></outerBoundaryIs></Polygon><Polygon><outerBoundaryIs><LinearRing><coordinates>70.8447766386624,22.8115437324116 70.8447693416782,22.8110019950014 70.84447716362,22.8110053770804 70.8444844594502,22.8115471145798 70.8447766386624,22.8115437324116</coordinates></LinearRing></outerBoundaryIs></Polygon><Polygon><outerBoundaryIs><LinearRing><coordinates>70.8462448368686,22.8120685504698 70.8462302311371,22.8109850765805 70.8459380533562,22.8109884613347 70.8459526567795,22.8120719354025 70.8462448368686,22.8120685504698</coordinates></LinearRing></outerBoundaryIs></Polygon><Polygon><outerBoundaryIs><LinearRing><coordinates>70.8441995750802,22.8120922337625 70.844491755502,22.8120888520402 70.8444881074484,22.8118179833149 70.8441959276036,22.8118213649926 70.8441995750802,22.8120922337625</coordinates></LinearRing></outerBoundaryIs></Polygon><Polygon><outerBoundaryIs><LinearRing><coordinates>70.8465406690509,22.8123360334052 70.8465370169022,22.8120651650019 70.8462448368686,22.8120685504698 70.8462484884402,22.8123394189177 70.8465406690509,22.8123360334052</coordinates></LinearRing></outerBoundaryIs></Polygon><Polygon><outerBoundaryIs><LinearRing><coordinates>70.8462557917498,22.8128811557843 70.8462521400672,22.8126102873559 70.8459599588239,22.8126136723779 70.8459636099294,22.812884540851 70.8462557917498,22.8128811557843</coordinates></LinearRing></outerBoundaryIs></Polygon><Polygon><outerBoundaryIs><LinearRing><coordinates>70.8456823799713,22.813700530877 70.8459745635786,22.8136971462116 70.8459709123067,22.8134262777678 70.8456787292766,22.8134296623886 70.8456823799713,22.813700530877</coordinates></LinearRing></outerBoundaryIs></Polygon><Polygon><outerBoundaryIs><LinearRing><coordinates>70.8456860307215,22.8139713993556 70.8456823799713,22.813700530877 70.8453901963086,22.8137039150073 70.8453938464817,22.8139747835305 70.8456860307215,22.8139713993556</coordinates></LinearRing></outerBoundaryIs></Polygon><Polygon><outerBoundaryIs><LinearRing><coordinates>70.8451016621864,22.8139781671703 70.8450980125905,22.8137072986024 70.8448058288169,22.8137106816624 70.8448094778357,22.8139815502749 70.8451016621864,22.8139781671703</coordinates></LinearRing></outerBoundaryIs></Polygon><Polygon><outerBoundaryIs><LinearRing><coordinates>70.8454047973337,22.8147873890418 70.845696983305,22.8147840047331 70.8456933323884,22.8145131362837 70.8454011469942,22.8145165205478 70.8454047973337,22.8147873890418</coordinates></LinearRing></outerBoundaryIs></Polygon><Polygon><outerBoundaryIs><LinearRing><coordinates>70.8451272109105,22.8158742468723 70.8451199109978,22.8153325098633 70.8448277237613,22.8153358931909 70.8448350225196,22.8158776302891 70.8451272109105,22.8158742468723</coordinates></LinearRing></outerBoundaryIs></Polygon><Polygon><outerBoundaryIs><LinearRing><coordinates>70.8451454616628,22.8172285892239 70.8451381611955,22.8166868523125 70.8448459710729,22.8166902358631 70.8448532703857,22.8172319728637 70.8451454616628,22.8172285892239</coordinates></LinearRing></outerBoundaryIs></Polygon><Polygon><outerBoundaryIs><LinearRing><coordinates>70.8445793254191,22.818589698522 70.844871519638,22.8185863151944 70.8448678696766,22.8183154467478 70.8445756760351,22.8183188300308 70.8445793254191,22.818589698522</coordinates></LinearRing></outerBoundaryIs></Polygon><Polygon><outerBoundaryIs><LinearRing><coordinates>70.8451710150451,22.8191246681065 70.8451673643956,22.8188537997239 70.8448751696548,22.8188571836313 70.8448788197271,22.8191280520585 70.8451710150451,22.8191246681065</coordinates></LinearRing></outerBoundaryIs></Polygon><Polygon><outerBoundaryIs><LinearRing><coordinates>70.8448897702766,22.8199406572813 70.8448861200379,22.8196697888834 70.8445939235098,22.8196731723894 70.8445975731711,22.8199440408318 70.8448897702766,22.8199406572813</coordinates></LinearRing></outerBoundaryIs></Polygon><Polygon><outerBoundaryIs><LinearRing><coordinates>70.8616562446117,22.7633963870495 70.8616525713667,22.7631255193108 70.8613604980698,22.7631289255727 70.8613641707393,22.7633997933564 70.8616562446117,22.7633963870495</coordinates></LinearRing></outerBoundaryIs></Polygon><Polygon><outerBoundaryIs><LinearRing><coordinates>70.8651648069264,22.7636263369197 70.8651611267197,22.7633554697311 70.8648690535184,22.7633588824435 70.8648727331496,22.7636297496772 70.8651648069264,22.7636263369197</coordinates></LinearRing></outerBoundaryIs></Polygon><Polygon><outerBoundaryIs><LinearRing><coordinates>70.8619519923045,22.7636638478927 70.8619483184282,22.7633929802088 70.8616562446117,22.7633963870495 70.8616599179125,22.7636672547784 70.8619519923045,22.7636638478927</coordinates></LinearRing></outerBoundaryIs></Polygon><Polygon><outerBoundaryIs><LinearRing><coordinates>70.8657599987211,22.7644321110405 70.8660520740564,22.7644286965464 70.8660483919552,22.7641578295223 70.8657563171954,22.7641612439712 70.8657599987211,22.7644321110405</coordinates></LinearRing></outerBoundaryIs></Polygon><Polygon><outerBoundaryIs><LinearRing><coordinates>70.8669540880892,22.7663145178103 70.8669504038692,22.7660436509897 70.8663662465721,22.7660504831881 70.866369929641,22.7663213500989 70.8669540880892,22.7663145178103</coordinates></LinearRing></outerBoundaryIs></Polygon><Polygon><outerBoundaryIs><LinearRing><coordinates>70.8628907089477,22.7682583708735 70.8628870323943,22.7679875034903 70.862594948961,22.7679909126975 70.8625986249387,22.7682617801257 70.8628907089477,22.7682583708735</coordinates></LinearRing></outerBoundaryIs></Polygon><Polygon><outerBoundaryIs><LinearRing><coordinates>70.8617333956641,22.7690846073102 70.8620254815677,22.7690811995247 70.8620218065736,22.7688103320357 70.8617297212456,22.7688137397762 70.8617333956641,22.7690846073102</coordinates></LinearRing></outerBoundaryIs></Polygon><Polygon><outerBoundaryIs><LinearRing><coordinates>70.8579436078711,22.7696705961403 70.858235695652,22.7696671952062 70.8582320280299,22.7693963271523 70.8579399408248,22.7693997280415 70.8579436078711,22.7696705961403</coordinates></LinearRing></outerBoundaryIs></Polygon><Polygon><outerBoundaryIs><LinearRing><coordinates>70.8550556811071,22.7721423926009 70.8553477746269,22.7721389966029 70.8553441122605,22.7718681281881 70.8550520193165,22.7718715241413 70.8550556811071,22.7721423926009</coordinates></LinearRing></outerBoundaryIs></Polygon><Polygon><outerBoundaryIs><LinearRing><coordinates>70.8594444190738,22.7726331321028 70.859440748535,22.7723622643359 70.85914865522,22.772365667855 70.859152325183,22.7726365356669 70.8594444190738,22.7726331321028</coordinates></LinearRing></outerBoundaryIs></Polygon><Polygon><outerBoundaryIs><LinearRing><coordinates>70.8547818944409,22.773500130441 70.8547782329477,22.7732292619852 70.8544861370133,22.7732326570944 70.8544897979307,22.773503525595 70.8547818944409,22.773500130441</coordinates></LinearRing></outerBoundaryIs></Polygon><Polygon><outerBoundaryIs><LinearRing><coordinates>70.8568668928951,22.7764558983259 70.8571589952941,22.7764524984058 70.8571553285811,22.7761816304161 70.856863226758,22.7761850302913 70.8568668928951,22.7764558983259</coordinates></LinearRing></outerBoundaryIs></Polygon><Polygon><outerBoundaryIs><LinearRing><coordinates>70.8565931190827,22.7778136379629 70.8565894532428,22.7775427699322 70.8562973484286,22.7775461689635 70.8563010136926,22.777817037039 70.8565931190827,22.7778136379629</coordinates></LinearRing></outerBoundaryIs></Polygon><Polygon><outerBoundaryIs><LinearRing><coordinates>70.8560345626234,22.7797165121511 70.8560308975452,22.7794456440989 70.8557387885877,22.7794490423758 70.8557424530898,22.7797199104728 70.8560345626234,22.7797165121511</coordinates></LinearRing></outerBoundaryIs></Polygon><Polygon><outerBoundaryIs><LinearRing><coordinates>70.8554613356131,22.7805359126275 70.8557534469305,22.7805325147055 70.8557497822612,22.7802616466377 70.8554576715199,22.7802650445149 70.8554613356131,22.7805359126275</coordinates></LinearRing></outerBoundaryIs></Polygon><Polygon><outerBoundaryIs><LinearRing><coordinates>70.8595545611963,22.7807591605776 70.8595508889826,22.7804882931031 70.8589666677422,22.7804951023032 70.8589703388037,22.7807659698675 70.8595545611963,22.7807591605776</coordinates></LinearRing></outerBoundaryIs></Polygon><Polygon><outerBoundaryIs><LinearRing><coordinates>70.8583971262511,22.7815853799244 70.8583934561742,22.7813145122995 70.8581013436305,22.7813179151644 70.8581050131313,22.7815887828342 70.8583971262511,22.7815853799244</coordinates></LinearRing></outerBoundaryIs></Polygon><Polygon><outerBoundaryIs><LinearRing><coordinates>70.8551985343831,22.7827062549242 70.8554906503649,22.7827028571777 70.8554869858259,22.7824319891431 70.8551948704202,22.7824353868447 70.8551985343831,22.7827062549242</coordinates></LinearRing></outerBoundaryIs></Polygon><Polygon><outerBoundaryIs><LinearRing><coordinates>70.8575354606766,22.7826790579919 70.8575317921049,22.7824081902713 70.8572396770894,22.782411591713 70.8572433450851,22.7826824594785 70.8575354606766,22.7826790579919</coordinates></LinearRing></outerBoundaryIs></Polygon><Polygon><outerBoundaryIs><LinearRing><coordinates>70.8584154774725,22.7829397179026 70.8584118071166,22.7826688503264 70.8581196916924,22.7826722534159 70.8581233614722,22.7829431210369 70.8584154774725,22.7829397179026</coordinates></LinearRing></outerBoundaryIs></Polygon><Polygon><outerBoundaryIs><LinearRing><coordinates>70.8569585644441,22.7832275960222 70.8572506812437,22.7832241949802 70.8572470131365,22.7829533272342 70.8569548969131,22.7829567282314 70.8569585644441,22.7832275960222</coordinates></LinearRing></outerBoundaryIs></Polygon><Polygon><outerBoundaryIs><LinearRing><coordinates>70.8552095266059,22.7835188591042 70.8552058624759,22.7832479910539 70.8549137452862,22.7832513883558 70.8549174088401,22.7835222564509 70.8552095266059,22.7835188591042</coordinates></LinearRing></outerBoundaryIs></Polygon><Polygon><outerBoundaryIs><LinearRing><coordinates>70.8557974273085,22.7837829307587 70.8557937619705,22.7835120628078 70.8555016443161,22.7835154612232 70.8555053090779,22.7837863292188 70.8557974273085,22.7837829307587</coordinates></LinearRing></outerBoundaryIs></Polygon><Polygon><outerBoundaryIs><LinearRing><coordinates>70.855216855033,22.7840605951754 70.8555089738955,22.7840571972047 70.8555053090779,22.7837863292188 70.8552131907916,22.7837897271447 70.855216855033,22.7840605951754</coordinates></LinearRing></outerBoundaryIs></Polygon><Polygon><outerBoundaryIs><LinearRing><coordinates>70.8575574732785,22.7843042641107 70.8575538043721,22.7840333964486 70.8572616858999,22.7840367981596 70.8572653542301,22.7843076658666 70.8575574732785,22.7843042641107</coordinates></LinearRing></outerBoundaryIs></Polygon><Polygon><outerBoundaryIs><LinearRing><coordinates>70.8566884504892,22.7848562033396 70.8566847831997,22.7845853355624 70.8563926634078,22.7845887357601 70.8563963301211,22.7848596035822 70.8566884504892,22.7848562033396</coordinates></LinearRing></outerBoundaryIs></Polygon><Polygon><outerBoundaryIs><LinearRing><coordinates>70.8549540474422,22.7862309368654 70.8552461709699,22.7862275390704 70.8552351770758,22.7854149351829 70.8549430552766,22.7854183328434 70.8549540474422,22.7862309368654</coordinates></LinearRing></outerBoundaryIs></Polygon><Polygon><outerBoundaryIs><LinearRing><coordinates>70.8549687044428,22.7873144087582 70.8549650401091,22.7870435407996 70.8546729147969,22.7870469381947 70.8546765785543,22.7873178061981 70.8549687044428,22.7873144087582</coordinates></LinearRing></outerBoundaryIs></Polygon><Polygon><outerBoundaryIs><LinearRing><coordinates>70.8546948981771,22.7886721460688 70.8546802423675,22.7875886741917 70.8543881158471,22.787592071142 70.8544027693515,22.7886755431984 70.8546948981771,22.7886721460688</coordinates></LinearRing></outerBoundaryIs></Polygon><Polygon><outerBoundaryIs><LinearRing><coordinates>70.855005350844,22.7900230878076 70.85558961398,22.7900162904277 70.8555859479365,22.7897454226563 70.8550016859532,22.7897522199465 70.855005350844,22.7900230878076</coordinates></LinearRing></outerBoundaryIs></Polygon><Polygon><outerBoundaryIs><LinearRing><coordinates>70.8553048135414,22.7905614249881 70.8553011479628,22.7902905571914 70.8550090157905,22.7902939556589 70.8550126807928,22.7905648235004 70.8553048135414,22.7905614249881</coordinates></LinearRing></outerBoundaryIs></Polygon><Polygon><outerBoundaryIs><LinearRing><coordinates>70.8547205479885,22.7905682214783 70.8547168835626,22.7902973535919 70.854424751279,22.7903007509904 70.8544284151285,22.7905716189216 70.8547205479885,22.7905682214783</coordinates></LinearRing></outerBoundaryIs></Polygon><Polygon><outerBoundaryIs><LinearRing><coordinates>70.8541399455416,22.7908458837968 70.8544320790337,22.7908424868431 70.8544284151285,22.7905716189216 70.8541362822128,22.7905750158305 70.8541399455416,22.7908458837968</coordinates></LinearRing></outerBoundaryIs></Polygon><Polygon><outerBoundaryIs><LinearRing><coordinates>70.858525614101,22.791065740652 70.8585219420707,22.7907948733685 70.8582298093592,22.7907982778052 70.8582334808131,22.7910691451337 70.858525614101,22.791065740652</coordinates></LinearRing></outerBoundaryIs></Polygon><Polygon><outerBoundaryIs><LinearRing><coordinates>70.8576565548395,22.7916176873008 70.8576528844268,22.7913468199021 70.8567764821643,22.7913570270676 70.8567801508478,22.791627894601 70.8576565548395,22.7916176873008</coordinates></LinearRing></outerBoundaryIs></Polygon><Polygon><outerBoundaryIs><LinearRing><coordinates>70.858532958329,22.7916074751899 70.8588250927139,22.7916040700838 70.8588214199956,22.7913332028647 70.8585292861871,22.7913366079258 70.858532958329,22.7916074751899</coordinates></LinearRing></outerBoundaryIs></Polygon><Polygon><outerBoundaryIs><LinearRing><coordinates>70.8553231422704,22.7919157638254 70.8553194764131,22.7916448960775 70.8550273413589,22.7916482947692 70.8550310066398,22.791919162562 70.8553231422704,22.7919157638254</coordinates></LinearRing></outerBoundaryIs></Polygon><Polygon><outerBoundaryIs><LinearRing><coordinates>70.8594130352431,22.7918681253877 70.8594093613161,22.7915972582682 70.8591172270429,22.7916006644433 70.8591209003935,22.7918715316077 70.8594130352431,22.7918681253877</coordinates></LinearRing></outerBoundaryIs></Polygon><Polygon><outerBoundaryIs><LinearRing><coordinates>70.8564916842353,22.7919021635339 70.8567838195871,22.7918987621247 70.8567801508478,22.791627894601 70.8564880160724,22.7916312959654 70.8564916842353,22.7919021635339</coordinates></LinearRing></outerBoundaryIs></Polygon><Polygon><outerBoundaryIs><LinearRing><coordinates>70.8562032164699,22.7921764320123 70.8561995488276,22.7919055644086 70.8559074133643,22.7919089647488 70.8559110804301,22.7921798323973 70.8562032164699,22.7921764320123</coordinates></LinearRing></outerBoundaryIs></Polygon><Polygon><outerBoundaryIs><LinearRing><coordinates>70.8600009799104,22.7921321783639 70.8599973047748,22.7918613113441 70.8597051700368,22.7918647186331 70.8597088445961,22.792135585698 70.8600009799104,22.7921321783639</coordinates></LinearRing></outerBoundaryIs></Polygon><Polygon><outerBoundaryIs><LinearRing><coordinates>70.8582518389198,22.7924234816298 70.8591282472621,22.7924132659074 70.8591245737999,22.7921423987624 70.8582481671868,22.7921526143501 70.8582518389198,22.7924234816298</coordinates></LinearRing></outerBoundaryIs></Polygon><Polygon><outerBoundaryIs><LinearRing><coordinates>70.8559147475516,22.792450700036 70.8559110804301,22.7921798323973 70.8556189443346,22.7921832322477 70.8556226108797,22.7924540999313 70.8559147475516,22.792450700036</coordinates></LinearRing></outerBoundaryIs></Polygon><Polygon><outerBoundaryIs><LinearRing><coordinates>70.8600083303492,22.7926739123744 70.8600046551019,22.792403045374 70.8597125192111,22.792406452753 70.8597161938821,22.7926773197983 70.8600083303492,22.7926739123744</coordinates></LinearRing></outerBoundaryIs></Polygon><Polygon><outerBoundaryIs><LinearRing><coordinates>70.8603004667605,22.7926705044159 70.860592603116,22.7926670959229 70.8605889267157,22.7923962290124 70.8602967909368,22.7923996374605 70.8603004667605,22.7926705044159</coordinates></LinearRing></outerBoundaryIs></Polygon><Polygon><outerBoundaryIs><LinearRing><coordinates>70.8603041426402,22.7929413713616 70.8603004667605,22.7926705044159 70.8600083303492,22.7926739123744 70.8600120056525,22.792944779365 70.8603041426402,22.7929413713616</coordinates></LinearRing></outerBoundaryIs></Polygon><Polygon><outerBoundaryIs><LinearRing><coordinates>70.8544870442958,22.7949055044947 70.8544833795551,22.7946346367195 70.8541912379928,22.7946380343006 70.854194902157,22.7949089021206 70.8544870442958,22.7949055044947</coordinates></LinearRing></outerBoundaryIs></Polygon><Polygon><outerBoundaryIs><LinearRing><coordinates>70.8562509008924,22.7956977099723 70.8565430443707,22.7956943084695 70.8565393754271,22.7954234410375 70.8562472325254,22.7954268424954 70.8562509008924,22.7956977099723</coordinates></LinearRing></outerBoundaryIs></Polygon><Polygon><outerBoundaryIs><LinearRing><coordinates>70.8556702810384,22.7959753789308 70.8556666137686,22.795704511374 70.8553744701231,22.7957079112729 70.8553781368163,22.7959787788745 70.8556702810384,22.7959753789308</coordinates></LinearRing></outerBoundaryIs></Polygon><Polygon><outerBoundaryIs><LinearRing><coordinates>70.8550933249389,22.7965239135474 70.8550896587109,22.7962530459204 70.8547975138008,22.7962564448396 70.8548011794523,22.7965273125115 70.8550933249389,22.7965239135474</coordinates></LinearRing></outerBoundaryIs></Polygon><Polygon><outerBoundaryIs><LinearRing><coordinates>70.855677615745,22.7965171140152 70.8559697610644,22.7965137134471 70.8559660931067,22.7962428459546 70.8556739483638,22.7962462464779 70.855677615745,22.7965171140152</coordinates></LinearRing></outerBoundaryIs></Polygon><Polygon><outerBoundaryIs><LinearRing><coordinates>70.8580221208937,22.7970316288274 70.8580184487884,22.7967607616686 70.8577263032829,22.7967641660242 70.8577299748116,22.7970350332279 70.8580221208937,22.7970316288274</coordinates></LinearRing></outerBoundaryIs></Polygon><Polygon><outerBoundaryIs><LinearRing><coordinates>70.8574378286737,22.7970384370937 70.8574414996816,22.7973093043325 70.8577336463961,22.7973059004218 70.8577299748116,22.7970350332279 70.8574378286737,22.7970384370937</coordinates></LinearRing></outerBoundaryIs></Polygon></MultiGeometry>
  </Placemark>
  <Placemark id="flood_extent_S0_release.2">
	<name>0.5-1.5 m</name>
	<Style><LineStyle><color>ff0000ff</color></LineStyle><PolyStyle><fill>0</fill></PolyStyle></Style>
	<ExtendedData><SchemaData schemaUrl="#flood_extent_S0_release">
		<SimpleData name="area_km2">1.057</SimpleData>
	</SchemaData></ExtendedData>
      <MultiGeometry><Polygon><outerBoundaryIs><LinearRing><coordinates>70.7735237548741,22.9280340648266 70.773537865806,22.9291175664478 70.773245423481,22.9291208338489 70.7732524781058,22.9296625846867 70.7735449215926,22.9296593171998 70.7735413936726,22.9293884418287 70.773833836525,22.9293851738464 70.7738303080774,22.9291142985084 70.7741227502954,22.9291110300309 70.7741156923988,22.9285692794115 70.7738232513427,22.9285725478032 70.7738161948218,22.9280307970589 70.7735237548741,22.9280340648266</coordinates></LinearRing></outerBoundaryIs></Polygon><Polygon><outerBoundaryIs><LinearRing><coordinates>70.7799786647633,22.9295872963191 70.7799751240617,22.9293164218936 70.779682682334,22.9293197011782 70.7796862224546,22.9295905756467 70.7799786647633,22.9295872963191</coordinates></LinearRing></outerBoundaryIs></Polygon><Polygon><outerBoundaryIs><LinearRing><coordinates>70.7749965459106,22.9288303461931 70.7750036074,22.9293720965354 70.7747111647615,22.9293753666705 70.7747182253029,22.9299171170597 70.7741333375415,22.9299236558869 70.7741403959729,22.9304654064088 70.77384795085,22.9304686751009 70.7738444221886,22.9301977998019 70.7735519775931,22.9302010679129 70.7735590338075,22.9307428185869 70.7747288165164,22.9307297425703 70.7747323470279,22.931000617721 70.7750247931524,22.9309973473283 70.775007138225,22.9296429716919 70.775299581391,22.9296397009757 70.7752925186326,22.9290979507388 70.7755849605831,22.9290946795703 70.7755778968768,22.9285529293802 70.7752854560882,22.9285562004629 70.7752889873336,22.9288270756057 70.7749965459106,22.9288303461931</coordinates></LinearRing></outerBoundaryIs><innerBoundaryIs><LinearRing><coordinates>70.774429311219,22.9301912619653 70.7747217556539,22.9301879922396 70.7747252860584,22.9304588674099 70.7744328410424,22.9304621371784 70.774429311219,22.9301912619653</coordinates></LinearRing></innerBoundaryIs></Polygon><Polygon><outerBoundaryIs><LinearRing><coordinates>70.7796897626288,22.9298614501055 70.7796862224546,22.9295905756467 70.7793937800921,22.9295938544361 70.7793973196854,22.929864728938 70.7796897626288,22.9298614501055</coordinates></LinearRing></outerBoundaryIs></Polygon><Polygon><outerBoundaryIs><LinearRing><coordinates>70.7794008593323,22.9301356034301 70.7793973196854,22.929864728938 70.7791048766884,22.9298680072322 70.7791084157543,22.9301388817674 70.7794008593323,22.9301356034301</coordinates></LinearRing></outerBoundaryIs></Polygon><Polygon><outerBoundaryIs><LinearRing><coordinates>70.7788159721227,22.9301421595665 70.7788195106612,22.9304130341349 70.7791119548738,22.9304097562928 70.7791084157543,22.9301388817674 70.7788159721227,22.9301421595665</coordinates></LinearRing></outerBoundaryIs></Polygon><Polygon><outerBoundaryIs><LinearRing><coordinates>70.7732701156029,22.9310169616107 70.7732560054983,22.929933460091 70.772963561377,22.9299367270826 70.7729776691576,22.9310202287739 70.7732701156029,22.9310169616107</coordinates></LinearRing></outerBoundaryIs></Polygon><Polygon><outerBoundaryIs><LinearRing><coordinates>70.7788230492533,22.9306839086936 70.7788195106612,22.9304130341349 70.7785270663949,22.9304163114388 70.7785306044061,22.9306871860405 70.7788230492533,22.9306839086936</coordinates></LinearRing></outerBoundaryIs></Polygon><Polygon><outerBoundaryIs><LinearRing><coordinates>70.7782416969889,22.9309613374841 70.7782381595052,22.9306904628491 70.7779457145507,22.9306937391196 70.7779492514534,22.9309646137976 70.7782416969889,22.9309613374841</coordinates></LinearRing></outerBoundaryIs></Polygon><Polygon><outerBoundaryIs><LinearRing><coordinates>70.7747358775928,22.931271492862 70.7747323470279,22.931000617721 70.7744399008498,22.9310038875755 70.7744434308338,22.9312747627594 70.7747358775928,22.931271492862</coordinates></LinearRing></outerBoundaryIs></Polygon><Polygon><outerBoundaryIs><LinearRing><coordinates>70.7776638786685,22.9315096389855 70.7776603422396,22.931238764284 70.7779527884097,22.9312354884658 70.7779492514534,22.9309646137976 70.7773643602217,22.9309711648097 70.7773678960159,22.931242039564 70.7770754497387,22.9312453143057 70.7770789850055,22.9315161890931 70.7776638786685,22.9315096389855</coordinates></LinearRing></outerBoundaryIs></Polygon><Polygon><outerBoundaryIs><LinearRing><coordinates>70.7767865380936,22.9315194633396 70.7767900728329,22.9317903381603 70.7770825203258,22.9317870638709 70.7770789850055,22.9315161890931 70.7767865380936,22.9315194633396</coordinates></LinearRing></outerBoundaryIs></Polygon><Polygon><outerBoundaryIs><LinearRing><coordinates>70.7732842265628,22.9321004629744 70.7732806987426,22.9318295876481 70.7729882505541,22.93183285494 70.7729917777932,22.9321037303092 70.7732842265628,22.9321004629744</coordinates></LinearRing></outerBoundaryIs></Polygon><Polygon><outerBoundaryIs><LinearRing><coordinates>70.7767936076257,22.9320612129713 70.7767900728329,22.9317903381603 70.7762051776864,22.9317968851243 70.7762122450014,22.9323386349084 70.7765046937635,22.9323353616096 70.7765011594982,22.9320644867654 70.7767936076257,22.9320612129713</coordinates></LinearRing></outerBoundaryIs></Polygon><Polygon><outerBoundaryIs><LinearRing><coordinates>70.7741651021676,22.9323615329282 70.7741615725508,22.9320906577404 70.7738691239416,22.93209392669 70.7738726529773,22.9323648019207 70.7741651021676,22.9323615329282</coordinates></LinearRing></outerBoundaryIs></Polygon><Polygon><outerBoundaryIs><LinearRing><coordinates>70.7759233293424,22.9326127825894 70.7759197961857,22.932341907669 70.7756273473165,22.9323451798912 70.7756308798921,22.9326160548546 70.7759233293424,22.9326127825894</coordinates></LinearRing></outerBoundaryIs></Polygon><Polygon><outerBoundaryIs><LinearRing><coordinates>70.7727099092649,22.9329196232834 70.7727063824465,22.9326487479006 70.7724139324079,22.9326520142445 70.7724174586452,22.9329228896702 70.7727099092649,22.9329196232834</coordinates></LinearRing></outerBoundaryIs></Polygon><Polygon><outerBoundaryIs><LinearRing><coordinates>70.7709552047454,22.9329392135299 70.7709516814136,22.9326683378899 70.7706592310546,22.9326716010041 70.7706627538053,22.932942476687 70.7709552047454,22.9329392135299</coordinates></LinearRing></outerBoundaryIs></Polygon><Polygon><outerBoundaryIs><LinearRing><coordinates>70.7756344125213,22.9328869298082 70.7756308798921,22.9326160548546 70.7753384303883,22.9326193265815 70.7753419624364,22.932890201578 70.7756344125213,22.9328869298082</coordinates></LinearRing></outerBoundaryIs></Polygon><Polygon><outerBoundaryIs><LinearRing><coordinates>70.7732983383779,22.933183964182 70.7732912823634,22.9326422135977 70.7729988324317,22.9326454810183 70.773005887284,22.9331872316884 70.7732983383779,22.933183964182</coordinates></LinearRing></outerBoundaryIs></Polygon><Polygon><outerBoundaryIs><LinearRing><coordinates>70.775345494538,22.9331610765648 70.7753419624364,22.932890201578 70.774757062106,22.9328967435029 70.7747605930455,22.9331676185756 70.775345494538,22.9331610765648</coordinates></LinearRing></outerBoundaryIs></Polygon><Polygon><outerBoundaryIs><LinearRing><coordinates>70.7724209849358,22.9331937650862 70.7724174586452,22.9329228896702 70.7721250079721,22.9329261555188 70.7721285336816,22.9331970309776 70.7724209849358,22.9331937650862</coordinates></LinearRing></outerBoundaryIs></Polygon><Polygon><outerBoundaryIs><LinearRing><coordinates>70.7794397989882,22.9331152221994 70.7794362587513,22.9328443478146 70.7791438093629,22.9328476265823 70.7791473490187,22.9331185010102 70.7794397989882,22.9331152221994</coordinates></LinearRing></outerBoundaryIs></Polygon><Polygon><outerBoundaryIs><LinearRing><coordinates>70.7712511795985,22.933206825422 70.7712476556322,22.9329359498346 70.7709552047454,22.9329392135299 70.7709587281306,22.9332100891602 70.7712511795985,22.933206825422</coordinates></LinearRing></outerBoundaryIs></Polygon><Polygon><outerBoundaryIs><LinearRing><coordinates>70.7747641240384,22.9334384936385 70.7747605930455,22.9331676185756 70.7744681422189,22.9331708887735 70.7744716726308,22.9334417638794 70.7747641240384,22.9334384936385</coordinates></LinearRing></outerBoundaryIs></Polygon><Polygon><outerBoundaryIs><LinearRing><coordinates>70.7791544284912,22.9336602498366 70.7791508887281,22.9333893754282 70.7788584381239,22.9333926537438 70.7788619773059,22.9336635281951 70.7791544284912,22.9336602498366</coordinates></LinearRing></outerBoundaryIs></Polygon><Polygon><outerBoundaryIs><LinearRing><coordinates>70.7744752030961,22.9337126389755 70.7744716726308,22.9334417638794 70.7741792211696,22.9334450335819 70.7741827510539,22.9337159087209 70.7744752030961,22.9337126389755</coordinates></LinearRing></outerBoundaryIs></Polygon><Polygon><outerBoundaryIs><LinearRing><coordinates>70.7709657750611,22.9337518403915 70.7709622515692,22.9334809647807 70.7706697994668,22.9334842280234 70.7706733223776,22.933755103677 70.7709657750611,22.9337518403915</coordinates></LinearRing></outerBoundaryIs></Polygon><Polygon><outerBoundaryIs><LinearRing><coordinates>70.7695070317497,22.9340390272511 70.76950351111,22.9337681514359 70.7692110581598,22.9337714120298 70.7692145782183,22.9340422878878 70.7695070317497,22.9340390272511</coordinates></LinearRing></outerBoundaryIs></Polygon><Polygon><outerBoundaryIs><LinearRing><coordinates>70.7782841509748,22.9342118323429 70.7782806128478,22.933940957825 70.7776957089396,22.9339475108599 70.7776992459043,22.9342183854639 70.7782841509748,22.9342118323429</coordinates></LinearRing></outerBoundaryIs></Polygon><Polygon><outerBoundaryIs><LinearRing><coordinates>70.7709728222052,22.9342935915838 70.7709692986064,22.9340227159925 70.7706768453418,22.9340259793209 70.7706803683594,22.934296854955 70.7709728222052,22.9342935915838</coordinates></LinearRing></outerBoundaryIs></Polygon><Polygon><outerBoundaryIs><LinearRing><coordinates>70.7703914369501,22.9345709934551 70.7700989824165,22.9345742557924 70.7701025043785,22.9348451314927 70.7703949594933,22.9348418691125 70.7703914369501,22.9345709934551</coordinates></LinearRing></outerBoundaryIs></Polygon><Polygon><outerBoundaryIs><LinearRing><coordinates>70.7762475847892,22.9350473832437 70.7759551301624,22.9350506564339 70.7759586638545,22.9353215312568 70.7762511190625,22.9353182580236 70.7762475847892,22.9350473832437</coordinates></LinearRing></outerBoundaryIs></Polygon><Polygon><outerBoundaryIs><LinearRing><coordinates>70.7759621976001,22.9355924060698 70.7759586638545,22.9353215312568 70.7756662085929,22.9353248039516 70.7756697417574,22.9355956788077 70.7759621976001,22.9355924060698</coordinates></LinearRing></outerBoundaryIs></Polygon><Polygon><outerBoundaryIs><LinearRing><coordinates>70.7695281567081,22.9356642819372 70.7695246357483,22.9353934061806 70.7692321793111,22.9353966670313 70.7692356996897,22.9356675428308 70.7695281567081,22.9356642819372</coordinates></LinearRing></outerBoundaryIs></Polygon><Polygon><outerBoundaryIs><LinearRing><coordinates>70.7750918940762,22.9361439725228 70.775088361967,22.9358730976003 70.7747959053825,22.935876368766 70.7747994369105,22.9361472437314 70.7750918940762,22.9361439725228</coordinates></LinearRing></outerBoundaryIs></Polygon><Polygon><outerBoundaryIs><LinearRing><coordinates>70.7745140417454,22.9366922643889 70.7745105106916,22.9364213894001 70.7742180528378,22.9364246595749 70.7742215833103,22.9366955346066 70.7745140417454,22.9366922643889</coordinates></LinearRing></outerBoundaryIs></Polygon><Polygon><outerBoundaryIs><LinearRing><coordinates>70.7692603438332,22.9375636731539 70.7692568230812,22.9372927974227 70.7689643625222,22.9372960580347 70.7689678826929,22.9375669338087 70.7692603438332,22.9375636731539</coordinates></LinearRing></outerBoundaryIs></Polygon><Polygon><outerBoundaryIs><LinearRing><coordinates>70.773647254531,22.9375146987209 70.7736437250604,22.9372438236326 70.7733512653024,22.9372470923209 70.7733547941918,22.9375179674521 70.773647254531,22.9375146987209</coordinates></LinearRing></outerBoundaryIs></Polygon><Polygon><outerBoundaryIs><LinearRing><coordinates>70.772776928967,22.938066253704 70.7727734011333,22.9377953785065 70.7724809400524,22.9377986456653 70.7724844673049,22.9380695209057 70.772776928967,22.938066253704</coordinates></LinearRing></outerBoundaryIs></Polygon><Polygon><outerBoundaryIs><LinearRing><coordinates>70.7683935175969,22.9383860810232 70.768386479314,22.9378443293528 70.7680940174325,22.9378475884351 70.7681010545529,22.938389340191 70.7683935175969,22.9383860810232</coordinates></LinearRing></outerBoundaryIs></Polygon><Polygon><outerBoundaryIs><LinearRing><coordinates>70.7724879946108,22.9383403961363 70.7724844673049,22.9380695209057 70.7721920055894,22.9380727875689 70.772195532314,22.9383436628424 70.7724879946108,22.9383403961363</coordinates></LinearRing></outerBoundaryIs></Polygon><Polygon><outerBoundaryIs><LinearRing><coordinates>70.7719030699638,22.9383469290101 70.7719065961606,22.9386178043167 70.7721990590921,22.9386145381062 70.772195532314,22.9383436628424 70.7719030699638,22.9383469290101</coordinates></LinearRing></outerBoundaryIs></Polygon><Polygon><outerBoundaryIs><LinearRing><coordinates>70.7719136487145,22.9391595549008 70.7719101224109,22.9388886796136 70.7716176588447,22.9388919453286 70.771621184567,22.9391628206586 70.7719136487145,22.9391595549008</coordinates></LinearRing></outerBoundaryIs></Polygon><Polygon><outerBoundaryIs><LinearRing><coordinates>70.7631432100084,22.9395281699605 70.763136192226,22.9389864168301 70.7628437270612,22.938989666391 70.762850743681,22.9395314196067 70.7631432100084,22.9395281699605</coordinates></LinearRing></outerBoundaryIs></Polygon><Polygon><outerBoundaryIs><LinearRing><coordinates>70.7643165860825,22.9397860423704 70.7643095635432,22.939244289601 70.7634321667835,22.9392540432581 70.7634391858349,22.9397957962836 70.7643165860825,22.9397860423704</coordinates></LinearRing></outerBoundaryIs></Polygon><Polygon><outerBoundaryIs><LinearRing><coordinates>70.7654864523346,22.939773029614 70.765482938713,22.9395021534049 70.7646055408478,22.9395119136519 70.7646090527253,22.9397827899891 70.7654864523346,22.939773029614</coordinates></LinearRing></outerBoundaryIs></Polygon><Polygon><outerBoundaryIs><LinearRing><coordinates>70.766656317735,22.9397600082417 70.7666528017881,22.9394891322035 70.7663603360992,22.9394923883116 70.7663638514647,22.9397632643925 70.766656317735,22.9397600082417</coordinates></LinearRing></outerBoundaryIs></Polygon><Polygon><outerBoundaryIs><LinearRing><coordinates>70.7713463468725,22.940520462596 70.7713428214644,22.9402495872719 70.7716352879906,22.9402463218811 70.771621184567,22.9391628206586 70.7713287203661,22.9391660858779 70.7713357708085,22.9397078365944 70.7710433053915,22.939711101361 70.7710538797116,22.9405237274911 70.7713463468725,22.940520462596</coordinates></LinearRing></outerBoundaryIs></Polygon><Polygon><outerBoundaryIs><LinearRing><coordinates>70.7669523005333,22.940027627538 70.7669487839519,22.9397567515524 70.766656317735,22.9397600082417 70.766659833735,22.9400308842701 70.7669523005333,22.940027627538</coordinates></LinearRing></outerBoundaryIs></Polygon><Polygon><outerBoundaryIs><LinearRing><coordinates>70.7652010120915,22.9403180360851 70.7651974989448,22.9400471598529 70.7649050318271,22.9400504133539 70.7649085443924,22.9403212896289 70.7652010120915,22.9403180360851</coordinates></LinearRing></outerBoundaryIs></Polygon><Polygon><outerBoundaryIs><LinearRing><coordinates>70.7663708823555,22.940305016525 70.7663673668835,22.9400341404636 70.7657824330206,22.9400406512352 70.76578594733,22.9403115273821 70.7663708823555,22.940305016525</coordinates></LinearRing></outerBoundaryIs></Polygon><Polygon><outerBoundaryIs><LinearRing><coordinates>70.7654934797373,22.9403147820029 70.7654969935186,22.9405856581827 70.7657894616925,22.9405824035192 70.76578594733,22.9403115273821 70.7654934797373,22.9403147820029</coordinates></LinearRing></outerBoundaryIs></Polygon><Polygon><outerBoundaryIs><LinearRing><coordinates>70.767547787522,22.9408337401003 70.7675442696181,22.9405628642295 70.7672518017637,22.940566122124 70.7672553190863,22.9408369980377 70.767547787522,22.9408337401003</coordinates></LinearRing></outerBoundaryIs></Polygon><Polygon><outerBoundaryIs><LinearRing><coordinates>70.7710609295253,22.9410654781958 70.7710538797116,22.9405237274911 70.7707614124973,22.9405269918478 70.7707684611483,22.9410687426381 70.7710609295253,22.9410654781958</coordinates></LinearRing></outerBoundaryIs></Polygon><Polygon><outerBoundaryIs><LinearRing><coordinates>70.7669663673917,22.9411111313831 70.7669628505972,22.9408402554365 70.7666703820549,22.9408435122968 70.766673898268,22.9411143882862 70.7669663673917,22.9411111313831</coordinates></LinearRing></outerBoundaryIs></Polygon><Polygon><outerBoundaryIs><LinearRing><coordinates>70.7707719855539,22.9413396180186 70.7707684611483,22.9410687426381 70.7704759927179,22.9410720065419 70.7704795165421,22.9413428819653 70.7707719855539,22.9413396180186</coordinates></LinearRing></outerBoundaryIs></Polygon><Polygon><outerBoundaryIs><LinearRing><coordinates>70.7672658713737,22.9416496257201 70.7672623538913,22.9413787498357 70.7669698842395,22.94138200732 70.7669734011406,22.9416528832472 70.7672658713737,22.9416496257201</coordinates></LinearRing></outerBoundaryIs></Polygon><Polygon><outerBoundaryIs><LinearRing><coordinates>70.7704865643507,22.9418846327828 70.7704795165421,22.9413428819653 70.7701870474769,22.9413461453734 70.7701940941228,22.9418878962766 70.7704865643507,22.9418846327828</coordinates></LinearRing></outerBoundaryIs></Polygon><Polygon><outerBoundaryIs><LinearRing><coordinates>70.7672764241408,22.9424622533147 70.7672729064985,22.9421913774596 70.7669804351025,22.9421946350722 70.7669839521634,22.9424655109701 70.7672764241408,22.9424622533147</coordinates></LinearRing></outerBoundaryIs></Polygon><Polygon><outerBoundaryIs><LinearRing><coordinates>70.7696161980406,22.942436172684 70.7696232427877,22.9429779236804 70.7693307700741,22.9429811857298 70.7693378138718,22.9435229367728 70.7696302877483,22.9435196746378 70.7696267652413,22.943248799164 70.769919238483,22.9432455365331 70.7699121924663,22.9427037856419 70.7702046644918,22.9427005225581 70.7701940941228,22.9418878962766 70.7699016238415,22.9418911592318 70.769908669538,22.9424329101816 70.7696161980406,22.942436172684</coordinates></LinearRing></outerBoundaryIs></Polygon><Polygon><outerBoundaryIs><LinearRing><coordinates>70.7693519021075,22.9446064387418 70.7693448578829,22.9440646877768 70.7696373329223,22.9440614255561 70.7696338103086,22.9437905501018 70.7693413358507,22.9437938122797 70.7693378138718,22.9435229367728 70.7690453399419,22.9435261983693 70.7690523827902,22.9440679494589 70.7687599076441,22.9440712106024 70.768770470572,22.944883837292 70.7684779936282,22.9448870980253 70.7684885552917,22.9456997247555 70.76819607655,22.9457029850785 70.7682031167626,22.9462447362688 70.7679106368045,22.9462479961387 70.7679317552326,22.9478732497322 70.7682242386801,22.9478699896056 70.7682066369488,22.9465156118493 70.7684991174351,22.946512351398 70.7684920759528,22.9459706003128 70.7687845552227,22.9459673394084 70.7687775127907,22.9454255883697 70.7690699908442,22.9454223270122 70.7690594258518,22.9446097005095 70.7693519021075,22.9446064387418</coordinates></LinearRing></outerBoundaryIs></Polygon><Polygon><outerBoundaryIs><LinearRing><coordinates>70.7655813402385,22.9470866835728 70.7655778251796,22.946815807627 70.7652853435789,22.9468190627344 70.7652888580563,22.9470899387229 70.7655813402385,22.9470866835728</coordinates></LinearRing></outerBoundaryIs></Polygon><Polygon><outerBoundaryIs><LinearRing><coordinates>70.7650209745817,22.9489893252796 70.7644360018088,22.9489958334842 70.7644430281787,22.9495375855516 70.764735515755,22.9495343316333 70.7647320019618,22.9492634556472 70.7650244889033,22.9492602012328 70.7650209745817,22.9489893252796</coordinates></LinearRing></outerBoundaryIs></Polygon><Polygon><outerBoundaryIs><LinearRing><coordinates>70.7650280032781,22.9495310771762 70.764735515755,22.9495343316333 70.7647390296014,22.9498052076097 70.7650315177062,22.9498019531099 70.7650280032781,22.9495310771762</coordinates></LinearRing></outerBoundaryIs></Polygon><Polygon><outerBoundaryIs><LinearRing><coordinates>70.7682312797458,22.9484117406399 70.7676463104713,22.9484182605254 70.7676533494239,22.9489600116918 70.7673608635434,22.948963270912 70.7673784589496,22.9503176488709 70.7670859701076,22.9503209077662 70.7670930074798,22.950862658967 70.7673854974851,22.9508593999862 70.7674101340386,22.9527555285824 70.7677026280627,22.9527522687635 70.7676955876174,22.9522105178703 70.7679880804246,22.952207257598 70.7679704773359,22.9508528804082 70.7676779874372,22.9508561404666 70.7676709477383,22.9503143894369 70.7679634364736,22.950311129464 70.7679423151665,22.9486858763973 70.7682348003587,22.9486826161424 70.7682312797458,22.9484117406399</coordinates></LinearRing></outerBoundaryIs></Polygon><Polygon><outerBoundaryIs><LinearRing><coordinates>70.7653415816048,22.9511530773798 70.7653380663289,22.9508822015377 70.7650455759507,22.950885456747 70.7650490906449,22.9511563326319 70.7653415816048,22.9511530773798</coordinates></LinearRing></outerBoundaryIs></Polygon><Polygon><outerBoundaryIs><LinearRing><coordinates>70.7886461090807,22.899147523799 70.7886567674286,22.8999601462798 70.7889491447436,22.8999568544467 70.7889420379645,22.8994151062224 70.7895267901127,22.899408521117 70.7895232356441,22.8991376470769 70.7892308601768,22.899140939855 70.789227306342,22.8988700657618 70.788350181357,22.8988799407419 70.7883537334519,22.8991508149649 70.7886461090807,22.899147523799</coordinates></LinearRing></outerBoundaryIs></Polygon><Polygon><outerBoundaryIs><LinearRing><coordinates>70.7883608378033,22.8996925633817 70.7883537334519,22.8991508149649 70.7880613577692,22.8991541055934 70.7880684609606,22.8996958540967 70.7883608378033,22.8996925633817</coordinates></LinearRing></outerBoundaryIs></Polygon><Polygon><outerBoundaryIs><LinearRing><coordinates>70.7872019800804,22.9005183460881 70.7871984300363,22.9002474717409 70.7877831863109,22.9002408928251 70.7877796351606,22.8999700185546 70.7871948800459,22.8999765973839 70.7871913301094,22.8997057230172 70.7868989530514,22.8997090115825 70.7869096012823,22.9005216347831 70.7872019800804,22.9005183460881</coordinates></LinearRing></outerBoundaryIs></Polygon><Polygon><outerBoundaryIs><LinearRing><coordinates>70.7883750471525,22.9007760600983 70.7883785996245,22.901046934253 70.7886709793134,22.9010436427843 70.7886567674286,22.8999601462798 70.7883643900598,22.8999634375755 70.7883679423702,22.9002343117595 70.7880755643675,22.900237602561 70.7880791161517,22.9005084767785 70.7877867375151,22.9005117670858 70.7877902887732,22.9007826413369 70.7883750471525,22.9007760600983</coordinates></LinearRing></outerBoundaryIs></Polygon><Polygon><outerBoundaryIs><LinearRing><coordinates>70.7901293209975,22.9007563034838 70.7901257650992,22.9004854295789 70.7892486301593,22.9004953101748 70.7892521843175,22.9007661842096 70.7901293209975,22.9007563034838</coordinates></LinearRing></outerBoundaryIs></Polygon><Polygon><outerBoundaryIs><LinearRing><coordinates>70.7874979095027,22.90078593115 70.7874943588247,22.9005150568557 70.7872019800804,22.9005183460881 70.7872055301784,22.9007892204256 70.7874979095027,22.90078593115</coordinates></LinearRing></outerBoundaryIs></Polygon><Polygon><outerBoundaryIs><LinearRing><coordinates>70.7904359262353,22.9018365041823 70.7904323695413,22.9015656303598 70.7901399890157,22.9015689251399 70.7901435451297,22.9018397990057 70.7904359262353,22.9018365041823</coordinates></LinearRing></outerBoundaryIs></Polygon><Polygon><outerBoundaryIs><LinearRing><coordinates>70.78838570473,22.9015886825333 70.7883892573635,22.9018595566588 70.7886816387926,22.9018562650603 70.7886851920601,22.9021271391329 70.7889775740154,22.9021238469536 70.7889740201678,22.9018529729244 70.7892664014891,22.9018496802509 70.7892628471154,22.9015788062552 70.7889704663741,22.9015820988854 70.7889669126343,22.9013112248366 70.7886745324193,22.9013145168861 70.788678085579,22.9015853909781 70.78838570473,22.9015886825333</coordinates></LinearRing></outerBoundaryIs></Polygon><Polygon><outerBoundaryIs><LinearRing><coordinates>70.7904537105142,22.9031908731488 70.7904465966408,22.9026491255915 70.7901542137949,22.9026524205447 70.7901613265081,22.9031941681887 70.7904537105142,22.9031908731488</coordinates></LinearRing></outerBoundaryIs></Polygon><Polygon><outerBoundaryIs><LinearRing><coordinates>70.7901897795175,22.9053611583743 70.7901933363864,22.9056320321036 70.7904857256138,22.905628736674 70.7904750534285,22.9048161155867 70.7901826659416,22.9048194108864 70.7901791092345,22.9045485371278 70.7898867222739,22.9045518318467 70.7898973908164,22.905364453223 70.7901897795175,22.9053611583743</coordinates></LinearRing></outerBoundaryIs></Polygon><Polygon><outerBoundaryIs><LinearRing><coordinates>70.7896050020613,22.9053677475342 70.7896085577698,22.9056386213501 70.7899009471051,22.9056353269957 70.7898973908164,22.905364453223 70.7896050020613,22.9053677475342</coordinates></LinearRing></outerBoundaryIs></Polygon><Polygon><outerBoundaryIs><LinearRing><coordinates>70.7896263371209,22.9069929902834 70.7896227811428,22.9067221165162 70.7893303894329,22.9067254105062 70.7893339448307,22.9069962843167 70.7896263371209,22.9069929902834</coordinates></LinearRing></outerBoundaryIs></Polygon><Polygon><outerBoundaryIs><LinearRing><coordinates>70.7890486622834,22.9075413254905 70.789045107358,22.9072704516563 70.7887527143798,22.9072737446577 70.7887562687249,22.9075446185351 70.7890486622834,22.9075413254905</coordinates></LinearRing></outerBoundaryIs></Polygon><Polygon><outerBoundaryIs><LinearRing><coordinates>70.787336921651,22.9108115640579 70.787333369561,22.9105406900812 70.787040969296,22.9105439803756 70.7870445208057,22.9108148543955 70.787336921651,22.9108115640579</coordinates></LinearRing></outerBoundaryIs></Polygon><Polygon><outerBoundaryIs><LinearRing><coordinates>70.7873440259926,22.911353311982 70.7873404737949,22.9110824380248 70.7870480723692,22.9110857284057 70.7870516239866,22.9113566024061 70.7873440259926,22.911353311982</coordinates></LinearRing></outerBoundaryIs></Polygon><Polygon><outerBoundaryIs><LinearRing><coordinates>70.7905604445033,22.9113170818271 70.7905568859215,22.911046208346 70.7902644850887,22.9110495046417 70.7902680430901,22.9113203781662 70.7905604445033,22.9113170818271</coordinates></LinearRing></outerBoundaryIs></Polygon><Polygon><outerBoundaryIs><LinearRing><coordinates>70.7902751592547,22.9118621251859 70.7902716011454,22.9115912516809 70.7899791990979,22.9115945475255 70.7899827566268,22.9118654210738 70.7902751592547,22.9118621251859</coordinates></LinearRing></outerBoundaryIs></Polygon><Polygon><outerBoundaryIs><LinearRing><coordinates>70.7899934295371,22.9126780416601 70.7899863142096,22.9121362946123 70.7896939109474,22.9121395900058 70.789701025114,22.9126813371402 70.7899934295371,22.9126780416601</coordinates></LinearRing></outerBoundaryIs></Polygon><Polygon><outerBoundaryIs><LinearRing><coordinates>70.7867805292791,22.9129851363494 70.7867769779191,22.9127142623643 70.7864845729034,22.912717551929 70.786488123683,22.9129884259574 70.7867805292791,22.9129851363494</coordinates></LinearRing></outerBoundaryIs></Polygon><Polygon><outerBoundaryIs><LinearRing><coordinates>70.7844412830033,22.9130114381554 70.7844377362867,22.9127405638248 70.7838529253408,22.9127471338122 70.783860016506,22.9132888826364 70.7850296428262,22.9132757401651 70.785026094895,22.9130048659306 70.7844412830033,22.9130114381554</coordinates></LinearRing></outerBoundaryIs></Polygon><Polygon><outerBoundaryIs><LinearRing><coordinates>70.7859068620017,22.913265877665 70.7859033123292,22.91299500356 70.7853185007602,22.9130015790115 70.7853220492719,22.9132724532028 70.7859068620017,22.913265877665</coordinates></LinearRing></outerBoundaryIs></Polygon><Polygon><outerBoundaryIs><LinearRing><coordinates>70.7891197721095,22.9129588001262 70.789126884278,22.9135005473752 70.7888344779519,22.9135038413718 70.7888451448675,22.914316462302 70.7891375529349,22.9143131681755 70.789133996662,22.9140422945852 70.7894264040951,22.9140389999642 70.7894157338585,22.9132263792645 70.7897081394964,22.9132230842356 70.789701025114,22.9126813371402 70.789408620637,22.9126846320825 70.7894121772208,22.9129555056784 70.7891197721095,22.9129588001262</coordinates></LinearRing></outerBoundaryIs></Polygon><Polygon><outerBoundaryIs><LinearRing><coordinates>70.7859139615082,22.9138076258457 70.7859104117281,22.9135367517602 70.7856180048096,22.9135400398412 70.7856215540093,22.9138109139699 70.7859139615082,22.9138076258457</coordinates></LinearRing></outerBoundaryIs></Polygon><Polygon><outerBoundaryIs><LinearRing><coordinates>70.7850544798507,22.915171859534 70.785050931543,22.9149009853677 70.7847585215608,22.9149042720513 70.784762069288,22.9151751462607 70.7850544798507,22.915171859534</coordinates></LinearRing></outerBoundaryIs></Polygon><Polygon><outerBoundaryIs><LinearRing><coordinates>70.7844696586715,22.9151784324496 70.7844767531262,22.9157201809257 70.7847691649038,22.9157168946504 70.784762069288,22.9151751462607 70.7844696586715,22.9151784324496</coordinates></LinearRing></outerBoundaryIs></Polygon><Polygon><outerBoundaryIs><LinearRing><coordinates>70.7885527367461,22.9143197558906 70.7885634024054,22.9151323768628 70.7882709924887,22.9151356700434 70.7882781020366,22.9156774173959 70.787985690905,22.9156807101252 70.7879892451793,22.9159515838301 70.7876968334133,22.9159548760648 70.7877003871609,22.9162257498032 70.7874079747605,22.9162290415433 70.7874115279815,22.9164999153152 70.7877039409624,22.9164966235318 70.7877146026901,22.9173092446591 70.7880070173588,22.9173059522081 70.7879927995074,22.9162224575252 70.7882852118001,22.9162191647094 70.7882816568914,22.9159482910575 70.7885740685496,22.9159449977471 70.7885669577329,22.9154032505006 70.7888593681762,22.9153999567389 70.7888451448675,22.914316462302 70.7885527367461,22.9143197558906</coordinates></LinearRing></outerBoundaryIs></Polygon><Polygon><outerBoundaryIs><LinearRing><coordinates>70.7844873952116,22.9165328035666 70.784483847796,22.9162619293627 70.7841914348037,22.9162652151864 70.7841949816387,22.9165360894334 70.7844873952116,22.9165328035666</coordinates></LinearRing></outerBoundaryIs></Polygon><Polygon><outerBoundaryIs><LinearRing><coordinates>70.7903427735801,22.9170087199268 70.7903392144459,22.9167378466072 70.7900468013695,22.9167411432746 70.7900503599232,22.9170120166375 70.7903427735801,22.9170087199268</coordinates></LinearRing></outerBoundaryIs></Polygon><Polygon><outerBoundaryIs><LinearRing><coordinates>70.787418634585,22.9170416628296 70.7874150812563,22.9167707890773 70.787122667641,22.916774080366 70.7871262203891,22.9170449541616 70.787418634585,22.9170416628296</coordinates></LinearRing></outerBoundaryIs></Polygon><Polygon><outerBoundaryIs><LinearRing><coordinates>70.7871368789565,22.9178575754898 70.7871297731911,22.9173158279474 70.7868373583608,22.9173191187848 70.7868444629651,22.9178608664136 70.7871368789565,22.9178575754898</coordinates></LinearRing></outerBoundaryIs></Polygon><Polygon><outerBoundaryIs><LinearRing><coordinates>70.7897650623203,22.9175570595935 70.7894726473944,22.9175603553151 70.789479762557,22.9181021021458 70.789772178644,22.9180988063376 70.7897650623203,22.9175570595935</coordinates></LinearRing></outerBoundaryIs></Polygon><Polygon><outerBoundaryIs><LinearRing><coordinates>70.7894833202191,22.9183729755465 70.7891909034975,22.91837627086 70.789194460633,22.9186471442943 70.7894868779352,22.9186438489375 70.7894833202191,22.9183729755465</coordinates></LinearRing></outerBoundaryIs></Polygon><Polygon><outerBoundaryIs><LinearRing><coordinates>70.7891980178224,22.9189180177187 70.789194460633,22.9186471442943 70.7889020432769,22.9186504391131 70.7889055998857,22.9189213125809 70.7891980178224,22.9189180177187</coordinates></LinearRing></outerBoundaryIs></Polygon><Polygon><outerBoundaryIs><LinearRing><coordinates>70.7903712485957,22.9191757061324 70.7903605700602,22.9183630863785 70.7900681535005,22.9183663833058 70.7900788302941,22.9191790031896 70.7903712485957,22.9191757061324</coordinates></LinearRing></outerBoundaryIs></Polygon><Polygon><outerBoundaryIs><LinearRing><coordinates>70.7877288190811,22.9183927393589 70.7877252649026,22.9181218656986 70.7874328484382,22.9181251577414 70.7874292948941,22.9178542840281 70.7871368789565,22.9178575754898 70.7871475380087,22.9186701967302 70.7868551202754,22.9186734877837 70.7868764363498,22.9202987302605 70.7874612787301,22.9202921470968 70.7874577247551,22.9200212734615 70.7877501452838,22.920017981116 70.787746590782,22.9197471075142 70.7871617508321,22.9197536915808 70.7871510911337,22.9189410704575 70.7874435093937,22.9189377788229 70.7874364020362,22.918396031445 70.7877288190811,22.9183927393589</coordinates></LinearRing></outerBoundaryIs></Polygon><Polygon><outerBoundaryIs><LinearRing><coordinates>70.7900823893332,22.9194498764647 70.7900788302941,22.9191790031896 70.7897864119386,22.9191822997088 70.7897899703971,22.9194531730272 70.7900823893332,22.9194498764647</coordinates></LinearRing></outerBoundaryIs></Polygon><Polygon><outerBoundaryIs><LinearRing><coordinates>70.7883314305165,22.9197405212958 70.7883278749073,22.9194696477708 70.7877430363341,22.9194762339027 70.787746590782,22.9197471075142 70.7883314305165,22.9197405212958</coordinates></LinearRing></outerBoundaryIs></Polygon><Polygon><outerBoundaryIs><LinearRing><coordinates>70.789508225364,22.9202690890783 70.7895046673244,22.9199982157459 70.7892122471191,22.9200015113191 70.789215804578,22.9202723846949 70.789508225364,22.9202690890783</coordinates></LinearRing></outerBoundaryIs></Polygon><Polygon><outerBoundaryIs><LinearRing><coordinates>70.7886380756013,22.9208207212092 70.7886416320607,22.9210915946422 70.7895188998065,22.9210817090171 70.7895117834576,22.920539962401 70.7892193620909,22.9205432580608 70.789215804578,22.9202723846949 70.7883385418966,22.9202822683166 70.7883420976675,22.9205531418124 70.7889269406704,22.9205465531826 70.7889304976565,22.9208174265821 70.7886380756013,22.9208207212092</coordinates></LinearRing></outerBoundaryIs></Polygon><Polygon><outerBoundaryIs><LinearRing><coordinates>70.7883492093709,22.9210948887747 70.7883598773303,22.9219075091449 70.7886523017621,22.9219042148827 70.7886416320607,22.9210915946422 70.7883492093709,22.9210948887747</coordinates></LinearRing></outerBoundaryIs></Polygon><Polygon><outerBoundaryIs><LinearRing><coordinates>70.787771473426,22.9216432225218 70.7877750283049,22.9219140960553 70.7874826037114,22.9219173887036 70.7875003760104,22.9232717564409 70.7877928035076,22.9232684635764 70.7877821382244,22.922455843093 70.7880745639254,22.9224525498203 70.788071008358,22.9221816763496 70.7883634334245,22.9221783825821 70.7883598773303,22.9219075091449 70.7880674528445,22.9219108028691 70.7880638973849,22.9216399293789 70.787771473426,22.9216432225218</coordinates></LinearRing></outerBoundaryIs></Polygon><Polygon><outerBoundaryIs><LinearRing><coordinates>70.784572549317,22.9230337815333 70.7845654519584,22.922492033584 70.7839805992106,22.9224986066791 70.7839876942462,22.923040354801 70.784572549317,22.9230337815333</coordinates></LinearRing></outerBoundaryIs></Polygon><Polygon><outerBoundaryIs><LinearRing><coordinates>70.7839983372027,22.9238529769108 70.7839947894968,22.9235821028839 70.7837023607192,22.923585388797 70.7837059078443,22.923856262867 70.7839983372027,22.9238529769108</coordinates></LinearRing></outerBoundaryIs></Polygon><Polygon><outerBoundaryIs><LinearRing><coordinates>70.7878034692758,22.924081083972 70.7877999139659,22.9238102105166 70.7875074853071,22.9238135034675 70.7875110400363,22.9240843769662 70.7878034692758,22.924081083972</coordinates></LinearRing></outerBoundaryIs></Polygon><Polygon><outerBoundaryIs><LinearRing><coordinates>70.7837200968826,22.9249397590494 70.7837059078443,22.923856262867 70.7834134784322,22.9238595482852 70.7834276651473,22.9249430446402 70.7837200968826,22.9249397590494</coordinates></LinearRing></outerBoundaryIs></Polygon><Polygon><outerBoundaryIs><LinearRing><coordinates>70.7872292735112,22.9249002899895 70.7872257192012,22.9246294164769 70.7869332886924,22.9246327084814 70.7869368424215,22.9249035820373 70.7872292735112,22.9249002899895</coordinates></LinearRing></outerBoundaryIs></Polygon><Polygon><outerBoundaryIs><LinearRing><coordinates>70.7866550710461,22.9257194942857 70.7866515177362,22.9254486207159 70.7863590853772,22.9254519117739 70.7863626381063,22.925722785387 70.7866550710461,22.9257194942857</coordinates></LinearRing></outerBoundaryIs></Polygon><Polygon><outerBoundaryIs><LinearRing><coordinates>70.7828569844436,22.9260331107515 70.782853438631,22.9257622366301 70.7825610049919,22.925765520736 70.7825645502237,22.9260363949005 70.7828569844436,22.9260331107515</coordinates></LinearRing></outerBoundaryIs></Polygon><Polygon><outerBoundaryIs><LinearRing><coordinates>70.7822827502253,22.9268523010757 70.7822792054131,22.9265814268974 70.781986769924,22.9265847100564 70.7819903141553,22.9268555842779 70.7822827502253,22.9268523010757</coordinates></LinearRing></outerBoundaryIs></Polygon><Polygon><outerBoundaryIs><LinearRing><coordinates>70.7855030947035,22.9270870240291 70.7854995434479,22.9268161503352 70.7852071079693,22.9268194394569 70.785210658644,22.9270903131939 70.7855030947035,22.9270870240291</coordinates></LinearRing></outerBoundaryIs></Polygon><Polygon><outerBoundaryIs><LinearRing><coordinates>70.7819974027789,22.9273973326915 70.7819903141553,22.9268555842779 70.7816978780316,22.9268588669419 70.7817049654934,22.9274006154418 70.7819974027789,22.9273973326915</coordinates></LinearRing></outerBoundaryIs></Polygon><Polygon><outerBoundaryIs><LinearRing><coordinates>70.7814125281542,22.9274038976538 70.781419614669,22.9279456462009 70.78171205317,22.9279423639026 70.7817049654934,22.9274006154418 70.7814125281542,22.9274038976538</coordinates></LinearRing></outerBoundaryIs></Polygon><Polygon><outerBoundaryIs><LinearRing><coordinates>70.7861021768689,22.9281639384174 70.7860986242362,22.9278930648489 70.7855137487932,22.9278996450522 70.7855173002641,22.928170518707 70.7861021768689,22.9281639384174</coordinates></LinearRing></outerBoundaryIs></Polygon><Polygon><outerBoundaryIs><LinearRing><coordinates>70.781423158007,22.9282165204597 70.781419614669,22.9279456462009 70.7811271761143,22.927948927961 70.7811307188713,22.928219802263 70.781423158007,22.9282165204597</coordinates></LinearRing></outerBoundaryIs></Polygon><Polygon><outerBoundaryIs><LinearRing><coordinates>70.7849359738068,22.9284479705755 70.784932423444,22.928177096844 70.7846399849533,22.9281803851052 70.7846435347352,22.9284512588799 70.7849359738068,22.9284479705755</coordinates></LinearRing></outerBoundaryIs></Polygon><Polygon><outerBoundaryIs><LinearRing><coordinates>70.7866906071067,22.9284282294473 70.7866870532583,22.9281573559751 70.7863946150905,22.9281606474653 70.786398168358,22.9284315209808 70.7866906071067,22.9284282294473</coordinates></LinearRing></outerBoundaryIs></Polygon><Polygon><outerBoundaryIs><LinearRing><coordinates>70.7811378045464,22.9287615508376 70.7811307188713,22.928219802263 70.780838279682,22.928223083528 70.7808453641952,22.9287648321888 70.7811378045464,22.9287615508376</coordinates></LinearRing></outerBoundaryIs></Polygon><Polygon><outerBoundaryIs><LinearRing><coordinates>70.7858203950717,22.9289798496077 70.7858168428584,22.9287089760253 70.7855244033672,22.9287122659874 70.7855279549996,22.928983139613 70.7858203950717,22.9289798496077</coordinates></LinearRing></outerBoundaryIs></Polygon><Polygon><outerBoundaryIs><LinearRing><coordinates>70.7808489065323,22.9290357065046 70.7808453641952,22.9287648321888 70.7805529237903,22.9287681130019 70.7805564655465,22.9290389873607 70.7808489065323,22.9290357065046</coordinates></LinearRing></outerBoundaryIs></Polygon><Polygon><outerBoundaryIs><LinearRing><coordinates>70.780264024507,22.9290422676786 70.7802675657359,22.9293131420708 70.7805600073563,22.9293098617098 70.7805564655465,22.9290389873607 70.780264024507,22.9290422676786</coordinates></LinearRing></outerBoundaryIs></Polygon><Polygon><outerBoundaryIs><LinearRing><coordinates>70.786116387938,22.9292474325935 70.78611283509,22.9289765590641 70.7858203950717,22.9289798496077 70.7858239473388,22.9292507231803 70.786116387938,22.9292474325935</coordinates></LinearRing></outerBoundaryIs></Polygon><Polygon><outerBoundaryIs><LinearRing><coordinates>70.7843617435353,22.929267168041 70.784358194173,22.9289962942525 70.7840657538319,22.9289995815669 70.7840693026132,22.9292704553986 70.7843617435353,22.929267168041</coordinates></LinearRing></outerBoundaryIs></Polygon><Polygon><outerBoundaryIs><LinearRing><coordinates>70.7869972640574,22.9295084309942 70.7869937094127,22.9292375576042 70.786701268975,22.9292408498055 70.7867048230388,22.9295117232387 70.7869972640574,22.9295084309942</coordinates></LinearRing></outerBoundaryIs></Polygon><Polygon><outerBoundaryIs><LinearRing><coordinates>70.7840693026132,22.9292704553986 70.7837768616374,22.9292737422179 70.7837804098915,22.929544616083 70.7840728514483,22.9295413292205 70.7840693026132,22.9292704553986</coordinates></LinearRing></outerBoundaryIs></Polygon><Polygon><outerBoundaryIs><LinearRing><coordinates>70.7881634706248,22.929224383417 70.7875785901265,22.929230971587 70.7875821459332,22.9295018448905 70.7881670275934,22.929495256634 70.7881634706248,22.929224383417</coordinates></LinearRing></outerBoundaryIs></Polygon><Polygon><outerBoundaryIs><LinearRing><coordinates>70.7875892577082,22.9300435914682 70.7875857017937,22.9297727181842 70.7872932603018,22.9297760115484 70.7872968156353,22.9300468848756 70.7875892577082,22.9300435914682</coordinates></LinearRing></outerBoundaryIs></Polygon><Polygon><outerBoundaryIs><LinearRing><coordinates>70.7805989708069,22.9322894789063 70.7805954284066,22.9320186046645 70.7803029809761,22.9320218854562 70.7803065227952,22.9322927597411 70.7805989708069,22.9322894789063</coordinates></LinearRing></outerBoundaryIs></Polygon><Polygon><outerBoundaryIs><LinearRing><coordinates>70.7982013427304,22.8697809959417 70.7976167202607,22.8697876048863 70.7976202857029,22.8700584787213 70.7984972210633,22.8700485643691 70.798490086759,22.8695068169502 70.7981977761843,22.8695101221839 70.7982013427304,22.8697809959417</coordinates></LinearRing></outerBoundaryIs></Polygon><Polygon><outerBoundaryIs><LinearRing><coordinates>70.799078276029,22.8697710785002 70.7987859649836,22.8697743848507 70.7987895327418,22.8700452585118 70.7984972210633,22.8700485643691 70.7985007882966,22.8703194380639 70.7990854127576,22.8703128257257 70.799078276029,22.8697710785002</coordinates></LinearRing></outerBoundaryIs></Polygon><Polygon><outerBoundaryIs><LinearRing><coordinates>70.7993812939314,22.8705803923061 70.7993777249069,22.8703095187515 70.7990854127576,22.8703128257257 70.7990889812031,22.8705836993237 70.7993812939314,22.8705803923061</coordinates></LinearRing></outerBoundaryIs></Polygon><Polygon><outerBoundaryIs><LinearRing><coordinates>70.7985257604457,22.8722155536549 70.7985221928334,22.8719446800283 70.7982298770474,22.8719479856534 70.7982334440806,22.8722188593235 70.7985257604457,22.8722155536549</coordinates></LinearRing></outerBoundaryIs></Polygon><Polygon><outerBoundaryIs><LinearRing><coordinates>70.7994027092162,22.872205633429 70.7993991398667,22.8719347599328 70.7991068242431,22.871938067168 70.7991103930135,22.8722089407076 70.7994027092162,22.872205633429</coordinates></LinearRing></outerBoundaryIs></Polygon><Polygon><outerBoundaryIs><LinearRing><coordinates>70.7988180767566,22.8722122474496 70.7988252133017,22.8727539945866 70.7991175307168,22.8727506877576 70.7991103930135,22.8722089407076 70.7988180767566,22.8722122474496</coordinates></LinearRing></outerBoundaryIs></Polygon><Polygon><outerBoundaryIs><LinearRing><coordinates>70.7988252133017,22.8727539945866 70.7985328958326,22.8727573008789 70.798540031436,22.8732990480639 70.7988323500634,22.8732957416846 70.7988252133017,22.8727539945866</coordinates></LinearRing></outerBoundaryIs></Polygon><Polygon><outerBoundaryIs><LinearRing><coordinates>70.7988359185255,22.873566615219 70.7997128758202,22.8735566927303 70.7997093056207,22.8732858193265 70.7988323500634,22.8732957416846 70.7988359185255,22.873566615219</coordinates></LinearRing></outerBoundaryIs></Polygon><Polygon><outerBoundaryIs><LinearRing><coordinates>70.7997521515892,22.8765362995293 70.7997485807939,22.8762654262327 70.7994562559581,22.8762687347008 70.7994598261742,22.876539608041 70.7997521515892,22.8765362995293</coordinates></LinearRing></outerBoundaryIs></Polygon><Polygon><outerBoundaryIs><LinearRing><coordinates>70.7994669667689,22.877081354692 70.7994633964444,22.8768104813714 70.7988787442933,22.8768170968713 70.7988823134593,22.877087970279 70.7994669667689,22.877081354692</coordinates></LinearRing></outerBoundaryIs></Polygon><Polygon><outerBoundaryIs><LinearRing><coordinates>70.7988858826794,22.8773588436769 70.7988823134593,22.877087970279 70.7985899867233,22.8770912772673 70.7985935553641,22.8773621507087 70.7988858826794,22.8773588436769</coordinates></LinearRing></outerBoundaryIs></Polygon><Polygon><outerBoundaryIs><LinearRing><coordinates>70.7980160356982,22.8779105101893 70.7980124681076,22.8776396366804 70.7977201400507,22.8776429421451 70.797723707062,22.8779138156975 70.7980160356982,22.8779105101893</coordinates></LinearRing></outerBoundaryIs></Polygon><Polygon><outerBoundaryIs><LinearRing><coordinates>70.7983190691146,22.8787198244819 70.7983155007824,22.8784489510458 70.7977308412469,22.878455562773 70.7977379756484,22.8789973098095 70.7980303066017,22.8789940041274 70.7980267387947,22.8787231306575 70.7983190691146,22.8787198244819</coordinates></LinearRing></outerBoundaryIs></Polygon><Polygon><outerBoundaryIs><LinearRing><coordinates>70.7989144383895,22.8795258305093 70.7989108687362,22.8792549571894 70.798618537366,22.8792582645256 70.7986221064399,22.879529137889 70.7989144383895,22.8795258305093</coordinates></LinearRing></outerBoundaryIs></Polygon><Polygon><outerBoundaryIs><LinearRing><coordinates>70.799206770285,22.8795225225926 70.7992103405718,22.8797933958593 70.7995026729924,22.8797900873623 70.7995062439127,22.8800609605757 70.7997985768585,22.8800576514982 70.7997914339134,22.8795159051487 70.799206770285,22.8795225225926</coordinates></LinearRing></outerBoundaryIs></Polygon><Polygon><outerBoundaryIs><LinearRing><coordinates>70.799238904816,22.8819603816417 70.7992353340959,22.881689508453 70.7989429975656,22.8816928167177 70.7989465677063,22.8819636899499 70.799238904816,22.8819603816417</coordinates></LinearRing></outerBoundaryIs></Polygon><Polygon><outerBoundaryIs><LinearRing><coordinates>70.7986613698274,22.8825087442433 70.7986578001578,22.8822378709871 70.7983654623603,22.8822411782649 70.7983690314505,22.8825120515646 70.7986613698274,22.8825087442433</coordinates></LinearRing></outerBoundaryIs></Polygon><Polygon><outerBoundaryIs><LinearRing><coordinates>70.7983904471286,22.8841372911579 70.7983868777135,22.8838664179167 70.7980945363853,22.8838697249186 70.7980981052208,22.8841405982032 70.7983904471286,22.8841372911579</coordinates></LinearRing></outerBoundaryIs></Polygon><Polygon><outerBoundaryIs><LinearRing><coordinates>70.7993853509833,22.8930661739811 70.7993746323219,22.8922535555854 70.7990822731884,22.8922568655471 70.7990929901106,22.8930694840734 70.7993853509833,22.8930661739811</coordinates></LinearRing></outerBoundaryIs></Polygon><Polygon><outerBoundaryIs><LinearRing><coordinates>70.7991179981585,22.8949655936267 70.7991108527311,22.8944238480888 70.7988184889052,22.8944271578614 70.798825633173,22.8949689034863 70.7991179981585,22.8949655936267</coordinates></LinearRing></outerBoundaryIs></Polygon><Polygon><outerBoundaryIs><LinearRing><coordinates>70.7982587588585,22.8963298859202 70.7982694729998,22.8971425043992 70.7979771032129,22.8971458129948 70.7979842450847,22.8976875586856 70.7982766160315,22.897684250003 70.7982730444886,22.8974133772059 70.7985654148013,22.8974100680295 70.7985546987578,22.8965974497103 70.7988470672766,22.896594140127 70.7988327776575,22.8955106490722 70.7985404114581,22.8955139584815 70.7985511268516,22.8963265769177 70.7982587588585,22.8963298859202</coordinates></LinearRing></outerBoundaryIs></Polygon><Polygon><outerBoundaryIs><LinearRing><coordinates>70.7980056719999,22.8993127955239 70.7979842450847,22.8976875586856 70.7976918740838,22.8976908668309 70.7977061561576,22.8987743582694 70.7974137827828,22.8987776660512 70.7974209229846,22.8993194117989 70.7971285483958,22.8993227191303 70.7971356876542,22.8998644649259 70.7977204390977,22.8998578495518 70.7977132975194,22.8993161039301 70.7980056719999,22.8993127955239</coordinates></LinearRing></outerBoundaryIs></Polygon><Polygon><outerBoundaryIs><LinearRing><coordinates>70.790699850605,22.8996662183146 70.7906962937625,22.8993953444573 70.7904039179309,22.8993986394284 70.7904074741935,22.8996695133289 70.790699850605,22.8996662183146</coordinates></LinearRing></outerBoundaryIs></Polygon><Polygon><outerBoundaryIs><LinearRing><coordinates>70.7959661841178,22.899877689225 70.7959626167814,22.8996068161582 70.7953778658486,22.8996134249964 70.7953885645399,22.900426044428 70.7956809417733,22.9004227401473 70.7956738080984,22.8998809939562 70.7959661841178,22.899877689225</coordinates></LinearRing></outerBoundaryIs></Polygon><Polygon><outerBoundaryIs><LinearRing><coordinates>70.7904145868804,22.9002112611008 70.79041103051,22.8999403872197 70.7901186534645,22.89994368174 70.7901222092549,22.9002145556643 70.7904145868804,22.9002112611008</coordinates></LinearRing></outerBoundaryIs></Polygon><Polygon><outerBoundaryIs><LinearRing><coordinates>70.7971428271291,22.9004062106824 70.7971356876542,22.8998644649259 70.7968433118513,22.8998677718068 70.7968504501662,22.9004095176503 70.7971428271291,22.9004062106824</coordinates></LinearRing></outerBoundaryIs></Polygon><Polygon><outerBoundaryIs><LinearRing><coordinates>70.7968540194048,22.9006803905574 70.7968504501662,22.9004095176503 70.7965580731491,22.9004128240807 70.7965616418078,22.9006836970313 70.7968540194048,22.9006803905574</coordinates></LinearRing></outerBoundaryIs></Polygon><Polygon><outerBoundaryIs><LinearRing><coordinates>70.7962692641566,22.9006870029677 70.796265696078,22.9004161299736 70.7956809417733,22.9004227401473 70.7956845086919,22.9006936132282 70.7962692641566,22.9006870029677</coordinates></LinearRing></outerBoundaryIs></Polygon><Polygon><outerBoundaryIs><LinearRing><coordinates>70.7907176356268,22.9010205874545 70.7907140785145,22.9007497136461 70.790421699783,22.9007530088337 70.7904252563152,22.9010238826855 70.7907176356268,22.9010205874545</coordinates></LinearRing></outerBoundaryIs></Polygon><Polygon><outerBoundaryIs><LinearRing><coordinates>70.7965616418078,22.9006836970313 70.7962692641566,22.9006870029677 70.7962728322893,22.9009578759519 70.7965652105205,22.9009545699721 70.7965616418078,22.9006836970313</coordinates></LinearRing></outerBoundaryIs></Polygon><Polygon><outerBoundaryIs><LinearRing><coordinates>70.7956845086919,22.9006936132282 70.7953921308784,22.9006969175523 70.7954028302186,22.9015095368668 70.7956952097722,22.9015062324124 70.7956845086919,22.9006936132282</coordinates></LinearRing></outerBoundaryIs></Polygon><Polygon><outerBoundaryIs><LinearRing><coordinates>70.7954063967735,22.9017804099521 70.7954028302186,22.9015095368668 70.795110450611,22.9015128407837 70.7951033188235,22.900971094497 70.7948109403219,22.9009743977896 70.7948145056086,22.9012452709813 70.7945221264728,22.9012485737799 70.7945292560483,22.9017903202208 70.7954063967735,22.9017804099521</coordinates></LinearRing></outerBoundaryIs></Polygon><Polygon><outerBoundaryIs><LinearRing><coordinates>70.7916054501187,22.9018233195142 70.7916018911044,22.9015524458649 70.7913095107946,22.9015557427948 70.7913130692287,22.9018266164874 70.7916054501187,22.9018233195142</coordinates></LinearRing></outerBoundaryIs></Polygon><Polygon><outerBoundaryIs><LinearRing><coordinates>70.794532820917,22.9020611934266 70.7945292560483,22.9017903202208 70.7942368756984,22.9017936225687 70.7942404399871,22.902064495818 70.794532820917,22.9020611934266</coordinates></LinearRing></outerBoundaryIs></Polygon><Polygon><outerBoundaryIs><LinearRing><coordinates>70.7913166277169,22.9020974901703 70.7913130692287,22.9018266164874 70.7910206882849,22.9018299129232 70.7910242461929,22.9021007866494 70.7913166277169,22.9020974901703</coordinates></LinearRing></outerBoundaryIs></Polygon><Polygon><outerBoundaryIs><LinearRing><coordinates>70.790735421997,22.9023749563507 70.790731864615,22.902104082591 70.7904394829832,22.9021073779951 70.7904430397851,22.9023782517982 70.790735421997,22.9023749563507</coordinates></LinearRing></outerBoundaryIs></Polygon><Polygon><outerBoundaryIs><LinearRing><coordinates>70.7942440043299,22.9023353690574 70.7942404399871,22.902064495818 70.7939480590031,22.9020677976718 70.7939516227658,22.9023386709547 70.7942440043299,22.9023353690574</coordinates></LinearRing></outerBoundaryIs></Polygon><Polygon><outerBoundaryIs><LinearRing><coordinates>70.7939551865826,22.9026095442278 70.7939516227658,22.9023386709547 70.7936592411478,22.9023419723145 70.7936628043844,22.902612845631 70.7939551865826,22.9026095442278</coordinates></LinearRing></outerBoundaryIs></Polygon><Polygon><outerBoundaryIs><LinearRing><coordinates>70.7983409130657,22.9025599586815 70.7983373405478,22.90228908606 70.7980449597412,22.902292395482 70.798048531679,22.902563268147 70.7983409130657,22.9025599586815</coordinates></LinearRing></outerBoundaryIs></Polygon><Polygon><outerBoundaryIs><LinearRing><coordinates>70.7936663676751,22.9028837189377 70.7936628043844,22.902612845631 70.7933704221322,22.9026161464967 70.7933739848428,22.9028870198468 70.7936663676751,22.9028837189377</coordinates></LinearRing></outerBoundaryIs></Polygon><Polygon><outerBoundaryIs><LinearRing><coordinates>70.7980521036709,22.9028341408021 70.798048531679,22.902563268147 70.7977561502381,22.902566577075 70.79775972165,22.9028374497736 70.7980521036709,22.9028341408021</coordinates></LinearRing></outerBoundaryIs></Polygon><Polygon><outerBoundaryIs><LinearRing><coordinates>70.797763293116,22.9031083224625 70.79775972165,22.9028374497736 70.7974673395749,22.9028407582076 70.7974709104608,22.90311163094 70.797763293116,22.9031083224625</coordinates></LinearRing></outerBoundaryIs></Polygon><Polygon><outerBoundaryIs><LinearRing><coordinates>70.7933811104261,22.9034287665178 70.7933739848428,22.9028870198468 70.7930816019566,22.9028903202184 70.7930887263796,22.9034320669761 70.7933811104261,22.9034287665178</coordinates></LinearRing></outerBoundaryIs></Polygon><Polygon><outerBoundaryIs><LinearRing><coordinates>70.7930922886722,22.9037029403403 70.7930887263796,22.9034320669761 70.7927963422791,22.9034353668969 70.7927999039915,22.9037062403045 70.7930922886722,22.9037029403403</coordinates></LinearRing></outerBoundaryIs></Polygon><Polygon><outerBoundaryIs><LinearRing><coordinates>70.7904643817286,22.9040034944116 70.7904608246032,22.9037326206671 70.7901684394369,22.9037359157936 70.7901719959822,22.9040067895814 70.7904643817286,22.9040034944116</coordinates></LinearRing></outerBoundaryIs></Polygon><Polygon><outerBoundaryIs><LinearRing><coordinates>70.791633924175,22.9039903083572 70.7916303647291,22.903719434786 70.7913379797786,22.9037227320625 70.7913415386444,22.9039936056771 70.791633924175,22.9039903083572</coordinates></LinearRing></outerBoundaryIs></Polygon><Polygon><outerBoundaryIs><LinearRing><coordinates>70.7907603251807,22.9042710723958 70.7907567674212,22.9040001987043 70.7904643817286,22.9040034944116 70.790467938908,22.9042743681464 70.7907603251807,22.9042710723958</coordinates></LinearRing></outerBoundaryIs></Polygon><Polygon><outerBoundaryIs><LinearRing><coordinates>70.7922258164488,22.9045254590447 70.7922222557346,22.9042545855796 70.7919298697318,22.9042578840179 70.7919334298658,22.9045287575263 70.7922258164488,22.9045254590447</coordinates></LinearRing></outerBoundaryIs></Polygon><Polygon><outerBoundaryIs><LinearRing><coordinates>70.7916517222142,22.9053446760671 70.7916481624985,22.9050738025446 70.7913557746472,22.9050771000379 70.7913593337828,22.9053479736037 70.7916517222142,22.9053446760671</coordinates></LinearRing></outerBoundaryIs></Polygon><Polygon><outerBoundaryIs><LinearRing><coordinates>70.7948715575477,22.9055792407213 70.794867991396,22.9053083676857 70.7945756035587,22.9053116711355 70.7945791691303,22.9055825442145 70.7948715575477,22.9055792407213</coordinates></LinearRing></outerBoundaryIs></Polygon><Polygon><outerBoundaryIs><LinearRing><coordinates>70.7942939108036,22.9061275933856 70.7942903457041,22.9058567202827 70.7939979565984,22.9058600227442 70.7940015211177,22.9061308958905 70.7942939108036,22.9061275933856</coordinates></LinearRing></outerBoundaryIs></Polygon><Polygon><outerBoundaryIs><LinearRing><coordinates>70.7934309955593,22.907220992122 70.7934274319844,22.906950118928 70.7931350403957,22.9069534199502 70.7931386033904,22.9072242931876 70.7934309955593,22.907220992122</coordinates></LinearRing></outerBoundaryIs></Polygon><Polygon><outerBoundaryIs><LinearRing><coordinates>70.793145729542,22.9077660396332 70.7931421664392,22.9074951664153 70.792849773636,22.9074984669866 70.7928533361586,22.9077693402479 70.793145729542,22.9077660396332</coordinates></LinearRing></outerBoundaryIs></Polygon><Polygon><outerBoundaryIs><LinearRing><coordinates>70.792571628872,22.9085852601804 70.7925680667677,22.908314386905 70.7922756721158,22.9083176865312 70.7922792336398,22.9085885598499 70.792571628872,22.9085852601804</coordinates></LinearRing></outerBoundaryIs></Polygon><Polygon><outerBoundaryIs><LinearRing><coordinates>70.7919868383536,22.9085918589818 70.7919903993513,22.9088627323341 70.7922827952178,22.9088594331589 70.7922792336398,22.9085885598499 70.7919868383536,22.9085918589818</coordinates></LinearRing></outerBoundaryIs></Polygon><Polygon><outerBoundaryIs><LinearRing><coordinates>70.791708685007,22.9096786511002 70.7917051244276,22.9094077777337 70.7914127272926,22.9094110759203 70.7914162872916,22.9096819493301 70.791708685007,22.9096786511002</coordinates></LinearRing></outerBoundaryIs></Polygon><Polygon><outerBoundaryIs><LinearRing><coordinates>70.7914234074516,22.9102236961203 70.7914198473447,22.90995282273 70.791127448995,22.9099561204656 70.7911310085217,22.9102269938992 70.7914234074516,22.9102236961203</coordinates></LinearRing></outerBoundaryIs></Polygon><Polygon><outerBoundaryIs><LinearRing><coordinates>70.7911345681023,22.910497867323 70.7911310085217,22.9102269938992 70.7908386095377,22.9102302911404 70.790842168538,22.9105011646075 70.7911345681023,22.910497867323</coordinates></LinearRing></outerBoundaryIs></Polygon><Polygon><outerBoundaryIs><LinearRing><coordinates>70.7908492867005,22.9110429115125 70.7908457275923,22.9107720380649 70.7905533273937,22.910775334855 70.7905568859215,22.911046208346 70.7908492867005,22.9110429115125</coordinates></LinearRing></outerBoundaryIs></Polygon><Polygon><outerBoundaryIs><LinearRing><coordinates>70.7923469128553,22.9137351510522 70.7923433503053,22.9134642779189 70.7920509445726,22.913467577831 70.7920545065422,22.9137384510078 70.7923469128553,22.9137351510522</coordinates></LinearRing></outerBoundaryIs></Polygon><Polygon><outerBoundaryIs><LinearRing><coordinates>70.7920616306432,22.9142801973319 70.7920580685657,22.9140093241747 70.7917656616182,22.9140126236358 70.7917692231152,22.9142834968364 70.7920616306432,22.9142801973319</coordinates></LinearRing></outerBoundaryIs></Polygon><Polygon><outerBoundaryIs><LinearRing><coordinates>70.7906138297038,22.9153801828741 70.7909062397697,22.9153768853476 70.7908991198806,22.9148351387548 70.7911915287315,22.9148318407771 70.7911950892295,22.915102714035 70.7917799079303,22.9150961163795 70.7917692231152,22.9142834968364 70.7911844078973,22.9142900942319 70.7911879682874,22.9145609675094 70.7906031516926,22.9145675628403 70.7906138297038,22.9153801828741</coordinates></LinearRing></outerBoundaryIs></Polygon><Polygon><outerBoundaryIs><LinearRing><coordinates>70.7909062397697,22.9153768853476 70.7909133598746,22.9159186319013 70.7912057710474,22.9159153337503 70.7911986497815,22.9153735872832 70.7909062397697,22.9153768853476</coordinates></LinearRing></outerBoundaryIs></Polygon><Polygon><outerBoundaryIs><LinearRing><coordinates>70.7915017434608,22.9161829082371 70.7914981821664,22.9159120350615 70.7912057710474,22.9159153337503 70.7912093317614,22.9161862069693 70.7915017434608,22.9161829082371</coordinates></LinearRing></outerBoundaryIs></Polygon><Polygon><outerBoundaryIs><LinearRing><coordinates>70.7912164533512,22.9167279533778 70.7912128925293,22.9164570801784 70.7909204801954,22.9164603784161 70.7909240404367,22.9167312516588 70.7912164533512,22.9167279533778</coordinates></LinearRing></outerBoundaryIs></Polygon><Polygon><outerBoundaryIs><LinearRing><coordinates>70.7906316274682,22.916734549402 70.790635187183,22.9170054226782 70.790927600732,22.9170021248918 70.7909240404367,22.9167312516588 70.7906316274682,22.916734549402</coordinates></LinearRing></outerBoundaryIs></Polygon><Polygon><outerBoundaryIs><LinearRing><coordinates>70.7906458666509,22.9178180424486 70.7906423067743,22.9175471692016 70.7903498920103,22.9175504665368 70.7903534513063,22.9178213398271 70.7906458666509,22.9178180424486</coordinates></LinearRing></outerBoundaryIs></Polygon><Polygon><outerBoundaryIs><LinearRing><coordinates>70.7996771762634,22.8708479582532 70.7996736066056,22.8705770847519 70.7993812939314,22.8705803923061 70.7993848630102,22.870851265851 70.7996771762634,22.8708479582532</coordinates></LinearRing></outerBoundaryIs></Polygon><Polygon><outerBoundaryIs><LinearRing><coordinates>70.8040726039124,22.8716108983725 70.8040654469543,22.8710691527258 70.8037731339354,22.871072468417 70.8037695561168,22.8708015955354 70.8034772436228,22.8708049106464 70.8034843981561,22.871346656487 70.8037767118083,22.8713433412889 70.8037802897354,22.871614214151 70.8040726039124,22.8716108983725</coordinates></LinearRing></outerBoundaryIs></Polygon><Polygon><outerBoundaryIs><LinearRing><coordinates>70.7999766300985,22.8713863970051 70.7999730597534,22.8711155235668 70.7993884321431,22.871122139386 70.7993955705713,22.871663886427 70.7996878855617,22.8716605786987 70.7996843157414,22.8713897052266 70.7999766300985,22.8713863970051</coordinates></LinearRing></outerBoundaryIs></Polygon><Polygon><outerBoundaryIs><LinearRing><coordinates>70.8037838677168,22.8718850870033 70.8037802897354,22.871614214151 70.8031956612186,22.8716208440979 70.8031992380419,22.8718917170375 70.8037838677168,22.8718850870033</coordinates></LinearRing></outerBoundaryIs></Polygon><Polygon><outerBoundaryIs><LinearRing><coordinates>70.8037910238426,22.8724268326788 70.8037874457526,22.8721559598459 70.8034951303632,22.872159275175 70.8034987078741,22.8724301480514 70.8037910238426,22.8724268326788</coordinates></LinearRing></outerBoundaryIs></Polygon><Polygon><outerBoundaryIs><LinearRing><coordinates>70.8032099688375,22.8727043357977 70.8032028149195,22.8721625899673 70.8029104994216,22.8721659042229 70.8029176521813,22.8727076501405 70.8032099688375,22.8727043357977</coordinates></LinearRing></outerBoundaryIs></Polygon><Polygon><outerBoundaryIs><LinearRing><coordinates>70.804382814276,22.8729619457854 70.8043792349192,22.8726910730593 70.8040869184802,22.8726943895489 70.8040904972579,22.8729652623187 70.804382814276,22.8729619457854</coordinates></LinearRing></outerBoundaryIs></Polygon><Polygon><outerBoundaryIs><LinearRing><coordinates>70.8029248051582,22.8732493960192 70.8029212286426,22.8729785230847 70.8026289113531,22.8729818369345 70.8026324872895,22.8732527099125 70.8029248051582,22.8732493960192</coordinates></LinearRing></outerBoundaryIs></Polygon><Polygon><outerBoundaryIs><LinearRing><coordinates>70.8017591076115,22.8735335214712 70.8017555333582,22.8732626483722 70.8014632152726,22.8732659601187 70.8014667889468,22.8735368332613 70.8017591076115,22.8735335214712</coordinates></LinearRing></outerBoundaryIs></Polygon><Polygon><outerBoundaryIs><LinearRing><coordinates>70.8003010851577,22.8738209483612 70.8002975137458,22.8735500750542 70.8000051948101,22.8735533841606 70.8000087656428,22.8738242575112 70.8003010851577,22.8738209483612</coordinates></LinearRing></outerBoundaryIs></Polygon><Polygon><outerBoundaryIs><LinearRing><coordinates>70.8008821514547,22.8735434552312 70.8008857240249,22.8738143284511 70.8005934046184,22.8738176386746 70.8005969766636,22.8740885119283 70.8011816165806,22.8740818908576 70.8011744702279,22.8735401445146 70.8008821514547,22.8735434552312</coordinates></LinearRing></outerBoundaryIs></Polygon><Polygon><outerBoundaryIs><LinearRing><coordinates>70.800308228144,22.8743626949461 70.8000159074708,22.8743660041831 70.8000194784661,22.8746368775044 70.8003117997185,22.8746335682239 70.800308228144,22.8743626949461</coordinates></LinearRing></outerBoundaryIs></Polygon><Polygon><outerBoundaryIs><LinearRing><coordinates>70.8003153713471,22.8749044414919 70.8006076931244,22.8749011316311 70.8006041209166,22.8746302584066 70.8003117997185,22.8746335682239 70.8003153713471,22.8749044414919</coordinates></LinearRing></outerBoundaryIs></Polygon><Polygon><outerBoundaryIs><LinearRing><coordinates>70.8049925132754,22.8748514193074 70.8049889323801,22.8745805467368 70.8046966119959,22.8745838646054 70.804700192312,22.8748547372196 70.8049925132754,22.8748514193074</coordinates></LinearRing></outerBoundaryIs></Polygon><Polygon><outerBoundaryIs><LinearRing><coordinates>70.8009035876887,22.8751686944047 70.8009000148475,22.8748978212335 70.8006076931244,22.8749011316311 70.8006112653864,22.8751720048459 70.8009035876887,22.8751686944047</coordinates></LinearRing></outerBoundaryIs></Polygon><Polygon><outerBoundaryIs><LinearRing><coordinates>70.8044114510855,22.8751289272432 70.8044078712942,22.8748580545951 70.8038232290958,22.8748646877357 70.8038124935228,22.8740520694712 70.8032278545821,22.8740587002031 70.8032242773246,22.8737878273415 70.8020550011087,22.8738010821902 70.8020585760496,22.8740719552261 70.8029355350304,22.874062014764 70.802946265391,22.874874633421 70.8032385866803,22.8748713187293 70.8032421641548,22.8751421915519 70.8029498422864,22.8751455062872 70.8029534192361,22.8754163791436 70.8026610967343,22.8754196933857 70.8026646731591,22.875690566276 70.8023723500237,22.8756938800249 70.8023759259236,22.8759647529491 70.8020836021548,22.8759680662048 70.8020871775297,22.8762389391628 70.8029641504108,22.8762289976544 70.8029605732983,22.8759581248272 70.8032528969043,22.8759548099612 70.8032493192669,22.8756839371678 70.8035416422393,22.8756806218086 70.803538064077,22.8754097490491 70.8041227087007,22.8754031168075 70.8041191294343,22.8751322441255 70.8044114510855,22.8751289272432</coordinates></LinearRing></outerBoundaryIs></Polygon><Polygon><outerBoundaryIs><LinearRing><coordinates>70.8049925132754,22.8748514193074 70.804996094225,22.8751222918682 70.8052884157133,22.8751189733756 70.8052919972964,22.875389845883 70.8055843193095,22.87538652681 70.8055771550392,22.8748447818727 70.8049925132754,22.8748514193074</coordinates></LinearRing></outerBoundaryIs></Polygon><Polygon><outerBoundaryIs><LinearRing><coordinates>70.8006291275094,22.8765263707734 70.8006148377026,22.8754428780509 70.8003225147669,22.8754461879988 70.8003260865581,22.8757170612376 70.800033762989,22.8757203706923 70.8000373342552,22.8759912439649 70.8003296584035,22.8759879344667 70.8003368022569,22.8765296808955 70.8006291275094,22.8765263707734</coordinates></LinearRing></outerBoundaryIs></Polygon><Polygon><outerBoundaryIs><LinearRing><coordinates>70.8050104185669,22.8762057820139 70.8050068373999,22.8759349094921 70.8047145141197,22.8759382275789 70.8047180947075,22.8762091001444 70.8050104185669,22.8762057820139</coordinates></LinearRing></outerBoundaryIs></Polygon><Polygon><outerBoundaryIs><LinearRing><coordinates>70.8064720370485,22.8761891833099 70.8064684529856,22.8759183110064 70.8061761299771,22.8759216317771 70.8061797134609,22.8761925041243 70.8064720370485,22.8761891833099</coordinates></LinearRing></outerBoundaryIs></Polygon><Polygon><outerBoundaryIs><LinearRing><coordinates>70.8017984279774,22.8765131249171 70.8017948531275,22.8762422519253 70.801502528671,22.876245564151 70.8015061029417,22.8765164371864 70.8017984279774,22.8765131249171</coordinates></LinearRing></outerBoundaryIs></Polygon><Polygon><outerBoundaryIs><LinearRing><coordinates>70.8061832969991,22.8764633764617 70.8061797134609,22.8761925041243 70.8055950661226,22.8761991441427 70.8055986485023,22.8764700165674 70.8061832969991,22.8764633764617</coordinates></LinearRing></outerBoundaryIs></Polygon><Polygon><outerBoundaryIs><LinearRing><coordinates>70.8053063241724,22.8764733358151 70.8053099060272,22.8767442082737 70.8056022309364,22.8767408889824 70.8055986485023,22.8764700165674 70.8053063241724,22.8764733358151</coordinates></LinearRing></outerBoundaryIs></Polygon><Polygon><outerBoundaryIs><LinearRing><coordinates>70.8015096772666,22.876787310212 70.8015061029417,22.8765164371864 70.8012137778518,22.8765197489189 70.8012173515975,22.876790621988 70.8015096772666,22.876787310212</coordinates></LinearRing></outerBoundaryIs></Polygon><Polygon><outerBoundaryIs><LinearRing><coordinates>70.8009250258741,22.8767939332273 70.8009214527077,22.8765230601145 70.8006291275094,22.8765263707734 70.8006327000966,22.8767972439297 70.8009250258741,22.8767939332273</coordinates></LinearRing></outerBoundaryIs></Polygon><Polygon><outerBoundaryIs><LinearRing><coordinates>70.805024743778,22.8772892720036 70.8050211623937,22.8770183995208 70.8053134879364,22.8770150807226 70.8053099060272,22.8767442082737 70.804725256046,22.876750845246 70.8047288367967,22.8770217177822 70.8044365111453,22.8770250355068 70.8044400913711,22.8772959080769 70.805024743778,22.8772892720036</coordinates></LinearRing></outerBoundaryIs></Polygon><Polygon><outerBoundaryIs><LinearRing><coordinates>70.8035631123534,22.8773058581606 70.8035595338653,22.8770349854596 70.8032672079968,22.877038301037 70.8032707859056,22.8773091737815 70.8035631123534,22.8773058581606</coordinates></LinearRing></outerBoundaryIs></Polygon><Polygon><outerBoundaryIs><LinearRing><coordinates>70.8044436716512,22.8775667806372 70.8044400913711,22.8772959080769 70.8041477650862,22.8772992253083 70.804151344787,22.8775700979122 70.8044436716512,22.8775667806372</coordinates></LinearRing></outerBoundaryIs></Polygon><Polygon><outerBoundaryIs><LinearRing><coordinates>70.8026861328471,22.8773158034129 70.8023938062365,22.8773191174234 70.8023973824618,22.877589990289 70.8026897096517,22.877586676235 70.8026861328471,22.8773158034129</coordinates></LinearRing></outerBoundaryIs></Polygon><Polygon><outerBoundaryIs><LinearRing><coordinates>70.8018127279193,22.8775966167867 70.8012280731597,22.877603241137 70.8012316471223,22.8778741141672 70.8018163030403,22.8778674897297 70.8018127279193,22.8775966167867</coordinates></LinearRing></outerBoundaryIs></Polygon><Polygon><outerBoundaryIs><LinearRing><coordinates>70.8041549245422,22.8778409705065 70.804151344787,22.8775700979122 70.8038590178686,22.8775734146504 70.8038625970445,22.8778442872883 70.8041549245422,22.8778409705065</coordinates></LinearRing></outerBoundaryIs></Polygon><Polygon><outerBoundaryIs><LinearRing><coordinates>70.8035702694924,22.8778476035333 70.8035738481434,22.878118476205 70.8038661762747,22.8781151599164 70.8038625970445,22.8778442872883 70.8035702694924,22.8778476035333</coordinates></LinearRing></outerBoundaryIs></Polygon><Polygon><outerBoundaryIs><LinearRing><coordinates>70.80123879521,22.8784158601983 70.8012316471223,22.8778741141672 70.8009393190819,22.8778774255807 70.8009464660111,22.8784191716989 70.80123879521,22.8784158601983</coordinates></LinearRing></outerBoundaryIs></Polygon><Polygon><outerBoundaryIs><LinearRing><coordinates>70.8035774268486,22.8783893488669 70.8035738481434,22.878118476205 70.8029891917179,22.8781251071717 70.8029927692645,22.8783959799209 70.8035774268486,22.8783893488669</coordinates></LinearRing></outerBoundaryIs></Polygon><Polygon><outerBoundaryIs><LinearRing><coordinates>70.8067966248089,22.8786237118578 70.8067930396772,22.8783528396858 70.80650071151,22.8783561613865 70.8065042960624,22.8786270336022 70.8067966248089,22.8786237118578</coordinates></LinearRing></outerBoundaryIs></Polygon><Polygon><outerBoundaryIs><LinearRing><coordinates>70.8029963468655,22.8786668526603 70.8029927692645,22.8783959799209 70.8027004403911,22.8783992946426 70.8027040174127,22.8786701674256 70.8029963468655,22.8786668526603</coordinates></LinearRing></outerBoundaryIs></Polygon><Polygon><outerBoundaryIs><LinearRing><coordinates>70.8027075944887,22.8789410401989 70.8027040174127,22.8786701674256 70.8024116879057,22.878673481654 70.8024152644024,22.8789443544709 70.8027075944887,22.8789410401989</coordinates></LinearRing></outerBoundaryIs></Polygon><Polygon><outerBoundaryIs><LinearRing><coordinates>70.8012459435146,22.8789576061904 70.8012423693352,22.8786867331992 70.800950039557,22.8786900447433 70.8009536131571,22.8789609177781 70.8012459435146,22.8789576061904</coordinates></LinearRing></outerBoundaryIs></Polygon><Polygon><outerBoundaryIs><LinearRing><coordinates>70.8015418486309,22.8792251670036 70.8015382738179,22.8789542940658 70.8012459435146,22.8789576061904 70.8012495177483,22.8792284791718 70.8015418486309,22.8792251670036</coordinates></LinearRing></outerBoundaryIs></Polygon><Polygon><outerBoundaryIs><LinearRing><coordinates>70.8024188409532,22.879215227278 70.8024152644024,22.8789443544709 70.8021229342618,22.8789476682061 70.8021265102334,22.8792185410568 70.8024188409532,22.879215227278</coordinates></LinearRing></outerBoundaryIs></Polygon><Polygon><outerBoundaryIs><LinearRing><coordinates>70.8006720021331,22.8797768480052 70.8006684289497,22.8795059749562 70.8003760973251,22.8795092855572 70.8003796699292,22.8797801586498 70.8006720021331,22.8797768480052</coordinates></LinearRing></outerBoundaryIs></Polygon><Polygon><outerBoundaryIs><LinearRing><coordinates>70.8030392823104,22.8819173247728 70.8030357040582,22.8816464521504 70.8027433682327,22.8816497673953 70.8027469459055,22.8819206400613 70.8030392823104,22.8819173247728</coordinates></LinearRing></outerBoundaryIs></Polygon><Polygon><outerBoundaryIs><LinearRing><coordinates>70.802468918363,22.8830074455537 70.8024653410524,22.8827365728831 70.8021730028007,22.8827398872285 70.8021765795318,22.8830107599427 70.802468918363,22.8830074455537</coordinates></LinearRing></outerBoundaryIs></Polygon><Polygon><outerBoundaryIs><LinearRing><coordinates>70.8021980410579,22.884635996023 70.8021837331569,22.8835525053418 70.8018913931126,22.8835558192809 70.8019056986958,22.8846393101364 70.8021980410579,22.884635996023</coordinates></LinearRing></outerBoundaryIs></Polygon><Polygon><outerBoundaryIs><LinearRing><coordinates>70.8019128518129,22.8851810555057 70.8019092752272,22.8849101828259 70.8016169322313,22.884913496446 70.8016205082375,22.8851843691693 70.8019128518129,22.8851810555057</coordinates></LinearRing></outerBoundaryIs></Polygon><Polygon><outerBoundaryIs><LinearRing><coordinates>70.8016276604126,22.8857261145867 70.8016240842979,22.8854552418829 70.8013317400888,22.885458555053 70.8013353156239,22.8857294278004 70.8016276604126,22.8857261145867</coordinates></LinearRing></outerBoundaryIs></Polygon><Polygon><outerBoundaryIs><LinearRing><coordinates>70.8013460425548,22.886542045984 70.8013424668569,22.8862711732659 70.8010501208549,22.8862744860297 70.8010536959732,22.8865453587914 70.8013460425548,22.886542045984</coordinates></LinearRing></outerBoundaryIs></Polygon><Polygon><outerBoundaryIs><LinearRing><coordinates>70.8007613493375,22.8865486710617 70.8007756480347,22.8876321621851 70.8010679969887,22.8876288497406 70.8010536959732,22.8865453587914 70.8007613493375,22.8865486710617</coordinates></LinearRing></outerBoundaryIs></Polygon><Polygon><outerBoundaryIs><LinearRing><coordinates>70.8011037533235,22.8903375764308 70.8010751478218,22.8881705951567 70.8007827977086,22.8881739076883 70.8007756480347,22.8876321621851 70.8004832990265,22.8876354740925 70.8004975962727,22.8887189652341 70.8007899475994,22.8887156531525 70.8008113985732,22.8903408893109 70.8011037533235,22.8903375764308</coordinates></LinearRing></outerBoundaryIs></Polygon><Polygon><outerBoundaryIs><LinearRing><coordinates>70.8016741548395,22.8892474588487 70.8016777317136,22.8895183314159 70.8022624373566,22.8895117021571 70.8022660154443,22.8897825746275 70.802558368764,22.8897792591487 70.8025512114837,22.8892375142855 70.8016741548395,22.8892474588487</coordinates></LinearRing></outerBoundaryIs></Polygon><Polygon><outerBoundaryIs><LinearRing><coordinates>70.8016884626615,22.8903309490592 70.8016777317136,22.8895183314159 70.8013853788107,22.8895216452396 70.8013961080196,22.8903342630136 70.8016884626615,22.8903309490592</coordinates></LinearRing></outerBoundaryIs></Polygon><Polygon><outerBoundaryIs><LinearRing><coordinates>70.8014032610967,22.8908760081475 70.8013996845311,22.8906051355854 70.8011073292553,22.8906084490462 70.8011109052413,22.8908793216518 70.8014032610967,22.8908760081475</coordinates></LinearRing></outerBoundaryIs></Polygon><Polygon><outerBoundaryIs><LinearRing><coordinates>70.8025941584225,22.8924879828798 70.8025905792124,22.8922171105506 70.8022982206754,22.8922204264216 70.8023017993058,22.8924912987944 70.8025941584225,22.8924879828798</coordinates></LinearRing></outerBoundaryIs></Polygon><Polygon><outerBoundaryIs><LinearRing><coordinates>70.80582086221,22.8932640878516 70.8058172764597,22.8929932160317 70.805232557048,22.8929998593171 70.8052361416388,22.8932707312244 70.80582086221,22.8932640878516</coordinates></LinearRing></outerBoundaryIs></Polygon><Polygon><outerBoundaryIs><LinearRing><coordinates>70.8072862513897,22.8935183416097 70.807279074037,22.8929765984166 70.8069867146304,22.892979923014 70.8069938908235,22.8935216662946 70.8072862513897,22.8935183416097</coordinates></LinearRing></outerBoundaryIs></Polygon><Polygon><outerBoundaryIs><LinearRing><coordinates>70.8052433109836,22.8938124750097 70.805239726284,22.8935416031219 70.8049473653371,22.8935449240461 70.8049509494569,22.8938157959775 70.8052433109836,22.8938124750097</coordinates></LinearRing></outerBoundaryIs></Polygon><Polygon><outerBoundaryIs><LinearRing><coordinates>70.8058316197873,22.8940767032529 70.8058280338738,22.8938058314622 70.8055356724559,22.8938091535046 70.8055392577896,22.8940800253389 70.8058316197873,22.8940767032529</coordinates></LinearRing></outerBoundaryIs></Polygon><Polygon><outerBoundaryIs><LinearRing><coordinates>70.8029079973642,22.8941098999366 70.8029044172486,22.8938390277096 70.8026120552873,22.8938423443794 70.8026156348232,22.8941132166501 70.8029079973642,22.8941098999366</coordinates></LinearRing></outerBoundaryIs></Polygon><Polygon><outerBoundaryIs><LinearRing><coordinates>70.8055428431777,22.8943508971635 70.8055392577896,22.8940800253389 70.8052468957375,22.8940833468877 70.8052504805458,22.8943542187559 70.8055428431777,22.8943508971635</coordinates></LinearRing></outerBoundaryIs></Polygon><Polygon><outerBoundaryIs><LinearRing><coordinates>70.8035070479273,22.8951867533597 70.8035034664349,22.8949158812589 70.803211102263,22.8949191991777 70.8032146831756,22.8951900713222 70.8035070479273,22.8951867533597</coordinates></LinearRing></outerBoundaryIs></Polygon><Polygon><outerBoundaryIs><LinearRing><coordinates>70.8029258987567,22.8954642609256 70.8029187380368,22.8949225165593 70.8026263737563,22.8949258334036 70.8026335333165,22.8954675778571 70.8029258987567,22.8954642609256</coordinates></LinearRing></outerBoundaryIs></Polygon><Polygon><outerBoundaryIs><LinearRing><coordinates>70.8038029947513,22.8954543069074 70.8035106294741,22.8954576254508 70.8035177927305,22.8959993696036 70.8038101591674,22.895996050973 70.8038029947513,22.8954543069074</coordinates></LinearRing></outerBoundaryIs></Polygon><Polygon><outerBoundaryIs><LinearRing><coordinates>70.8029330596937,22.8960060052529 70.8026406930938,22.8960093222716 70.8026442730639,22.8962801944642 70.8029366402437,22.8962768774019 70.8029330596937,22.8960060052529</coordinates></LinearRing></outerBoundaryIs></Polygon><Polygon><outerBoundaryIs><LinearRing><coordinates>70.8038244886516,22.8970795389871 70.8038173238008,22.8965377949996 70.8035249562042,22.8965411137174 70.8035321198951,22.8970828577922 70.8038244886516,22.8970795389871</coordinates></LinearRing></outerBoundaryIs></Polygon><Polygon><outerBoundaryIs><LinearRing><coordinates>70.8029724487298,22.8989855983554 70.8029688676368,22.8987147263039 70.8026764952379,22.8987180437586 70.802680075751,22.8989889158537 70.8029724487298,22.8989855983554</coordinates></LinearRing></outerBoundaryIs></Polygon><Polygon><outerBoundaryIs><LinearRing><coordinates>70.8029831923345,22.8997982144511 70.8029796110786,22.899527342429 70.8026872369398,22.8995306600145 70.8026908176158,22.8998015320802 70.8029831923345,22.8997982144511</coordinates></LinearRing></outerBoundaryIs></Polygon><Polygon><outerBoundaryIs><LinearRing><coordinates>70.8021060680154,22.8998081657263 70.8021024884995,22.8995372935733 70.8018101141979,22.8995406095467 70.8018136931339,22.8998114817432 70.8021060680154,22.8998081657263</coordinates></LinearRing></outerBoundaryIs></Polygon><Polygon><outerBoundaryIs><LinearRing><coordinates>70.8308402239963,22.8401502172263 70.8308365979746,22.8398793473732 70.830544355992,22.839882707925 70.8305479814357,22.8401535778224 70.8308402239963,22.8401502172263</coordinates></LinearRing></outerBoundaryIs></Polygon><Polygon><outerBoundaryIs><LinearRing><coordinates>70.8302629887166,22.8406986777365 70.8302593637409,22.8404278078144 70.8299671204922,22.8404311673831 70.8299707448899,22.8407020373494 70.8302629887166,22.8406986777365</coordinates></LinearRing></outerBoundaryIs></Polygon><Polygon><outerBoundaryIs><LinearRing><coordinates>70.8299743693427,22.840972907306 70.8299707448899,22.8407020373494 70.8296785010082,22.8407053964266 70.829682124883,22.8409762664273 70.8299743693427,22.840972907306</coordinates></LinearRing></outerBoundaryIs></Polygon><Polygon><outerBoundaryIs><LinearRing><coordinates>70.8288090133692,22.8412572107 70.8288126356199,22.841528080814 70.828520389784,22.8415314378804 70.8285240115116,22.8418023080288 70.8291085042845,22.8417955932717 70.8291012585721,22.841253853142 70.8288090133692,22.8412572107</coordinates></LinearRing></outerBoundaryIs></Polygon><Polygon><outerBoundaryIs><LinearRing><coordinates>70.8279793484333,22.8447885926036 70.8279576222006,22.8431633716802 70.8276653727313,22.8431667274041 70.8276870954951,22.8447919485927 70.8279793484333,22.8447885926036</coordinates></LinearRing></outerBoundaryIs></Polygon><Polygon><outerBoundaryIs><LinearRing><coordinates>70.828044539007,22.8496642532671 70.8280336726742,22.848851643376 70.8277414110626,22.848855000028 70.8277522756604,22.8496676100517 70.828044539007,22.8496642532671</coordinates></LinearRing></outerBoundaryIs></Polygon><Polygon><outerBoundaryIs><LinearRing><coordinates>70.8301157659329,22.8515368280023 70.8301048862997,22.8507242192449 70.8309816817937,22.8507141338861 70.8309707974509,22.8499015254391 70.8300940071619,22.8499116103995 70.8301012598653,22.8504533496395 70.8298089951689,22.8504567103093 70.829823498923,22.8515401888491 70.8301157659329,22.8515368280023</coordinates></LinearRing></outerBoundaryIs></Polygon><Polygon><outerBoundaryIs><LinearRing><coordinates>70.828069895708,22.8515603426714 70.8280662731572,22.8512894727858 70.8277740063405,22.8512928298356 70.827777628313,22.8515636997654 70.828069895708,22.8515603426714</coordinates></LinearRing></outerBoundaryIs></Polygon><Polygon><outerBoundaryIs><LinearRing><coordinates>70.8298307511303,22.8520819280605 70.8298271249992,22.8518110584597 70.8295348573558,22.8518144188146 70.8295384829086,22.8520852884597 70.8298307511303,22.8520819280605</coordinates></LinearRing></outerBoundaryIs></Polygon><Polygon><outerBoundaryIs><LinearRing><coordinates>70.8298380035578,22.8526236672328 70.8298343773166,22.8523527976515 70.8295421085164,22.8523561580949 70.8295457341793,22.8526270277205 70.8298380035578,22.8526236672328</coordinates></LinearRing></outerBoundaryIs></Polygon><Polygon><outerBoundaryIs><LinearRing><coordinates>70.8298452562055,22.8531654063661 70.8298416298542,22.8528945368043 70.8295493598972,22.8528978973362 70.8295529856701,22.8531687669422 70.8298452562055,22.8531654063661</coordinates></LinearRing></outerBoundaryIs></Polygon><Polygon><outerBoundaryIs><LinearRing><coordinates>70.8272220618624,22.8537373721394 70.8272184406069,22.8534665021993 70.8269261689981,22.8534698579941 70.826929789675,22.8537407279784 70.8272220618624,22.8537373721394</coordinates></LinearRing></outerBoundaryIs></Polygon><Polygon><outerBoundaryIs><LinearRing><coordinates>70.8269370311939,22.8542824679178 70.826933410407,22.854011597953 70.8266411375863,22.8540149533 70.8266447577947,22.854285823309 70.8269370311939,22.8542824679178</coordinates></LinearRing></outerBoundaryIs></Polygon><Polygon><outerBoundaryIs><LinearRing><coordinates>70.8260746875868,22.8553760127744 70.8260710683156,22.8551051427161 70.8257787930161,22.8551084966311 70.8257824117088,22.8553793667336 70.8260746875868,22.8553760127744</coordinates></LinearRing></outerBoundaryIs></Polygon><Polygon><outerBoundaryIs><LinearRing><coordinates>70.8304588191592,22.8553256390402 70.8304551912105,22.855054769645 70.830162916736,22.8550581316032 70.8301665441062,22.8553290010427 70.8304588191592,22.8553256390402</coordinates></LinearRing></outerBoundaryIs></Polygon><Polygon><outerBoundaryIs><LinearRing><coordinates>70.8246277737115,22.8564762582263 70.8246241571132,22.8562053879863 70.8243318792251,22.8562087393967 70.8243354952448,22.8564796096808 70.8246277737115,22.8564762582263</coordinates></LinearRing></outerBoundaryIs></Polygon><Polygon><outerBoundaryIs><LinearRing><coordinates>70.8301919372397,22.8572250868456 70.830188309484,22.8569542174744 70.8298960309047,22.8569575792062 70.8298996580819,22.8572284486216 70.8301919372397,22.8572250868456</coordinates></LinearRing></outerBoundaryIs></Polygon><Polygon><outerBoundaryIs><LinearRing><coordinates>70.8240576790368,22.8575664418141 70.8240504477703,22.8570247012261 70.8237581680367,22.8570280516963 70.8237653981461,22.8575697923725 70.8240576790368,22.8575664418141</coordinates></LinearRing></outerBoundaryIs></Polygon><Polygon><outerBoundaryIs><LinearRing><coordinates>70.823476731759,22.8578440127622 70.8234731172006,22.8575731423946 70.8231808362002,22.8575764918805 70.82318445018,22.8578473622921 70.823476731759,22.8578440127622</coordinates></LinearRing></outerBoundaryIs></Polygon><Polygon><outerBoundaryIs><LinearRing><coordinates>70.8299069126012,22.8577701874231 70.829903285314,22.8574993180272 70.8296110055226,22.8575026793112 70.8296146322312,22.8577735487513 70.8299069126012,22.8577701874231</coordinates></LinearRing></outerBoundaryIs></Polygon><Polygon><outerBoundaryIs><LinearRing><coordinates>70.8220189350359,22.8581316256271 70.8220153233156,22.8578607550489 70.8217230414624,22.8578641018974 70.8217266526041,22.8581349725196 70.8220189350359,22.8581316256271</coordinates></LinearRing></outerBoundaryIs></Polygon><Polygon><outerBoundaryIs><LinearRing><coordinates>70.827294498515,22.8591547688935 70.8272908761601,22.8588838991485 70.8269985929805,22.8588872558269 70.8270022147568,22.8591581256161 70.827294498515,22.8591547688935</coordinates></LinearRing></outerBoundaryIs></Polygon><Polygon><outerBoundaryIs><LinearRing><coordinates>70.8202941075843,22.8603186653257 70.8202904988975,22.8600477945613 70.8199982120865,22.8600511385441 70.8200018201947,22.8603220093524 70.8202941075843,22.8603186653257</coordinates></LinearRing></outerBoundaryIs></Polygon><Polygon><outerBoundaryIs><LinearRing><coordinates>70.8197095327503,22.8603253528429 70.8197131403345,22.8605962236855 70.8200054283575,22.8605928801511 70.8200018201947,22.8603220093524 70.8197095327503,22.8603253528429</coordinates></LinearRing></outerBoundaryIs></Polygon><Polygon><outerBoundaryIs><LinearRing><coordinates>70.8226613132326,22.8624588567473 70.8226576994777,22.8621879864133 70.8223654084755,22.8621913350395 70.8223690216517,22.8624622054175 70.8226613132326,22.8624588567473</coordinates></LinearRing></outerBoundaryIs></Polygon><Polygon><outerBoundaryIs><LinearRing><coordinates>70.822076730016,22.8624655535513 70.8220803426682,22.8627364239636 70.8223726348827,22.8627330757858 70.8223690216517,22.8624622054175 70.822076730016,22.8624655535513</coordinates></LinearRing></outerBoundaryIs></Polygon><Polygon><outerBoundaryIs><LinearRing><coordinates>70.8176959528768,22.8627865822607 70.8176923489058,22.8625157111883 70.8174000563939,22.8625190507395 70.8174036597862,22.8627899218558 70.8176959528768,22.8627865822607</coordinates></LinearRing></outerBoundaryIs></Polygon><Polygon><outerBoundaryIs><LinearRing><coordinates>70.8220803426682,22.8627364239636 70.8217880503989,22.862739771605 70.8217916625272,22.8630106420517 70.8220839553753,22.8630072943662 70.8220803426682,22.8627364239636</coordinates></LinearRing></outerBoundaryIs></Polygon><Polygon><outerBoundaryIs><LinearRing><coordinates>70.8217952747104,22.8632815124886 70.8215029812287,22.8632848596817 70.8215065928879,22.8635557301528 70.8217988869483,22.8635523829157 70.8217952747104,22.8632815124886</coordinates></LinearRing></outerBoundaryIs></Polygon><Polygon><outerBoundaryIs><LinearRing><coordinates>70.8212142987727,22.8635590768535 70.8212179099079,22.863829947359 70.8206333203555,22.8638366392391 70.8206369303879,22.8641075098229 70.8215138163707,22.8640974710659 70.8215065928879,22.8635557301528 70.8212142987727,22.8635590768535</coordinates></LinearRing></outerBoundaryIs></Polygon><Polygon><outerBoundaryIs><LinearRing><coordinates>70.8121675271602,22.8647460459087 70.812163933804,22.8644751740707 70.811871636203,22.8644785037365 70.8118752289804,22.8647493756183 70.8121675271602,22.8647460459087</coordinates></LinearRing></outerBoundaryIs></Polygon><Polygon><outerBoundaryIs><LinearRing><coordinates>70.8124634192751,22.865013587447 70.8124598252854,22.8647427156626 70.8121675271602,22.8647460459087 70.812171120571,22.865016917737 70.8124634192751,22.865013587447</coordinates></LinearRing></outerBoundaryIs></Polygon><Polygon><outerBoundaryIs><LinearRing><coordinates>70.8130516117214,22.8652777969447 70.8130480165196,22.8650069252577 70.8127557179246,22.8650102566206 70.8127593125476,22.8652811283514 70.8130516117214,22.8652777969447</coordinates></LinearRing></outerBoundaryIs></Polygon><Polygon><outerBoundaryIs><LinearRing><coordinates>70.8186124982119,22.8657561399589 70.8186088919027,22.8654852691257 70.8183165931881,22.8654886107698 70.8183201989185,22.865759481647 70.8186124982119,22.8657561399589</coordinates></LinearRing></outerBoundaryIs></Polygon><Polygon><outerBoundaryIs><LinearRing><coordinates>70.8180278995704,22.8657628227985 70.8180315047766,22.8660336937099 70.8183238047036,22.8660303525144 70.8183201989185,22.865759481647 70.8180278995704,22.8657628227985</coordinates></LinearRing></outerBoundaryIs></Polygon><Polygon><outerBoundaryIs><LinearRing><coordinates>70.8174577172321,22.8668529874308 70.8174541130195,22.8665821164608 70.8168695104672,22.866588795272 70.8168731135219,22.8668596663299 70.8174577172321,22.8668529874308</coordinates></LinearRing></outerBoundaryIs></Polygon><Polygon><outerBoundaryIs><LinearRing><coordinates>70.8165808115848,22.8668630049746 70.8165844141154,22.8671338760667 70.8168767166314,22.8671305373781 70.8168731135219,22.8668596663299 70.8165808115848,22.8668630049746</coordinates></LinearRing></outerBoundaryIs></Polygon><Polygon><outerBoundaryIs><LinearRing><coordinates>70.8165880167006,22.8674047471491 70.8165844141154,22.8671338760667 70.8162921115448,22.8671372142189 70.8162957135511,22.8674080853452 70.8165880167006,22.8674047471491</coordinates></LinearRing></outerBoundaryIs></Polygon><Polygon><outerBoundaryIs><LinearRing><coordinates>70.8160106133656,22.8679531653158 70.8160070118289,22.8676822941651 70.8157147079911,22.867685631332 70.8157183089489,22.8679565025266 70.8160106133656,22.8679531653158</coordinates></LinearRing></outerBoundaryIs></Polygon><Polygon><outerBoundaryIs><LinearRing><coordinates>70.815436805942,22.8687724528577 70.8154332053992,22.8685015816485 70.8151408997153,22.868504917874 70.8151444996791,22.8687757891271 70.815436805942,22.8687724528577</coordinates></LinearRing></outerBoundaryIs></Polygon><Polygon><outerBoundaryIs><LinearRing><coordinates>70.8148521933617,22.8687791248598 70.8148593922953,22.8693208674246 70.8151516997707,22.8693175316041 70.8151444996791,22.8687757891271 70.8148521933617,22.8687791248598</coordinates></LinearRing></outerBoundaryIs></Polygon><Polygon><outerBoundaryIs><LinearRing><coordinates>70.8116440064631,22.8693575260349 70.8116404133377,22.8690866542751 70.8113481057865,22.8690899836126 70.8113516983329,22.8693608554162 70.8116440064631,22.8693575260349</coordinates></LinearRing></outerBoundaryIs></Polygon><Polygon><outerBoundaryIs><LinearRing><coordinates>70.8142819740168,22.8698692801572 70.8142927696805,22.8706818941359 70.8145850801601,22.8706785591692 70.8145778818383,22.8701368166142 70.8148701911053,22.8701334811986 70.8148665914474,22.8698626099503 70.8151589000807,22.869859274042 70.8151552998984,22.8695884028279 70.814570683735,22.8695950740202 70.8145742827594,22.8698659453221 70.8142819740168,22.8698692801572</coordinates></LinearRing></outerBoundaryIs></Polygon><Polygon><outerBoundaryIs><LinearRing><coordinates>70.8110845354464,22.8712602869199 70.8110809430974,22.8709894151407 70.8107886313841,22.8709927437116 70.810792223154,22.8712636155345 70.8110845354464,22.8712602869199</coordinates></LinearRing></outerBoundaryIs></Polygon><Polygon><outerBoundaryIs><LinearRing><coordinates>70.8143107635454,22.872036250572 70.8143071646632,22.8717653793043 70.8140148518129,22.8717687139099 70.814018450116,22.8720395852214 70.8143107635454,22.872036250572</coordinates></LinearRing></outerBoundaryIs></Polygon><Polygon><outerBoundaryIs><LinearRing><coordinates>70.8096481011412,22.8731730283399 70.8096445113062,22.8729021564101 70.809352195267,22.872905482604 70.8093557845229,22.8731763545775 70.8096481011412,22.8731730283399</coordinates></LinearRing></outerBoundaryIs></Polygon><Polygon><outerBoundaryIs><LinearRing><coordinates>70.8087855040583,22.8742664935894 70.8087819157428,22.8739956215674 70.8084895972238,22.8739989463261 70.8084931849602,22.8742698183919 70.8087855040583,22.8742664935894</coordinates></LinearRing></outerBoundaryIs></Polygon><Polygon><outerBoundaryIs><LinearRing><coordinates>70.8122969243066,22.8744974255809 70.812293328987,22.8742265540941 70.8120010105427,22.8742298853374 70.8120046052832,22.874500756868 70.8122969243066,22.8744974255809</coordinates></LinearRing></outerBoundaryIs></Polygon><Polygon><outerBoundaryIs><LinearRing><coordinates>70.808496772751,22.8745406904479 70.8084931849602,22.8742698183919 70.8082008658076,22.8742731426577 70.8082044530192,22.8745440147574 70.808496772751,22.8745406904479</coordinates></LinearRing></outerBoundaryIs></Polygon><Polygon><outerBoundaryIs><LinearRing><coordinates>70.8120082000783,22.874771628389 70.8120046052832,22.874500756868 70.8117122862053,22.8745040876184 70.8117158804212,22.8747749591832 70.8120082000783,22.874771628389</coordinates></LinearRing></outerBoundaryIs></Polygon><Polygon><outerBoundaryIs><LinearRing><coordinates>70.8082080402853,22.8748148868474 70.8082044530192,22.8745440147574 70.8079121332331,22.8745473385302 70.80791571992,22.8748182106639 70.8082080402853,22.8748148868474</coordinates></LinearRing></outerBoundaryIs></Polygon><Polygon><outerBoundaryIs><LinearRing><coordinates>70.8079193066613,22.8750890827878 70.80791571992,22.8748182106639 70.8076233995003,22.8748215339436 70.8076269856624,22.8750924061113 70.8079193066613,22.8750890827878</coordinates></LinearRing></outerBoundaryIs></Polygon><Polygon><outerBoundaryIs><LinearRing><coordinates>70.8117194746917,22.8750458307382 70.8117158804212,22.8747749591832 70.8114235607096,22.8747782894406 70.8114271544009,22.8750491610394 70.8117194746917,22.8750458307382</coordinates></LinearRing></outerBoundaryIs></Polygon><Polygon><outerBoundaryIs><LinearRing><coordinates>70.8067536068184,22.8753732451501 70.8067571913518,22.8756441174294 70.8064648689769,22.8756474386932 70.8064684529856,22.8759183110064 70.8070530988392,22.8759116678547 70.8070495136723,22.8756407956288 70.8073418359383,22.8756374732915 70.8073382502465,22.8753666010996 70.807630571879,22.8753632782692 70.8076269856624,22.8750924061113 70.8070423435014,22.8750990511479 70.8070459285596,22.8753699233933 70.8067536068184,22.8753732451501</coordinates></LinearRing></outerBoundaryIs></Polygon><Polygon><outerBoundaryIs><LinearRing><coordinates>70.8108532915818,22.8758684350324 70.8108496988853,22.8755975633752 70.8105573772726,22.8756008921538 70.8105609693899,22.8758717638548 70.8108532915818,22.8758684350324</coordinates></LinearRing></outerBoundaryIs></Polygon><Polygon><outerBoundaryIs><LinearRing><coordinates>70.8099906892232,22.8769619069455 70.8099870980464,22.8766910351961 70.8096947739534,22.8766943625394 70.8096983645511,22.8769652343327 70.8099906892232,22.8769619069455</coordinates></LinearRing></outerBoundaryIs></Polygon><Polygon><outerBoundaryIs><LinearRing><coordinates>70.8094060398244,22.876968561183 70.8094096298973,22.8772394330102 70.8097019552032,22.8772361061161 70.8096983645511,22.8769652343327 70.8094060398244,22.876968561183</coordinates></LinearRing></outerBoundaryIs></Polygon><Polygon><outerBoundaryIs><LinearRing><coordinates>70.8133862040334,22.8904688211942 70.8133826037556,22.8901979504146 70.8130902512906,22.8902012858551 70.8130938509888,22.8904721566786 70.8133862040334,22.8904688211942</coordinates></LinearRing></outerBoundaryIs></Polygon><Polygon><outerBoundaryIs><LinearRing><coordinates>70.8128014978897,22.8904754916259 70.8128050970628,22.8907463624834 70.8130974507417,22.8907430274923 70.8130938509888,22.8904721566786 70.8128014978897,22.8904754916259</coordinates></LinearRing></outerBoundaryIs></Polygon><Polygon><outerBoundaryIs><LinearRing><coordinates>70.8125127433293,22.8907496969374 70.8125163419774,22.891020567829 70.8122239876097,22.8910239017896 70.8122275857326,22.8912947727153 70.8128122955728,22.8912881041692 70.8128050970628,22.8907463624834 70.8125127433293,22.8907496969374</coordinates></LinearRing></outerBoundaryIs></Polygon><Polygon><outerBoundaryIs><LinearRing><coordinates>70.8119352307307,22.8912981061826 70.8116428756742,22.8913014391127 70.8116464726923,22.8915723101163 70.8119388283285,22.8915689771423 70.8119352307307,22.8912981061826</coordinates></LinearRing></outerBoundaryIs></Polygon><Polygon><outerBoundaryIs><LinearRing><coordinates>70.8101846936931,22.8915889669281 70.8098923377297,22.8915922966789 70.8098959313241,22.8918631679355 70.8101882878672,22.8918598381409 70.8101846936931,22.8915889669281</coordinates></LinearRing></outerBoundaryIs></Polygon><Polygon><outerBoundaryIs><LinearRing><coordinates>70.8107730007899,22.8918531769401 70.8107694054564,22.8915823058149 70.810477049602,22.8915856366401 70.8104806443558,22.8918565078091 70.8107730007899,22.8918531769401</coordinates></LinearRing></outerBoundaryIs></Polygon><Polygon><outerBoundaryIs><LinearRing><coordinates>70.8090260452419,22.8924148968426 70.8090188613678,22.8918731540961 70.8087265046068,22.8918764817419 70.8087336873214,22.8924182245759 70.8090260452419,22.8924148968426</coordinates></LinearRing></outerBoundaryIs></Polygon><Polygon><outerBoundaryIs><LinearRing><coordinates>70.8101954763791,22.8924015805372 70.8101918820959,22.892130709344 70.8096071677957,22.8921373684835 70.8096107609194,22.8924082397643 70.8101954763791,22.8924015805372</coordinates></LinearRing></outerBoundaryIs></Polygon><Polygon><outerBoundaryIs><LinearRing><coordinates>70.8087372787603,22.8926890959783 70.8087336873214,22.8924182245759 70.8084413293464,22.892421551772 70.8084449202056,22.8926924232181 70.8087372787603,22.8926890959783</coordinates></LinearRing></outerBoundaryIs></Polygon><Polygon><outerBoundaryIs><LinearRing><coordinates>70.8078673824957,22.893240819124 70.8078637926871,22.8929699476099 70.8081561519304,22.8929666214008 70.808148971317,22.8924248784309 70.8078566132331,22.8924282045526 70.8078602029329,22.8926990760861 70.8075678442148,22.8927024017143 70.8075750226182,22.8932441448396 70.8078673824957,22.893240819124</coordinates></LinearRing></outerBoundaryIs></Polygon><Polygon><outerBoundaryIs><LinearRing><coordinates>70.8423226259653,22.8029029601234 70.8423189838335,22.8026320907546 70.8420268232165,22.8026354671729 70.8420304647716,22.8029063365862 70.8423226259653,22.8029029601234</coordinates></LinearRing></outerBoundaryIs></Polygon><Polygon><outerBoundaryIs><LinearRing><coordinates>70.8417455856452,22.8034514514005 70.8417419445562,22.8031805819622 70.841449782675,22.8031839573998 70.8414534231872,22.8034548268826 70.8417455856452,22.8034514514005</coordinates></LinearRing></outerBoundaryIs></Polygon><Polygon><outerBoundaryIs><LinearRing><coordinates>70.8403029646563,22.8048226716204 70.8402993261749,22.8045518020083 70.840007161133,22.8045551749941 70.8400107990376,22.8048260446506 70.8403029646563,22.8048226716204</coordinates></LinearRing></outerBoundaryIs></Polygon><Polygon><outerBoundaryIs><LinearRing><coordinates>70.8400180750126,22.8053677839344 70.8400144369974,22.8050969142974 70.8397222707466,22.8051002868372 70.8397259081849,22.8053711565187 70.8400180750126,22.8053677839344</coordinates></LinearRing></outerBoundaryIs></Polygon><Polygon><outerBoundaryIs><LinearRing><coordinates>70.8391633932313,22.8070031185004 70.8391597566152,22.8067322487885 70.8388675867373,22.8067356199903 70.8388712227764,22.8070064897467 70.8391633932313,22.8070031185004</coordinates></LinearRing></outerBoundaryIs></Polygon><Polygon><outerBoundaryIs><LinearRing><coordinates>70.8394810255295,22.8088958341186 70.8394701129556,22.8080832252916 70.8391779402482,22.8080865972507 70.8391888510912,22.808899206211 70.8394810255295,22.8088958341186</coordinates></LinearRing></outerBoundaryIs></Polygon><Polygon><outerBoundaryIs><LinearRing><coordinates>70.8397804763922,22.8094342005714 70.8397768381247,22.8091633310361 70.8394846631647,22.8091667037081 70.8394883008552,22.8094375732878 70.8397804763922,22.8094342005714</coordinates></LinearRing></outerBoundaryIs></Polygon><Polygon><outerBoundaryIs><LinearRing><coordinates>70.8400872078047,22.8105143051857 70.840083568739,22.8102434357339 70.8397913915263,22.8102468091187 70.8397950300149,22.810517678615 70.8400872078047,22.8105143051857</coordinates></LinearRing></outerBoundaryIs></Polygon><Polygon><outerBoundaryIs><LinearRing><coordinates>70.840390304799,22.8113235393849 70.8403866649904,22.8110526700068 70.8400944861018,22.8110560440601 70.8400981253333,22.8113269134826 70.840390304799,22.8113235393849</coordinates></LinearRing></outerBoundaryIs></Polygon><Polygon><outerBoundaryIs><LinearRing><coordinates>70.8412996192119,22.8137512366436 70.8412959771741,22.8134803674868 70.8410037932576,22.8134837435458 70.8410074347182,22.8137546127471 70.8412996192119,22.8137512366436</coordinates></LinearRing></outerBoundaryIs></Polygon><Polygon><outerBoundaryIs><LinearRing><coordinates>70.8419058483477,22.8153696970333 70.8419022048235,22.815098828024 70.8416100175547,22.8151022054203 70.8416136605017,22.8153730744741 70.8419058483477,22.8153696970333</coordinates></LinearRing></outerBoundaryIs></Polygon><Polygon><outerBoundaryIs><LinearRing><coordinates>70.8413688284434,22.8188977487703 70.8413651853541,22.8186268797988 70.8410729904705,22.8186302567034 70.8410766329824,22.8189011257194 70.8413688284434,22.8188977487703</coordinates></LinearRing></outerBoundaryIs></Polygon><Polygon><outerBoundaryIs><LinearRing><coordinates>70.8393380158004,22.8200048532078 70.8393343765312,22.8197339839639 70.8390421789511,22.8197373572996 70.839045817643,22.8200082265879 70.8393380158004,22.8200048532078</coordinates></LinearRing></outerBoundaryIs></Polygon><Polygon><outerBoundaryIs><LinearRing><coordinates>70.8387754492781,22.821636815225 70.838771810832,22.8213659459507 70.8384796096772,22.8213693184824 70.8384832475459,22.8216401878012 70.8387754492781,22.821636815225</coordinates></LinearRing></outerBoundaryIs></Polygon><Polygon><outerBoundaryIs><LinearRing><coordinates>70.8390894862571,22.8232586572878 70.8390858469019,22.8229877881165 70.8387936423379,22.8229911614503 70.8387972811157,22.8232620306661 70.8390894862571,22.8232586572878</coordinates></LinearRing></outerBoundaryIs></Polygon><Polygon><outerBoundaryIs><LinearRing><coordinates>70.8431839999237,22.8234822423165 70.8431803524289,22.823211373778 70.8423037391626,22.8232215147923 70.8423073849251,22.8234923834644 70.8431839999237,22.8234822423165</coordinates></LinearRing></outerBoundaryIs></Polygon><Polygon><outerBoundaryIs><LinearRing><coordinates>70.8405541534328,22.8235126513051 70.840550511135,22.8232417823659 70.84025830627,22.823245158421 70.8402619479904,22.8235160274047 70.8405541534328,22.8235126513051</coordinates></LinearRing></outerBoundaryIs></Polygon><Polygon><outerBoundaryIs><LinearRing><coordinates>70.8426178225105,22.8248433466088 70.8426141758936,22.82457247803 70.8423219685288,22.8245758580554 70.8423256145682,22.8248467266788 70.8426178225105,22.8248433466088</coordinates></LinearRing></outerBoundaryIs></Polygon><Polygon><outerBoundaryIs><LinearRing><coordinates>70.8420334065705,22.8248501062133 70.8420370520878,22.8251209748714 70.842329260663,22.8251175952923 70.8423256145682,22.8248467266788 70.8420334065705,22.8248501062133</coordinates></LinearRing></outerBoundaryIs></Polygon><Polygon><outerBoundaryIs><LinearRing><coordinates>70.8420479889718,22.8259335807873 70.8420370520878,22.8251209748714 70.8417448434572,22.8251243539151 70.8417557786087,22.8259369599645 70.8420479889718,22.8259335807873</coordinates></LinearRing></outerBoundaryIs></Polygon><Polygon><outerBoundaryIs><LinearRing><coordinates>70.8417630689865,22.826478697282 70.8417594237699,22.8262078286281 70.8414672127738,22.8262112073145 70.8414708574129,22.8264820760128 70.8417630689865,22.826478697282</coordinates></LinearRing></outerBoundaryIs></Polygon><Polygon><outerBoundaryIs><LinearRing><coordinates>70.8414890814385,22.8278364193585 70.8414854365227,22.8275655507089 70.8411932225834,22.8275689290823 70.8411968669217,22.8278397977764 70.8414890814385,22.8278364193585</coordinates></LinearRing></outerBoundaryIs></Polygon><Polygon><outerBoundaryIs><LinearRing><coordinates>70.8379825035852,22.8278769250314 70.8379788656005,22.8276060558481 70.8376866509976,22.8276094277957 70.8376902884047,22.8278802970235 70.8379825035852,22.8278769250314</coordinates></LinearRing></outerBoundaryIs></Polygon><Polygon><outerBoundaryIs><LinearRing><coordinates>70.8377012009575,22.8286929046482 70.8376939258671,22.8281511662415 70.8374017100538,22.8281545377424 70.837408983989,22.828696276238 70.8377012009575,22.8286929046482</coordinates></LinearRing></outerBoundaryIs></Polygon><Polygon><outerBoundaryIs><LinearRing><coordinates>70.8412187341136,22.8294650097363 70.8412078002685,22.8286524038003 70.8409155839635,22.8286557818162 70.8409265160757,22.8294683878858 70.8412187341136,22.8294650097363</coordinates></LinearRing></outerBoundaryIs></Polygon><Polygon><outerBoundaryIs><LinearRing><coordinates>70.8380006943376,22.8292312708016 70.8379970560766,22.8289604016671 70.8377048385856,22.8289637738369 70.837708476269,22.8292346430158 70.8380006943376,22.8292312708016</coordinates></LinearRing></outerBoundaryIs></Polygon><Polygon><outerBoundaryIs><LinearRing><coordinates>70.8409338044272,22.8300101252167 70.8406415851786,22.8300135029197 70.8406488725961,22.8305552403006 70.840941093,22.8305518625086 70.8409338044272,22.8300101252167</coordinates></LinearRing></outerBoundaryIs></Polygon><Polygon><outerBoundaryIs><LinearRing><coordinates>70.8380225250639,22.830856485404 70.8377303035293,22.8308598578848 70.8377339415994,22.8311307269955 70.8380261637117,22.8311273544703 70.8380225250639,22.830856485404</coordinates></LinearRing></outerBoundaryIs></Polygon><Polygon><outerBoundaryIs><LinearRing><coordinates>70.8409520262745,22.8313644683733 70.8409447373695,22.8308227311399 70.8406525163879,22.8308261089764 70.8406598041374,22.8313678462988 70.8409520262745,22.8313644683733</coordinates></LinearRing></outerBoundaryIs></Polygon><Polygon><outerBoundaryIs><LinearRing><coordinates>70.8406670921084,22.8319095835821 70.8406634480952,22.8316387149453 70.8403712253251,22.8316420923797 70.8403748687605,22.831912961061 70.8406670921084,22.8319095835821</coordinates></LinearRing></outerBoundaryIs></Polygon><Polygon><outerBoundaryIs><LinearRing><coordinates>70.8377448561412,22.831943334269 70.8377412179053,22.8316724651875 70.8374489945823,22.831675837266 70.8374526322404,22.8319467063918 70.8377448561412,22.831943334269</coordinates></LinearRing></outerBoundaryIs></Polygon><Polygon><outerBoundaryIs><LinearRing><coordinates>70.8403857993988,22.8327255670462 70.8403821557974,22.8324546983942 70.8400899312387,22.8324580754265 70.8400935742624,22.832728944123 70.8403857993988,22.8327255670462</coordinates></LinearRing></outerBoundaryIs></Polygon><Polygon><outerBoundaryIs><LinearRing><coordinates>70.837171319857,22.8327626854314 70.8371676826109,22.8324918162904 70.8368754574442,22.8324951874309 70.8368790941125,22.8327660566163 70.837171319857,22.8327626854314</coordinates></LinearRing></outerBoundaryIs></Polygon><Polygon><outerBoundaryIs><LinearRing><coordinates>70.8401008604757,22.8332706814867 70.8400972173414,22.8329998128097 70.8398049915719,22.8330031893953 70.8398086341284,22.8332740581168 70.8401008604757,22.8332706814867</coordinates></LinearRing></outerBoundaryIs></Polygon><Polygon><outerBoundaryIs><LinearRing><coordinates>70.8368863676149,22.8333077949578 70.8368827308361,22.8330369257919 70.8365905044586,22.8330402964856 70.8365941406597,22.8333111656959 70.8368863676149,22.8333077949578</coordinates></LinearRing></outerBoundaryIs></Polygon><Polygon><outerBoundaryIs><LinearRing><coordinates>70.8366014132274,22.8338529040873 70.8365977769159,22.8335820348965 70.8363055493277,22.8335854051433 70.8363091850613,22.8338562743785 70.8366014132274,22.8338529040873</coordinates></LinearRing></outerBoundaryIs></Polygon><Polygon><outerBoundaryIs><LinearRing><coordinates>70.8363128208502,22.8341271436039 70.8363091850613,22.8338562743785 70.8360169568401,22.8338596441341 70.8360205920512,22.8341305134039 70.8363128208502,22.8341271436039</coordinates></LinearRing></outerBoundaryIs></Polygon><Polygon><outerBoundaryIs><LinearRing><coordinates>70.8357283631969,22.8341338826683 70.8357319978854,22.8344047519727 70.8360242273175,22.834401382664 70.8360205920512,22.8341305134039 70.8357283631969,22.8341338826683</coordinates></LinearRing></outerBoundaryIs></Polygon><Polygon><outerBoundaryIs><LinearRing><coordinates>70.8348662084541,22.835227464939 70.8348589422681,22.8346857261127 70.8345667120375,22.8346890933231 70.8345739770678,22.8352308322382 70.8348662084541,22.835227464939</coordinates></LinearRing></outerBoundaryIs></Polygon><Polygon><outerBoundaryIs><LinearRing><coordinates>70.8345812423187,22.8357725711142 70.8345776096657,22.835501701681 70.8342853776463,22.8355050684888 70.8342890097215,22.8357759379663 70.8345812423187,22.8357725711142</coordinates></LinearRing></outerBoundaryIs></Polygon><Polygon><outerBoundaryIs><LinearRing><coordinates>70.8386724928833,22.8357253789356 70.8386688521402,22.8354545101241 70.838376620894,22.8354578844316 70.8383802610592,22.8357287532875 70.8386724928833,22.8357253789356</coordinates></LinearRing></outerBoundaryIs></Polygon><Polygon><outerBoundaryIs><LinearRing><coordinates>70.8339967770692,22.8357793042827 70.8340004086216,22.8360501737948 70.8337081753363,22.8360535396199 70.833711806366,22.8363244091665 70.8342962740374,22.836317676892 70.8342890097215,22.8357759379663 70.8339967770692,22.8357793042827</coordinates></LinearRing></outerBoundaryIs></Polygon><Polygon><outerBoundaryIs><LinearRing><coordinates>70.8337154374509,22.8365952787034 70.833711806366,22.8363244091665 70.8334195724476,22.8363277745002 70.8334232029546,22.8365986440814 70.8337154374509,22.8365952787034</coordinates></LinearRing></outerBoundaryIs></Polygon><Polygon><outerBoundaryIs><LinearRing><coordinates>70.8331309684032,22.8366020089237 70.8331345983875,22.8368728785395 70.8334268335168,22.8368695136529 70.8334232029546,22.8365986440814 70.8331309684032,22.8366020089237</coordinates></LinearRing></outerBoundaryIs></Polygon><Polygon><outerBoundaryIs><LinearRing><coordinates>70.8381062279454,22.8370864714594 70.8381025880817,22.8368156026078 70.8378103538356,22.8368189760661 70.8378139931214,22.8370898449621 70.8381062279454,22.8370864714594</coordinates></LinearRing></outerBoundaryIs></Polygon><Polygon><outerBoundaryIs><LinearRing><coordinates>70.8331418585213,22.8374146177418 70.8331382284268,22.8371437481455 70.8328459926645,22.8371471125407 70.8328496221811,22.8374179821813 70.8331418585213,22.8374146177418</coordinates></LinearRing></outerBoundaryIs></Polygon><Polygon><outerBoundaryIs><LinearRing><coordinates>70.8378176324624,22.8373607138484 70.8378139931214,22.8370898449621 70.8375217582421,22.8370932179291 70.8375253970052,22.8373640868598 70.8378176324624,22.8373607138484</coordinates></LinearRing></outerBoundaryIs></Polygon><Polygon><outerBoundaryIs><LinearRing><coordinates>70.8328568813796,22.8379597214332 70.8328532517528,22.8376888518121 70.8325610147795,22.8376922157602 70.8325646438283,22.8379630854255 70.8328568813796,22.8379597214332</coordinates></LinearRing></outerBoundaryIs></Polygon><Polygon><outerBoundaryIs><LinearRing><coordinates>70.8372440763799,22.8381800662023 70.8372404380289,22.8379091972565 70.8369482013054,22.8379125692852 70.8369518390784,22.8381834382755 70.8372440763799,22.8381800662023</coordinates></LinearRing></outerBoundaryIs></Polygon><Polygon><outerBoundaryIs><LinearRing><coordinates>70.8325719020914,22.838504824727 70.8325682729323,22.8382339550812 70.8319837965087,22.8382406815472 70.8319874245119,22.8385115512817 70.8325719020914,22.838504824727</coordinates></LinearRing></outerBoundaryIs></Polygon><Polygon><outerBoundaryIs><LinearRing><coordinates>70.8369591147902,22.8387251762268 70.8369518390784,22.8381834382755 70.8366596017217,22.8381868098129 70.8366668762776,22.838728547853 70.8369591147902,22.8387251762268</coordinates></LinearRing></outerBoundaryIs></Polygon><Polygon><outerBoundaryIs><LinearRing><coordinates>70.8366741510544,22.839270285854 70.8366705136384,22.8389994168584 70.8363782744925,22.8390027879932 70.8363819113306,22.8392736570333 70.8366741510544,22.839270285854</coordinates></LinearRing></outerBoundaryIs></Polygon><Polygon><outerBoundaryIs><LinearRing><coordinates>70.8340403593388,22.8390297377837 70.834043991553,22.8393006071787 70.8343362317184,22.8392972402858 70.8343398645658,22.8395681096267 70.8346321052539,22.8395647421536 70.8346248384583,22.8390230035508 70.8340403593388,22.8390297377837</coordinates></LinearRing></outerBoundaryIs></Polygon><Polygon><outerBoundaryIs><LinearRing><coordinates>70.8314174546519,22.8396017548878 70.8314138275843,22.8393308851038 70.8311215868678,22.8393342466387 70.8311252133574,22.839605116467 70.8314174546519,22.8396017548878</coordinates></LinearRing></outerBoundaryIs></Polygon><Polygon><outerBoundaryIs><LinearRing><coordinates>70.8363855482239,22.8395445260636 70.8363819113306,22.8392736570333 70.8360896715516,22.8392770276767 70.8360933078669,22.8395478967514 70.8363855482239,22.8395445260636</coordinates></LinearRing></outerBoundaryIs></Polygon><Polygon><outerBoundaryIs><LinearRing><coordinates>70.835815610956,22.8406347432822 70.8358119749979,22.8403638742021 70.8355197327965,22.8403672439515 70.8355233681766,22.8406381130759 70.835815610956,22.8406347432822</coordinates></LinearRing></outerBoundaryIs></Polygon><Polygon><outerBoundaryIs><LinearRing><coordinates>70.8355342746482,22.8414507203907 70.8355306391025,22.8411798512955 70.8352383951118,22.8411832206422 70.8352420300795,22.8414540897817 70.8355342746482,22.8414507203907</coordinates></LinearRing></outerBoundaryIs></Polygon><Polygon><outerBoundaryIs><LinearRing><coordinates>70.8349497854556,22.8414574586369 70.8349534199005,22.8417283278111 70.8352456651024,22.8417249589115 70.8352420300795,22.8414540897817 70.8349497854556,22.8414574586369</coordinates></LinearRing></outerBoundaryIs></Polygon><Polygon><outerBoundaryIs><LinearRing><coordinates>70.8346757106622,22.8428151729512 70.8346720765747,22.8425443037717 70.8343798295282,22.8425476717326 70.8343834630376,22.8428185409564 70.8346757106622,22.8428151729512</coordinates></LinearRing></outerBoundaryIs></Polygon><Polygon><outerBoundaryIs><LinearRing><coordinates>70.8343870966022,22.8430894101705 70.8340948483443,22.8430927776842 70.834098481386,22.8433636469329 70.834390730222,22.8433602793748 70.8343870966022,22.8430894101705</coordinates></LinearRing></outerBoundaryIs></Polygon><Polygon><outerBoundaryIs><LinearRing><coordinates>70.8341021144828,22.8436345161718 70.8338098650135,22.8436378832383 70.8338134975874,22.8439087525117 70.8341057476347,22.8439053854009 70.8341021144828,22.8436345161718</coordinates></LinearRing></outerBoundaryIs></Polygon><Polygon><outerBoundaryIs><LinearRing><coordinates>70.8338243956398,22.8447213602736 70.8338207629005,22.8444504910294 70.8335285116417,22.844453857693 70.8335321438029,22.8447247269816 70.8338243956398,22.8447213602736</coordinates></LinearRing></outerBoundaryIs></Polygon><Polygon><outerBoundaryIs><LinearRing><coordinates>70.8332398919108,22.8447280931536 70.8332471552422,22.84526983179 70.8335394082906,22.8452664655294 70.8335321438029,22.8447247269816 70.8332398919108,22.8447280931536</coordinates></LinearRing></outerBoundaryIs></Polygon><Polygon><outerBoundaryIs><LinearRing><coordinates>70.8332544187941,22.8458115703874 70.8332507869906,22.8455407010936 70.8329585333088,22.8455440668626 70.8329621645342,22.8458149362008 70.8332544187941,22.8458115703874</coordinates></LinearRing></outerBoundaryIs></Polygon><Polygon><outerBoundaryIs><LinearRing><coordinates>70.8329730585411,22.8466275441567 70.8329694271503,22.8463566748478 70.8326771716789,22.8463600402138 70.8326808024914,22.846630909567 70.8329730585411,22.8466275441567</coordinates></LinearRing></outerBoundaryIs></Polygon><Polygon><outerBoundaryIs><LinearRing><coordinates>70.8326953262928,22.8477143868822 70.8326916952598,22.847443517568 70.8323994374203,22.8474468825752 70.8324030678751,22.8477177519337 70.8326953262928,22.8477143868822</coordinates></LinearRing></outerBoundaryIs></Polygon><Polygon><outerBoundaryIs><LinearRing><coordinates>70.8321325898188,22.8493463326609 70.8321289596116,22.8490754633167 70.8318366981922,22.8490788275177 70.8318403278211,22.8493496969062 70.8321325898188,22.8493463326609</coordinates></LinearRing></outerBoundaryIs></Polygon><Polygon><outerBoundaryIs><LinearRing><coordinates>70.8547965409707,22.7745836041664 70.8547892175944,22.7740418673232 70.8544971199326,22.7740452625668 70.8545044421571,22.7745869994997 70.8547965409707,22.7745836041664</coordinates></LinearRing></outerBoundaryIs></Polygon><Polygon><outerBoundaryIs><LinearRing><coordinates>70.853949526274,22.7767607366226 70.8539458658403,22.7764898681494 70.8536537628286,22.776493262194 70.8536574226864,22.776764130712 70.853949526274,22.7767607366226</coordinates></LinearRing></outerBoundaryIs></Polygon><Polygon><outerBoundaryIs><LinearRing><coordinates>70.8536684025936,22.7775767362075 70.8536647425689,22.7773058677187 70.8533726377736,22.7773092613636 70.8533762972224,22.7775801298971 70.8536684025936,22.7775767362075</coordinates></LinearRing></outerBoundaryIs></Polygon><Polygon><outerBoundaryIs><LinearRing><coordinates>70.852817695949,22.7794829957629 70.8528140372627,22.779212127208 70.8522298192191,22.7792189113853 70.8522334767534,22.7794897800297 70.852817695949,22.7794829957629</coordinates></LinearRing></outerBoundaryIs></Polygon><Polygon><outerBoundaryIs><LinearRing><coordinates>70.8528323312506,22.780566469885 70.8528250134885,22.7800247328434 70.8525329027665,22.7800281253335 70.8525402193764,22.7805698624646 70.8528323312506,22.780566469885</coordinates></LinearRing></outerBoundaryIs></Polygon><Polygon><outerBoundaryIs><LinearRing><coordinates>70.8525658292635,22.7824659421165 70.8525621705413,22.7821950736241 70.8522700551551,22.782198465938 70.8522737133012,22.7824693344752 70.8525658292635,22.7824659421165</coordinates></LinearRing></outerBoundaryIs></Polygon><Polygon><outerBoundaryIs><LinearRing><coordinates>70.8525768057638,22.7832785475354 70.8525694880413,22.7827368105992 70.8522773715029,22.7827402030027 70.8522846880731,22.7832819400284 70.8525768057638,22.7832785475354</coordinates></LinearRing></outerBoundaryIs></Polygon><Polygon><outerBoundaryIs><LinearRing><coordinates>70.8520145179155,22.7849105430989 70.8520072018301,22.7843688061006 70.8517150817235,22.784372197704 70.8517223966565,22.7849139347918 70.8520145179155,22.7849105430989</coordinates></LinearRing></outerBoundaryIs></Polygon><Polygon><outerBoundaryIs><LinearRing><coordinates>70.8517516586129,22.7870808827529 70.8517480006737,22.7868100142919 70.8514558753255,22.7868134057637 70.8514595326885,22.7870842742695 70.8517516586129,22.7870808827529</coordinates></LinearRing></outerBoundaryIs></Polygon><Polygon><outerBoundaryIs><LinearRing><coordinates>70.8546802423675,22.7875886741917 70.8546729147969,22.7870469381947 70.854380789429,22.7870503350554 70.8543881158471,22.787592071142 70.8546802423675,22.7875886741917</coordinates></LinearRing></outerBoundaryIs></Polygon><Polygon><outerBoundaryIs><LinearRing><coordinates>70.8512003202902,22.7895254817675 70.8511856914756,22.7884420078579 70.8508935625586,22.7884453985293 70.8509081890678,22.7895288726178 70.8512003202902,22.7895254817675</coordinates></LinearRing></outerBoundaryIs></Polygon><Polygon><outerBoundaryIs><LinearRing><coordinates>70.8544210874852,22.7900298830495 70.8543954424879,22.7881338071897 70.8541033147592,22.7881372036953 70.8541362822128,22.7905750158305 70.8544284151285,22.7905716189216 70.854424751279,22.7903007509904 70.8547168835626,22.7902973535919 70.8547205479885,22.7905682214783 70.8550126807928,22.7905648235004 70.8550090157905,22.7902939556589 70.8553011479628,22.7902905571914 70.8552974824399,22.7900196893849 70.8544210874852,22.7900298830495</coordinates></LinearRing></outerBoundaryIs></Polygon><Polygon><outerBoundaryIs><LinearRing><coordinates>70.8509228164664,22.7906123465504 70.8509191595334,22.7903414780819 70.8506270265264,22.7903448685319 70.8506306828831,22.7906157370452 70.8509228164664,22.7906123465504</coordinates></LinearRing></outerBoundaryIs></Polygon><Polygon><outerBoundaryIs><LinearRing><coordinates>70.8541436089261,22.7911167517533 70.8541362822128,22.7905750158305 70.8538441492414,22.7905784122048 70.8538514748019,22.7911201482172 70.8541436089261,22.7911167517533</coordinates></LinearRing></outerBoundaryIs></Polygon><Polygon><outerBoundaryIs><LinearRing><coordinates>70.8506416522866,22.7914283425264 70.8506343392953,22.7908866055486 70.8503422050799,22.7908899955536 70.8503495169184,22.7914317326208 70.8506416522866,22.7914283425264</coordinates></LinearRing></outerBoundaryIs></Polygon><Polygon><outerBoundaryIs><LinearRing><coordinates>70.8506489655002,22.7919700794651 70.8506453088656,22.7916992110006 70.850353172921,22.7917026011398 70.8503568289792,22.791973469649 70.8506489655002,22.7919700794651</coordinates></LinearRing></outerBoundaryIs></Polygon><Polygon><outerBoundaryIs><LinearRing><coordinates>70.8547388709535,22.791922560764 70.8547352062491,22.7916516929263 70.8538588005853,22.7916618841906 70.8538624635604,22.7919327521627 70.8547388709535,22.791922560764</coordinates></LinearRing></outerBoundaryIs></Polygon><Polygon><outerBoundaryIs><LinearRing><coordinates>70.8538734528201,22.7927453560204 70.8538697896778,22.7924744880776 70.8535776526159,22.792477884231 70.8535813151817,22.7927487522187 70.8538734528201,22.7927453560204</coordinates></LinearRing></outerBoundaryIs></Polygon><Polygon><outerBoundaryIs><LinearRing><coordinates>70.8535849778032,22.7930196201965 70.8535813151817,22.7927487522187 70.8532891774877,22.7927521478823 70.8532928395327,22.793023015905 70.8535849778032,22.7930196201965</coordinates></LinearRing></outerBoundaryIs></Polygon><Polygon><outerBoundaryIs><LinearRing><coordinates>70.8503714537676,22.7930569435884 70.8503677974872,22.7927860751182 70.8500756591813,22.7927894649016 70.8500793148853,22.7930603334166 70.8503714537676,22.7930569435884</coordinates></LinearRing></outerBoundaryIs></Polygon><Polygon><outerBoundaryIs><LinearRing><coordinates>70.8500902823308,22.7938729389029 70.8500866264601,22.7936020704172 70.8497944863692,22.7936054598002 70.8497981416635,22.7938763283306 70.8500902823308,22.7938729389029</coordinates></LinearRing></outerBoundaryIs></Polygon><Polygon><outerBoundaryIs><LinearRing><coordinates>70.8535996288457,22.7941030920105 70.8535959660016,22.7938322240716 70.8533038260017,22.7938356199145 70.8533074882694,22.7941064878981 70.8535996288457,22.7941030920105</coordinates></LinearRing></outerBoundaryIs></Polygon><Polygon><outerBoundaryIs><LinearRing><coordinates>70.8533148129717,22.7946482238362 70.8533074882694,22.7941064878981 70.8530153476373,22.7941098832512 70.8530226711867,22.7946516192788 70.8533148129717,22.7946482238362</coordinates></LinearRing></outerBoundaryIs></Polygon><Polygon><outerBoundaryIs><LinearRing><coordinates>70.8498091078796,22.7946889338633 70.8498054524187,22.7944180653622 70.8495133105428,22.7944214543447 70.8495169654272,22.7946923228906 70.8498091078796,22.7946889338633</coordinates></LinearRing></outerBoundaryIs></Polygon><Polygon><outerBoundaryIs><LinearRing><coordinates>70.8547791863789,22.7949021063342 70.8547755210617,22.7946312386039 70.8544833795551,22.7946346367195 70.8544870442958,22.7949055044947 70.8547791863789,22.7949021063342</coordinates></LinearRing></outerBoundaryIs></Polygon><Polygon><outerBoundaryIs><LinearRing><coordinates>70.8536069547011,22.7946448278589 70.8533148129717,22.7946482238362 70.8533258004428,22.7954608276701 70.8536179439017,22.7954574315585 70.8536069547011,22.7946448278589</coordinates></LinearRing></outerBoundaryIs></Polygon><Polygon><outerBoundaryIs><LinearRing><coordinates>70.854194902157,22.7949089021206 70.8539027599625,22.7949122992119 70.8539064236059,22.7951831670669 70.8541985663769,22.7951797699308 70.854194902157,22.7949089021206</coordinates></LinearRing></outerBoundaryIs></Polygon><Polygon><outerBoundaryIs><LinearRing><coordinates>70.8492394407065,22.7957791856479 70.8492357861764,22.7955083170964 70.8489436418833,22.7955117051885 70.8489472958369,22.7957825737847 70.8492394407065,22.7957791856479</coordinates></LinearRing></outerBoundaryIs></Polygon><Polygon><outerBoundaryIs><LinearRing><coordinates>70.8521645466972,22.7960161429691 70.8521718675664,22.7965578791288 70.8527561594863,22.7965510902898 70.8527524978707,22.7962802223044 70.8530446431706,22.7962768271277 70.8530483053628,22.7965476950683 70.8542168883119,22.7965341088357 70.8542132238135,22.7962632410743 70.8536289336034,22.7962700351703 70.8536252703138,22.7959991673094 70.8521645466972,22.7960161429691</coordinates></LinearRing></outerBoundaryIs></Polygon><Polygon><outerBoundaryIs><LinearRing><coordinates>70.8442839048944,22.7966493191338 70.8442948399118,22.7974619269186 70.8445869891284,22.7974585470687 70.8445833434907,22.7971876778615 70.8451676406046,22.7971809166468 70.845163993869,22.796910047519 70.8448718459163,22.7969134283491 70.8448609077719,22.7961008207733 70.8445687614936,22.7961042009349 70.8445760523813,22.7966459394177 70.8442839048944,22.7966493191338</coordinates></LinearRing></outerBoundaryIs></Polygon><Polygon><outerBoundaryIs><LinearRing><coordinates>70.854516364227,22.797072446345 70.8545126990406,22.7968015786478 70.854220552866,22.7968049765875 70.8542242174758,22.7970758443294 70.854516364227,22.797072446345</coordinates></LinearRing></outerBoundaryIs></Polygon><Polygon><outerBoundaryIs><LinearRing><coordinates>70.8483812707663,22.7971436917361 70.8483776176882,22.7968728230993 70.8480854703457,22.7968762098108 70.8480891228472,22.7971470784923 70.8483812707663,22.7971436917361</coordinates></LinearRing></outerBoundaryIs></Polygon><Polygon><outerBoundaryIs><LinearRing><coordinates>70.8451676406046,22.7971809166468 70.8451712873956,22.7974517857649 70.845463436446,22.7974484043109 70.8454670838691,22.7977192733747 70.8457592334407,22.7977158913414 70.8457519374968,22.7971741532934 70.8451676406046,22.7971809166468</coordinates></LinearRing></outerBoundaryIs></Polygon><Polygon><outerBoundaryIs><LinearRing><coordinates>70.8448827845596,22.7977260358371 70.8448791382897,22.7974551666842 70.8445869891284,22.7974585470687 70.8445906348217,22.7977294162663 70.8448827845596,22.7977260358371</coordinates></LinearRing></outerBoundaryIs></Polygon><Polygon><outerBoundaryIs><LinearRing><coordinates>70.8475157812205,22.7979664566547 70.8475121297057,22.7976955879131 70.8472199804669,22.7976989731546 70.8472236314051,22.7979698419408 70.8475157812205,22.7979664566547</coordinates></LinearRing></outerBoundaryIs></Polygon><Polygon><outerBoundaryIs><LinearRing><coordinates>70.8451785811439,22.7979935239718 70.845174934242,22.7977226548732 70.8448827845596,22.7977260358371 70.8448864308848,22.7979969049803 70.8451785811439,22.7979935239718</coordinates></LinearRing></outerBoundaryIs></Polygon><Polygon><outerBoundaryIs><LinearRing><coordinates>70.8510288917092,22.7984675278959 70.8510252331638,22.7981966597101 70.8507330834383,22.7982000514574 70.8507367414071,22.7984709196879 70.8510288917092,22.7984675278959</coordinates></LinearRing></outerBoundaryIs></Polygon><Polygon><outerBoundaryIs><LinearRing><coordinates>70.8451785811439,22.7979935239718 70.8451822281012,22.7982643930606 70.8457665296064,22.7982576293504 70.8457701777724,22.7985284983403 70.8451858751139,22.7985352621397 70.8452004637192,22.7996187383586 70.8454926173827,22.7996153565479 70.8454816741157,22.7988027495321 70.8463581295838,22.7987926012929 70.846354480209,22.798521732402 70.8460623290184,22.7985251156385 70.8460513829569,22.7977125087734 70.8457592334407,22.7977158913414 70.8457628814958,22.7979867603508 70.8451785811439,22.7979935239718</coordinates></LinearRing></outerBoundaryIs></Polygon><Polygon><outerBoundaryIs><LinearRing><coordinates>70.8504555635594,22.7992869157123 70.8504519060005,22.7990160474663 70.8501597544339,22.7990194382783 70.8501634114162,22.799290306569 70.8504555635594,22.7992869157123</coordinates></LinearRing></outerBoundaryIs></Polygon><Polygon><outerBoundaryIs><LinearRing><coordinates>70.8501707255475,22.7998320431211 70.850167068454,22.7995611748499 70.8498749156786,22.7995645652166 70.8498785721953,22.7998354335325 70.8501707255475,22.7998320431211</coordinates></LinearRing></outerBoundaryIs></Polygon><Polygon><outerBoundaryIs><LinearRing><coordinates>70.8446343874625,22.8009798458761 70.8446307411043,22.8007089767955 70.8443385849676,22.8007123571804 70.8443422307491,22.8009832263055 70.8446343874625,22.8009798458761</coordinates></LinearRing></outerBoundaryIs></Polygon><Polygon><outerBoundaryIs><LinearRing><coordinates>70.8493125429747,22.8011965546313 70.8493088873335,22.8009256862747 70.8490167315079,22.8009290752607 70.8490203865723,22.8011999436619 70.8493125429747,22.8011965546313</coordinates></LinearRing></outerBoundaryIs></Polygon><Polygon><outerBoundaryIs><LinearRing><coordinates>70.8487428486208,22.8022868058439 70.8487355392565,22.8017450690203 70.8484433815896,22.8017484570707 70.8484506898004,22.8022901939837 70.8487428486208,22.8022868058439</coordinates></LinearRing></outerBoundaryIs></Polygon><Polygon><outerBoundaryIs><LinearRing><coordinates>70.8428996616711,22.8023544670242 70.8428960184964,22.802083597725 70.8426038591438,22.8020869751238 70.8426075017417,22.8023578444676 70.8428996616711,22.8023544670242</coordinates></LinearRing></outerBoundaryIs></Polygon><Polygon><outerBoundaryIs><LinearRing><coordinates>70.8475997813804,22.8041964350202 70.847596128589,22.8039255665028 70.8473039660857,22.8039289527713 70.8473076183004,22.8041998213332 70.8475997813804,22.8041964350202</coordinates></LinearRing></outerBoundaryIs></Polygon><Polygon><outerBoundaryIs><LinearRing><coordinates>70.8473149228961,22.8047415584279 70.8473112705705,22.8044706898855 70.8470191068581,22.8044740757083 70.8470227586069,22.8047449442955 70.8473149228961,22.8047415584279</coordinates></LinearRing></outerBoundaryIs></Polygon><Polygon><outerBoundaryIs><LinearRing><coordinates>70.8473222277139,22.8052832954836 70.8473185752773,22.8050124269606 70.8467342454897,22.8050191982501 70.8467378967726,22.8052900668623 70.8473222277139,22.8052832954836</coordinates></LinearRing></outerBoundaryIs></Polygon><Polygon><outerBoundaryIs><LinearRing><coordinates>70.846741548111,22.8055609354648 70.8467378967726,22.8052900668623 70.8464457312187,22.8052934517494 70.8464493819802,22.8055643203965 70.846741548111,22.8055609354648</coordinates></LinearRing></outerBoundaryIs></Polygon><Polygon><outerBoundaryIs><LinearRing><coordinates>70.8464566836698,22.8061060576615 70.8464530327973,22.8058351890339 70.8461608660342,22.8058385734753 70.8461645163298,22.8061094421475 70.8464566836698,22.8061060576615</coordinates></LinearRing></outerBoundaryIs></Polygon><Polygon><outerBoundaryIs><LinearRing><coordinates>70.8458832984233,22.8069254321907 70.8458796485382,22.8066545635031 70.8455874799335,22.8066579470085 70.8455911292417,22.8069288157407 70.8458832984233,22.8069254321907</coordinates></LinearRing></outerBoundaryIs></Polygon><Polygon><outerBoundaryIs><LinearRing><coordinates>70.8452989600046,22.8069321987558 70.8453026087914,22.8072030675229 70.8455947786054,22.8071996844632 70.8455911292417,22.8069288157407 70.8452989600046,22.8069321987558</coordinates></LinearRing></outerBoundaryIs></Polygon><Polygon><outerBoundaryIs><LinearRing><coordinates>70.8450104389219,22.8072064500476 70.8450177355079,22.8077481876417 70.8447255644292,22.8077515697207 70.8447292122284,22.8080224385477 70.8444370405172,22.8080258201363 70.8444406877949,22.8082966889982 70.8441485154514,22.8083000700964 70.8441558090191,22.80884180788 70.8438636354662,22.8088451885323 70.8438782209586,22.8099286641609 70.8441703968195,22.8099252833302 70.8441594558861,22.8091126767572 70.8447438039795,22.8091059137583 70.844732860083,22.808293307365 70.8450250323157,22.8082899251968 70.8450213838841,22.8080190564242 70.8453135554843,22.8080156737656 70.8453026087914,22.8072030675229 70.8450104389219,22.8072064500476</coordinates></LinearRing></outerBoundaryIs></Polygon><Polygon><outerBoundaryIs><LinearRing><coordinates>70.8450615196809,22.8109986123873 70.8450469240695,22.8099151376281 70.8447547483749,22.8099185200638 70.8447693416782,22.8110019950014 70.8450615196809,22.8109986123873</coordinates></LinearRing></outerBoundaryIs></Polygon><Polygon><outerBoundaryIs><LinearRing><coordinates>70.8438928073375,22.8110121396333 70.8438782209586,22.8099286641609 70.8435860450424,22.8099320444565 70.8436006291131,22.8110155201072 70.8438928073375,22.8110121396333</coordinates></LinearRing></outerBoundaryIs></Polygon><Polygon><outerBoundaryIs><LinearRing><coordinates>70.845634925266,22.8101792397669 70.8456568262729,22.8118044512533 70.8459490058405,22.8118010669002 70.8459380533562,22.8109884613347 70.8462302311371,22.8109850765805 70.846211975221,22.8096307339994 70.8450432753052,22.809644268914 70.8450469240695,22.8099151376281 70.8453390997086,22.8099117546574 70.8453427491053,22.8101826233172 70.845634925266,22.8101792397669</coordinates></LinearRing></outerBoundaryIs></Polygon><Polygon><outerBoundaryIs><LinearRing><coordinates>70.8462484884402,22.8123394189177 70.8462448368686,22.8120685504698 70.8459526567795,22.8120719354025 70.845956307774,22.8123428038951 70.8462484884402,22.8123394189177</coordinates></LinearRing></outerBoundaryIs></Polygon><Polygon><outerBoundaryIs><LinearRing><coordinates>70.843907394603,22.8120956149498 70.8438964540708,22.8112830084771 70.8436042752693,22.8112863889955 70.843629799914,22.8131824709406 70.8442141655406,22.8131757087446 70.8441995750802,22.8120922337625 70.843907394603,22.8120956149498</coordinates></LinearRing></outerBoundaryIs></Polygon><Polygon><outerBoundaryIs><LinearRing><coordinates>70.846544321255,22.8126069017988 70.8465406690509,22.8123360334052 70.8462484884402,22.8123394189177 70.8462521400672,22.8126102873559 70.846544321255,22.8126069017988</coordinates></LinearRing></outerBoundaryIs></Polygon><Polygon><outerBoundaryIs><LinearRing><coordinates>70.8459599588239,22.8126136723779 70.8456677775252,22.8126170568648 70.8456787292766,22.8134296623886 70.8459709123067,22.8134262777678 70.8459599588239,22.8126136723779</coordinates></LinearRing></outerBoundaryIs></Polygon><Polygon><outerBoundaryIs><LinearRing><coordinates>70.8453901963086,22.8137039150073 70.8456823799713,22.813700530877 70.8456787292766,22.8134296623886 70.845386546191,22.8134330464742 70.8453901963086,22.8137039150073</coordinates></LinearRing></outerBoundaryIs></Polygon><Polygon><outerBoundaryIs><LinearRing><coordinates>70.84509436305,22.8134364300248 70.8448021798535,22.8134398130402 70.8448058288169,22.8137106816624 70.8450980125905,22.8137072986024 70.84509436305,22.8134364300248</coordinates></LinearRing></outerBoundaryIs></Polygon><Polygon><outerBoundaryIs><LinearRing><coordinates>70.8445282390871,22.8147975387571 70.8445428340732,22.8158810131707 70.8448350225196,22.8158776302891 70.8448277237613,22.8153358931909 70.8454120981789,22.8153291260005 70.8454011469942,22.8145165205478 70.8456933323884,22.8145131362837 70.8456860307215,22.8139713993556 70.8453938464817,22.8139747835305 70.8453901963086,22.8137039150073 70.8450980125905,22.8137072986024 70.8451016621864,22.8139781671703 70.8448094778357,22.8139815502749 70.8448058288169,22.8137106816624 70.8442214611034,22.8137174461772 70.8442251089679,22.8139883148788 70.8445172934295,22.8139849328444 70.8445209419266,22.8142558014917 70.8448131269099,22.8142524188776 70.8448167760396,22.8145232874706 70.8451089615446,22.8145199042768 70.8451126113069,22.8147907728154 70.8445282390871,22.8147975387571</coordinates></LinearRing></outerBoundaryIs></Polygon><Polygon><outerBoundaryIs><LinearRing><coordinates>70.8451345110451,22.8164159838422 70.8451272109105,22.8158742468723 70.8448350225196,22.8158776302891 70.8448423214997,22.8164193673482 70.8451345110451,22.8164159838422</coordinates></LinearRing></outerBoundaryIs></Polygon><Polygon><outerBoundaryIs><LinearRing><coordinates>70.8448642197707,22.8180445782914 70.8448605699203,22.8177737098253 70.8445683774332,22.817777093019 70.8445720267064,22.8180479615298 70.8448642197707,22.8180445782914</coordinates></LinearRing></outerBoundaryIs></Polygon><Polygon><outerBoundaryIs><LinearRing><coordinates>70.8448751696548,22.8188571836313 70.844871519638,22.8185863151944 70.8445793254191,22.818589698522 70.8445829748586,22.8188605670035 70.8448751696548,22.8188571836313</coordinates></LinearRing></outerBoundaryIs></Polygon><Polygon><outerBoundaryIs><LinearRing><coordinates>70.8448861200379,22.8196697888834 70.8448824698548,22.8193989204758 70.844590273904,22.8194023039372 70.8445939235098,22.8196731723894 70.8448861200379,22.8196697888834</coordinates></LinearRing></outerBoundaryIs></Polygon><Polygon><outerBoundaryIs><LinearRing><coordinates>70.8429027360641,22.8242982289252 70.8428990889805,22.8240273603714 70.842606882826,22.8240307408431 70.8426105293321,22.8243016094414 70.8429027360641,22.8242982289252</coordinates></LinearRing></outerBoundaryIs></Polygon><Polygon><outerBoundaryIs><LinearRing><coordinates>70.8619446446077,22.7631221125151 70.8619409708432,22.7628512448116 70.8613568254562,22.7628580577793 70.8613604980698,22.7631289255727 70.8619446446077,22.7631221125151</coordinates></LinearRing></outerBoundaryIs></Polygon><Polygon><outerBoundaryIs><LinearRing><coordinates>70.863112937013,22.7631084799944 70.8631092609466,22.762837612471 70.8628171885046,22.7628410213568 70.8628208639955,22.7631118889253 70.863112937013,22.7631084799944</coordinates></LinearRing></outerBoundaryIs></Polygon><Polygon><outerBoundaryIs><LinearRing><coordinates>70.8645733012613,22.7630914273335 70.8645696223175,22.7628205600353 70.8642775501553,22.76282397159 70.8642812285236,22.7630948389333 70.8645733012613,22.7630914273335</coordinates></LinearRing></outerBoundaryIs></Polygon><Polygon><outerBoundaryIs><LinearRing><coordinates>70.8625324658936,22.763386164926 70.8625287909222,22.7631152973223 70.8622367177929,22.7631187051856 70.8622403921888,22.7633895728343 70.8625324658936,22.763386164926</coordinates></LinearRing></outerBoundaryIs></Polygon><Polygon><outerBoundaryIs><LinearRing><coordinates>70.8654605614854,22.7638937907623 70.8654568806472,22.7636229236285 70.8651648069264,22.7636263369197 70.8651684871891,22.7638972040986 70.8654605614854,22.7638937907623</coordinates></LinearRing></outerBoundaryIs></Polygon><Polygon><outerBoundaryIs><LinearRing><coordinates>70.8619630142689,22.7644764508861 70.8619593402249,22.7642055832314 70.8616672646819,22.764208990207 70.8616709381503,22.7644798579067 70.8619630142689,22.7644764508861</coordinates></LinearRing></outerBoundaryIs></Polygon><Polygon><outerBoundaryIs><LinearRing><coordinates>70.8613788619759,22.7644832643936 70.8613825349247,22.7647541321285 70.8616746116747,22.7647507255967 70.8616709381503,22.7644798579067 70.8613788619759,22.7644832643936</coordinates></LinearRing></outerBoundaryIs></Polygon><Polygon><outerBoundaryIs><LinearRing><coordinates>70.86138988099,22.7652958675691 70.8613862079294,22.7650249998537 70.8610941305481,22.7650284058967 70.8610978030331,22.7652992736571 70.86138988099,22.7652958675691</coordinates></LinearRing></outerBoundaryIs></Polygon><Polygon><outerBoundaryIs><LinearRing><coordinates>70.8669430355974,22.7655019173193 70.8669393515456,22.7652310504694 70.8666472746517,22.7652344667002 70.866650958128,22.7655053335952 70.8669430355974,22.7655019173193</coordinates></LinearRing></outerBoundaryIs></Polygon><Polygon><outerBoundaryIs><LinearRing><coordinates>70.861101475574,22.7655701414077 70.8610978030331,22.7652992736571 70.8608057250204,22.7653026792112 70.8608093969857,22.7655735470068 70.861101475574,22.7655701414077</coordinates></LinearRing></outerBoundaryIs></Polygon><Polygon><outerBoundaryIs><LinearRing><coordinates>70.8672424824337,22.7660402340897 70.8672387976942,22.7657693673045 70.8666546416603,22.7657762004804 70.8666583252487,22.7660470673558 70.8672424824337,22.7660402340897</coordinates></LinearRing></outerBoundaryIs></Polygon><Polygon><outerBoundaryIs><LinearRing><coordinates>70.8608167410839,22.7661152825688 70.8608130690069,22.7658444147927 70.8605209897872,22.7658478199029 70.8605246612887,22.766118687724 70.8608167410839,22.7661152825688</coordinates></LinearRing></outerBoundaryIs></Polygon><Polygon><outerBoundaryIs><LinearRing><coordinates>70.866369929641,22.7663213500989 70.8663662465721,22.7660504831881 70.865782089051,22.7660573132511 70.8657857709687,22.766328180252 70.866369929641,22.7663213500989</coordinates></LinearRing></outerBoundaryIs></Polygon><Polygon><outerBoundaryIs><LinearRing><coordinates>70.8605320044591,22.7666604233369 70.860528332846,22.7663895555353 70.8602362524193,22.7663929602016 70.8602399234568,22.7666638280481 70.8605320044591,22.7666604233369</coordinates></LinearRing></outerBoundaryIs></Polygon><Polygon><outerBoundaryIs><LinearRing><coordinates>70.8657894529423,22.7665990472433 70.8657857709687,22.766328180252 70.8654936915485,22.7663315945278 70.8654973729466,22.7666024615641 70.8657894529423,22.7665990472433</coordinates></LinearRing></outerBoundaryIs></Polygon><Polygon><outerBoundaryIs><LinearRing><coordinates>70.8602435945502,22.7669346958849 70.8602399234568,22.7666638280481 70.8599478423987,22.7666672322254 70.8599515129165,22.7669381001072 70.8602435945502,22.7669346958849</coordinates></LinearRing></outerBoundaryIs></Polygon><Polygon><outerBoundaryIs><LinearRing><coordinates>70.8652089737734,22.7668767424228 70.8652052928949,22.7666058753511 70.8649132127872,22.7666092886043 70.8649168930901,22.766880155721 70.8652089737734,22.7668767424228</coordinates></LinearRing></outerBoundaryIs></Polygon><Polygon><outerBoundaryIs><LinearRing><coordinates>70.864920573449,22.7671510228279 70.8649168930901,22.766880155721 70.8640406507044,22.7668903924123 70.8640443293364,22.7671612596544 70.864920573449,22.7671510228279</coordinates></LinearRing></outerBoundaryIs></Polygon><Polygon><outerBoundaryIs><LinearRing><coordinates>70.8596667712788,22.7674832396197 70.859663101225,22.7672123717125 70.859371018904,22.767215774912 70.8593746883822,22.7674866428641 70.8596667712788,22.7674832396197</coordinates></LinearRing></outerBoundaryIs></Polygon><Polygon><outerBoundaryIs><LinearRing><coordinates>70.8593820275061,22.7680283787391 70.8593783579163,22.7677575108065 70.8590862743882,22.7677609135619 70.8590899434025,22.7680317815395 70.8593820275061,22.7680283787391</coordinates></LinearRing></outerBoundaryIs></Polygon><Polygon><outerBoundaryIs><LinearRing><coordinates>70.8576625197809,22.7704866009128 70.857658853143,22.7702157327984 70.8573667640992,22.7702191327543 70.8573704301615,22.7704900009136 70.8576625197809,22.7704866009128</coordinates></LinearRing></outerBoundaryIs></Polygon><Polygon><outerBoundaryIs><LinearRing><coordinates>70.8600175917844,22.7718137203121 70.8600139202616,22.7715428526058 70.8597218287855,22.7715462570582 70.8597254997326,22.7718171248094 70.8600175917844,22.7718137203121</coordinates></LinearRing></outerBoundaryIs></Polygon><Polygon><outerBoundaryIs><LinearRing><coordinates>70.8594334076249,22.7718205287727 70.8594370780521,22.7720913965592 70.8597291707355,22.7720879925509 70.8597254997326,22.7718171248094 70.8594334076249,22.7718205287727</coordinates></LinearRing></outerBoundaryIs></Polygon><Polygon><outerBoundaryIs><LinearRing><coordinates>70.8547635875316,22.7721457880648 70.8547745715101,22.7729583935197 70.855066666813,22.7729549979213 70.8550739908954,22.7734967347529 70.8553660872942,22.7734933385308 70.8553477746269,22.7721389966029 70.8547635875316,22.7721457880648</coordinates></LinearRing></outerBoundaryIs></Polygon><Polygon><outerBoundaryIs><LinearRing><coordinates>70.858579144003,22.7734559448397 70.8582870482173,22.7734593469364 70.8582907166761,22.773730214844 70.8585828130376,22.7737268127024 70.858579144003,22.7734559448397</coordinates></LinearRing></outerBoundaryIs></Polygon><Polygon><outerBoundaryIs><LinearRing><coordinates>70.8580059561922,22.7742753523274 70.8577138585675,22.7742787534907 70.857717526042,22.7745496214589 70.8580096242425,22.7745462202507 70.8580059561922,22.7742753523274</coordinates></LinearRing></outerBoundaryIs></Polygon><Polygon><outerBoundaryIs><LinearRing><coordinates>70.8577285288,22.775362225305 70.8577248611582,22.775091357366 70.8574327617502,22.7750947581299 70.8574364288161,22.7753656261138 70.8577285288,22.775362225305</coordinates></LinearRing></outerBoundaryIs></Polygon><Polygon><outerBoundaryIs><LinearRing><coordinates>70.8568742253367,22.7769976343658 70.856870559088,22.7767267663507 70.8565784560574,22.7767301657816 70.8565821217301,22.7770010338415 70.8568742253367,22.7769976343658</coordinates></LinearRing></outerBoundaryIs></Polygon><Polygon><outerBoundaryIs><LinearRing><coordinates>70.8563083443878,22.778358773161 70.8563046790123,22.7780879051049 70.8560125729904,22.7780913036917 70.8560162377899,22.7783621717926 70.8563083443878,22.778358773161</coordinates></LinearRing></outerBoundaryIs></Polygon><Polygon><outerBoundaryIs><LinearRing><coordinates>70.8560308975452,22.7794456440989 70.8560235675561,22.7789039079653 70.8557314597506,22.7789073061524 70.8557387885877,22.7794490423758 70.8560308975452,22.7794456440989</coordinates></LinearRing></outerBoundaryIs></Polygon><Polygon><outerBoundaryIs><LinearRing><coordinates>70.8557497822612,22.7802616466377 70.8557461176477,22.7799907785601 70.8554540074823,22.7799941763925 70.8554576715199,22.7802650445149 70.8557497822612,22.7802616466377</coordinates></LinearRing></outerBoundaryIs></Polygon><Polygon><outerBoundaryIs><LinearRing><coordinates>70.8583897861532,22.7810436446648 70.8583971262511,22.7815853799244 70.8578128999557,22.7815921852098 70.8578165689362,22.7818630529147 70.8584007963838,22.7818562475395 70.8584081368165,22.7823979827405 70.8587002516088,22.7823945791617 70.8586929100239,22.7818528440505 70.8589850236081,22.7818494400272 70.8589776810943,22.7813077049669 70.8592697934706,22.7813043004992 70.8592624500279,22.7807625654897 70.8586782275237,22.7807693737111 70.858681898065,22.7810402413106 70.8583897861532,22.7810436446648</coordinates></LinearRing></outerBoundaryIs></Polygon><Polygon><outerBoundaryIs><LinearRing><coordinates>70.8554869858259,22.7824319891431 70.8554723282272,22.781348516907 70.8551802151259,22.7813519144293 70.8551948704202,22.7824353868447 70.8554869858259,22.7824319891431</coordinates></LinearRing></outerBoundaryIs></Polygon><Polygon><outerBoundaryIs><LinearRing><coordinates>70.8578239070646,22.7824047882954 70.8578165689362,22.7818630529147 70.8575244551287,22.7818664548009 70.8575317921049,22.7824081902713 70.8578239070646,22.7824047882954</coordinates></LinearRing></outerBoundaryIs></Polygon><Polygon><outerBoundaryIs><LinearRing><coordinates>70.8552058624759,22.7832479910539 70.8551985343831,22.7827062549242 70.8549064183456,22.7827096521364 70.8549137452862,22.7832513883558 70.8552058624759,22.7832479910539</coordinates></LinearRing></outerBoundaryIs></Polygon><Polygon><outerBoundaryIs><LinearRing><coordinates>70.8578459227886,22.7840299942033 70.8578312454161,22.782946523637 70.8581233614722,22.7829431210369 70.8581196916924,22.7826722534159 70.8572433450851,22.7826824594785 70.8572470131365,22.7829533272342 70.8575391293042,22.7829499257028 70.8575538043721,22.7840333964486 70.8578459227886,22.7840299942033</coordinates></LinearRing></outerBoundaryIs></Polygon><Polygon><outerBoundaryIs><LinearRing><coordinates>70.8572543494066,22.7834950627164 70.8572506812437,22.7832241949802 70.8566664475888,22.78323099653 70.8566701145994,22.7835018643559 70.8572543494066,22.7834950627164</coordinates></LinearRing></outerBoundaryIs></Polygon><Polygon><outerBoundaryIs><LinearRing><coordinates>70.8557937619705,22.7835120628078 70.8557974273085,22.7837829307587 70.8566737816659,22.7837727321722 70.8566701145994,22.7835018643559 70.8557937619705,22.7835120628078</coordinates></LinearRing></outerBoundaryIs></Polygon><Polygon><outerBoundaryIs><LinearRing><coordinates>70.855216855033,22.7840605951754 70.8552095266059,22.7835188591042 70.8549174088401,22.7835222564509 70.8549247361149,22.7840639926118 70.855216855033,22.7840605951754</coordinates></LinearRing></outerBoundaryIs></Polygon><Polygon><outerBoundaryIs><LinearRing><coordinates>70.8558010927022,22.7840537986997 70.8557974273085,22.7837829307587 70.8555053090779,22.7837863292188 70.8555089738955,22.7840571972047 70.8558010927022,22.7840537986997</coordinates></LinearRing></outerBoundaryIs></Polygon><Polygon><outerBoundaryIs><LinearRing><coordinates>70.8572653542301,22.7843076658666 70.8572616858999,22.7840367981596 70.8569695673718,22.7840401993363 70.8569732351259,22.7843110670882 70.8572653542301,22.7843076658666</coordinates></LinearRing></outerBoundaryIs></Polygon><Polygon><outerBoundaryIs><LinearRing><coordinates>70.8569732351259,22.7843110670882 70.8563889967503,22.7843178679283 70.8563926634078,22.7845887357601 70.8569769029358,22.7845819348303 70.8569732351259,22.7843110670882</coordinates></LinearRing></outerBoundaryIs></Polygon><Polygon><outerBoundaryIs><LinearRing><coordinates>70.8546729147969,22.7870469381947 70.8549650401091,22.7870435407996 70.8549430552766,22.7854183328434 70.8552351770758,22.7854149351829 70.8552278480915,22.7848731992091 70.8555199686825,22.7848698011039 70.8555163036978,22.7845989331473 70.8549320636125,22.7846057287337 70.8549357274448,22.78487659678 70.8546436067424,22.7848799938165 70.8546729147969,22.7870469381947</coordinates></LinearRing></outerBoundaryIs></Polygon><Polygon><outerBoundaryIs><LinearRing><coordinates>70.8582298093592,22.7907982778052 70.8582261379611,22.790527410467 70.8579340057702,22.7905308143244 70.8579376765919,22.7908016817075 70.8582298093592,22.7907982778052</coordinates></LinearRing></outerBoundaryIs></Polygon><Polygon><outerBoundaryIs><LinearRing><coordinates>70.8570649471034,22.7910827577153 70.8570612779551,22.7908118902073 70.8567691449646,22.7908152919715 70.8567728135365,22.7910861595244 70.8570649471034,22.7910827577153</coordinates></LinearRing></outerBoundaryIs></Polygon><Polygon><outerBoundaryIs><LinearRing><coordinates>70.8579413474694,22.7910725490809 70.8579376765919,22.7908016817075 70.8573534108898,22.7908084879085 70.8573570806145,22.7910793553717 70.8579413474694,22.7910725490809</coordinates></LinearRing></outerBoundaryIs></Polygon><Polygon><outerBoundaryIs><LinearRing><coordinates>70.8561922137105,22.791363829172 70.8561885462355,22.7910929615391 70.8558964125013,22.7910963617447 70.8559000793999,22.7913672294225 70.8561922137105,22.791363829172</coordinates></LinearRing></outerBoundaryIs></Polygon><Polygon><outerBoundaryIs><LinearRing><coordinates>70.8567801508478,22.791627894601 70.8567764821643,22.7913570270676 70.8564843479653,22.7913604283871 70.8564880160724,22.7916312959654 70.8567801508478,22.791627894601</coordinates></LinearRing></outerBoundaryIs></Polygon><Polygon><outerBoundaryIs><LinearRing><coordinates>70.8582334808131,22.7910691451337 70.8582371523228,22.7913400124524 70.8576528844268,22.7913468199021 70.8576565548395,22.7916176873008 70.8582408238883,22.7916108797614 70.8582481671868,22.7921526143501 70.8591245737999,22.7921423987624 70.8591282472621,22.7924132659074 70.8600046551019,22.792403045374 70.8600009799104,22.7921321783639 70.8597088445961,22.792135585698 70.8597051700368,22.7918647186331 70.8591209003935,22.7918715316077 70.8591172270429,22.7916006644433 70.858532958329,22.7916074751899 70.858525614101,22.791065740652 70.8582334808131,22.7910691451337</coordinates></LinearRing></outerBoundaryIs></Polygon><Polygon><outerBoundaryIs><LinearRing><coordinates>70.8564916842353,22.7919021635339 70.8564880160724,22.7916312959654 70.8561958812412,22.7916346967952 70.8561995488276,22.7919055644086 70.8564916842353,22.7919021635339</coordinates></LinearRing></outerBoundaryIs></Polygon><Polygon><outerBoundaryIs><LinearRing><coordinates>70.8603004667605,22.7926705044159 70.8602967909368,22.7923996374605 70.8600046551019,22.792403045374 70.8600083303492,22.7926739123744 70.8603004667605,22.7926705044159</coordinates></LinearRing></outerBoundaryIs></Polygon><Polygon><outerBoundaryIs><LinearRing><coordinates>70.8605999560841,22.7932088297145 70.860592603116,22.7926670959229 70.8603004667605,22.7926705044159 70.8603078185758,22.7932122382974 70.8605999560841,22.7932088297145</coordinates></LinearRing></outerBoundaryIs></Polygon><Polygon><outerBoundaryIs><LinearRing><coordinates>70.8556556122939,22.794891908645 70.8556446113209,22.7940793058282 70.8553524711344,22.794082705458 70.8553561374932,22.7943535731182 70.8550639966745,22.7943569722583 70.8550676625126,22.7946278399536 70.8553598039077,22.7946244407687 70.855363470378,22.7948953084093 70.8556556122939,22.794891908645</coordinates></LinearRing></outerBoundaryIs></Polygon><Polygon><outerBoundaryIs><LinearRing><coordinates>70.8559477541541,22.794888508346 70.8556556122939,22.794891908645 70.8556629465547,22.7954336438074 70.8559550895679,22.7954302434187 70.8559477541541,22.794888508346</coordinates></LinearRing></outerBoundaryIs></Polygon><Polygon><outerBoundaryIs><LinearRing><coordinates>70.8559624252047,22.7959719784524 70.8562545693152,22.7959685774394 70.8562472325254,22.7954268424954 70.8559550895679,22.7954302434187 70.8559624252047,22.7959719784524</coordinates></LinearRing></outerBoundaryIs></Polygon><Polygon><outerBoundaryIs><LinearRing><coordinates>70.8568388573691,22.7959617738094 70.8568351877932,22.795690906432 70.8565430443707,22.7956943084695 70.8565467133701,22.7959651758917 70.8568388573691,22.7959617738094</coordinates></LinearRing></outerBoundaryIs></Polygon><Polygon><outerBoundaryIs><LinearRing><coordinates>70.8562545693152,22.7959685774394 70.8562582377938,22.7962394448967 70.8565503824252,22.7962360433042 70.8565467133701,22.7959651758917 70.8562545693152,22.7959685774394</coordinates></LinearRing></outerBoundaryIs></Polygon><Polygon><outerBoundaryIs><LinearRing><coordinates>70.8556666137686,22.795704511374 70.8556629465547,22.7954336438074 70.8544943739444,22.7954472400158 70.8544980388522,22.7957181077617 70.8547901826649,22.7957147094667 70.8547975138008,22.7962564448396 70.8553818035652,22.7962496464664 70.8553854703698,22.7965205140486 70.8550933249389,22.7965239135474 70.8550969912227,22.7967947811646 70.8548048451595,22.7967981801736 70.8548085109225,22.7970690478259 70.854516364227,22.797072446345 70.8545200294691,22.7973433140324 70.8551043239575,22.7973365163698 70.8551006575623,22.7970656487721 70.8553928041463,22.7970622491836 70.8553891372302,22.796791381621 70.855681283182,22.7967879815427 70.8556702810384,22.7959753789308 70.8553781368163,22.7959787788745 70.8553744701231,22.7957079112729 70.8556666137686,22.795704511374</coordinates></LinearRing></outerBoundaryIs></Polygon><Polygon><outerBoundaryIs><LinearRing><coordinates>70.8568498664314,22.796774375883 70.8568535362304,22.7970452432213 70.8577299748116,22.7970350332279 70.8577263032829,22.7967641660242 70.8574341577215,22.7967675698451 70.8574304868252,22.7964967025868 70.8571383417846,22.7965001058282 70.8571346715206,22.7962292385152 70.8565503824252,22.7962360433042 70.8565540515361,22.7965069107069 70.8562619063281,22.7965103123443 70.8562655749182,22.7967811797822 70.8568498664314,22.796774375883</coordinates></LinearRing></outerBoundaryIs></Polygon><Polygon><outerBoundaryIs><LinearRing><coordinates>70.8583179396577,22.7972990909964 70.85831426692,22.7970282238923 70.8577299748116,22.7970350332279 70.8577336463961,22.7973059004218 70.8583179396577,22.7972990909964</coordinates></LinearRing></outerBoundaryIs></Polygon></MultiGeometry>
  </Placemark>
  <Placemark id="flood_extent_S0_release.3">
	<name>1.5-3 m</name>
	<Style><LineStyle><color>ff0000ff</color></LineStyle><PolyStyle><fill>0</fill></PolyStyle></Style>
	<ExtendedData><SchemaData schemaUrl="#flood_extent_S0_release">
		<SimpleData name="area_km2">1.315</SimpleData>
	</SchemaData></ExtendedData>
      <MultiGeometry><Polygon><outerBoundaryIs><LinearRing><coordinates>70.7732560054983,22.929933460091 70.7732489507667,22.9293917092727 70.7729565078073,22.9293949761785 70.772963561377,22.9299367270826 70.7732560054983,22.929933460091</coordinates></LinearRing></outerBoundaryIs></Polygon><Polygon><outerBoundaryIs><LinearRing><coordinates>70.7799822055185,22.9298581707348 70.7799786647633,22.9295872963191 70.7796862224546,22.9295905756467 70.7796897626288,22.9298614501055 70.7799822055185,22.9298581707348</coordinates></LinearRing></outerBoundaryIs></Polygon><Polygon><outerBoundaryIs><LinearRing><coordinates>70.7796933028567,22.9301323245546 70.7796897626288,22.9298614501055 70.7793973196854,22.929864728938 70.7794008593323,22.9301356034301 70.7796933028567,22.9301323245546</coordinates></LinearRing></outerBoundaryIs></Polygon><Polygon><outerBoundaryIs><LinearRing><coordinates>70.7735519775931,22.9302010679129 70.7735484495662,22.9299301925612 70.7732560054983,22.929933460091 70.7732595329443,22.9302043354856 70.7735519775931,22.9302010679129</coordinates></LinearRing></outerBoundaryIs></Polygon><Polygon><outerBoundaryIs><LinearRing><coordinates>70.7747252860584,22.9304588674099 70.7747217556539,22.9301879922396 70.774429311219,22.9301912619653 70.7744328410424,22.9304621371784 70.7747252860584,22.9304588674099</coordinates></LinearRing></outerBoundaryIs></Polygon><Polygon><outerBoundaryIs><LinearRing><coordinates>70.7794043990328,22.9304064779124 70.7794008593323,22.9301356034301 70.7791084157543,22.9301388817674 70.7791119548738,22.9304097562928 70.7794043990328,22.9304064779124</coordinates></LinearRing></outerBoundaryIs></Polygon><Polygon><outerBoundaryIs><LinearRing><coordinates>70.7788265878991,22.9309547832425 70.7788230492533,22.9306839086936 70.7782381595052,22.9306904628491 70.7782416969889,22.9309613374841 70.7788265878991,22.9309547832425</coordinates></LinearRing></outerBoundaryIs></Polygon><Polygon><outerBoundaryIs><LinearRing><coordinates>70.7779492514534,22.9309646137976 70.7779527884097,22.9312354884658 70.7782452345263,22.9312322121093 70.7782416969889,22.9309613374841 70.7779492514534,22.9309646137976</coordinates></LinearRing></outerBoundaryIs></Polygon><Polygon><outerBoundaryIs><LinearRing><coordinates>70.7744504909621,22.9318165130979 70.7744399008498,22.9310038875755 70.7747323470279,22.931000617721 70.7747288165164,22.9307297425703 70.7735590338075,22.9307428185869 70.7735625619948,22.9310136939093 70.7741474546183,22.9310071568917 70.7741580429874,22.9318197825428 70.7744504909621,22.9318165130979</coordinates></LinearRing></outerBoundaryIs></Polygon><Polygon><outerBoundaryIs><LinearRing><coordinates>70.7779563254196,22.9315063631243 70.7779527884097,22.9312354884658 70.7776603422396,22.931238764284 70.7776638786685,22.9315096389855 70.7779563254196,22.9315063631243</coordinates></LinearRing></outerBoundaryIs></Polygon><Polygon><outerBoundaryIs><LinearRing><coordinates>70.7735731468777,22.931826319818 70.7735660902357,22.9312845692219 70.7732736432627,22.9312878369663 70.7732806987426,22.9318295876481 70.7735731468777,22.931826319818</coordinates></LinearRing></outerBoundaryIs></Polygon><Polygon><outerBoundaryIs><LinearRing><coordinates>70.7773785037201,22.9320546637682 70.7773749677652,22.9317837890432 70.7776674151509,22.9317805136772 70.7776638786685,22.9315096389855 70.7770789850055,22.9315161890931 70.7770825203258,22.9317870638709 70.7767900728329,22.9317903381603 70.7767936076257,22.9320612129713 70.7773785037201,22.9320546637682</coordinates></LinearRing></outerBoundaryIs></Polygon><Polygon><outerBoundaryIs><LinearRing><coordinates>70.7767971424721,22.9323320877725 70.7767936076257,22.9320612129713 70.7765011594982,22.9320644867654 70.7765046937635,22.9323353616096 70.7767971424721,22.9323320877725</coordinates></LinearRing></outerBoundaryIs></Polygon><Polygon><outerBoundaryIs><LinearRing><coordinates>70.7735837322417,22.9326389456389 70.7735802037336,22.932368070375 70.7732877544364,22.9323713382909 70.7732912823634,22.9326422135977 70.7735837322417,22.9326389456389</coordinates></LinearRing></outerBoundaryIs></Polygon><Polygon><outerBoundaryIs><LinearRing><coordinates>70.7706627538053,22.932942476687 70.7706592310546,22.9326716010041 70.7703667806422,22.93267486358 70.7703703028118,22.9329457393057 70.7706627538053,22.932942476687</coordinates></LinearRing></outerBoundaryIs></Polygon><Polygon><outerBoundaryIs><LinearRing><coordinates>70.7759197961857,22.932341907669 70.7759233293424,22.9326127825894 70.7756308798921,22.9326160548546 70.7756344125213,22.9328869298082 70.7753419624364,22.932890201578 70.775345494538,22.9331610765648 70.7747605930455,22.9331676185756 70.7747641240384,22.9334384936385 70.7744716726308,22.9334417638794 70.7744752030961,22.9337126389755 70.7750601070201,22.9337060978696 70.7750565753926,22.9334352228594 70.7756414779403,22.9334286796861 70.7756379452041,22.933157804752 70.7762228463755,22.9331512595114 70.7762193125306,22.9328803846535 70.7765117624549,22.9328771112687 70.7765046937635,22.9323353616096 70.7759197961857,22.932341907669</coordinates></LinearRing></outerBoundaryIs></Polygon><Polygon><outerBoundaryIs><LinearRing><coordinates>70.7709587281306,22.9332100891602 70.7709552047454,22.9329392135299 70.7706627538053,22.932942476687 70.7706662766094,22.9332133523601 70.7709587281306,22.9332100891602</coordinates></LinearRing></outerBoundaryIs></Polygon><Polygon><outerBoundaryIs><LinearRing><coordinates>70.7721320594446,22.9334679064267 70.7721285336816,22.9331970309776 70.771836082374,22.9332002963307 70.7718396075559,22.9334711718227 70.7721320594446,22.9334679064267</coordinates></LinearRing></outerBoundaryIs></Polygon><Polygon><outerBoundaryIs><LinearRing><coordinates>70.7733053946062,22.9337257147273 70.7732983383779,22.933183964182 70.773005887284,22.9331872316884 70.7730129423501,22.9337289823195 70.7733053946062,22.9337257147273</coordinates></LinearRing></outerBoundaryIs></Polygon><Polygon><outerBoundaryIs><LinearRing><coordinates>70.7788619773059,22.9336635281951 70.7788584381239,22.9333926537438 70.7785659874661,22.933395931521 70.778569526067,22.9336668060154 70.7788619773059,22.9336635281951</coordinates></LinearRing></outerBoundaryIs></Polygon><Polygon><outerBoundaryIs><LinearRing><coordinates>70.7715506802679,22.9337453122054 70.7715471556137,22.9334744366804 70.7712547036181,22.9334777009997 70.7712582276912,22.9337485765676 70.7715506802679,22.9337453122054</coordinates></LinearRing></outerBoundaryIs></Polygon><Polygon><outerBoundaryIs><LinearRing><coordinates>70.7785730647215,22.9339376805 70.778569526067,22.9336668060154 70.7782770747744,22.9336700832973 70.7782806128478,22.933940957825 70.7785730647215,22.9339376805</coordinates></LinearRing></outerBoundaryIs></Polygon><Polygon><outerBoundaryIs><LinearRing><coordinates>70.7744787336149,22.9339835140618 70.7744752030961,22.9337126389755 70.7733053946062,22.9337257147273 70.7733089228006,22.9339965899854 70.7744787336149,22.9339835140618</coordinates></LinearRing></outerBoundaryIs></Polygon><Polygon><outerBoundaryIs><LinearRing><coordinates>70.7703914369501,22.9345709934551 70.7703879144603,22.9343001177879 70.7700954605078,22.9343033800824 70.7700919386525,22.9340325043627 70.7695070317497,22.9340390272511 70.7695105524428,22.9343099030565 70.769803006502,22.9343066418386 70.7698065278295,22.9345775175915 70.7703914369501,22.9345709934551</coordinates></LinearRing></outerBoundaryIs></Polygon><Polygon><outerBoundaryIs><LinearRing><coordinates>70.7774103297259,22.9344925358541 70.7774067932887,22.9342216612169 70.7771143406196,22.9342249364315 70.7771178764756,22.9344958111117 70.7774103297259,22.9344925358541</coordinates></LinearRing></outerBoundaryIs></Polygon><Polygon><outerBoundaryIs><LinearRing><coordinates>70.7765400393625,22.9350441095151 70.7765365045616,22.9347732347684 70.7762440505695,22.934776508454 70.7762475847892,22.9350473832437 70.7765400393625,22.9350441095151</coordinates></LinearRing></outerBoundaryIs></Polygon><Polygon><outerBoundaryIs><LinearRing><coordinates>70.775380818498,22.9358698258963 70.7753772858611,22.9355989510071 70.7750848299114,22.9356022226681 70.775088361967,22.9358730976003 70.775380818498,22.9358698258963</coordinates></LinearRing></outerBoundaryIs></Polygon><Polygon><outerBoundaryIs><LinearRing><coordinates>70.7695387199074,22.9364769091487 70.7695281567081,22.9356642819372 70.7692356996897,22.9356675428308 70.7692462611454,22.9364801701706 70.7695387199074,22.9364769091487</coordinates></LinearRing></outerBoundaryIs></Polygon><Polygon><outerBoundaryIs><LinearRing><coordinates>70.7742215833103,22.9366955346066 70.7742180528378,22.9364246595749 70.7739255949304,22.9364279292112 70.7739291248218,22.9366988042859 70.7742215833103,22.9366955346066</coordinates></LinearRing></outerBoundaryIs></Polygon><Polygon><outerBoundaryIs><LinearRing><coordinates>70.7736366662797,22.9367020734267 70.7736401956433,22.9369729485345 70.7739326547666,22.9369696793508 70.7739291248218,22.9366988042859 70.7736366662797,22.9367020734267</coordinates></LinearRing></outerBoundaryIs></Polygon><Polygon><outerBoundaryIs><LinearRing><coordinates>70.7736437250604,22.9372438236326 70.7736401956433,22.9369729485345 70.7733477364666,22.9369762171799 70.7733512653024,22.9372470923209 70.7736437250604,22.9372438236326</coordinates></LinearRing></outerBoundaryIs></Polygon><Polygon><outerBoundaryIs><LinearRing><coordinates>70.773058805491,22.9372503604707 70.7730623337991,22.9375212356449 70.7733547941918,22.9375179674521 70.7733512653024,22.9372470923209 70.773058805491,22.9372503604707</coordinates></LinearRing></outerBoundaryIs></Polygon><Polygon><outerBoundaryIs><LinearRing><coordinates>70.7730658621606,22.9377921108092 70.7730623337991,22.9375212356449 70.772769873353,22.9375245032992 70.7727734011333,22.9377953785065 70.7730658621606,22.9377921108092</coordinates></LinearRing></outerBoundaryIs></Polygon><Polygon><outerBoundaryIs><LinearRing><coordinates>70.7689749231943,22.9381086853274 70.7689714029169,22.9378378095729 70.7686789411421,22.9378410697321 70.7686824608382,22.9381119455294 70.7689749231943,22.9381086853274</coordinates></LinearRing></outerBoundaryIs></Polygon><Polygon><outerBoundaryIs><LinearRing><coordinates>70.772195532314,22.9383436628424 70.7721920055894,22.9380727875689 70.7718995438204,22.9380760536937 70.7719030699638,22.9383469290101 70.772195532314,22.9383436628424</coordinates></LinearRing></outerBoundaryIs></Polygon><Polygon><outerBoundaryIs><LinearRing><coordinates>70.7719101224109,22.9388886796136 70.7719065961606,22.9386178043167 70.7716141331757,22.9386210699888 70.7716176588447,22.9388919453286 70.7719101224109,22.9388886796136</coordinates></LinearRing></outerBoundaryIs></Polygon><Polygon><outerBoundaryIs><LinearRing><coordinates>70.771621184567,22.9391628206586 70.7716176588447,22.9388919453286 70.7713251952251,22.9388952105051 70.7713287203661,22.9391660858779 70.771621184567,22.9391628206586</coordinates></LinearRing></outerBoundaryIs></Polygon><Polygon><outerBoundaryIs><LinearRing><coordinates>70.7634356762826,22.9395249197757 70.7634321667835,22.9392540432581 70.7631397010906,22.9392572934002 70.7631432100084,22.9395281699605 70.7634356762826,22.9395249197757</coordinates></LinearRing></outerBoundaryIs></Polygon><Polygon><outerBoundaryIs><LinearRing><coordinates>70.7713357708085,22.9397078365944 70.7713287203661,22.9391660858779 70.7710362561118,22.9391693505588 70.7710433053915,22.939711101361 70.7713357708085,22.9397078365944</coordinates></LinearRing></outerBoundaryIs></Polygon><Polygon><outerBoundaryIs><LinearRing><coordinates>70.7651974989448,22.9400471598529 70.7652010120915,22.9403180360851 70.76578594733,22.9403115273821 70.7657824330206,22.9400406512352 70.7654899660093,22.9400439058133 70.7654864523346,22.939773029614 70.7646090527253,22.9397827899891 70.7646055408478,22.9395119136519 70.7643130747863,22.9395151659906 70.7643200974319,22.9400569187406 70.7651974989448,22.9400471598529</coordinates></LinearRing></outerBoundaryIs></Polygon><Polygon><outerBoundaryIs><LinearRing><coordinates>70.766659833735,22.9400308842701 70.766656317735,22.9397600082417 70.7663638514647,22.9397632643925 70.7663673668835,22.9400341404636 70.766659833735,22.9400308842701</coordinates></LinearRing></outerBoundaryIs></Polygon><Polygon><outerBoundaryIs><LinearRing><coordinates>70.7684146337255,22.9400113358004 70.7684111142374,22.9397404600285 70.7681186482869,22.9397437194103 70.7681221671936,22.9400145952249 70.7684146337255,22.9400113358004</coordinates></LinearRing></outerBoundaryIs></Polygon><Polygon><outerBoundaryIs><LinearRing><coordinates>70.7704654215655,22.9402593802133 70.770472468947,22.9408011311088 70.7701800010446,22.9408043944313 70.7701870474769,22.9413461453734 70.7704795165421,22.9413428819653 70.7704759927179,22.9410720065419 70.7707684611483,22.9410687426381 70.7707614124973,22.9405269918478 70.7710538797116,22.9405237274911 70.7710433053915,22.939711101361 70.7707508399212,22.9397143655891 70.7707578882519,22.940256116438 70.7704654215655,22.9402593802133</coordinates></LinearRing></outerBoundaryIs></Polygon><Polygon><outerBoundaryIs><LinearRing><coordinates>70.7669523005333,22.940027627538 70.766955817168,22.9402985035139 70.76578594733,22.9403115273821 70.7657894616925,22.9405824035192 70.766666865895,22.9405726362976 70.7666703820549,22.9408435122968 70.7669628505972,22.9408402554365 70.7669698842395,22.94138200732 70.7672623538913,22.9413787498357 70.7672693889095,22.9419205015947 70.7675618596707,22.9419172434864 70.7675548234898,22.9413754918129 70.767847293035,22.9413722332515 70.7678437744431,22.9411013574429 70.7675513054793,22.9411046159615 70.767547787522,22.9408337401003 70.7672553190863,22.9408369980377 70.7672447672783,22.9400243702675 70.7669523005333,22.940027627538</coordinates></LinearRing></outerBoundaryIs></Polygon><Polygon><outerBoundaryIs><LinearRing><coordinates>70.7701940941228,22.9418878962766 70.7701870474769,22.9413461453734 70.7698945783584,22.941349408243 70.7699016238415,22.9418911592318 70.7701940941228,22.9418878962766</coordinates></LinearRing></outerBoundaryIs></Polygon><Polygon><outerBoundaryIs><LinearRing><coordinates>70.7696091535068,22.9418944216485 70.7696161980406,22.942436172684 70.769908669538,22.9424329101816 70.7699016238415,22.9418911592318 70.7696091535068,22.9418944216485</coordinates></LinearRing></outerBoundaryIs></Polygon><Polygon><outerBoundaryIs><LinearRing><coordinates>70.7696232427877,22.9429779236804 70.7696161980406,22.942436172684 70.7693237264897,22.9424394346478 70.7693307700741,22.9429811857298 70.7696232427877,22.9429779236804</coordinates></LinearRing></outerBoundaryIs></Polygon><Polygon><outerBoundaryIs><LinearRing><coordinates>70.7669909864451,22.9430072627366 70.7669874692776,22.9427363868582 70.7666949966656,22.9427396440177 70.7666985132516,22.9430105199389 70.7669909864451,22.9430072627366</coordinates></LinearRing></outerBoundaryIs></Polygon><Polygon><outerBoundaryIs><LinearRing><coordinates>70.7693378138718,22.9435229367728 70.7693307700741,22.9429811857298 70.7690382973071,22.9429844472406 70.7690453399419,22.9435261983693 70.7693378138718,22.9435229367728</coordinates></LinearRing></outerBoundaryIs></Polygon><Polygon><outerBoundaryIs><LinearRing><coordinates>70.7667055465835,22.9435522717519 70.7667020298909,22.9432813958502 70.7664095560627,22.9432846525567 70.7664130721738,22.9435555285011 70.7667055465835,22.9435522717519</coordinates></LinearRing></outerBoundaryIs></Polygon><Polygon><outerBoundaryIs><LinearRing><coordinates>70.7664165883382,22.9438264044357 70.7664130721738,22.9435555285011 70.766120597711,22.9435587847116 70.7661241132939,22.943829660689 70.7664165883382,22.9438264044357</coordinates></LinearRing></outerBoundaryIs></Polygon><Polygon><outerBoundaryIs><LinearRing><coordinates>70.7690523827902,22.9440679494589 70.7690488613394,22.943797073919 70.7687563867747,22.9438003350196 70.7687599076441,22.9440712106024 70.7690523827902,22.9440679494589</coordinates></LinearRing></outerBoundaryIs></Polygon><Polygon><outerBoundaryIs><LinearRing><coordinates>70.7661311446195,22.9443714126144 70.7661241132939,22.943829660689 70.7658316381963,22.9438329164037 70.765838668359,22.9443746684146 70.7661311446195,22.9443714126144</coordinates></LinearRing></outerBoundaryIs></Polygon><Polygon><outerBoundaryIs><LinearRing><coordinates>70.768770470572,22.944883837292 70.7687634285667,22.9443420861753 70.7684709527858,22.944345346823 70.7684779936282,22.9448870980253 70.768770470572,22.944883837292</coordinates></LinearRing></outerBoundaryIs></Polygon><Polygon><outerBoundaryIs><LinearRing><coordinates>70.7684885552917,22.9456997247555 70.7684779936282,22.9448870980253 70.768185516631,22.9448903582199 70.76819607655,22.9457029850785 70.7684885552917,22.9456997247555</coordinates></LinearRing></outerBoundaryIs></Polygon><Polygon><outerBoundaryIs><LinearRing><coordinates>70.7658562446976,22.9457290482712 70.7658527293234,22.9454581723194 70.7655602506837,22.9454614277519 70.7655637654764,22.9457323037464 70.7658562446976,22.9457290482712</coordinates></LinearRing></outerBoundaryIs></Polygon><Polygon><outerBoundaryIs><LinearRing><coordinates>70.7682031167626,22.9462447362688 70.7681995966296,22.9459738606785 70.7679071172531,22.9459771205057 70.7679106368045,22.9462479961387 70.7682031167626,22.9462447362688</coordinates></LinearRing></outerBoundaryIs></Polygon><Polygon><outerBoundaryIs><LinearRing><coordinates>70.7655778251796,22.946815807627 70.7655743101739,22.9465449316715 70.7652818291548,22.9465481867362 70.7652853435789,22.9468190627344 70.7655778251796,22.946815807627</coordinates></LinearRing></outerBoundaryIs></Polygon><Polygon><outerBoundaryIs><LinearRing><coordinates>70.7676533494239,22.9489600116918 70.7676463104713,22.9484182605254 70.7679387951352,22.948415000852 70.7679176760673,22.9467897473756 70.7676251948928,22.9467930067924 70.7676392717319,22.9478765093201 70.7673467881779,22.9478797683693 70.7673608635434,22.948963270912 70.7676533494239,22.9489600116918</coordinates></LinearRing></outerBoundaryIs></Polygon><Polygon><outerBoundaryIs><LinearRing><coordinates>70.7650280032781,22.9495310771762 70.7650244889033,22.9492602012328 70.7647320019618,22.9492634556472 70.764735515755,22.9495343316333 70.7650280032781,22.9495310771762</coordinates></LinearRing></outerBoundaryIs></Polygon><Polygon><outerBoundaryIs><LinearRing><coordinates>70.7673784589496,22.9503176488709 70.7673608635434,22.948963270912 70.7670683776096,22.9489665295935 70.7670859701076,22.9503209077662 70.7673784589496,22.9503176488709</coordinates></LinearRing></outerBoundaryIs></Polygon><Polygon><outerBoundaryIs><LinearRing><coordinates>70.7653275208206,22.9500695739526 70.7653240057577,22.9497986980714 70.7650315177062,22.9498019531099 70.7650350321875,22.9500728290338 70.7653275208206,22.9500695739526</coordinates></LinearRing></outerBoundaryIs></Polygon><Polygon><outerBoundaryIs><LinearRing><coordinates>70.767089488767,22.9505917833715 70.7670859701076,22.9503209077662 70.7667934812123,22.9503241661228 70.7667969992901,22.9505950417708 70.767089488767,22.9505917833715</coordinates></LinearRing></outerBoundaryIs></Polygon><Polygon><outerBoundaryIs><LinearRing><coordinates>70.7653380663289,22.9508822015377 70.7653345511063,22.9506113256857 70.7650420613097,22.9506145808524 70.7650455759507,22.950885456747 70.7653380663289,22.9508822015377</coordinates></LinearRing></outerBoundaryIs></Polygon><Polygon><outerBoundaryIs><LinearRing><coordinates>70.7674101340386,22.9527555285824 70.7673854974851,22.9508593999862 70.7670930074798,22.950862658967 70.7671176399613,22.9527587878626 70.7674101340386,22.9527555285824</coordinates></LinearRing></outerBoundaryIs></Polygon><Polygon><outerBoundaryIs><LinearRing><coordinates>70.7883537334519,22.8991508149649 70.7883608378033,22.8996925633817 70.7880684609606,22.8996958540967 70.7880720126371,22.8999667283337 70.7877796351606,22.8999700185546 70.7877831863109,22.9002408928251 70.7871984300363,22.9002474717409 70.7872019800804,22.9005183460881 70.7874943588247,22.9005150568557 70.7874979095027,22.90078593115 70.7877902887732,22.9007826413369 70.7877867375151,22.9005117670858 70.7880791161517,22.9005084767785 70.7880755643675,22.900237602561 70.7883679423702,22.9002343117595 70.7883643900598,22.8999634375755 70.7886567674286,22.8999601462798 70.7886461090807,22.899147523799 70.7883537334519,22.8991508149649</coordinates></LinearRing></outerBoundaryIs></Polygon><Polygon><outerBoundaryIs><LinearRing><coordinates>70.7886851920601,22.9021271391329 70.7886816387926,22.9018562650603 70.7883892573635,22.9018595566588 70.788392810051,22.9021304307746 70.7886851920601,22.9021271391329</coordinates></LinearRing></outerBoundaryIs></Polygon><Polygon><outerBoundaryIs><LinearRing><coordinates>70.7904430397851,22.9023782517982 70.7904394829832,22.9021073779951 70.7901471012975,22.9021106728618 70.7901399890157,22.9015689251399 70.7904323695413,22.9015656303598 70.7904145868804,22.9002112611008 70.7901222092549,22.9002145556643 70.7901293209975,22.9007563034838 70.7892521843175,22.9007661842096 70.7892486301593,22.9004953101748 70.7886638732632,22.9005018945516 70.7886745324193,22.9013145168861 70.7889669126343,22.9013112248366 70.7889704663741,22.9015820988854 70.7892628471154,22.9015788062552 70.7892664014891,22.9018496802509 70.78985116397,22.9018430932916 70.7898582751995,22.9023848410806 70.7901506575192,22.9023815467081 70.7901542137949,22.9026524205447 70.7904465966408,22.9026491255915 70.7904537105142,22.9031908731488 70.7901613265081,22.9031941681887 70.7901684394369,22.9037359157936 70.7904608246032,22.9037326206671 70.7904643817286,22.9040034944116 70.7910491530597,22.9039969024595 70.7910455947741,22.9037260288016 70.7907532097156,22.9037293250031 70.7907460944663,22.9031875775714 70.7910384783646,22.9031842814565 70.7910349202407,22.9029134077694 70.7907425369226,22.9029167038409 70.790735421997,22.9023749563507 70.7904430397851,22.9023782517982</coordinates></LinearRing></outerBoundaryIs><innerBoundaryIs><LinearRing><coordinates>70.7895481180568,22.9010337651534 70.7898404975302,22.9010304715349 70.7898440529562,22.9013013454635 70.7895516729028,22.9013046391254 70.7895481180568,22.9010337651534</coordinates></LinearRing></innerBoundaryIs></Polygon><Polygon><outerBoundaryIs><LinearRing><coordinates>70.7916196867151,22.9029068140137 70.7916125683089,22.9023650667835 70.7913201862589,22.9023683638434 70.7913273035049,22.9029101111603 70.7916196867151,22.9029068140137</coordinates></LinearRing></outerBoundaryIs></Polygon><Polygon><outerBoundaryIs><LinearRing><coordinates>70.7919191896536,22.9034452634342 70.7919156297355,22.9031743898868 70.7916232459991,22.9031776876142 70.7916268053371,22.903448561205 70.7919191896536,22.9034452634342</coordinates></LinearRing></outerBoundaryIs></Polygon><Polygon><outerBoundaryIs><LinearRing><coordinates>70.7919227496257,22.9037161369719 70.7916303647291,22.903719434786 70.791633924175,22.9039903083572 70.7919263096517,22.9039870104998 70.7919227496257,22.9037161369719</coordinates></LinearRing></outerBoundaryIs></Polygon><Polygon><outerBoundaryIs><LinearRing><coordinates>70.7919298697318,22.9042578840179 70.7922222557346,22.9042545855796 70.7922186950745,22.9039837121048 70.7919263096517,22.9039870104998 70.7919298697318,22.9042578840179</coordinates></LinearRing></outerBoundaryIs></Polygon><Polygon><outerBoundaryIs><LinearRing><coordinates>70.7919369900538,22.904799631025 70.7919334298658,22.9045287575263 70.7916410432288,22.9045320554704 70.7916446028366,22.9048029290124 70.7919369900538,22.904799631025</coordinates></LinearRing></outerBoundaryIs></Polygon><Polygon><outerBoundaryIs><LinearRing><coordinates>70.7901933363864,22.9056320321036 70.7901897795175,22.9053611583743 70.7898973908164,22.905364453223 70.7899009471051,22.9056353269957 70.7901933363864,22.9056320321036</coordinates></LinearRing></outerBoundaryIs></Polygon><Polygon><outerBoundaryIs><LinearRing><coordinates>70.7913664522159,22.905889720706 70.7913628929724,22.9056188471597 70.7910705039068,22.9056221442021 70.7910740625701,22.9058930177917 70.7913664522159,22.905889720706</coordinates></LinearRing></outerBoundaryIs></Polygon><Polygon><outerBoundaryIs><LinearRing><coordinates>70.7904892831168,22.9058996103503 70.7904857256138,22.905628736674 70.7901933363864,22.9056320321036 70.7901968933092,22.9059029058232 70.7904892831168,22.9058996103503</coordinates></LinearRing></outerBoundaryIs></Polygon><Polygon><outerBoundaryIs><LinearRing><coordinates>70.7910776212874,22.9061638913716 70.7910740625701,22.9058930177917 70.7904892831168,22.9058996103503 70.7904928406737,22.9061704840168 70.7910776212874,22.9061638913716</coordinates></LinearRing></outerBoundaryIs></Polygon><Polygon><outerBoundaryIs><LinearRing><coordinates>70.7899151727989,22.9067188219886 70.7899009471051,22.9056353269957 70.7896085577698,22.9056386213501 70.7896227811428,22.9067221165162 70.7899151727989,22.9067188219886</coordinates></LinearRing></outerBoundaryIs></Polygon><Polygon><outerBoundaryIs><LinearRing><coordinates>70.7893375002824,22.9072671581173 70.7893339448307,22.9069962843167 70.7890415524866,22.9069995778124 70.789045107358,22.9072704516563 70.7893375002824,22.9072671581173</coordinates></LinearRing></outerBoundaryIs></Polygon><Polygon><outerBoundaryIs><LinearRing><coordinates>70.7878932986824,22.9086379903747 70.7878897458625,22.9083671164065 70.7875973503478,22.9083704074304 70.7876009025873,22.9086412814418 70.7878932986824,22.9086379903747</coordinates></LinearRing></outerBoundaryIs></Polygon><Polygon><outerBoundaryIs><LinearRing><coordinates>70.791993960403,22.9091336056767 70.7919903993513,22.9088627323341 70.7916980034308,22.9088660309717 70.7917015639022,22.9091369043576 70.791993960403,22.9091336056767</coordinates></LinearRing></outerBoundaryIs></Polygon><Polygon><outerBoundaryIs><LinearRing><coordinates>70.7914091673475,22.9091402025008 70.7914127272926,22.9094110759203 70.7917051244276,22.9094077777337 70.7917015639022,22.9091369043576 70.7914091673475,22.9091402025008</coordinates></LinearRing></outerBoundaryIs></Polygon><Polygon><outerBoundaryIs><LinearRing><coordinates>70.7914198473447,22.90995282273 70.7914162872916,22.9096819493301 70.7911238895223,22.9096852470223 70.791127448995,22.9099561204656 70.7914198473447,22.90995282273</coordinates></LinearRing></outerBoundaryIs></Polygon><Polygon><outerBoundaryIs><LinearRing><coordinates>70.7908350505914,22.9099594176635 70.7908386095377,22.9102302911404 70.7911310085217,22.9102269938992 70.791127448995,22.9099561204656 70.7908350505914,22.9099594176635</coordinates></LinearRing></outerBoundaryIs></Polygon><Polygon><outerBoundaryIs><LinearRing><coordinates>70.787333369561,22.9105406900812 70.7873227136139,22.9097280680926 70.78703031509,22.9097313582573 70.787040969296,22.9105439803756 70.787333369561,22.9105406900812</coordinates></LinearRing></outerBoundaryIs></Polygon><Polygon><outerBoundaryIs><LinearRing><coordinates>70.7908457275923,22.9107720380649 70.7908386095377,22.9102302911404 70.7905462104999,22.9102335878439 70.7905533273937,22.910775334855 70.7908457275923,22.9107720380649</coordinates></LinearRing></outerBoundaryIs></Polygon><Polygon><outerBoundaryIs><LinearRing><coordinates>70.7905568859215,22.911046208346 70.7905533273937,22.910775334855 70.7902609271412,22.9107786311075 70.7902644850887,22.9110495046417 70.7905568859215,22.911046208346</coordinates></LinearRing></outerBoundaryIs></Polygon><Polygon><outerBoundaryIs><LinearRing><coordinates>70.7899720842019,22.9110528003997 70.7899791990979,22.9115945475255 70.7902716011454,22.9115912516809 70.7902644850887,22.9110495046417 70.7899720842019,22.9110528003997</coordinates></LinearRing></outerBoundaryIs></Polygon><Polygon><outerBoundaryIs><LinearRing><coordinates>70.7873475782442,22.9116241859294 70.7873440259926,22.911353311982 70.7870516239866,22.9113566024061 70.7870551756578,22.9116274763967 70.7873475782442,22.9116241859294</coordinates></LinearRing></outerBoundaryIs></Polygon><Polygon><outerBoundaryIs><LinearRing><coordinates>70.7899863142096,22.9121362946123 70.7899791990979,22.9115945475255 70.7896867969964,22.9115978428325 70.7896939109474,22.9121395900058 70.7899863142096,22.9121362946123</coordinates></LinearRing></outerBoundaryIs></Polygon><Polygon><outerBoundaryIs><LinearRing><coordinates>70.7870622791617,22.9121692243488 70.7870587273828,22.9118983503776 70.7867663241622,22.9119016403504 70.7867698753606,22.9121725143648 70.7870622791617,22.9121692243488</coordinates></LinearRing></outerBoundaryIs></Polygon><Polygon><outerBoundaryIs><LinearRing><coordinates>70.7894121772208,22.9129555056784 70.789408620637,22.9126846320825 70.789701025114,22.9126813371402 70.7896939109474,22.9121395900058 70.7894015076312,22.9121428848616 70.7894050641072,22.9124137584769 70.7891126601567,22.9124170528382 70.7891197721095,22.9129588001262 70.7894121772208,22.9129555056784</coordinates></LinearRing></outerBoundaryIs></Polygon><Polygon><outerBoundaryIs><LinearRing><coordinates>70.7856180048096,22.9135400398412 70.7856144556637,22.9132691657028 70.7850296428262,22.9132757401651 70.7850331908112,22.9135466143899 70.7856180048096,22.9135400398412</coordinates></LinearRing></outerBoundaryIs></Polygon><Polygon><outerBoundaryIs><LinearRing><coordinates>70.7864952254036,22.9135301739848 70.7864916745164,22.913259299976 70.7859068620017,22.913265877665 70.7859104117281,22.9135367517602 70.7864952254036,22.9135301739848</coordinates></LinearRing></outerBoundaryIs></Polygon><Polygon><outerBoundaryIs><LinearRing><coordinates>70.7885634024054,22.9151323768628 70.7885527367461,22.9143197558906 70.7888451448675,22.914316462302 70.7888344779519,22.9135038413718 70.789126884278,22.9135005473752 70.7891197721095,22.9129588001262 70.7888273669443,22.9129620940363 70.7888309224211,22.913232967709 70.7885385166216,22.9132362611245 70.7885491816342,22.9140488822137 70.7882567740394,22.9140521752213 70.7882638831563,22.9145939226519 70.7879714743467,22.9145972152082 70.7879785825181,22.9151389626862 70.7876861724936,22.9151422547912 70.7876932797195,22.9156840023167 70.7874008684802,22.9156872939704 70.7874044215935,22.9159581677617 70.7871120097197,22.9159614589208 70.787122667641,22.916774080366 70.7874150812563,22.9167707890773 70.7874079747605,22.9162290415433 70.7877003871609,22.9162257498032 70.7876968334133,22.9159548760648 70.7879892451793,22.9159515838301 70.787985690905,22.9156807101252 70.7882781020366,22.9156774173959 70.7882709924887,22.9151356700434 70.7885634024054,22.9151323768628</coordinates></LinearRing></outerBoundaryIs></Polygon><Polygon><outerBoundaryIs><LinearRing><coordinates>70.7853468903596,22.9151685722694 70.7853433414714,22.9148976981463 70.785050931543,22.9149009853677 70.7850544798507,22.915171859534 70.7853468903596,22.9151685722694</coordinates></LinearRing></outerBoundaryIs></Polygon><Polygon><outerBoundaryIs><LinearRing><coordinates>70.784762069288,22.9151751462607 70.7847585215608,22.9149042720513 70.7844661115248,22.914907558197 70.7844696586715,22.9151784324496 70.784762069288,22.9151751462607</coordinates></LinearRing></outerBoundaryIs></Polygon><Polygon><outerBoundaryIs><LinearRing><coordinates>70.7914981821664,22.9159120350615 70.7914874986069,22.9150994154762 70.7911950892295,22.915102714035 70.7911915287315,22.9148318407771 70.7908991198806,22.9148351387548 70.7909062397697,22.9153768853476 70.7911986497815,22.9153735872832 70.7912057710474,22.9159153337503 70.7914981821664,22.9159120350615</coordinates></LinearRing></outerBoundaryIs></Polygon><Polygon><outerBoundaryIs><LinearRing><coordinates>70.7871297731911,22.9173158279474 70.787122667641,22.916774080366 70.7868302539718,22.9167773711169 70.7868373583608,22.9173191187848 70.7871297731911,22.9173158279474</coordinates></LinearRing></outerBoundaryIs></Polygon><Polygon><outerBoundaryIs><LinearRing><coordinates>70.7912128925293,22.9164570801784 70.7912057710474,22.9159153337503 70.7909133598746,22.9159186319013 70.790916920008,22.9161895051636 70.7906245082006,22.9161928028201 70.7906280678074,22.9164636761159 70.7903356553656,22.9164669732778 70.7903427735801,22.9170087199268 70.7900503599232,22.9170120166375 70.7900539185307,22.9172828899907 70.7897615042394,22.9172861862068 70.789772178644,22.9180988063376 70.789479762557,22.9181021021458 70.7894868779352,22.9186438489375 70.7900717123777,22.9186372566101 70.7900681535005,22.9183663833058 70.7903605700602,22.9183630863785 70.7903498920103,22.9175504665368 70.7906423067743,22.9175471692016 70.7906316274682,22.916734549402 70.7909240404367,22.9167312516588 70.7909204801954,22.9164603784161 70.7912128925293,22.9164570801784</coordinates></LinearRing></outerBoundaryIs></Polygon><Polygon><outerBoundaryIs><LinearRing><coordinates>70.7868764363498,22.9202987302605 70.7868551202754,22.9186734877837 70.7871475380087,22.9186701967302 70.7871368789565,22.9178575754898 70.7868444629651,22.9178608664136 70.786840910636,22.9175899926041 70.7865484951713,22.9175932829467 70.7865840150789,22.9203020210353 70.7868764363498,22.9202987302605</coordinates></LinearRing></outerBoundaryIs></Polygon><Polygon><outerBoundaryIs><LinearRing><coordinates>70.7889127132649,22.9194630594872 70.7889091565483,22.9191921860389 70.7886167379771,22.9191954804064 70.7886202941131,22.919466353898 70.7889127132649,22.9194630594872</coordinates></LinearRing></outerBoundaryIs></Polygon><Polygon><outerBoundaryIs><LinearRing><coordinates>70.7897899703971,22.9194531730272 70.7897864119386,22.9191822997088 70.7892015750657,22.9191888911335 70.7892122471191,22.9200015113191 70.7895046673244,22.9199982157459 70.7894975514069,22.9194564690518 70.7897899703971,22.9194531730272</coordinates></LinearRing></outerBoundaryIs></Polygon><Polygon><outerBoundaryIs><LinearRing><coordinates>70.7886238503029,22.9197372273797 70.7886202941131,22.919466353898 70.7883278749073,22.9194696477708 70.7883314305165,22.9197405212958 70.7886238503029,22.9197372273797</coordinates></LinearRing></outerBoundaryIs></Polygon><Polygon><outerBoundaryIs><LinearRing><coordinates>70.7886416320607,22.9210915946422 70.7886380756013,22.9208207212092 70.7889304976565,22.9208174265821 70.7889269406704,22.9205465531826 70.7883420976675,22.9205531418124 70.7883385418966,22.9202822683166 70.789215804578,22.9202723846949 70.7892122471191,22.9200015113191 70.7883349861796,22.9200113948111 70.7883314305165,22.9197405212958 70.787746590782,22.9197471075142 70.7877501452838,22.920017981116 70.7874577247551,22.9200212734615 70.7874612787301,22.9202921470968 70.7868764363498,22.9202987302605 70.7868799892174,22.9205696039724 70.787757254449,22.9205597282903 70.7877536998395,22.920288854708 70.788046120895,22.9202855617813 70.7880603419791,22.9213690558789 70.7868906481431,22.9213822250499 70.7869084140962,22.9227365933171 70.7872008405396,22.9227333016152 70.7872043944726,22.9230041751961 70.7874968214429,22.9230008829129 70.7874826037114,22.9219173887036 70.7877750283049,22.9219140960553 70.787771473426,22.9216432225218 70.7880638973849,22.9216399293789 70.7880674528445,22.9219108028691 70.7883598773303,22.9219075091449 70.7883492093709,22.9210948887747 70.7886416320607,22.9210915946422</coordinates></LinearRing></outerBoundaryIs></Polygon><Polygon><outerBoundaryIs><LinearRing><coordinates>70.7848614274848,22.9227596201658 70.7848507799468,22.9219469983275 70.784558354815,22.9219502855957 70.7845690006108,22.9227629075636 70.7848614274848,22.9227596201658</coordinates></LinearRing></outerBoundaryIs></Polygon><Polygon><outerBoundaryIs><LinearRing><coordinates>70.784576098077,22.9233046554933 70.784572549317,22.9230337815333 70.7839876942462,22.923040354801 70.7839947894968,22.9235821028839 70.7842872182206,22.9235788164328 70.7842836699876,22.9233079424394 70.784576098077,22.9233046554933</coordinates></LinearRing></outerBoundaryIs></Polygon><Polygon><outerBoundaryIs><LinearRing><coordinates>70.7875145948193,22.9243552504551 70.7875110400363,22.9240843769662 70.7872186107429,22.9240876694223 70.7872221649451,22.9243585429545 70.7875145948193,22.9243552504551</coordinates></LinearRing></outerBoundaryIs></Polygon><Polygon><outerBoundaryIs><LinearRing><coordinates>70.7840125285642,22.9249364729205 70.7839983372027,22.9238529769108 70.7837059078443,22.923856262867 70.7837200968826,22.9249397590494 70.7840125285642,22.9249364729205</coordinates></LinearRing></outerBoundaryIs></Polygon><Polygon><outerBoundaryIs><LinearRing><coordinates>70.7834276651473,22.9249430446402 70.7834312119604,22.9252139187045 70.7837236442766,22.9252106330706 70.7837200968826,22.9249397590494 70.7834276651473,22.9249430446402</coordinates></LinearRing></outerBoundaryIs></Polygon><Polygon><outerBoundaryIs><LinearRing><coordinates>70.7834347588273,22.9254847927591 70.7834312119604,22.9252139187045 70.7831387795905,22.9252172038004 70.7831423258765,22.9254880778981 70.7834347588273,22.9254847927591</coordinates></LinearRing></outerBoundaryIs></Polygon><Polygon><outerBoundaryIs><LinearRing><coordinates>70.7869439500414,22.9254453291198 70.7869403962045,22.9251744555834 70.7866479644802,22.9251777471363 70.7866515177362,22.9254486207159 70.7869439500414,22.9254453291198</coordinates></LinearRing></outerBoundaryIs></Polygon><Polygon><outerBoundaryIs><LinearRing><coordinates>70.7831458722163,22.9257589519861 70.7831423258765,22.9254880778981 70.782849892872,22.925491362499 70.782853438631,22.9257622366301 70.7831458722163,22.9257589519861</coordinates></LinearRing></outerBoundaryIs></Polygon><Polygon><outerBoundaryIs><LinearRing><coordinates>70.7825645502237,22.9260363949005 70.7825680955092,22.9263072690553 70.7822756606547,22.9263105527093 70.7822827502253,22.9268523010757 70.7819903141553,22.9268555842779 70.7819974027789,22.9273973326915 70.7817049654934,22.9274006154418 70.78171205317,22.9279423639026 70.7820044916174,22.9279390810662 70.7820009471713,22.9276682068837 70.7822933849839,22.9276649235522 70.7822862950911,22.9271231752443 70.7825787316883,22.9271198914609 70.7825716408485,22.9265781432002 70.7828640762302,22.9265748589649 70.7828569844436,22.9260331107515 70.7825645502237,22.9260363949005</coordinates></LinearRing></outerBoundaryIs></Polygon><Polygon><outerBoundaryIs><LinearRing><coordinates>70.7852177601549,22.9276320606388 70.7852142093725,22.9273611869212 70.7849217726783,22.9273644755911 70.7849253228798,22.9276353493518 70.7852177601549,22.9276320606388</coordinates></LinearRing></outerBoundaryIs></Polygon><Polygon><outerBoundaryIs><LinearRing><coordinates>70.7846328855508,22.9276386375267 70.7846364352252,22.9279095113208 70.784928873135,22.9279062231028 70.7849253228798,22.9276353493518 70.7846328855508,22.9276386375267</coordinates></LinearRing></outerBoundaryIs></Polygon><Polygon><outerBoundaryIs><LinearRing><coordinates>70.7817155970889,22.9282132381184 70.78171205317,22.9279423639026 70.781419614669,22.9279456462009 70.781423158007,22.9282165204597 70.7817155970889,22.9282132381184</coordinates></LinearRing></outerBoundaryIs></Polygon><Polygon><outerBoundaryIs><LinearRing><coordinates>70.7811307188713,22.928219802263 70.7811378045464,22.9287615508376 70.7814302448439,22.9287582689483 70.781423158007,22.9282165204597 70.7811307188713,22.928219802263</coordinates></LinearRing></outerBoundaryIs></Polygon><Polygon><outerBoundaryIs><LinearRing><coordinates>70.784358194173,22.9289962942525 70.7843546448645,22.9287254204542 70.7840622051043,22.9287287077254 70.7840657538319,22.9289995815669 70.784358194173,22.9289962942525</coordinates></LinearRing></outerBoundaryIs></Polygon><Polygon><outerBoundaryIs><LinearRing><coordinates>70.7855279549996,22.928983139613 70.7855244033672,22.9287122659874 70.7852319638222,22.9287155554114 70.7852355148736,22.9289864290802 70.7855279549996,22.928983139613</coordinates></LinearRing></outerBoundaryIs></Polygon><Polygon><outerBoundaryIs><LinearRing><coordinates>70.7811413474645,22.9290324251103 70.7811378045464,22.9287615508376 70.7808453641952,22.9287648321888 70.7808489065323,22.9290357065046 70.7811413474645,22.9290324251103</coordinates></LinearRing></outerBoundaryIs></Polygon><Polygon><outerBoundaryIs><LinearRing><coordinates>70.7840693026132,22.9292704553986 70.7840657538319,22.9289995815669 70.783773313437,22.9290028683431 70.7837768616374,22.9292737422179 70.7840693026132,22.9292704553986</coordinates></LinearRing></outerBoundaryIs></Polygon><Polygon><outerBoundaryIs><LinearRing><coordinates>70.7808524489231,22.9293065808107 70.7808489065323,22.9290357065046 70.7805564655465,22.9290389873607 70.7805600073563,22.9293098617098 70.7808524489231,22.9293065808107</coordinates></LinearRing></outerBoundaryIs></Polygon><Polygon><outerBoundaryIs><LinearRing><coordinates>70.786116387938,22.9292474325935 70.7861199408399,22.9295183061132 70.7864123819662,22.929515014945 70.7864159355029,22.9297858884117 70.7867083771564,22.9297825966621 70.7867119313279,22.9300534700758 70.7872968156353,22.9300468848756 70.7872932603018,22.9297760115484 70.7878781432318,22.9297694242818 70.7878745867902,22.9294985510313 70.7867048230388,22.9295117232387 70.7866906071067,22.9284282294473 70.786398168358,22.9284315209808 70.7864088284834,22.9292441414686 70.786116387938,22.9292474325935</coordinates></LinearRing></outerBoundaryIs></Polygon><Polygon><outerBoundaryIs><LinearRing><coordinates>70.7837804098915,22.929544616083 70.7837768616374,22.9292737422179 70.7834844206077,22.9292770284991 70.7834879682809,22.9295479024074 70.7837804098915,22.929544616083</coordinates></LinearRing></outerBoundaryIs></Polygon><Polygon><outerBoundaryIs><LinearRing><coordinates>70.7805635492198,22.9295807360492 70.7805600073563,22.9293098617098 70.7799751240617,22.9293164218936 70.7799786647633,22.9295872963191 70.7805635492198,22.9295807360492</coordinates></LinearRing></outerBoundaryIs></Polygon><Polygon><outerBoundaryIs><LinearRing><coordinates>70.7834915160079,22.9298187763058 70.7834879682809,22.9295479024074 70.7831955266166,22.9295511881935 70.7831990737626,22.9298220621351 70.7834915160079,22.9298187763058</coordinates></LinearRing></outerBoundaryIs></Polygon><Polygon><outerBoundaryIs><LinearRing><coordinates>70.7831990737626,22.9298220621351 70.7829066314635,22.9298253474261 70.7829101780823,22.9300962214012 70.7832026209623,22.930092936067 70.7831990737626,22.9298220621351</coordinates></LinearRing></outerBoundaryIs></Polygon><Polygon><outerBoundaryIs><LinearRing><coordinates>70.7814656822506,22.9314670108054 70.7811732361431,22.9314702931257 70.7811767795981,22.9317411673009 70.7814692262866,22.9317378849374 70.7814656822506,22.9314670108054</coordinates></LinearRing></outerBoundaryIs></Polygon><Polygon><outerBoundaryIs><LinearRing><coordinates>70.7803100646681,22.9325636340162 70.7803065227952,22.9322927597411 70.7800140747299,22.9322960400376 70.7800176160217,22.9325669143557 70.7803100646681,22.9325636340162</coordinates></LinearRing></outerBoundaryIs></Polygon><Polygon><outerBoundaryIs><LinearRing><coordinates>70.7987895327418,22.8700452585118 70.7987859649836,22.8697743848507 70.7984936538841,22.8697776906645 70.7984972210633,22.8700485643691 70.7987895327418,22.8700452585118</coordinates></LinearRing></outerBoundaryIs></Polygon><Polygon><outerBoundaryIs><LinearRing><coordinates>70.7993741559365,22.8700386451872 70.7990818443662,22.8700419521178 70.7990854127576,22.8703128257257 70.7993777249069,22.8703095187515 70.7993741559365,22.8700386451872</coordinates></LinearRing></outerBoundaryIs></Polygon><Polygon><outerBoundaryIs><LinearRing><coordinates>70.7993812939314,22.8705803923061 70.7996736066056,22.8705770847519 70.799670037002,22.8703062112408 70.7993777249069,22.8703095187515 70.7993812939314,22.8705803923061</coordinates></LinearRing></outerBoundaryIs></Polygon><Polygon><outerBoundaryIs><LinearRing><coordinates>70.7999730597534,22.8711155235668 70.7999659192256,22.8705737766609 70.7996736066056,22.8705770847519 70.7996807459753,22.8711188317447 70.7999730597534,22.8711155235668</coordinates></LinearRing></outerBoundaryIs></Polygon><Polygon><outerBoundaryIs><LinearRing><coordinates>70.7988252133017,22.8727539945866 70.7988180767566,22.8722122474496 70.7991103930135,22.8722089407076 70.7991068242431,22.871938067168 70.7993991398667,22.8719347599328 70.7993920013301,22.8713930129114 70.7990996868647,22.8713963200596 70.7991032555268,22.8716671936187 70.7988109404281,22.8716705002736 70.7988145085653,22.8719413738665 70.7985221928334,22.8719446800283 70.7985257604457,22.8722155536549 70.7982334440806,22.8722188593235 70.7982548474162,22.8738441011395 70.7994241264506,22.8738308742009 70.7994276961792,22.8741017476288 70.7997200163816,22.8740984395088 70.7997164460738,22.8738275661244 70.8000087656428,22.8738242575112 70.8000051948101,22.8735533841606 70.7988359185255,22.873566615219 70.7988323500634,22.8732957416846 70.798540031436,22.8732990480639 70.7985328958326,22.8727573008789 70.7988252133017,22.8727539945866</coordinates></LinearRing></outerBoundaryIs></Polygon><Polygon><outerBoundaryIs><LinearRing><coordinates>70.8005969766636,22.8740885119283 70.8005934046184,22.8738176386746 70.8003010851577,22.8738209483612 70.8003046566238,22.8740918216585 70.8005969766636,22.8740885119283</coordinates></LinearRing></outerBoundaryIs></Polygon><Polygon><outerBoundaryIs><LinearRing><coordinates>70.8020585760496,22.8740719552261 70.8020550011087,22.8738010821902 70.8017626819191,22.8738043945605 70.8017662562808,22.87407526764 70.8020585760496,22.8740719552261</coordinates></LinearRing></outerBoundaryIs></Polygon><Polygon><outerBoundaryIs><LinearRing><coordinates>70.8011744702279,22.8735401445146 70.8011816165806,22.8740818908576 70.8005969766636,22.8740885119283 70.800600548763,22.8743593851723 70.8014775102947,22.8743494526306 70.8014667889468,22.8735368332613 70.8011744702279,22.8735401445146</coordinates></LinearRing></outerBoundaryIs></Polygon><Polygon><outerBoundaryIs><LinearRing><coordinates>70.800308228144,22.8743626949461 70.8003046566238,22.8740918216585 70.7997200163816,22.8740984395088 70.7997235867435,22.8743693128834 70.800308228144,22.8743626949461</coordinates></LinearRing></outerBoundaryIs></Polygon><Polygon><outerBoundaryIs><LinearRing><coordinates>70.8006041209166,22.8746302584066 70.800600548763,22.8743593851723 70.800308228144,22.8743626949461 70.8003117997185,22.8746335682239 70.8006041209166,22.8746302584066</coordinates></LinearRing></outerBoundaryIs></Polygon><Polygon><outerBoundaryIs><LinearRing><coordinates>70.8017734051671,22.8746170137698 70.8017698306969,22.8743461407098 70.8014775102947,22.8743494526306 70.8014810841858,22.8746203257342 70.8017734051671,22.8746170137698</coordinates></LinearRing></outerBoundaryIs></Polygon><Polygon><outerBoundaryIs><LinearRing><coordinates>70.8009000148475,22.8748978212335 70.8008964420605,22.8746269480525 70.8006041209166,22.8746302584066 70.8006076931244,22.8749011316311 70.8009000148475,22.8748978212335</coordinates></LinearRing></outerBoundaryIs></Polygon><Polygon><outerBoundaryIs><LinearRing><coordinates>70.8014846581311,22.874891198828 70.8014810841858,22.8746203257342 70.8011887631503,22.8746236371617 70.8011923365164,22.8748945102991 70.8014846581311,22.874891198828</coordinates></LinearRing></outerBoundaryIs></Polygon><Polygon><outerBoundaryIs><LinearRing><coordinates>70.8009285990948,22.8770648063302 70.8009250258741,22.8767939332273 70.8006327000966,22.8767972439297 70.8006291275094,22.8765263707734 70.8003368022569,22.8765296808955 70.8003296584035,22.8759879344667 70.8000373342552,22.8759912439649 70.8000409055756,22.8762621172277 70.7997485807939,22.8762654262327 70.7997521515892,22.8765362995293 70.7994598261742,22.876539608041 70.7994669667689,22.877081354692 70.7988823134593,22.877087970279 70.7988858826794,22.8773588436769 70.7985935553641,22.8773621507087 70.7985971240591,22.8776330241403 70.799181779794,22.877626409453 70.7991853497016,22.8778972827879 70.7994776780671,22.8778939745955 70.7994705371475,22.8773522280029 70.7997628643002,22.8773489193607 70.7997592933424,22.8770780460933 70.8000516198618,22.8770747369578 70.8000480483789,22.8768038637242 70.8003403742648,22.8768005540953 70.800343946327,22.8770714272854 70.8009285990948,22.8770648063302</coordinates></LinearRing></outerBoundaryIs></Polygon><Polygon><outerBoundaryIs><LinearRing><coordinates>70.8023973824618,22.877589990289 70.8023938062365,22.8773191174234 70.8018091528524,22.8773257438339 70.8018127279193,22.8775966167867 70.8023973824618,22.877589990289</coordinates></LinearRing></outerBoundaryIs></Polygon><Polygon><outerBoundaryIs><LinearRing><coordinates>70.8012316471223,22.8778741141672 70.8012280731597,22.877603241137 70.8009357456987,22.8776065525069 70.8009393190819,22.8778774255807 70.8012316471223,22.8778741141672</coordinates></LinearRing></outerBoundaryIs></Polygon><Polygon><outerBoundaryIs><LinearRing><coordinates>70.7986006928082,22.8779038975623 70.7985971240591,22.8776330241403 70.7980124681076,22.8776396366804 70.7980160356982,22.8779105101893 70.7986006928082,22.8779038975623</coordinates></LinearRing></outerBoundaryIs></Polygon><Polygon><outerBoundaryIs><LinearRing><coordinates>70.7980196033429,22.8781813836884 70.7980160356982,22.8779105101893 70.797723707062,22.8779138156975 70.7977308412469,22.878455562773 70.7983155007824,22.8784489510458 70.7983119325042,22.8781780775998 70.7980196033429,22.8781813836884</coordinates></LinearRing></outerBoundaryIs></Polygon><Polygon><outerBoundaryIs><LinearRing><coordinates>70.8003546628386,22.8778840467971 70.8003618074506,22.8784257930895 70.800654136758,22.8784224826626 70.8006612827454,22.8789642288289 70.8009536131571,22.8789609177781 70.8009393190819,22.8778774255807 70.8003546628386,22.8778840467971</coordinates></LinearRing></outerBoundaryIs></Polygon><Polygon><outerBoundaryIs><LinearRing><coordinates>70.7986149683461,22.8789873911524 70.7986113993804,22.8787165177695 70.7983190691146,22.8787198244819 70.798322637501,22.8789906979083 70.7986149683461,22.8789873911524</coordinates></LinearRing></outerBoundaryIs></Polygon><Polygon><outerBoundaryIs><LinearRing><coordinates>70.8012495177483,22.8792284791718 70.8012459435146,22.8789576061904 70.8009536131571,22.8789609177781 70.8009571868115,22.879231790803 70.8012495177483,22.8792284791718</coordinates></LinearRing></outerBoundaryIs></Polygon><Polygon><outerBoundaryIs><LinearRing><coordinates>70.8000837656464,22.8795125956214 70.8000801936758,22.8792417224756 70.7994955313143,22.8792483409062 70.7994991021263,22.8795192141391 70.8000837656464,22.8795125956214</coordinates></LinearRing></outerBoundaryIs></Polygon><Polygon><outerBoundaryIs><LinearRing><coordinates>70.799206770285,22.8795225225926 70.7992032000524,22.8792516493162 70.7989108687362,22.8792549571894 70.7989144383895,22.8795258305093 70.799206770285,22.8795225225926</coordinates></LinearRing></outerBoundaryIs></Polygon><Polygon><outerBoundaryIs><LinearRing><coordinates>70.8024224175584,22.8794861000754 70.8024188409532,22.879215227278 70.8015418486309,22.8792251670036 70.8015454234981,22.8794960399317 70.8024224175584,22.8794861000754</coordinates></LinearRing></outerBoundaryIs></Polygon><Polygon><outerBoundaryIs><LinearRing><coordinates>70.8006791486626,22.880318594074 70.8006755753708,22.8800477210445 70.8003832425875,22.8800510317326 70.8003868153,22.8803219048057 70.8006791486626,22.880318594074</coordinates></LinearRing></outerBoundaryIs></Polygon><Polygon><outerBoundaryIs><LinearRing><coordinates>70.8003939608877,22.8808636509226 70.8003903880667,22.880592777869 70.8000980540706,22.8805960881073 70.8001016263122,22.8808669612044 70.8003939608877,22.8808636509226</coordinates></LinearRing></outerBoundaryIs></Polygon><Polygon><outerBoundaryIs><LinearRing><coordinates>70.8001087709578,22.8814087073694 70.8001051986079,22.8811378342918 70.7998128633988,22.8811411440802 70.7998164351694,22.8814120172014 70.8001087709578,22.8814087073694</coordinates></LinearRing></outerBoundaryIs></Polygon><Polygon><outerBoundaryIs><LinearRing><coordinates>70.7989501379011,22.8822345631723 70.7989465677063,22.8819636899499 70.7986542305424,22.8819669977212 70.7986578001578,22.8822378709871 70.7989501379011,22.8822345631723</coordinates></LinearRing></outerBoundaryIs></Polygon><Polygon><outerBoundaryIs><LinearRing><coordinates>70.7986649395512,22.8827796174897 70.7986613698274,22.8825087442433 70.7983690314505,22.8825120515646 70.7983726005948,22.8827829248545 70.7986649395512,22.8827796174897</coordinates></LinearRing></outerBoundaryIs></Polygon><Polygon><outerBoundaryIs><LinearRing><coordinates>70.8021837331569,22.8835525053418 70.8021765795318,22.8830107599427 70.8018842406465,22.8830140737947 70.8018913931126,22.8835558192809 70.8021837331569,22.8835525053418</coordinates></LinearRing></outerBoundaryIs></Polygon><Polygon><outerBoundaryIs><LinearRing><coordinates>70.8015990530141,22.8835591326831 70.8016169322313,22.884913496446 70.8019092752272,22.8849101828259 70.8018913931126,22.8835558192809 70.8015990530141,22.8835591326831</coordinates></LinearRing></outerBoundaryIs></Polygon><Polygon><outerBoundaryIs><LinearRing><coordinates>70.8016240842979,22.8854552418829 70.8016169322313,22.884913496446 70.8013245891812,22.884916809529 70.8013317400888,22.885458555053 70.8016240842979,22.8854552418829</coordinates></LinearRing></outerBoundaryIs></Polygon><Polygon><outerBoundaryIs><LinearRing><coordinates>70.8010393958254,22.8854618676861 70.8010501208549,22.8862744860297 70.8013424668569,22.8862711732659 70.8013317400888,22.885458555053 70.8010393958254,22.8854618676861</coordinates></LinearRing></outerBoundaryIs></Polygon><Polygon><outerBoundaryIs><LinearRing><coordinates>70.8001873763675,22.8873679126095 70.8002052448919,22.8887222767786 70.8004975962727,22.8887189652341 70.8004832990265,22.8876354740925 70.8007756480347,22.8876321621851 70.8007613493375,22.8865486710617 70.8010536959732,22.8865453587914 70.8010501208549,22.8862744860297 70.8004654286883,22.8862811099461 70.8004797248504,22.8873646012827 70.8001873763675,22.8873679126095</coordinates></LinearRing></outerBoundaryIs></Polygon><Polygon><outerBoundaryIs><LinearRing><coordinates>70.7981445050096,22.8876619500166 70.7981409354703,22.8873910768587 70.797848586554,22.8873943838888 70.7978521555138,22.8876652570902 70.7981445050096,22.8876619500166</coordinates></LinearRing></outerBoundaryIs></Polygon><Polygon><outerBoundaryIs><LinearRing><coordinates>70.7978557245277,22.8879361302818 70.7978521555138,22.8876652570902 70.7975598059638,22.8876685636266 70.7975633743982,22.8879394368617 70.7978557245277,22.8879361302818</coordinates></LinearRing></outerBoundaryIs></Polygon><Polygon><outerBoundaryIs><LinearRing><coordinates>70.7984654173524,22.8898256269701 70.7984511354686,22.888742134766 70.7981587837085,22.8887454425507 70.7981730632737,22.8898289349288 70.7984654173524,22.8898256269701</coordinates></LinearRing></outerBoundaryIs></Polygon><Polygon><outerBoundaryIs><LinearRing><coordinates>70.8008078232753,22.8900700166422 70.8007899475994,22.8887156531525 70.8004975962727,22.8887189652341 70.8005154690504,22.8900733289416 70.8008078232753,22.8900700166422</coordinates></LinearRing></outerBoundaryIs></Polygon><Polygon><outerBoundaryIs><LinearRing><coordinates>70.7990608408067,22.8906316282311 70.7990572689328,22.890360755311 70.798764913803,22.8903640644309 70.7987684850973,22.8906349373945 70.7990608408067,22.8906316282311</coordinates></LinearRing></outerBoundaryIs></Polygon><Polygon><outerBoundaryIs><LinearRing><coordinates>70.8011073292553,22.8906084490462 70.8011037533235,22.8903375764308 70.8008113985732,22.8903408893109 70.8008149739253,22.8906117619699 70.8011073292553,22.8906084490462</coordinates></LinearRing></outerBoundaryIs></Polygon><Polygon><outerBoundaryIs><LinearRing><coordinates>70.8016991940976,22.8911435666147 70.801695616898,22.8908726941059 70.8019879726449,22.8908693795272 70.8020058620842,22.8922237417554 70.8022982206754,22.8922204264216 70.8022624373566,22.8895117021571 70.8016777317136,22.8895183314159 70.8016920397526,22.8906018215874 70.8013996845311,22.8906051355854 70.8014032610967,22.8908760081475 70.8011109052413,22.8908793216518 70.8011144812815,22.8911501942477 70.8016991940976,22.8911435666147</coordinates></LinearRing></outerBoundaryIs></Polygon><Polygon><outerBoundaryIs><LinearRing><coordinates>70.7993746323219,22.8922535555854 70.7993603415319,22.8911700642545 70.7990679847173,22.8911733740421 70.7990822731884,22.8922568655471 70.7993746323219,22.8922535555854</coordinates></LinearRing></outerBoundaryIs></Polygon><Polygon><outerBoundaryIs><LinearRing><coordinates>70.7994103630899,22.8949622832299 70.7993853509833,22.8930661739811 70.7990929901106,22.8930694840734 70.7991179981585,22.8949655936267 70.7994103630899,22.8949622832299</coordinates></LinearRing></outerBoundaryIs></Polygon><Polygon><outerBoundaryIs><LinearRing><coordinates>70.8020774334076,22.8976411882294 70.8020702752984,22.8970994437577 70.8017779062162,22.8971027593387 70.8017850631656,22.8976445038977 70.8020774334076,22.8976411882294</coordinates></LinearRing></outerBoundaryIs></Polygon><Polygon><outerBoundaryIs><LinearRing><coordinates>70.7988792220889,22.8990319944295 70.7988720761958,22.8984902490972 70.7991644487198,22.898486938672 70.7991573018836,22.8979451933877 70.7994496731936,22.8979418825121 70.799421083377,22.895774901333 70.7991287167061,22.8957782118604 70.7991179981585,22.8949655936267 70.798825633173,22.8949689034863 70.7988470672766,22.896594140127 70.7985546987578,22.8965974497103 70.7985654148013,22.8974100680295 70.7982730444886,22.8974133772059 70.7982766160315,22.897684250003 70.7979842450847,22.8976875586856 70.7980056719999,22.8993127955239 70.7977132975194,22.8993161039301 70.7977204390977,22.8998578495518 70.7971356876542,22.8998644649259 70.7971428271291,22.9004062106824 70.7977275808926,22.9003995951345 70.7977240099681,22.900128722348 70.7980163861886,22.9001254138114 70.798009243342,22.8995836682962 70.7983016183484,22.8995803593091 70.7982980464264,22.8993094865804 70.7985904207986,22.8993061770994 70.7985868483508,22.8990353044044 70.7988792220889,22.8990319944295</coordinates></LinearRing></outerBoundaryIs></Polygon><Polygon><outerBoundaryIs><LinearRing><coordinates>70.8023841227848,22.898721360676 70.802380542906,22.8984504885276 70.8020881709785,22.8984538048639 70.8020917502773,22.8987246770559 70.8023841227848,22.898721360676</coordinates></LinearRing></outerBoundaryIs></Polygon><Polygon><outerBoundaryIs><LinearRing><coordinates>70.8018101141979,22.8995406095467 70.8018065353162,22.8992697373404 70.8012217877102,22.8992763675877 70.8012253654319,22.8995472398811 70.8018101141979,22.8995406095467</coordinates></LinearRing></outerBoundaryIs></Polygon><Polygon><outerBoundaryIs><LinearRing><coordinates>70.8026908176158,22.8998015320802 70.8026872369398,22.8995306600145 70.8021024884995,22.8995372935733 70.8021060680154,22.8998081657263 70.8026908176158,22.8998015320802</coordinates></LinearRing></outerBoundaryIs></Polygon><Polygon><outerBoundaryIs><LinearRing><coordinates>70.7959733189527,22.9004194353292 70.7959661841178,22.899877689225 70.7956738080984,22.8998809939562 70.7956809417733,22.9004227401473 70.7959733189527,22.9004194353292</coordinates></LinearRing></outerBoundaryIs></Polygon><Polygon><outerBoundaryIs><LinearRing><coordinates>70.7971463969478,22.9006770835461 70.7971428271291,22.9004062106824 70.7968504501662,22.9004095176503 70.7968540194048,22.9006803905574 70.7971463969478,22.9006770835461</coordinates></LinearRing></outerBoundaryIs></Polygon><Polygon><outerBoundaryIs><LinearRing><coordinates>70.7965616418078,22.9006836970313 70.7965652105205,22.9009545699721 70.7968575886976,22.9009512634548 70.7968540194048,22.9006803905574 70.7965616418078,22.9006836970313</coordinates></LinearRing></outerBoundaryIs></Polygon><Polygon><outerBoundaryIs><LinearRing><coordinates>70.7951211486977,22.9023254601407 70.7951175826147,22.9020545870315 70.7957023440961,22.9020479784864 70.7956987769071,22.9017771054543 70.7959911569866,22.901773800419 70.7959840216108,22.9012320544123 70.7965687792873,22.9012254429031 70.7965652105205,22.9009545699721 70.7962728322893,22.9009578759519 70.7962692641566,22.9006870029677 70.7956845086919,22.9006936132282 70.7956952097722,22.9015062324124 70.7954028302186,22.9015095368668 70.7954063967735,22.9017804099521 70.7945292560483,22.9017903202208 70.794532820917,22.9020611934266 70.7942404399871,22.902064495818 70.7942440043299,22.9023353690574 70.7939516227658,22.9023386709547 70.7939551865826,22.9026095442278 70.7936628043844,22.902612845631 70.7936663676751,22.9028837189377 70.7933739848428,22.9028870198468 70.7933811104261,22.9034287665178 70.793965878357,22.9034221639886 70.7939623143782,22.9031512907447 70.7942546976825,22.9031479887173 70.7942511331776,22.9028771155071 70.7945435158477,22.9028738129855 70.7945399508168,22.902602939809 70.7948323328528,22.9025996367933 70.7948287672958,22.9023287636504 70.7951211486977,22.9023254601407</coordinates></LinearRing></outerBoundaryIs></Polygon><Polygon><outerBoundaryIs><LinearRing><coordinates>70.7986297213003,22.9022857761006 70.7986261482565,22.9020149035129 70.7983337680841,22.9020182134288 70.7983373405478,22.90228908606 70.7986297213003,22.9022857761006</coordinates></LinearRing></outerBoundaryIs></Polygon><Polygon><outerBoundaryIs><LinearRing><coordinates>70.7922151344683,22.9037128386203 70.7922115739161,22.903441965126 70.7919191896536,22.9034452634342 70.7919227496257,22.9037161369719 70.7922151344683,22.9037128386203</coordinates></LinearRing></outerBoundaryIs></Polygon><Polygon><outerBoundaryIs><LinearRing><coordinates>70.792803465758,22.9039771137023 70.7927999039915,22.9037062403045 70.7925075192569,22.9037095397311 70.7925110804432,22.9039804131723 70.792803465758,22.9039771137023</coordinates></LinearRing></outerBoundaryIs></Polygon><Polygon><outerBoundaryIs><LinearRing><coordinates>70.7963156541021,22.9042083510023 70.7963120853201,22.9039374781351 70.796019700654,22.9039407840554 70.7960232688559,22.9042116569661 70.7963156541021,22.9042083510023</coordinates></LinearRing></outerBoundaryIs></Polygon><Polygon><outerBoundaryIs><LinearRing><coordinates>70.7957308835555,22.9042149623923 70.7957344512314,22.9044858353367 70.7960268371119,22.904482529867 70.7960232688559,22.9042116569661 70.7957308835555,22.9042149623923</coordinates></LinearRing></outerBoundaryIs></Polygon><Polygon><outerBoundaryIs><LinearRing><coordinates>70.7957380189613,22.9047567082712 70.7957344512314,22.9044858353367 70.7954420652968,22.9044891402688 70.7954456324466,22.9047600132468 70.7957380189613,22.9047567082712</coordinates></LinearRing></outerBoundaryIs></Polygon><Polygon><outerBoundaryIs><LinearRing><coordinates>70.7951532458777,22.9047633176848 70.7951568125014,22.9050341906965 70.7954491996504,22.9050308862151 70.7954456324466,22.9047600132468 70.7951532458777,22.9047633176848</coordinates></LinearRing></outerBoundaryIs></Polygon><Polygon><outerBoundaryIs><LinearRing><coordinates>70.7951603791792,22.9053050636984 70.7951568125014,22.9050341906965 70.7948644252984,22.9050374946404 70.794867991396,22.9053083676857 70.7951603791792,22.9053050636984</coordinates></LinearRing></outerBoundaryIs></Polygon><Polygon><outerBoundaryIs><LinearRing><coordinates>70.7940050856909,22.906401769027 70.7940015211177,22.9061308958905 70.7937091313777,22.9061341978577 70.7937126953708,22.9064050710376 70.7940050856909,22.906401769027</coordinates></LinearRing></outerBoundaryIs></Polygon><Polygon><outerBoundaryIs><LinearRing><coordinates>70.7931421664392,22.9074951664153 70.7931386033904,22.9072242931876 70.7928462111675,22.9072275937156 70.792849773636,22.9074984669866 70.7931421664392,22.9074951664153</coordinates></LinearRing></outerBoundaryIs></Polygon><Polygon><outerBoundaryIs><LinearRing><coordinates>70.7928533361586,22.9077693402479 70.7925609427212,22.907772640325 70.7925645047174,22.9080435136199 70.7928568987351,22.9080402134994 70.7928533361586,22.9077693402479</coordinates></LinearRing></outerBoundaryIs></Polygon><Polygon><outerBoundaryIs><LinearRing><coordinates>70.7922756721158,22.9083176865312 70.7925680667677,22.908314386905 70.7925645047174,22.9080435136199 70.7922721106458,22.9080468132027 70.7922756721158,22.9083176865312</coordinates></LinearRing></outerBoundaryIs></Polygon><Polygon><outerBoundaryIs><LinearRing><coordinates>70.7922792336398,22.9085885598499 70.7922756721158,22.9083176865312 70.7919832774099,22.9083209856197 70.7919868383536,22.9085918589818 70.7922792336398,22.9085885598499</coordinates></LinearRing></outerBoundaryIs></Polygon><Polygon><outerBoundaryIs><LinearRing><coordinates>70.8130480165196,22.8650069252577 70.8130444213723,22.8647360535609 70.8124598252854,22.8647427156626 70.8124634192751,22.865013587447 70.8130480165196,22.8650069252577</coordinates></LinearRing></outerBoundaryIs></Polygon><Polygon><outerBoundaryIs><LinearRing><coordinates>70.813347506676,22.8655453366348 70.81334031506,22.8650035933583 70.8130480165196,22.8650069252577 70.8130552069778,22.8655486686219 70.813347506676,22.8655453366348</coordinates></LinearRing></outerBoundaryIs></Polygon><Polygon><outerBoundaryIs><LinearRing><coordinates>70.8130659930744,22.8663612835951 70.8130623976543,22.8660904119472 70.8127700967439,22.8660937434854 70.8127736915851,22.8663646151772 70.8130659930744,22.8663612835951</coordinates></LinearRing></outerBoundaryIs></Polygon><Polygon><outerBoundaryIs><LinearRing><coordinates>70.8127916666093,22.8677189734901 70.8127880714954,22.867448101847 70.8124957676359,22.8674514330679 70.812499362171,22.8677223047548 70.8127916666093,22.8677189734901</coordinates></LinearRing></outerBoundaryIs></Polygon><Polygon><outerBoundaryIs><LinearRing><coordinates>70.8116547861664,22.8701701412559 70.8116511928775,22.8698992695253 70.8113588835893,22.8699025989942 70.8113624762992,22.8701734707686 70.8116547861664,22.8701701412559</coordinates></LinearRing></outerBoundaryIs></Polygon><Polygon><outerBoundaryIs><LinearRing><coordinates>70.8113696618827,22.8707152142881 70.8113660690637,22.8704443425332 70.8110737585629,22.8704476715531 70.8110773508029,22.8707185433518 70.8113696618827,22.8707152142881</coordinates></LinearRing></outerBoundaryIs></Polygon><Polygon><outerBoundaryIs><LinearRing><coordinates>70.8037802897354,22.871614214151 70.8037767118083,22.8713433412889 70.8034843981561,22.871346656487 70.8034879755042,22.8716175293928 70.8037802897354,22.871614214151</coordinates></LinearRing></outerBoundaryIs></Polygon><Polygon><outerBoundaryIs><LinearRing><coordinates>70.8107994068574,22.8718053591512 70.8107958149785,22.8715344873477 70.8105035020526,22.8715378154695 70.8105070933525,22.8718086873167 70.8107994068574,22.8718053591512</coordinates></LinearRing></outerBoundaryIs></Polygon><Polygon><outerBoundaryIs><LinearRing><coordinates>70.8140220484737,22.8723104565233 70.814018450116,22.8720395852214 70.813726136632,22.8720429193342 70.8137297344106,22.8723137906799 70.8140220484737,22.8723104565233</coordinates></LinearRing></outerBoundaryIs></Polygon><Polygon><outerBoundaryIs><LinearRing><coordinates>70.8137333322439,22.8725846620158 70.8137297344106,22.8723137906799 70.8134374202929,22.8723171242999 70.8134410175471,22.8725879956796 70.8137333322439,22.8725846620158</coordinates></LinearRing></outerBoundaryIs></Polygon><Polygon><outerBoundaryIs><LinearRing><coordinates>70.8029212286426,22.8729785230847 70.8029248051582,22.8732493960192 70.8035094407326,22.8732427666223 70.8035130184606,22.8735136394598 70.8038053367455,22.8735103239127 70.8038017584384,22.8732394511188 70.8040940760899,22.8732361350786 70.8040833397568,22.8724235167695 70.8034987078741,22.8724301480514 70.8034915529065,22.8718884022887 70.8031992380419,22.8718917170375 70.8032135458779,22.8729752086983 70.8029212286426,22.8729785230847</coordinates></LinearRing></outerBoundaryIs></Polygon><Polygon><outerBoundaryIs><LinearRing><coordinates>70.8099368272909,22.8728988296795 70.8099332369312,22.8726279577837 70.8096409215256,22.8726312844706 70.8096445113062,22.8729021564101 70.8099368272909,22.8728988296795</coordinates></LinearRing></outerBoundaryIs></Polygon><Polygon><outerBoundaryIs><LinearRing><coordinates>70.802931958352,22.8737911418588 70.802928381728,22.8735202689438 70.8026360632802,22.8735235828808 70.8026324872895,22.8732527099125 70.8017555333582,22.8732626483722 70.8017591076115,22.8735335214712 70.8023437447782,22.873526896281 70.8023473202441,22.8737977692831 70.802931958352,22.8737911418588</coordinates></LinearRing></outerBoundaryIs></Polygon><Polygon><outerBoundaryIs><LinearRing><coordinates>70.8093629631982,22.8737180984954 70.8093593738333,22.8734472265413 70.8090670565815,22.8734505522861 70.8090706453672,22.8737214242838 70.8093629631982,22.8737180984954</coordinates></LinearRing></outerBoundaryIs></Polygon><Polygon><outerBoundaryIs><LinearRing><coordinates>70.8041012339168,22.8737778805694 70.8040976549762,22.8735070078289 70.8038053367455,22.8735103239127 70.803808915107,22.8737811966968 70.8041012339168,22.8737778805694</coordinates></LinearRing></outerBoundaryIs></Polygon><Polygon><outerBoundaryIs><LinearRing><coordinates>70.8038124935228,22.8740520694712 70.803808915107,22.8737811966968 70.8032242773246,22.8737878273415 70.8032278545821,22.8740587002031 70.8038124935228,22.8740520694712</coordinates></LinearRing></outerBoundaryIs></Polygon><Polygon><outerBoundaryIs><LinearRing><coordinates>70.8043971322463,22.8740454365923 70.8043935526722,22.8737745639052 70.8041012339168,22.8737778805694 70.8041048129117,22.8740487533001 70.8043971322463,22.8740454365923</coordinates></LinearRing></outerBoundaryIs></Polygon><Polygon><outerBoundaryIs><LinearRing><coordinates>70.8041048129117,22.8740487533001 70.8038124935228,22.8740520694712 70.8038232290958,22.8748646877357 70.8044078712942,22.8748580545951 70.8044042915573,22.8745871819372 70.8041119710644,22.8745904987323 70.8041048129117,22.8740487533001</coordinates></LinearRing></outerBoundaryIs></Polygon><Polygon><outerBoundaryIs><LinearRing><coordinates>70.8044114510855,22.8751289272432 70.8047037726824,22.8751256098241 70.804700192312,22.8748547372196 70.8044078712942,22.8748580545951 70.8044114510855,22.8751289272432</coordinates></LinearRing></outerBoundaryIs></Polygon><Polygon><outerBoundaryIs><LinearRing><coordinates>70.8079228934571,22.875359954902 70.8079193066613,22.8750890827878 70.8076269856624,22.8750924061113 70.807630571879,22.8753632782692 70.8079228934571,22.875359954902</coordinates></LinearRing></outerBoundaryIs></Polygon><Polygon><outerBoundaryIs><LinearRing><coordinates>70.8052919972964,22.875389845883 70.8052884157133,22.8751189733756 70.804996094225,22.8751222918682 70.804999675229,22.8753931644193 70.8052919972964,22.875389845883</coordinates></LinearRing></outerBoundaryIs></Polygon><Polygon><outerBoundaryIs><LinearRing><coordinates>70.80763415815,22.8756341504174 70.807630571879,22.8753632782692 70.8073382502465,22.8753666010996 70.8073418359383,22.8756374732915 70.80763415815,22.8756341504174</coordinates></LinearRing></outerBoundaryIs></Polygon><Polygon><outerBoundaryIs><LinearRing><coordinates>70.8111420204434,22.8755942340599 70.8111384272223,22.8753233624368 70.8108461062433,22.8753266917084 70.8108496988853,22.8755975633752 70.8111420204434,22.8755942340599</coordinates></LinearRing></outerBoundaryIs></Polygon><Polygon><outerBoundaryIs><LinearRing><coordinates>70.8073454216845,22.8759083454736 70.8073418359383,22.8756374732915 70.8070495136723,22.8756407956288 70.8070530988392,22.8759116678547 70.8073454216845,22.8759083454736</coordinates></LinearRing></outerBoundaryIs></Polygon><Polygon><outerBoundaryIs><LinearRing><coordinates>70.803538064077,22.8754097490491 70.8035416422393,22.8756806218086 70.8032493192669,22.8756839371678 70.8032528969043,22.8759548099612 70.8029605732983,22.8759581248272 70.8029641504108,22.8762289976544 70.8017948531275,22.8762422519253 70.8017984279774,22.8765131249171 70.8038447017079,22.8764899240016 70.8038375439534,22.8759481786186 70.8041298673965,22.8759448621422 70.8041262880214,22.8756739894797 70.804418610831,22.8756706725101 70.8044114510855,22.8751289272432 70.8041191294343,22.8751322441255 70.8041227087007,22.8754031168075 70.803538064077,22.8754097490491</coordinates></LinearRing></outerBoundaryIs></Polygon><Polygon><outerBoundaryIs><LinearRing><coordinates>70.8050068373999,22.8759349094921 70.8050032562873,22.8756640369606 70.8047109335863,22.8756673550037 70.8047145141197,22.8759382275789 70.8050068373999,22.8759349094921</coordinates></LinearRing></outerBoundaryIs></Polygon><Polygon><outerBoundaryIs><LinearRing><coordinates>70.8070566840606,22.8761825400707 70.8070530988392,22.8759116678547 70.8064684529856,22.8759183110064 70.8064720370485,22.8761891833099 70.8070566840606,22.8761825400707</coordinates></LinearRing></outerBoundaryIs></Polygon><Polygon><outerBoundaryIs><LinearRing><coordinates>70.8047216753496,22.8764799727001 70.8047180947075,22.8762091001444 70.8044257707938,22.876212417738 70.8044293508567,22.8764832903374 70.8047216753496,22.8764799727001</coordinates></LinearRing></outerBoundaryIs></Polygon><Polygon><outerBoundaryIs><LinearRing><coordinates>70.8064756211659,22.8764600556036 70.8064720370485,22.8761891833099 70.8061797134609,22.8761925041243 70.8061832969991,22.8764633764617 70.8064756211659,22.8764600556036</coordinates></LinearRing></outerBoundaryIs></Polygon><Polygon><outerBoundaryIs><LinearRing><coordinates>70.8061868805916,22.8767342487893 70.8061832969991,22.8764633764617 70.8055986485023,22.8764700165674 70.8056022309364,22.8767408889824 70.8061868805916,22.8767342487893</coordinates></LinearRing></outerBoundaryIs></Polygon><Polygon><outerBoundaryIs><LinearRing><coordinates>70.8041441854396,22.8770283526946 70.8041406058474,22.8767574800711 70.8038482806666,22.8767607966784 70.8038518596796,22.8770316693455 70.8041441854396,22.8770283526946</coordinates></LinearRing></outerBoundaryIs></Polygon><Polygon><outerBoundaryIs><LinearRing><coordinates>70.8056058134248,22.8770117613876 70.8056022309364,22.8767408889824 70.8053099060272,22.8767442082737 70.8053134879364,22.8770150807226 70.8056058134248,22.8770117613876</coordinates></LinearRing></outerBoundaryIs></Polygon><Polygon><outerBoundaryIs><LinearRing><coordinates>70.8032707859056,22.8773091737815 70.8032672079968,22.877038301037 70.8029748820739,22.8770416160775 70.8029784594035,22.8773124888657 70.8032707859056,22.8773091737815</coordinates></LinearRing></outerBoundaryIs></Polygon><Polygon><outerBoundaryIs><LinearRing><coordinates>70.8053170699,22.8772859531618 70.8053134879364,22.8770150807226 70.8050211623937,22.8770183995208 70.805024743778,22.8772892720036 70.8053170699,22.8772859531618</coordinates></LinearRing></outerBoundaryIs></Polygon><Polygon><outerBoundaryIs><LinearRing><coordinates>70.8047359984611,22.8775634628254 70.8047324176017,22.8772925903087 70.8044400913711,22.8772959080769 70.8044436716512,22.8775667806372 70.8047359984611,22.8775634628254</coordinates></LinearRing></outerBoundaryIs></Polygon><Polygon><outerBoundaryIs><LinearRing><coordinates>70.8085398304865,22.8777911543592 70.8085362420425,22.8775202824203 70.8082439159395,22.8775236072108 70.8082475038043,22.8777944791935 70.8085398304865,22.8777911543592</coordinates></LinearRing></outerBoundaryIs></Polygon><Polygon><outerBoundaryIs><LinearRing><coordinates>70.8044472519857,22.8778376531878 70.8044436716512,22.8775667806372 70.804151344787,22.8775700979122 70.8041549245422,22.8778409705065 70.8044472519857,22.8778376531878</coordinates></LinearRing></outerBoundaryIs></Polygon><Polygon><outerBoundaryIs><LinearRing><coordinates>70.8041585043517,22.8781118430909 70.8041549245422,22.8778409705065 70.8038625970445,22.8778442872883 70.8038661762747,22.8781151599164 70.8041585043517,22.8781118430909</coordinates></LinearRing></outerBoundaryIs></Polygon><Polygon><outerBoundaryIs><LinearRing><coordinates>70.8035738481434,22.878118476205 70.8035774268486,22.8783893488669 70.8038697555592,22.8783860325347 70.8038661762747,22.8781151599164 70.8035738481434,22.878118476205</coordinates></LinearRing></outerBoundaryIs></Polygon><Polygon><outerBoundaryIs><LinearRing><coordinates>70.8032922544985,22.8789344100442 70.8032886762639,22.8786635373582 70.8035810056081,22.8786602215192 70.8035774268486,22.8783893488669 70.8029927692645,22.8783959799209 70.8029963468655,22.8786668526603 70.8027040174127,22.8786701674256 70.8027075944887,22.8789410401989 70.8032922544985,22.8789344100442</coordinates></LinearRing></outerBoundaryIs></Polygon><Polygon><outerBoundaryIs><LinearRing><coordinates>70.8024152644024,22.8789443544709 70.8024188409532,22.879215227278 70.8027111716189,22.8792119129624 70.8027075944887,22.8789410401989 70.8024152644024,22.8789443544709</coordinates></LinearRing></outerBoundaryIs></Polygon><Polygon><outerBoundaryIs><LinearRing><coordinates>70.8047682286401,22.8800013150367 70.8047646472918,22.8797304426078 70.8044723158476,22.8797337607688 70.8044758966166,22.8800046332414 70.8047682286401,22.8800013150367</coordinates></LinearRing></outerBoundaryIs></Polygon><Polygon><outerBoundaryIs><LinearRing><coordinates>70.8039019715634,22.8808238856609 70.8038983917902,22.8805530131304 70.803606058445,22.8805563298116 70.8036096376389,22.8808272023858 70.8039019715634,22.8808238856609</coordinates></LinearRing></outerBoundaryIs></Polygon><Polygon><outerBoundaryIs><LinearRing><coordinates>70.8036132168871,22.8810980749502 70.8036096376389,22.8808272023858 70.8033173036601,22.8808305185737 70.8033208823289,22.8811013911817 70.8036132168871,22.8810980749502</coordinates></LinearRing></outerBoundaryIs></Polygon><Polygon><outerBoundaryIs><LinearRing><coordinates>70.8030285477164,22.8811047068763 70.8030321258602,22.8813755795182 70.803324461052,22.88137226378 70.8033208823289,22.8811013911817 70.8030285477164,22.8811047068763</coordinates></LinearRing></outerBoundaryIs></Polygon><Polygon><outerBoundaryIs><LinearRing><coordinates>70.8027505236327,22.8821915127175 70.8027469459055,22.8819206400613 70.8024546094464,22.8819239548128 70.8024581865941,22.8821948275127 70.8027505236327,22.8821915127175</coordinates></LinearRing></outerBoundaryIs></Polygon><Polygon><outerBoundaryIs><LinearRing><coordinates>70.8024653410524,22.8827365728831 70.8024617637961,22.8824657002028 70.8021694261239,22.8824690145046 70.8021730028007,22.8827398872285 70.8024653410524,22.8827365728831</coordinates></LinearRing></outerBoundaryIs></Polygon><Polygon><outerBoundaryIs><LinearRing><coordinates>70.8125235394372,22.8915623095829 70.81251994068,22.8912914387108 70.8119352307307,22.8912981061826 70.8119388283285,22.8915689771423 70.8125235394372,22.8915623095829</coordinates></LinearRing></outerBoundaryIs></Polygon><Polygon><outerBoundaryIs><LinearRing><coordinates>70.8116536668922,22.8921140520941 70.811650069765,22.8918431811101 70.8119424259809,22.8918398480923 70.8119388283285,22.8915689771423 70.8113541170015,22.891575642553 70.8113577134945,22.8918465135906 70.8104806443558,22.8918565078091 70.810477049602,22.8915856366401 70.8101846936931,22.8915889669281 70.8101882878672,22.8918598381409 70.8090188613678,22.8918731540961 70.8090224532776,22.8921440254742 70.8116536668922,22.8921140520941</coordinates></LinearRing></outerBoundaryIs></Polygon><Polygon><outerBoundaryIs><LinearRing><coordinates>70.8087336873214,22.8924182245759 70.8087300959368,22.8921473531638 70.8084377385416,22.8921506803162 70.8084413293464,22.892421551772 70.8087336873214,22.8924182245759</coordinates></LinearRing></outerBoundaryIs></Polygon><Polygon><outerBoundaryIs><LinearRing><coordinates>70.808148971317,22.8924248784309 70.8081525615965,22.8926957499207 70.8084449202056,22.8926924232181 70.8084413293464,22.892421551772 70.808148971317,22.8924248784309</coordinates></LinearRing></outerBoundaryIs></Polygon><Polygon><outerBoundaryIs><LinearRing><coordinates>70.8075750226182,22.8932441448396 70.8075714333893,22.8929732732819 70.807279074037,22.8929765984166 70.8072826626862,22.893247470018 70.8075750226182,22.8932441448396</coordinates></LinearRing></outerBoundaryIs></Polygon><Polygon><outerBoundaryIs><LinearRing><coordinates>70.8064127565466,22.8937991857657 70.8064091695279,22.8935283140527 70.8069938908235,22.8935216662946 70.8069903026997,22.8932507946592 70.8052361416388,22.8932707312244 70.805239726284,22.8935416031219 70.8061168087985,22.8935316371259 70.8061203952374,22.8938025088826 70.8064127565466,22.8937991857657</coordinates></LinearRing></outerBoundaryIs></Polygon><Polygon><outerBoundaryIs><LinearRing><coordinates>70.8055392577896,22.8940800253389 70.8055356724559,22.8938091535046 70.8052433109836,22.8938124750097 70.8052468957375,22.8940833468877 70.8055392577896,22.8940800253389</coordinates></LinearRing></outerBoundaryIs></Polygon><Polygon><outerBoundaryIs><LinearRing><coordinates>70.8049617021423,22.8946284117132 70.8049581178595,22.8943575398111 70.8052504805458,22.8943542187559 70.8052468957375,22.8940833468877 70.8046621714702,22.8940899883734 70.8046693388219,22.8946317322748 70.8049617021423,22.8946284117132</coordinates></LinearRing></outerBoundaryIs></Polygon><Polygon><outerBoundaryIs><LinearRing><coordinates>70.8040881946157,22.8949092438094 70.804084612018,22.8946383717861 70.8034998849968,22.8946450091483 70.8035034664349,22.8949158812589 70.8040881946157,22.8949092438094</coordinates></LinearRing></outerBoundaryIs></Polygon><Polygon><outerBoundaryIs><LinearRing><coordinates>70.8040953599742,22.8954509878268 70.8040917772678,22.895180115823 70.8037994126247,22.89518343486 70.8038029947513,22.8954543069074 70.8040953599742,22.8954509878268</coordinates></LinearRing></outerBoundaryIs></Polygon><Polygon><outerBoundaryIs><LinearRing><coordinates>70.8035213744402,22.8962702416654 70.8035142110751,22.8957284975321 70.8032218451637,22.8957318155818 70.8032290073691,22.8962735598023 70.8035213744402,22.8962702416654</coordinates></LinearRing></outerBoundaryIs></Polygon><Polygon><outerBoundaryIs><LinearRing><coordinates>70.8026442730639,22.8962801944642 70.8026406930938,22.8960093222716 70.8023483264397,22.8960126387529 70.8023519058299,22.8962835109892 70.8026442730639,22.8962801944642</coordinates></LinearRing></outerBoundaryIs></Polygon><Polygon><outerBoundaryIs><LinearRing><coordinates>70.8029438015065,22.8968186216707 70.8029402208479,22.8965477495412 70.8026478530883,22.8965510666471 70.802651433167,22.8968219388201 70.8029438015065,22.8968186216707</coordinates></LinearRing></outerBoundaryIs></Polygon><Polygon><outerBoundaryIs><LinearRing><coordinates>70.8026585934873,22.8973636831371 70.8026550133,22.8970928109835 70.8023626443264,22.8970961276392 70.8023662239337,22.8973669998364 70.8026585934873,22.8973636831371</coordinates></LinearRing></outerBoundaryIs></Polygon><Polygon><outerBoundaryIs><LinearRing><coordinates>70.8035392838034,22.897624601828 70.8035357018221,22.897353729815 70.8032433324314,22.8973570481263 70.8032469138328,22.897627920183 70.8035392838034,22.897624601828</coordinates></LinearRing></outerBoundaryIs></Polygon><Polygon><outerBoundaryIs><LinearRing><coordinates>70.8032469138328,22.897627920183 70.802954543808,22.8976312380006 70.8029581246837,22.8979021100911 70.8032504952885,22.8978987922298 70.8032469138328,22.897627920183</coordinates></LinearRing></outerBoundaryIs></Polygon><Polygon><outerBoundaryIs><LinearRing><coordinates>70.8026657540246,22.897905427415 70.8023733833113,22.8979087442015 70.802380542906,22.8984504885276 70.8026729147792,22.8984471716538 70.8026657540246,22.897905427415</coordinates></LinearRing></outerBoundaryIs></Polygon><Polygon><outerBoundaryIs><LinearRing><coordinates>70.8029796110786,22.899527342429 70.8029724487298,22.8989855983554 70.802680075751,22.8989889158537 70.8026872369398,22.8995306600145 70.8029796110786,22.899527342429</coordinates></LinearRing></outerBoundaryIs></Polygon><Polygon><outerBoundaryIs><LinearRing><coordinates>70.831998308852,22.8393241604266 70.8319946806835,22.8390532907214 70.8317024406552,22.8390566532836 70.8317060682457,22.8393275230331 70.831998308852,22.8393241604266</coordinates></LinearRing></outerBoundaryIs></Polygon><Polygon><outerBoundaryIs><LinearRing><coordinates>70.8317096958912,22.8395983927728 70.8317060682457,22.8393275230331 70.8314138275843,22.8393308851038 70.8314174546519,22.8396017548878 70.8317096958912,22.8395983927728</coordinates></LinearRing></outerBoundaryIs></Polygon><Polygon><outerBoundaryIs><LinearRing><coordinates>70.8311288399021,22.8398759862856 70.8311215868678,22.8393342466387 70.8308293460963,22.8393376076378 70.8308365979746,22.8398793473732 70.8311288399021,22.8398759862856</coordinates></LinearRing></outerBoundaryIs></Polygon><Polygon><outerBoundaryIs><LinearRing><coordinates>70.8308438500731,22.8404210870696 70.8308402239963,22.8401502172263 70.8302557388201,22.8401569378826 70.8302629887166,22.8406986777365 70.8305552324883,22.8406953175877 70.8305516069345,22.8404244477099 70.8308438500731,22.8404210870696</coordinates></LinearRing></outerBoundaryIs></Polygon><Polygon><outerBoundaryIs><LinearRing><coordinates>70.8299707448899,22.8407020373494 70.8299743693427,22.840972907306 70.8302666137475,22.8409695476488 70.8302629887166,22.8406986777365 70.8299707448899,22.8407020373494</coordinates></LinearRing></outerBoundaryIs></Polygon><Polygon><outerBoundaryIs><LinearRing><coordinates>70.8291012585721,22.841253853142 70.8291085042845,22.8417955932717 70.8294007505885,22.8417922350894 70.8293971271267,22.8415213650736 70.8296893727976,22.8415180063997 70.8296857488128,22.8412471364184 70.8299779938506,22.8412437772528 70.8299743693427,22.840972907306 70.8293898803682,22.8409796250128 70.8293935037199,22.8412504950481 70.8291012585721,22.841253853142</coordinates></LinearRing></outerBoundaryIs></Polygon><Polygon><outerBoundaryIs><LinearRing><coordinates>70.8288271251725,22.8426115611723 70.8288198802862,22.8420698210126 70.8291121272232,22.8420664633219 70.8291085042845,22.8417955932717 70.8285240115116,22.8418023080288 70.8285348770243,22.8426149184155 70.8288271251725,22.8426115611723</coordinates></LinearRing></outerBoundaryIs></Polygon><Polygon><outerBoundaryIs><LinearRing><coordinates>70.8285421209744,22.8431566586246 70.8285348770243,22.8426149184155 70.8282426288211,22.8426182751229 70.828249871615,22.8431600154203 70.8285421209744,22.8431566586246</coordinates></LinearRing></outerBoundaryIs></Polygon><Polygon><outerBoundaryIs><LinearRing><coordinates>70.8279576222006,22.8431633716802 70.827961243102,22.8434342418585 70.8282534930945,22.8434308855544 70.828249871615,22.8431600154203 70.8279576222006,22.8431633716802</coordinates></LinearRing></outerBoundaryIs></Polygon><Polygon><outerBoundaryIs><LinearRing><coordinates>70.8323449872121,22.8433838410273 70.8323413576391,22.8431129715128 70.8320491089953,22.8431163352752 70.8320527379902,22.8433872048341 70.8314682393811,22.8433939308399 70.8314827512866,22.8444774093321 70.8317750029312,22.8444740464201 70.8317786316235,22.8447449159744 70.8320708837911,22.8447415524821 70.8320672545207,22.8444706829721 70.8326517575345,22.8444639544682 70.8326481271629,22.844193085037 70.832940378009,22.8441897200255 70.8329331162749,22.8436479812224 70.8326408665851,22.8436513461452 70.8326372363789,22.8433804766847 70.8323449872121,22.8433838410273</coordinates></LinearRing></outerBoundaryIs></Polygon><Polygon><outerBoundaryIs><LinearRing><coordinates>70.8306168753263,22.8453001040179 70.8306132488365,22.845029234306 70.8303209958153,22.8450325951628 70.8303246217269,22.845303464919 70.8306168753263,22.8453001040179</coordinates></LinearRing></outerBoundaryIs></Polygon><Polygon><outerBoundaryIs><LinearRing><coordinates>70.8317895180307,22.8455575245791 70.8317822603708,22.8450157855191 70.8314900075698,22.8450191485197 70.8314972640734,22.8455608876683 70.8317895180307,22.8455575245791</coordinates></LinearRing></outerBoundaryIs></Polygon><Polygon><outerBoundaryIs><LinearRing><coordinates>70.8309127559936,22.8455676122388 70.8309091288706,22.8452967425809 70.8306168753263,22.8453001040179 70.8306205018711,22.8455709737202 70.8309127559936,22.8455676122388</coordinates></LinearRing></outerBoundaryIs></Polygon><Polygon><outerBoundaryIs><LinearRing><coordinates>70.8321144393339,22.8479919858422 70.8321108094023,22.8477211164492 70.8318185508743,22.8477244804288 70.8318221802277,22.8479953498661 70.8321144393339,22.8479919858422</coordinates></LinearRing></outerBoundaryIs></Polygon><Polygon><outerBoundaryIs><LinearRing><coordinates>70.8324139595701,22.8485303599506 70.83241032895,22.8482594906214 70.8321180693207,22.8482628552255 70.8321216993625,22.848533724599 70.8324139595701,22.8485303599506</coordinates></LinearRing></outerBoundaryIs></Polygon><Polygon><outerBoundaryIs><LinearRing><coordinates>70.8300831285195,22.8490990014664 70.8300722503726,22.8482863924455 70.8303645103876,22.8482830315936 70.8303608838704,22.8480121619447 70.830653143252,22.848008800601 70.8306458892264,22.8474670613625 70.8303536310013,22.8474704226176 70.8303463783524,22.8469286832515 70.8300541212287,22.8469320438822 70.8300686244337,22.8480155227524 70.829776364942,22.848018883024 70.8298089951689,22.8504567103093 70.8301012598653,22.8504533496395 70.8300940071619,22.8499116103995 70.8312630607704,22.8498981627135 70.831259432188,22.8496272932559 70.8306749066505,22.8496340180826 70.8306712792797,22.8493631485267 70.8303790170067,22.8493665100917 70.8303753902693,22.8490956404818 70.8300831285195,22.8490990014664</coordinates></LinearRing></outerBoundaryIs></Polygon><Polygon><outerBoundaryIs><LinearRing><coordinates>70.8295167304174,22.8504600704431 70.8295348573558,22.8518144188146 70.8298271249992,22.8518110584597 70.8298089951689,22.8504567103093 70.8295167304174,22.8504600704431</coordinates></LinearRing></outerBoundaryIs></Polygon><Polygon><outerBoundaryIs><LinearRing><coordinates>70.8280735183138,22.8518312125473 70.828069895708,22.8515603426714 70.827777628313,22.8515636997654 70.8277812503404,22.8518345696855 70.8280735183138,22.8518312125473</coordinates></LinearRing></outerBoundaryIs></Polygon><Polygon><outerBoundaryIs><LinearRing><coordinates>70.8298343773166,22.8523527976515 70.8298307511303,22.8520819280605 70.8295384829086,22.8520852884597 70.8295421085164,22.8523561580949 70.8298343773166,22.8523527976515</coordinates></LinearRing></outerBoundaryIs></Polygon><Polygon><outerBoundaryIs><LinearRing><coordinates>70.8277921167526,22.8526471793872 70.8277884945603,22.8523763094964 70.8274962253751,22.8523796661868 70.827499846989,22.8526505361218 70.8277921167526,22.8526471793872</coordinates></LinearRing></outerBoundaryIs></Polygon><Polygon><outerBoundaryIs><LinearRing><coordinates>70.8278029836597,22.8534597890011 70.8277993613024,22.8531889191396 70.8275070903819,22.8531922759625 70.8275107121608,22.8534631458683 70.8278029836597,22.8534597890011</coordinates></LinearRing></outerBoundaryIs></Polygon><Polygon><outerBoundaryIs><LinearRing><coordinates>70.8310288530076,22.8542354361414 70.8310252241222,22.8539645667957 70.8298561355899,22.8539780149929 70.8298597621614,22.8542488845156 70.8310288530076,22.8542354361414</coordinates></LinearRing></outerBoundaryIs></Polygon><Polygon><outerBoundaryIs><LinearRing><coordinates>70.8263633435601,22.8551017882649 70.8263561040255,22.8545600482073 70.8260638299379,22.8545634025703 70.8260710683156,22.8551051427161 70.8263633435601,22.8551017882649</coordinates></LinearRing></outerBoundaryIs></Polygon><Polygon><outerBoundaryIs><LinearRing><coordinates>70.8304551912105,22.855054769645 70.8304515633168,22.8547839002401 70.8301592894208,22.854787262154 70.830162916736,22.8550581316032 70.8304551912105,22.855054769645</coordinates></LinearRing></outerBoundaryIs></Polygon><Polygon><outerBoundaryIs><LinearRing><coordinates>70.8254973721691,22.8559244604204 70.8254937539451,22.8556535902933 70.8252014773787,22.8556569432242 70.8252050950242,22.8559278133954 70.8254973721691,22.8559244604204</coordinates></LinearRing></outerBoundaryIs></Polygon><Polygon><outerBoundaryIs><LinearRing><coordinates>70.8307619800694,22.8561348844957 70.8307583513769,22.8558640151741 70.8304660752219,22.8558673778013 70.8304697033359,22.8561382471672 70.8307619800694,22.8561348844957</coordinates></LinearRing></outerBoundaryIs></Polygon><Polygon><outerBoundaryIs><LinearRing><coordinates>70.8301774265473,22.8561416093025 70.8301810541378,22.8564124787029 70.8304733315049,22.8564091165234 70.8304697033359,22.8561382471672 70.8301774265473,22.8561416093025</coordinates></LinearRing></outerBoundaryIs></Polygon><Polygon><outerBoundaryIs><LinearRing><coordinates>70.8243427274489,22.8570213502196 70.8243391113194,22.8567504799551 70.8240468322193,22.8567538309174 70.8240504477703,22.8570247012261 70.8243427274489,22.8570213502196</coordinates></LinearRing></outerBoundaryIs></Polygon><Polygon><outerBoundaryIs><LinearRing><coordinates>70.8237690132831,22.857840662696 70.8237653981461,22.8575697923725 70.8234731172006,22.8575731423946 70.823476731759,22.8578440127622 70.8237690132831,22.857840662696</coordinates></LinearRing></outerBoundaryIs></Polygon><Polygon><outerBoundaryIs><LinearRing><coordinates>70.8234803463722,22.85811488312 70.823476731759,22.8578440127622 70.82318445018,22.8578473622921 70.8231880642147,22.858118232694 70.8234803463722,22.85811488312</coordinates></LinearRing></outerBoundaryIs></Polygon><Polygon><outerBoundaryIs><LinearRing><coordinates>70.8287414158189,22.8580544990813 70.828737790791,22.8577836295183 70.8284455102009,22.8577869887014 70.8284491346502,22.8580578583086 70.8287414158189,22.8580544990813</coordinates></LinearRing></outerBoundaryIs></Polygon><Polygon><outerBoundaryIs><LinearRing><coordinates>70.828164101333,22.8586029562733 70.8281604773522,22.8583320866413 70.8278681954949,22.8583354448403 70.827871818897,22.8586063145164 70.828164101333,22.8586029562733</coordinates></LinearRing></outerBoundaryIs></Polygon><Polygon><outerBoundaryIs><LinearRing><coordinates>70.8275795364061,22.8586096722232 70.8275831592846,22.8588805419338 70.8278754423542,22.8588771841828 70.827871818897,22.8586063145164 70.8275795364061,22.8586096722232</coordinates></LinearRing></outerBoundaryIs></Polygon><Polygon><outerBoundaryIs><LinearRing><coordinates>70.8214524237549,22.8594926720609 70.8214488129178,22.8592218014434 70.821156528062,22.8592251474395 70.8211601383204,22.859496018101 70.8214524237549,22.8594926720609</coordinates></LinearRing></outerBoundaryIs></Polygon><Polygon><outerBoundaryIs><LinearRing><coordinates>70.8267135521963,22.8594323516259 70.8267099309437,22.8591614818023 70.8264176470756,22.8591648374523 70.8264212677496,22.85943570732 70.8267135521963,22.8594323516259</coordinates></LinearRing></outerBoundaryIs></Polygon><Polygon><outerBoundaryIs><LinearRing><coordinates>70.8211637486337,22.8597668887528 70.8211601383204,22.859496018101 70.8208678528311,22.8594993636048 70.8208714625657,22.8597702343006 70.8211637486337,22.8597668887528</coordinates></LinearRing></outerBoundaryIs></Polygon><Polygon><outerBoundaryIs><LinearRing><coordinates>70.8258403182629,22.8597132870455 70.8258366986913,22.8594424170992 70.8255444140798,22.8594457711843 70.8255480330728,22.8597166411748 70.8258403182629,22.8597132870455</coordinates></LinearRing></outerBoundaryIs></Polygon><Polygon><outerBoundaryIs><LinearRing><coordinates>70.8255516521207,22.8599875111555 70.8255480330728,22.8597166411748 70.8252557478277,22.8597199947677 70.8252593662969,22.8599908647925 70.8255516521207,22.8599875111555</coordinates></LinearRing></outerBoundaryIs></Polygon><Polygon><outerBoundaryIs><LinearRing><coordinates>70.8249670804182,22.8599942178932 70.8249706983637,22.8602650879525 70.8252629848211,22.8602617348076 70.8252593662969,22.8599908647925 70.8249670804182,22.8599942178932</coordinates></LinearRing></outerBoundaryIs></Polygon><Polygon><outerBoundaryIs><LinearRing><coordinates>70.8249743163641,22.8605359580019 70.8249706983637,22.8602650879525 70.8246784118515,22.8602684405609 70.8246820292732,22.8605393106545 70.8249743163641,22.8605359580019</coordinates></LinearRing></outerBoundaryIs></Polygon><Polygon><outerBoundaryIs><LinearRing><coordinates>70.8243933590253,22.8608135328987 70.8243897421274,22.8605426627708 70.8240974549266,22.8605460143507 70.8241010712459,22.8608168845227 70.8243933590253,22.8608135328987</coordinates></LinearRing></outerBoundaryIs></Polygon><Polygon><outerBoundaryIs><LinearRing><coordinates>70.8241046876201,22.861087754685 70.8241010712459,22.8608168845227 70.8238087834116,22.8608202356104 70.8238123992071,22.8610911058168 70.8241046876201,22.861087754685</coordinates></LinearRing></outerBoundaryIs></Polygon><Polygon><outerBoundaryIs><LinearRing><coordinates>70.8235201107392,22.8610944564121 70.8235237260109,22.8613653266528 70.8238160150574,22.8613619760134 70.8238123992071,22.8610911058168 70.8235201107392,22.8610944564121</coordinates></LinearRing></outerBoundaryIs></Polygon><Polygon><outerBoundaryIs><LinearRing><coordinates>70.8188506998767,22.8616897348714 70.8188470938097,22.8614188639359 70.8185548038315,22.8614222054567 70.8185584093199,22.8616930764363 70.8188506998767,22.8616897348714</coordinates></LinearRing></outerBoundaryIs></Polygon><Polygon><outerBoundaryIs><LinearRing><coordinates>70.8235309567188,22.8619070671051 70.8235273413374,22.8616361968838 70.8232350516572,22.861639547031 70.8232386664599,22.8619104172963 70.8235309567188,22.8619070671051</coordinates></LinearRing></outerBoundaryIs></Polygon><Polygon><outerBoundaryIs><LinearRing><coordinates>70.8220803426682,22.8627364239636 70.822076730016,22.8624655535513 70.8217844383254,22.8624689011487 70.8217880503989,22.862739771605 70.8220803426682,22.8627364239636</coordinates></LinearRing></outerBoundaryIs></Polygon><Polygon><outerBoundaryIs><LinearRing><coordinates>70.8212179099079,22.863829947359 70.8212142987727,22.8635590768535 70.8215065928879,22.8635557301528 70.8215029812287,22.8632848596817 70.8217952747104,22.8632815124886 70.8217880503989,22.862739771605 70.8214957580748,22.8627431187101 70.8214993696243,22.8630139892007 70.8212070766667,22.8630173358134 70.8212106876923,22.8632882063383 70.820918394101,22.8632915524586 70.8209220046027,22.8635624230178 70.8206297103778,22.8635657686456 70.8206333203555,22.8638366392391 70.8212179099079,22.863829947359</coordinates></LinearRing></outerBoundaryIs></Polygon><Polygon><outerBoundaryIs><LinearRing><coordinates>70.8206369303879,22.8641075098229 70.8206333203555,22.8638366392391 70.8203410254971,22.8638399843746 70.8203446349507,22.8641108550023 70.8206369303879,22.8641075098229</coordinates></LinearRing></outerBoundaryIs></Polygon><Polygon><outerBoundaryIs><LinearRing><coordinates>70.8159601968246,22.8641609683186 70.815956596053,22.8638900970313 70.8156643003192,22.8638934335835 70.8156679005121,22.8641643049146 70.8159601968246,22.8641609683186</coordinates></LinearRing></outerBoundaryIs></Polygon><Polygon><outerBoundaryIs><LinearRing><coordinates>70.8203482444591,22.8643817256203 70.8203446349507,22.8641108550023 70.8200523394587,22.8641141996453 70.8200559483884,22.8643850703073 70.8203482444591,22.8643817256203</coordinates></LinearRing></outerBoundaryIs></Polygon><Polygon><outerBoundaryIs><LinearRing><coordinates>70.8197636522628,22.8643884144579 70.8197672606684,22.8646592851541 70.8200595573727,22.8646559409596 70.8200559483884,22.8643850703073 70.8197636522628,22.8643884144579</coordinates></LinearRing></outerBoundaryIs></Polygon><Polygon><outerBoundaryIs><LinearRing><coordinates>70.8150905059574,22.864712719306 70.8150869068129,22.8644418479065 70.8147946097576,22.8644451829371 70.8147982083233,22.8647160543804 70.8150905059574,22.864712719306</coordinates></LinearRing></outerBoundaryIs></Polygon><Polygon><outerBoundaryIs><LinearRing><coordinates>70.8194785717908,22.8649334995427 70.8194749639093,22.8646626288122 70.8191826670954,22.8646659719338 70.8191862743981,22.8649368427083 70.8194785717908,22.8649334995427</coordinates></LinearRing></outerBoundaryIs></Polygon><Polygon><outerBoundaryIs><LinearRing><coordinates>70.8145095086761,22.8649902603958 70.8145059106346,22.8647193889184 70.8142136128913,22.8647227229199 70.8142172103539,22.8649935944412 70.8145095086761,22.8649902603958</coordinates></LinearRing></outerBoundaryIs></Polygon><Polygon><outerBoundaryIs><LinearRing><coordinates>70.8191898817555,22.8652077134731 70.8191862743981,22.8649368427083 70.8188939769506,22.8649401853374 70.8188975837292,22.8652110561461 70.8191898817555,22.8652077134731</coordinates></LinearRing></outerBoundaryIs></Polygon><Polygon><outerBoundaryIs><LinearRing><coordinates>70.8180351100375,22.8663045646116 70.8180315047766,22.8660336937099 70.8177392047949,22.8660370343689 70.8177428094769,22.8663079053145 70.8180351100375,22.8663045646116</coordinates></LinearRing></outerBoundaryIs></Polygon><Polygon><outerBoundaryIs><LinearRing><coordinates>70.8174505088617,22.866311245481 70.8174541130195,22.8665821164608 70.8177464142137,22.8665787762504 70.8177428094769,22.8663079053145 70.8174505088617,22.866311245481</coordinates></LinearRing></outerBoundaryIs></Polygon><Polygon><outerBoundaryIs><LinearRing><coordinates>70.8159962075467,22.8668696806545 70.8160034103469,22.8674114230047 70.8162957135511,22.8674080853452 70.8162921115448,22.8671372142189 70.8165844141154,22.8671338760667 70.8165808115848,22.8668630049746 70.8168731135219,22.8668596663299 70.8168695104672,22.866588795272 70.8162849076961,22.8665954719371 70.8162885095931,22.8668663430829 70.8159962075467,22.8668696806545</coordinates></LinearRing></outerBoundaryIs></Polygon><Polygon><outerBoundaryIs><LinearRing><coordinates>70.815711107088,22.8674147601276 70.8157147079911,22.867685631332 70.8160070118289,22.8676822941651 70.8160034103469,22.8674114230047 70.815711107088,22.8674147601276</coordinates></LinearRing></outerBoundaryIs></Polygon><Polygon><outerBoundaryIs><LinearRing><coordinates>70.8157219099614,22.8682273737114 70.8157183089489,22.8679565025266 70.8154260044776,22.8679598392008 70.8154296049111,22.8682307104295 70.8157219099614,22.8682273737114</coordinates></LinearRing></outerBoundaryIs></Polygon><Polygon><outerBoundaryIs><LinearRing><coordinates>70.8148593922953,22.8693208674246 70.8148557928012,22.8690499961471 70.8145634858501,22.8690533313872 70.814570683735,22.8695950740202 70.8151552998984,22.8695884028279 70.8151516997707,22.8693175316041 70.8148593922953,22.8693208674246</coordinates></LinearRing></outerBoundaryIs></Polygon><Polygon><outerBoundaryIs><LinearRing><coordinates>70.8145742827594,22.8698659453221 70.814570683735,22.8695950740202 70.8142783755714,22.8695984088114 70.8142819740168,22.8698692801572 70.8145742827594,22.8698659453221</coordinates></LinearRing></outerBoundaryIs></Polygon><Polygon><outerBoundaryIs><LinearRing><coordinates>70.8139896652196,22.8698726144556 70.8140004591463,22.870685228566 70.8142927696805,22.8706818941359 70.8142819740168,22.8698692801572 70.8139896652196,22.8698726144556</coordinates></LinearRing></outerBoundaryIs></Polygon><Polygon><outerBoundaryIs><LinearRing><coordinates>70.8145922787003,22.8712203016851 70.8145850801601,22.8706785591692 70.8142927696805,22.8706818941359 70.8142999670626,22.8712236367396 70.8145922787003,22.8712203016851</coordinates></LinearRing></outerBoundaryIs></Polygon><Polygon><outerBoundaryIs><LinearRing><coordinates>70.8143071646632,22.8717653793043 70.8143035658356,22.8714945080268 70.8140112535643,22.8714978425885 70.8140148518129,22.8717687139099 70.8143071646632,22.8717653793043</coordinates></LinearRing></outerBoundaryIs></Polygon><Polygon><outerBoundaryIs><LinearRing><coordinates>70.8414570637547,22.8037256963557 70.8414534231872,22.8034548268826 70.8411612606739,22.8034582018299 70.8411649006646,22.8037290713475 70.8414570637547,22.8037256963557</coordinates></LinearRing></outerBoundaryIs></Polygon><Polygon><outerBoundaryIs><LinearRing><coordinates>70.8411685407106,22.8039999408553 70.8411649006646,22.8037290713475 70.8408727375192,22.8037324458044 70.8408763769883,22.8040033153567 70.8411685407106,22.8039999408553</coordinates></LinearRing></outerBoundaryIs></Polygon><Polygon><outerBoundaryIs><LinearRing><coordinates>70.8405842132108,22.8040066893233 70.8405878521584,22.8042775589103 70.8408800165128,22.8042741848993 70.8408763769883,22.8040033153567 70.8405842132108,22.8040066893233</coordinates></LinearRing></outerBoundaryIs></Polygon><Polygon><outerBoundaryIs><LinearRing><coordinates>70.8405914911614,22.8045484284876 70.8405878521584,22.8042775589103 70.8402956877487,22.8042809323865 70.8402993261749,22.8045518020083 70.8405914911614,22.8045484284876</coordinates></LinearRing></outerBoundaryIs></Polygon><Polygon><outerBoundaryIs><LinearRing><coordinates>70.8397331832272,22.8059128958525 70.8397295456784,22.8056420261905 70.8394373782186,22.8056453982843 70.8394410151905,22.8059162679908 70.8397331832272,22.8059128958525</coordinates></LinearRing></outerBoundaryIs></Polygon><Polygon><outerBoundaryIs><LinearRing><coordinates>70.8394446522177,22.8061871376875 70.8394410151905,22.8059162679908 70.8391488470985,22.8059196395942 70.8391524835488,22.8061905093354 70.8394446522177,22.8061871376875</coordinates></LinearRing></outerBoundaryIs></Polygon><Polygon><outerBoundaryIs><LinearRing><coordinates>70.8394701129556,22.8080832252916 70.8394664755415,22.8078123556631 70.8391743034111,22.8078157275778 70.8391779402482,22.8080865972507 70.8394701129556,22.8080832252916</coordinates></LinearRing></outerBoundaryIs></Polygon><Polygon><outerBoundaryIs><LinearRing><coordinates>70.8397768381247,22.8091633310361 70.8397731999126,22.8088924614911 70.8394810255295,22.8088958341186 70.8394846631647,22.8091667037081 70.8397768381247,22.8091633310361</coordinates></LinearRing></outerBoundaryIs></Polygon><Polygon><outerBoundaryIs><LinearRing><coordinates>70.840083568739,22.8102434357339 70.8400762907737,22.8097016968011 70.8397841147149,22.8097050700969 70.8397913915263,22.8102468091187 70.840083568739,22.8102434357339</coordinates></LinearRing></outerBoundaryIs></Polygon><Polygon><outerBoundaryIs><LinearRing><coordinates>70.8419495749553,22.8186201243839 70.8419459307669,22.8183492554917 70.8416537365712,22.8183526334222 70.8416573801824,22.818623502359 70.8419495749553,22.8186201243839</coordinates></LinearRing></outerBoundaryIs></Polygon><Polygon><outerBoundaryIs><LinearRing><coordinates>70.8413651853541,22.8186268797988 70.8413688284434,22.8188977487703 70.8416610238489,22.818894371286 70.8416573801824,22.818623502359 70.8413651853541,22.8186268797988</coordinates></LinearRing></outerBoundaryIs></Polygon><Polygon><outerBoundaryIs><LinearRing><coordinates>70.840203687103,22.819182122495 70.8402000462677,22.8189112533552 70.8399078505855,22.8189146281633 70.8399114908435,22.8191854973475 70.840203687103,22.819182122495</coordinates></LinearRing></outerBoundaryIs></Polygon><Polygon><outerBoundaryIs><LinearRing><coordinates>70.8390567340503,22.8208208343946 70.8390530951926,22.8205499651355 70.8387608958252,22.8205533380692 70.8387645341055,22.8208242073728 70.8390567340503,22.8208208343946</coordinates></LinearRing></outerBoundaryIs></Polygon><Polygon><outerBoundaryIs><LinearRing><coordinates>70.8384941614838,22.822452795699 70.8384905234492,22.8221819264095 70.838198320507,22.8221852985392 70.8382019579641,22.8224561678732 70.8384941614838,22.822452795699</coordinates></LinearRing></outerBoundaryIs></Polygon><Polygon><outerBoundaryIs><LinearRing><coordinates>70.8402619479904,22.8235160274047 70.84025830627,22.823245158421 70.8399661013498,22.8232485339407 70.8399697424926,22.8235194029689 70.8402619479904,22.8235160274047</coordinates></LinearRing></outerBoundaryIs></Polygon><Polygon><outerBoundaryIs><LinearRing><coordinates>70.8414344135135,22.8237733885899 70.841430769428,22.8235025197939 70.8411385641516,22.8235058974997 70.8411422076596,22.8237767663402 70.8414344135135,22.8237733885899</coordinates></LinearRing></outerBoundaryIs></Polygon><Polygon><outerBoundaryIs><LinearRing><coordinates>70.8423146766162,22.8240341207794 70.8423110307429,22.8237632521268 70.841726619312,22.8237700103042 70.8417302640303,22.8240408790459 70.8423146766162,22.8240341207794</coordinates></LinearRing></outerBoundaryIs></Polygon><Polygon><outerBoundaryIs><LinearRing><coordinates>70.8417594237699,22.8262078286281 70.8417448434572,22.8251243539151 70.8414526347712,22.8251277324233 70.8414672127738,22.8262112073145 70.8417594237699,22.8262078286281</coordinates></LinearRing></outerBoundaryIs></Polygon><Polygon><outerBoundaryIs><LinearRing><coordinates>70.8382528881656,22.8262483375243 70.8382492499349,22.8259774683269 70.8379570388527,22.8259808405434 70.8379606765058,22.8262517097853 70.8382528881656,22.8262483375243</coordinates></LinearRing></outerBoundaryIs></Polygon><Polygon><outerBoundaryIs><LinearRing><coordinates>70.8414854365227,22.8275655507089 70.8414708574129,22.8264820760128 70.8411786457839,22.8264854542082 70.8411932225834,22.8275689290823 70.8414854365227,22.8275655507089</coordinates></LinearRing></outerBoundaryIs></Polygon><Polygon><outerBoundaryIs><LinearRing><coordinates>70.8382674416411,22.8273318142164 70.8382601647928,22.8267900758899 70.8379679519779,22.8267934482397 70.8379752276711,22.8273351866551 70.8382674416411,22.8273318142164</coordinates></LinearRing></outerBoundaryIs></Polygon><Polygon><outerBoundaryIs><LinearRing><coordinates>70.8412078002685,22.8286524038003 70.8411932225834,22.8275689290823 70.8409010085888,22.8275723069203 70.8409155839635,22.8286557818162 70.8412078002685,22.8286524038003</coordinates></LinearRing></outerBoundaryIs></Polygon><Polygon><outerBoundaryIs><LinearRing><coordinates>70.837398073169,22.82788366848 70.8374017100538,22.8281545377424 70.8376939258671,22.8281511662415 70.8377048385856,22.8289637738369 70.8379970560766,22.8289604016671 70.8379825035852,22.8278769250314 70.837398073169,22.82788366848</coordinates></LinearRing></outerBoundaryIs></Polygon><Polygon><outerBoundaryIs><LinearRing><coordinates>70.840922871983,22.8291975192057 70.8409155839635,22.8286557818162 70.8406233676032,22.8286591592967 70.8406306544673,22.8292008967752 70.840922871983,22.8291975192057</coordinates></LinearRing></outerBoundaryIs></Polygon><Polygon><outerBoundaryIs><LinearRing><coordinates>70.8409338044272,22.8300101252167 70.8409265160757,22.8294683878858 70.8406342979824,22.8294717654998 70.8406415851786,22.8300135029197 70.8409338044272,22.8300101252167</coordinates></LinearRing></outerBoundaryIs></Polygon><Polygon><outerBoundaryIs><LinearRing><coordinates>70.8383111073731,22.8305822433561 70.8382965512448,22.8294987671323 70.8380043326538,22.8295021399264 70.8380188864714,22.830585616328 70.8383111073731,22.8305822433561</coordinates></LinearRing></outerBoundaryIs></Polygon><Polygon><outerBoundaryIs><LinearRing><coordinates>70.8409447373695,22.8308227311399 70.840941093,22.8305518625086 70.8406488725961,22.8305552403006 70.8406525163879,22.8308261089764 70.8409447373695,22.8308227311399</coordinates></LinearRing></outerBoundaryIs></Polygon><Polygon><outerBoundaryIs><LinearRing><coordinates>70.8380298024148,22.8313982235267 70.8380261637117,22.8311273544703 70.8377339415994,22.8311307269955 70.8377375797247,22.8314015960964 70.8380298024148,22.8313982235267</coordinates></LinearRing></outerBoundaryIs></Polygon><Polygon><outerBoundaryIs><LinearRing><coordinates>70.8406634480952,22.8316387149453 70.840656160235,22.8310969776425 70.8403639386203,22.8311003549878 70.8403712253251,22.8316420923797 70.8406634480952,22.8316387149453</coordinates></LinearRing></outerBoundaryIs></Polygon><Polygon><outerBoundaryIs><LinearRing><coordinates>70.8377484944323,22.8322142033406 70.8377448561412,22.831943334269 70.8374526322404,22.8319467063918 70.8374562699538,22.8322175755079 70.8377484944323,22.8322142033406</coordinates></LinearRing></outerBoundaryIs></Polygon><Polygon><outerBoundaryIs><LinearRing><coordinates>70.8403821557974,22.8324546983942 70.8403712253251,22.8316420923797 70.8400790024997,22.8316454692785 70.8400899312387,22.8324580754265 70.8403821557974,22.8324546983942</coordinates></LinearRing></outerBoundaryIs></Polygon><Polygon><outerBoundaryIs><LinearRing><coordinates>70.8400972173414,22.8329998128097 70.8400899312387,22.8324580754265 70.8397977066248,22.8324614519231 70.8398049915719,22.8330031893953 70.8400972173414,22.8329998128097</coordinates></LinearRing></outerBoundaryIs></Polygon><Polygon><outerBoundaryIs><LinearRing><coordinates>70.837178594515,22.8333044236841 70.837171319857,22.8327626854314 70.8368790941125,22.8327660566163 70.8368863676149,22.8333077949578 70.837178594515,22.8333044236841</coordinates></LinearRing></outerBoundaryIs></Polygon><Polygon><outerBoundaryIs><LinearRing><coordinates>70.836890004449,22.833578664114 70.8368863676149,22.8333077949578 70.8365941406597,22.8333111656959 70.8365977769159,22.8335820348965 70.836890004449,22.833578664114</coordinates></LinearRing></outerBoundaryIs></Polygon><Polygon><outerBoundaryIs><LinearRing><coordinates>70.8398122767403,22.8335449268285 70.8398086341284,22.8332740581168 70.8395164077259,22.8332774342112 70.83952004976,22.8335483029674 70.8398122767403,22.8335449268285</coordinates></LinearRing></outerBoundaryIs></Polygon><Polygon><outerBoundaryIs><LinearRing><coordinates>70.8366050495941,22.8341237732683 70.8366014132274,22.8338529040873 70.8363091850613,22.8338562743785 70.8363128208502,22.8341271436039 70.8366050495941,22.8341237732683</coordinates></LinearRing></outerBoundaryIs></Polygon><Polygon><outerBoundaryIs><LinearRing><coordinates>70.8395273339941,22.8340900404505 70.8395236918494,22.8338191717139 70.8392314642359,22.8338225473616 70.8392351058028,22.8340934161427 70.8395273339941,22.8340900404505</coordinates></LinearRing></outerBoundaryIs></Polygon><Polygon><outerBoundaryIs><LinearRing><coordinates>70.8363164566943,22.8343980128196 70.8363128208502,22.8341271436039 70.8360205920512,22.8341305134039 70.8360242273175,22.834401382664 70.8363164566943,22.8343980128196</coordinates></LinearRing></outerBoundaryIs></Polygon><Polygon><outerBoundaryIs><LinearRing><coordinates>70.8392423891025,22.8346351536757 70.839238747425,22.8343642849141 70.8389465186007,22.8343676601151 70.8389501597003,22.8346385289212 70.8392423891025,22.8346351536757</coordinates></LinearRing></outerBoundaryIs></Polygon><Polygon><outerBoundaryIs><LinearRing><coordinates>70.8348589422681,22.8346857261127 70.8348662084541,22.835227464939 70.8351584397853,22.8352240971042 70.8351548060869,22.8349532277403 70.8357392674279,22.8349464905523 70.8357356326291,22.8346756212674 70.836027862639,22.8346722519143 70.8360242273175,22.834401382664 70.8354397683981,22.8344081207458 70.8354434025639,22.8346789900849 70.8348589422681,22.8346857261127</coordinates></LinearRing></outerBoundaryIs></Polygon><Polygon><outerBoundaryIs><LinearRing><coordinates>70.8389574420656,22.8351802665041 70.8389538008553,22.8349093977175 70.8386615708201,22.8349127724718 70.8386652114525,22.8351836413028 70.8389574420656,22.8351802665041</coordinates></LinearRing></outerBoundaryIs></Polygon><Polygon><outerBoundaryIs><LinearRing><coordinates>70.8386688521402,22.8354545101241 70.8386652114525,22.8351836413028 70.8383729807841,22.8351870155659 70.838376620894,22.8354578844316 70.8386688521402,22.8354545101241</coordinates></LinearRing></outerBoundaryIs></Polygon><Polygon><outerBoundaryIs><LinearRing><coordinates>70.8348734748607,22.8357692037263 70.8348662084541,22.835227464939 70.8345739770678,22.8352308322382 70.8345812423187,22.8357725711142 70.8348734748607,22.8357692037263</coordinates></LinearRing></outerBoundaryIs></Polygon><Polygon><outerBoundaryIs><LinearRing><coordinates>70.8345885077903,22.8363143099512 70.8345812423187,22.8357725711142 70.8342890097215,22.8357759379663 70.8342962740374,22.836317676892 70.8345885077903,22.8363143099512</coordinates></LinearRing></outerBoundaryIs></Polygon><Polygon><outerBoundaryIs><LinearRing><coordinates>70.8383875415553,22.8362704909702 70.8383839012796,22.8359996221337 70.8380916688224,22.8360029959944 70.8380953085202,22.8362738648753 70.8383875415553,22.8362704909702</coordinates></LinearRing></outerBoundaryIs></Polygon><Polygon><outerBoundaryIs><LinearRing><coordinates>70.8381025880817,22.8368156026078 70.8380953085202,22.8362738648753 70.8378030754298,22.8362772382447 70.8378103538356,22.8368189760661 70.8381025880817,22.8368156026078</coordinates></LinearRing></outerBoundaryIs></Polygon><Polygon><outerBoundaryIs><LinearRing><coordinates>70.8334232029546,22.8365986440814 70.8334268335168,22.8368695136529 70.8331345983875,22.8368728785395 70.8331418585213,22.8374146177418 70.8334340948064,22.8374112527665 70.833430464134,22.8371403832146 70.8337226997861,22.8371370177479 70.8337190685909,22.8368661482305 70.8343035385738,22.8368594157787 70.8342962740374,22.836317676892 70.833711806366,22.8363244091665 70.8337154374509,22.8365952787034 70.8334232029546,22.8365986440814</coordinates></LinearRing></outerBoundaryIs></Polygon><Polygon><outerBoundaryIs><LinearRing><coordinates>70.8375290358236,22.8376349557808 70.8375253970052,22.8373640868598 70.8372331614927,22.8373674593355 70.8372367997332,22.8376383283008 70.8375290358236,22.8376349557808</coordinates></LinearRing></outerBoundaryIs></Polygon><Polygon><outerBoundaryIs><LinearRing><coordinates>70.8331491188757,22.8379563569051 70.8331418585213,22.8374146177418 70.8328496221811,22.8374179821813 70.8328568813796,22.8379597214332 70.8331491188757,22.8379563569051</coordinates></LinearRing></outerBoundaryIs></Polygon><Polygon><outerBoundaryIs><LinearRing><coordinates>70.8328641407985,22.8385014606461 70.8328568813796,22.8379597214332 70.8325646438283,22.8379630854255 70.8325755313056,22.8387756943632 70.8334522489954,22.83876560038 70.8334486180473,22.8384947308768 70.8328641407985,22.8385014606461</coordinates></LinearRing></outerBoundaryIs></Polygon><Polygon><outerBoundaryIs><LinearRing><coordinates>70.8322832919654,22.8387790579527 70.8322796633292,22.8385081882723 70.8319874245119,22.8385115512817 70.8319910525702,22.8387824210064 70.8322832919654,22.8387790579527</coordinates></LinearRing></outerBoundaryIs></Polygon><Polygon><outerBoundaryIs><LinearRing><coordinates>70.8366705136384,22.8389994168584 70.836663238972,22.8384576788378 70.8363710009821,22.8384610498839 70.8363782744925,22.8390027879932 70.8366705136384,22.8389994168584</coordinates></LinearRing></outerBoundaryIs></Polygon><Polygon><outerBoundaryIs><LinearRing><coordinates>70.8337481196963,22.8390331040964 70.8337444881151,22.8387622346473 70.8334522489954,22.83876560038 70.8334558799986,22.8390364698734 70.8337481196963,22.8390331040964</coordinates></LinearRing></outerBoundaryIs></Polygon><Polygon><outerBoundaryIs><LinearRing><coordinates>70.8363819113306,22.8392736570333 70.8363782744925,22.8390027879932 70.8360860352915,22.8390061585923 70.8360896715516,22.8392770276767 70.8363819113306,22.8392736570333</coordinates></LinearRing></outerBoundaryIs></Polygon><Polygon><outerBoundaryIs><LinearRing><coordinates>70.834043991553,22.8393006071787 70.8340403593388,22.8390297377837 70.8337481196963,22.8390331040964 70.8337517513326,22.8393039735358 70.834043991553,22.8393006071787</coordinates></LinearRing></outerBoundaryIs></Polygon><Polygon><outerBoundaryIs><LinearRing><coordinates>70.8343398645658,22.8395681096267 70.8343362317184,22.8392972402858 70.834043991553,22.8393006071787 70.8340476238225,22.8395714765639 70.8343398645658,22.8395681096267</coordinates></LinearRing></outerBoundaryIs></Polygon><Polygon><outerBoundaryIs><LinearRing><coordinates>70.834328966189,22.8387555015747 70.8343325989261,22.8390263709351 70.8346248384583,22.8390230035508 70.8346357387345,22.8398356114404 70.8352202211013,22.8398288747982 70.835223855793,22.8400997439865 70.8355160974716,22.8400963748173 70.8355197327965,22.8403672439515 70.8358119749979,22.8403638742021 70.8358047032472,22.8398221360128 70.8360969442374,22.8398187658163 70.8360896715516,22.8392770276767 70.8357974317174,22.8392803977844 70.8358010674547,22.8395512669035 70.8352165864647,22.8395580056001 70.8352056828862,22.8387453979474 70.834328966189,22.8387555015747</coordinates></LinearRing></outerBoundaryIs></Polygon><Polygon><outerBoundaryIs><LinearRing><coordinates>70.8355306391025,22.8411798512955 70.8355233681766,22.8406381130759 70.835231125342,22.8406414823339 70.8352383951118,22.8411832206422 70.8355306391025,22.8411798512955</coordinates></LinearRing></outerBoundaryIs></Polygon><Polygon><outerBoundaryIs><LinearRing><coordinates>70.8349570544005,22.8419991969754 70.8349534199005,22.8417283278111 70.8346611746433,22.8417316961748 70.8346648085653,22.8420025653835 70.8349570544005,22.8419991969754</coordinates></LinearRing></outerBoundaryIs></Polygon><Polygon><outerBoundaryIs><LinearRing><coordinates>70.8346720765747,22.8425443037717 70.8346648085653,22.8420025653835 70.8343725626749,22.8420059332557 70.8343798295282,22.8425476717326 70.8346720765747,22.8425443037717</coordinates></LinearRing></outerBoundaryIs></Polygon><Polygon><outerBoundaryIs><LinearRing><coordinates>70.8340875824266,22.8425510391577 70.8340948483443,22.8430927776842 70.8343870966022,22.8430894101705 70.8343798295282,22.8425476717326 70.8340875824266,22.8425510391577</coordinates></LinearRing></outerBoundaryIs></Polygon><Polygon><outerBoundaryIs><LinearRing><coordinates>70.8341021144828,22.8436345161718 70.834098481386,22.8433636469329 70.8338062324949,22.843367013955 70.8338098650135,22.8436378832383 70.8341021144828,22.8436345161718</coordinates></LinearRing></outerBoundaryIs></Polygon><Polygon><outerBoundaryIs><LinearRing><coordinates>70.8329512710235,22.845002328157 70.8332435235489,22.8449989624767 70.8332398919108,22.8447280931536 70.8335321438029,22.8447247269816 70.8335285116417,22.844453857693 70.8338207629005,22.8444504910294 70.8338098650135,22.8436378832383 70.8335176154891,22.8436412497689 70.8335248795357,22.8441829883947 70.832940378009,22.8441897200255 70.8329512710235,22.845002328157</coordinates></LinearRing></outerBoundaryIs></Polygon><Polygon><outerBoundaryIs><LinearRing><coordinates>70.8329657958147,22.8460858055292 70.8326735409215,22.8460891708508 70.8326771716789,22.8463600402138 70.8329694271503,22.8463566748478 70.8329657958147,22.8460858055292</coordinates></LinearRing></outerBoundaryIs></Polygon><Polygon><outerBoundaryIs><LinearRing><coordinates>70.8326844333591,22.8469017789104 70.8326808024914,22.846630909567 70.8323885463866,22.8466342744413 70.8323921766761,22.846905143829 70.8326844333591,22.8469017789104</coordinates></LinearRing></outerBoundaryIs></Polygon><Polygon><outerBoundaryIs><LinearRing><coordinates>70.8528250134885,22.7800247328434 70.852817695949,22.7794829957629 70.852525586379,22.7794863881634 70.8525329027665,22.7800281253335 70.8528250134885,22.7800247328434</coordinates></LinearRing></outerBoundaryIs></Polygon><Polygon><outerBoundaryIs><LinearRing><coordinates>70.8525694880413,22.7827368105992 70.8525658292635,22.7824659421165 70.8522737133012,22.7824693344752 70.8522773715029,22.7827402030027 70.8525694880413,22.7827368105992</coordinates></LinearRing></outerBoundaryIs></Polygon><Polygon><outerBoundaryIs><LinearRing><coordinates>70.8525841237089,22.7838202844326 70.8525768057638,22.7832785475354 70.8522846880731,22.7832819400284 70.8522920048659,22.7838236770151 70.8525841237089,22.7838202844326</coordinates></LinearRing></outerBoundaryIs></Polygon><Polygon><outerBoundaryIs><LinearRing><coordinates>70.8523029804722,22.7846362824221 70.8522956633457,22.7840945454939 70.8520035438709,22.7840979375869 70.852010859845,22.7846396746046 70.8523029804722,22.7846362824221</coordinates></LinearRing></outerBoundaryIs></Polygon><Polygon><outerBoundaryIs><LinearRing><coordinates>70.8520328091022,22.7862648854239 70.8520291507536,22.7859940169784 70.8517370271898,22.7859974088503 70.8517406849622,22.7862682773406 70.8520328091022,22.7862648854239</coordinates></LinearRing></outerBoundaryIs></Polygon><Polygon><outerBoundaryIs><LinearRing><coordinates>70.8517553166077,22.7873517512042 70.8517516586129,22.7870808827529 70.8514595326885,22.7870842742695 70.851463190107,22.7873551427655 70.8517553166077,22.7873517512042</coordinates></LinearRing></outerBoundaryIs></Polygon><Polygon><outerBoundaryIs><LinearRing><coordinates>70.8514778203371,22.7884386166521 70.8514705051108,22.7878968797283 70.851178377402,22.7879002708446 70.8511856914756,22.7884420078579 70.8514778203371,22.7884386166521</coordinates></LinearRing></outerBoundaryIs></Polygon><Polygon><outerBoundaryIs><LinearRing><coordinates>70.8512039776328,22.7897963502205 70.8512003202902,22.7895254817675 70.8509081890678,22.7895288726178 70.8509118458341,22.7897997411156 70.8512039776328,22.7897963502205</coordinates></LinearRing></outerBoundaryIs></Polygon><Polygon><outerBoundaryIs><LinearRing><coordinates>70.8509301304993,22.7911540834582 70.8509228164664,22.7906123465504 70.8506306828831,22.7906157370452 70.8506379957631,22.7911574740424 70.8509301304993,22.7911540834582</coordinates></LinearRing></outerBoundaryIs></Polygon><Polygon><outerBoundaryIs><LinearRing><coordinates>70.8506562789361,22.7925118163649 70.8506489655002,22.7919700794651 70.8503568289792,22.791973469649 70.8503641412622,22.7925152066382 70.8506562789361,22.7925118163649</coordinates></LinearRing></outerBoundaryIs></Polygon><Polygon><outerBoundaryIs><LinearRing><coordinates>70.8503751101037,22.7933278120488 70.8503714537676,22.7930569435884 70.8500793148853,22.7930603334166 70.8500829706449,22.7933312019218 70.8503751101037,22.7933278120488</coordinates></LinearRing></outerBoundaryIs></Polygon><Polygon><outerBoundaryIs><LinearRing><coordinates>70.850097594239,22.794414675845 70.8500902823308,22.7938729389029 70.8497981416635,22.7938763283306 70.8498054524187,22.7944180653622 70.850097594239,22.794414675845</coordinates></LinearRing></outerBoundaryIs></Polygon><Polygon><outerBoundaryIs><LinearRing><coordinates>70.8498127633961,22.7949598023547 70.8498091078796,22.7946889338633 70.8495169654272,22.7946923228906 70.8495206203672,22.7949631914267 70.8498127633961,22.7949598023547</coordinates></LinearRing></outerBoundaryIs></Polygon><Polygon><outerBoundaryIs><LinearRing><coordinates>70.8495279304139,22.7955049284696 70.8495206203672,22.7949631914267 70.8492284772828,22.794966579964 70.8492357861764,22.7955083170964 70.8495279304139,22.7955049284696</coordinates></LinearRing></outerBoundaryIs></Polygon><Polygon><outerBoundaryIs><LinearRing><coordinates>70.8530409810341,22.7960059591772 70.8530373189533,22.7957350912171 70.8527451748065,22.7957384863042 70.8527378519649,22.795196750265 70.8524457089156,22.795200144728 70.852449369732,22.7954710127972 70.8521572260504,22.7954744067703 70.8521645466972,22.7960161429691 70.8530409810341,22.7960059591772</coordinates></LinearRing></outerBoundaryIs></Polygon><Polygon><outerBoundaryIs><LinearRing><coordinates>70.8492430952921,22.7960500541897 70.8492394407065,22.7957791856479 70.8489472958369,22.7957825737847 70.848950949846,22.7960534423712 70.8492430952921,22.7960500541897</coordinates></LinearRing></outerBoundaryIs></Polygon><Polygon><outerBoundaryIs><LinearRing><coordinates>70.8521718675664,22.7965578791288 70.8521645466972,22.7960161429691 70.8518724018069,22.7960195364971 70.851879721523,22.7965612727463 70.8521718675664,22.7965578791288</coordinates></LinearRing></outerBoundaryIs></Polygon><Polygon><outerBoundaryIs><LinearRing><coordinates>70.8489582580308,22.7965951795149 70.848950949846,22.7960534423712 70.8486588043443,22.7960568300181 70.848666111376,22.7965985672511 70.8489582580308,22.7965951795149</coordinates></LinearRing></outerBoundaryIs></Polygon><Polygon><outerBoundaryIs><LinearRing><coordinates>70.8518833814645,22.7968321408564 70.851879721523,22.7965612727463 70.851587575424,22.7965646658292 70.8515912347889,22.796835533984 70.8518833814645,22.7968321408564</coordinates></LinearRing></outerBoundaryIs></Polygon><Polygon><outerBoundaryIs><LinearRing><coordinates>70.8486734186298,22.7971403044452 70.848666111376,22.7965985672511 70.8483739646656,22.7966019544527 70.8483812707663,22.7971436917361 70.8486734186298,22.7971403044452</coordinates></LinearRing></outerBoundaryIs></Polygon><Polygon><outerBoundaryIs><LinearRing><coordinates>70.8480891228472,22.7971470784923 70.8480927754042,22.7974179471641 70.8483849238999,22.7974145603632 70.8483812707663,22.7971436917361 70.8480891228472,22.7971470784923</coordinates></LinearRing></outerBoundaryIs></Polygon><Polygon><outerBoundaryIs><LinearRing><coordinates>70.8515985536856,22.7973772702642 70.8515948942095,22.797106402129 70.8513027469017,22.7971097947667 70.8513064058012,22.7973806629467 70.8515985536856,22.7973772702642</coordinates></LinearRing></outerBoundaryIs></Polygon><Polygon><outerBoundaryIs><LinearRing><coordinates>70.8480964280168,22.7976888158261 70.8480927754042,22.7974179471641 70.8478006268531,22.7974213334303 70.847804278889,22.797692202137 70.8480964280168,22.7976888158261</coordinates></LinearRing></outerBoundaryIs></Polygon><Polygon><outerBoundaryIs><LinearRing><coordinates>70.8448791382897,22.7974551666842 70.8448827845596,22.7977260358371 70.845174934242,22.7977226548732 70.8451785811439,22.7979935239718 70.8457628814958,22.7979867603508 70.8457592334407,22.7977158913414 70.8454670838691,22.7977192733747 70.845463436446,22.7974484043109 70.8451712873956,22.7974517857649 70.8451676406046,22.7971809166468 70.8445833434907,22.7971876778615 70.8445869891284,22.7974585470687 70.8448791382897,22.7974551666842</coordinates></LinearRing></outerBoundaryIs></Polygon><Polygon><outerBoundaryIs><LinearRing><coordinates>70.8478079309804,22.7979630708339 70.847804278889,22.797692202137 70.8475121297057,22.7976955879131 70.8475157812205,22.7979664566547 70.8478079309804,22.7979630708339</coordinates></LinearRing></outerBoundaryIs></Polygon><Polygon><outerBoundaryIs><LinearRing><coordinates>70.8513137237672,22.7979223992774 70.8513100647564,22.7976515311169 70.8510179162398,22.7976549233094 70.851021574674,22.7979257915147 70.8513137237672,22.7979223992774</coordinates></LinearRing></outerBoundaryIs></Polygon><Polygon><outerBoundaryIs><LinearRing><coordinates>70.8469314815342,22.7979732266922 70.8469351319513,22.7982440955134 70.8472272823988,22.7982407107173 70.847230933448,22.7985115794841 70.8475230844167,22.7985081941086 70.8475157812205,22.7979664566547 70.8469314815342,22.7979732266922</coordinates></LinearRing></outerBoundaryIs></Polygon><Polygon><outerBoundaryIs><LinearRing><coordinates>70.8507403994315,22.7987417879086 70.8507367414071,22.7984709196879 70.8504445910494,22.7984743109452 70.8504482484972,22.7987451792106 70.8507403994315,22.7987417879086</coordinates></LinearRing></outerBoundaryIs></Polygon><Polygon><outerBoundaryIs><LinearRing><coordinates>70.8501560975073,22.7987485699779 70.8501597544339,22.7990194382783 70.8504519060005,22.7990160474663 70.8504482484972,22.7987451792106 70.8501560975073,22.7987485699779</coordinates></LinearRing></outerBoundaryIs></Polygon><Polygon><outerBoundaryIs><LinearRing><coordinates>70.850167068454,22.7995611748499 70.8501634114162,22.799290306569 70.8498712592174,22.799293696891 70.8498749156786,22.7995645652166 70.850167068454,22.7995611748499</coordinates></LinearRing></outerBoundaryIs></Polygon><Polygon><outerBoundaryIs><LinearRing><coordinates>70.8454962652493,22.7998862255336 70.8454926173827,22.7996153565479 70.8452004637192,22.7996187383586 70.845204111009,22.799889607389 70.8454962652493,22.7998862255336</coordinates></LinearRing></outerBoundaryIs></Polygon><Polygon><outerBoundaryIs><LinearRing><coordinates>70.8498822287677,22.8001063018386 70.8498785721953,22.7998354335325 70.8495864187876,22.7998388234092 70.8495900747833,22.80010969176 70.8498822287677,22.8001063018386</coordinates></LinearRing></outerBoundaryIs></Polygon><Polygon><outerBoundaryIs><LinearRing><coordinates>70.8492979207433,22.8001130811466 70.8493052317479,22.8006548179084 70.8495973869412,22.8006514284324 70.8495900747833,22.80010969176 70.8492979207433,22.8001130811466</coordinates></LinearRing></outerBoundaryIs></Polygon><Polygon><outerBoundaryIs><LinearRing><coordinates>70.8449228971855,22.8007055958759 70.844919250306,22.8004347268302 70.8446270948015,22.8004381077053 70.8446307411043,22.8007089767955 70.8449228971855,22.8007055958759</coordinates></LinearRing></outerBoundaryIs></Polygon><Polygon><outerBoundaryIs><LinearRing><coordinates>70.8493088873335,22.8009256862747 70.8493052317479,22.8006548179084 70.8490130764989,22.8006582068497 70.8490167315079,22.8009290752607 70.8493088873335,22.8009256862747</coordinates></LinearRing></outerBoundaryIs></Polygon><Polygon><outerBoundaryIs><LinearRing><coordinates>70.8490276968679,22.8017416804351 70.8490203865723,22.8011999436619 70.8487282301144,22.8012033321577 70.8487355392565,22.8017450690203 70.8490276968679,22.8017416804351</coordinates></LinearRing></outerBoundaryIs></Polygon><Polygon><outerBoundaryIs><LinearRing><coordinates>70.8437688513726,22.8018025931443 70.8437652065784,22.8015317239593 70.8434730485454,22.8015351028734 70.8434766927628,22.801805972103 70.8437688513726,22.8018025931443</coordinates></LinearRing></outerBoundaryIs></Polygon><Polygon><outerBoundaryIs><LinearRing><coordinates>70.8431881777937,22.8020802197913 70.8431845340977,22.8018093505269 70.8428923753771,22.8018127284161 70.8428960184964,22.802083597725 70.8431881777937,22.8020802197913</coordinates></LinearRing></outerBoundaryIs></Polygon><Polygon><outerBoundaryIs><LinearRing><coordinates>70.8484616525331,22.8031027992799 70.8484506898004,22.8022901939837 70.8481585309245,22.8022935815886 70.8481694919268,22.8031061870189 70.8484616525331,22.8031027992799</coordinates></LinearRing></outerBoundaryIs></Polygon><Polygon><outerBoundaryIs><LinearRing><coordinates>70.842034106382,22.8031772059897 70.8420304647716,22.8029063365862 70.8417383035226,22.8029097125141 70.8417419445562,22.8031805819622 70.842034106382,22.8031772059897</coordinates></LinearRing></outerBoundaryIs></Polygon><Polygon><outerBoundaryIs><LinearRing><coordinates>70.8481731457053,22.8033770554761 70.8481694919268,22.8031061870189 70.847877331265,22.803109574223 70.8478809844667,22.803380442725 70.8481731457053,22.8033770554761</coordinates></LinearRing></outerBoundaryIs></Polygon><Polygon><outerBoundaryIs><LinearRing><coordinates>70.8478846377239,22.8036513112171 70.8478809844667,22.803380442725 70.8475888231726,22.8033838294389 70.847592475853,22.8036546979758 70.8478846377239,22.8036513112171</coordinates></LinearRing></outerBoundaryIs></Polygon><Polygon><outerBoundaryIs><LinearRing><coordinates>70.8473112705705,22.8044706898855 70.8473076183004,22.8041998213332 70.8470154551648,22.8042032071115 70.8470191068581,22.8044740757083 70.8473112705705,22.8044706898855</coordinates></LinearRing></outerBoundaryIs></Polygon><Polygon><outerBoundaryIs><LinearRing><coordinates>70.8470264104112,22.8050158128728 70.8470191068581,22.8044740757083 70.8467269430903,22.8044774609963 70.8467342454897,22.8050191982501 70.8470264104112,22.8050158128728</coordinates></LinearRing></outerBoundaryIs></Polygon><Polygon><outerBoundaryIs><LinearRing><coordinates>70.8464420805126,22.8050225830925 70.8464457312187,22.8052934517494 70.8467378967726,22.8052900668623 70.8467342454897,22.8050191982501 70.8464420805126,22.8050225830925</coordinates></LinearRing></outerBoundaryIs></Polygon><Polygon><outerBoundaryIs><LinearRing><coordinates>70.8464530327973,22.8058351890339 70.8464457312187,22.8052934517494 70.8461535656093,22.8052968361015 70.8461608660342,22.8058385734753 70.8464530327973,22.8058351890339</coordinates></LinearRing></outerBoundaryIs></Polygon><Polygon><outerBoundaryIs><LinearRing><coordinates>70.8461681666809,22.80638031081 70.8461645163298,22.8061094421475 70.8458723489343,22.8061128260986 70.8458759987085,22.8063836948057 70.8461681666809,22.80638031081</coordinates></LinearRing></outerBoundaryIs></Polygon><Polygon><outerBoundaryIs><LinearRing><coordinates>70.8458796485382,22.8066545635031 70.8458759987085,22.8063836948057 70.8455838306807,22.8063870782665 70.8455874799335,22.8066579470085 70.8458796485382,22.8066545635031</coordinates></LinearRing></outerBoundaryIs></Polygon><Polygon><outerBoundaryIs><LinearRing><coordinates>70.8452953112733,22.806661329979 70.8452989600046,22.8069321987558 70.8455911292417,22.8069288157407 70.8455874799335,22.8066579470085 70.8452953112733,22.806661329979</coordinates></LinearRing></outerBoundaryIs></Polygon><Polygon><outerBoundaryIs><LinearRing><coordinates>70.8453026087914,22.8072030675229 70.8452989600046,22.8069321987558 70.8450067907121,22.8069355812359 70.8450104389219,22.8072064500476 70.8453026087914,22.8072030675229</coordinates></LinearRing></outerBoundaryIs></Polygon><Polygon><outerBoundaryIs><LinearRing><coordinates>70.8441558090191,22.80884180788 70.8441485154514,22.8083000700964 70.8444406877949,22.8082966889982 70.8444370405172,22.8080258201363 70.8447292122284,22.8080224385477 70.8447255644292,22.8077515697207 70.8450177355079,22.8077481876417 70.8450104389219,22.8072064500476 70.844718268997,22.8072098320374 70.8447219166854,22.8074807008839 70.8444297461281,22.8074840823833 70.844433393295,22.8077549512647 70.8441412221054,22.8077583322737 70.8441448687507,22.8080292011899 70.8438526969287,22.8080325817086 70.8438636354662,22.8088451885323 70.8441558090191,22.80884180788</coordinates></LinearRing></outerBoundaryIs></Polygon><Polygon><outerBoundaryIs><LinearRing><coordinates>70.8438782209586,22.8099286641609 70.8438636354662,22.8088451885323 70.843571461858,22.8088485686497 70.8435860450424,22.8099320444565 70.8438782209586,22.8099286641609</coordinates></LinearRing></outerBoundaryIs></Polygon><Polygon><outerBoundaryIs><LinearRing><coordinates>70.8436261533699,22.8129116021206 70.843589690977,22.8102029133838 70.8432975144283,22.810206293189 70.8433339710506,22.8129149823713 70.8436261533699,22.8129116021206</coordinates></LinearRing></outerBoundaryIs></Polygon><Polygon><outerBoundaryIs><LinearRing><coordinates>70.8444844594502,22.8115471145798 70.844491755502,22.8120888520402 70.8447839358684,22.8120854697828 70.8447766386624,22.8115437324116 70.8444844594502,22.8115471145798</coordinates></LinearRing></outerBoundaryIs></Polygon><Polygon><outerBoundaryIs><LinearRing><coordinates>70.8453901963086,22.8137039150073 70.845386546191,22.8134330464742 70.8456787292766,22.8134296623886 70.8456677775252,22.8126170568648 70.8462521400672,22.8126102873559 70.8462484884402,22.8123394189177 70.845956307774,22.8123428038951 70.8459490058405,22.8118010669002 70.8456568262729,22.8118044512533 70.845634925266,22.8101792397669 70.8453427491053,22.8101826233172 70.8453390997086,22.8099117546574 70.8450469240695,22.8099151376281 70.8450615196809,22.8109986123873 70.8447693416782,22.8110019950014 70.8447766386624,22.8115437324116 70.8450688178192,22.8115403497083 70.8450834147613,22.8126238242334 70.8453755961709,22.8126204408167 70.8453828961289,22.8131621779315 70.8447985309456,22.8131689444083 70.8448021798535,22.8134398130402 70.84509436305,22.8134364300248 70.8450980125905,22.8137072986024 70.8453901963086,22.8137039150073</coordinates></LinearRing></outerBoundaryIs><innerBoundaryIs><LinearRing><coordinates>70.8453536976281,22.8109952292381 70.8453573472466,22.8112660978589 70.8450651687223,22.8112694810527 70.8450615196809,22.8109986123873 70.8453536976281,22.8109952292381</coordinates></LinearRing></innerBoundaryIs></Polygon><Polygon><outerBoundaryIs><LinearRing><coordinates>70.8442178132943,22.8134465774658 70.8442214611034,22.8137174461772 70.8448058288169,22.8137106816624 70.8448021798535,22.8134398130402 70.8445099966016,22.8134431955206 70.844491755502,22.8120888520402 70.8441995750802,22.8120922337625 70.8442141655406,22.8131757087446 70.843629799914,22.8131824709406 70.8436334465134,22.8134533397509 70.8442178132943,22.8134465774658</coordinates></LinearRing></outerBoundaryIs></Polygon><Polygon><outerBoundaryIs><LinearRing><coordinates>70.8445209419266,22.8142558014917 70.8445172934295,22.8139849328444 70.8442251089679,22.8139883148788 70.8442214611034,22.8137174461772 70.8439292771635,22.8137208276319 70.8439365717936,22.8142625651145 70.8445209419266,22.8142558014917</coordinates></LinearRing></outerBoundaryIs></Polygon><Polygon><outerBoundaryIs><LinearRing><coordinates>70.8448167760396,22.8145232874706 70.8448131269099,22.8142524188776 70.8445209419266,22.8142558014917 70.8445282390871,22.8147975387571 70.8451126113069,22.8147907728154 70.8451089615446,22.8145199042768 70.8448167760396,22.8145232874706</coordinates></LinearRing></outerBoundaryIs></Polygon><Polygon><outerBoundaryIs><LinearRing><coordinates>70.8445428340732,22.8158810131707 70.8445318877504,22.8150684073751 70.8442397009802,22.8150717895878 70.8442542938793,22.8161552641408 70.8445464829583,22.8161518817497 70.8445574299463,22.8169644874283 70.8442652391356,22.8169678699531 70.8442798335867,22.8180513442329 70.8439876404115,22.8180547264008 70.843994936815,22.8185964635714 70.8442871311448,22.8185930813143 70.8442980778977,22.8194056868632 70.844005881836,22.819409069254 70.8440095302872,22.8196799377954 70.8445939235098,22.8196731723894 70.844590273904,22.8194023039372 70.8448824698548,22.8193989204758 70.8448751696548,22.8188571836313 70.8445829748586,22.8188605670035 70.8445683774332,22.817777093019 70.8448605699203,22.8177737098253 70.8448350225196,22.8158776302891 70.8445428340732,22.8158810131707</coordinates></LinearRing></outerBoundaryIs></Polygon><Polygon><outerBoundaryIs><LinearRing><coordinates>70.8422271909421,22.8175332704242 70.8422235463978,22.8172624015374 70.8419313545667,22.8172657798251 70.8419349985337,22.8175366487564 70.8422271909421,22.8175332704242</coordinates></LinearRing></outerBoundaryIs></Polygon><Polygon><outerBoundaryIs><LinearRing><coordinates>70.8440204759733,22.820492543361 70.8440168273559,22.8202216748489 70.8437246295068,22.8202250568381 70.8437282775469,22.8204959253948 70.8440204759733,22.820492543361</coordinates></LinearRing></outerBoundaryIs></Polygon><Polygon><outerBoundaryIs><LinearRing><coordinates>70.8437428702615,22.821579399524 70.8437319256424,22.8207667939417 70.8434397265832,22.8207701754848 70.8434506694701,22.8215827812008 70.8437428702615,22.821579399524</coordinates></LinearRing></outerBoundaryIs></Polygon><Polygon><outerBoundaryIs><LinearRing><coordinates>70.8434579650052,22.8221245182959 70.8431657630036,22.8221278995265 70.8431730576054,22.8226696366718 70.8434652607618,22.8226662553521 70.8434579650052,22.8221245182959</coordinates></LinearRing></outerBoundaryIs></Polygon><Polygon><outerBoundaryIs><LinearRing><coordinates>70.8431767049894,22.8229405052298 70.8428845012002,22.8229438860587 70.8428881480621,22.8232147546515 70.8431803524289,22.823211373778 70.8431767049894,22.8229405052298</coordinates></LinearRing></outerBoundaryIs></Polygon><Polygon><outerBoundaryIs><LinearRing><coordinates>70.8423146766162,22.8240341207794 70.8423183225448,22.8243049894223 70.8420261157021,22.8243083688678 70.8420297611086,22.8245792375454 70.841737553633,22.8245826165 70.8417448434572,22.8251243539151 70.8420370520878,22.8251209748714 70.8420334065705,22.8248501062133 70.8423256145682,22.8248467266788 70.8423219685288,22.8245758580554 70.8429063832031,22.8245690974692 70.8429027360641,22.8242982289252 70.8426105293321,22.8243016094414 70.842606882826,22.8240307408431 70.8423146766162,22.8240341207794</coordinates></LinearRing></outerBoundaryIs></Polygon><Polygon><outerBoundaryIs><LinearRing><coordinates>70.863985477937,22.7628273826109 70.8639818002001,22.7625565152128 70.8633976567466,22.7625633355632 70.8634013333326,22.7628342030514 70.863985477937,22.7628273826109</coordinates></LinearRing></outerBoundaryIs></Polygon><Polygon><outerBoundaryIs><LinearRing><coordinates>70.8622403921888,22.7633895728343 70.8622367177929,22.7631187051856 70.8616525713667,22.7631255193108 70.8616562446117,22.7633963870495 70.8622403921888,22.7633895728343</coordinates></LinearRing></outerBoundaryIs></Polygon><Polygon><outerBoundaryIs><LinearRing><coordinates>70.8628245395424,22.7633827564839 70.8628208639955,22.7631118889253 70.8625287909222,22.7631152973223 70.8625324658936,22.763386164926 70.8628245395424,22.7633827564839</coordinates></LinearRing></outerBoundaryIs></Polygon><Polygon><outerBoundaryIs><LinearRing><coordinates>70.862251415712,22.7642021757219 70.8622440666407,22.7636604404732 70.8619519923045,22.7636638478927 70.8619593402249,22.7642055832314 70.862251415712,22.7642021757219</coordinates></LinearRing></outerBoundaryIs></Polygon><Polygon><outerBoundaryIs><LinearRing><coordinates>70.8616782852549,22.7650215932769 70.8616746116747,22.7647507255967 70.8613825349247,22.7647541321285 70.8613862079294,22.7650249998537 70.8616782852549,22.7650215932769</coordinates></LinearRing></outerBoundaryIs></Polygon><Polygon><outerBoundaryIs><LinearRing><coordinates>70.866650958128,22.7655053335952 70.8666435912315,22.7649635997955 70.8663515148571,22.7649670154474 70.8663478320684,22.7646961484879 70.8660557562136,22.7646995635608 70.8660668030212,22.7655121645455 70.8654826476902,22.7655189933604 70.8654863289203,22.765789860426 70.8651942505953,22.7657932740777 70.8651979313059,22.7660641411786 70.8649058523493,22.7660675543416 70.8649132127872,22.7666092886043 70.8654973729466,22.7666024615641 70.8654936915485,22.7663315945278 70.8657857709687,22.766328180252 70.865782089051,22.7660573132511 70.8666583252487,22.7660470673558 70.8666546416603,22.7657762004804 70.8669467197053,22.7657727841593 70.8669430355974,22.7655019173193 70.866650958128,22.7655053335952</coordinates></LinearRing></outerBoundaryIs></Polygon><Polygon><outerBoundaryIs><LinearRing><coordinates>70.8611051481708,22.7658410091486 70.861101475574,22.7655701414077 70.8608093969857,22.7655735470068 70.8608130690069,22.7658444147927 70.8611051481708,22.7658410091486</coordinates></LinearRing></outerBoundaryIs></Polygon><Polygon><outerBoundaryIs><LinearRing><coordinates>70.8643327315556,22.7668869807158 70.8643290524038,22.7666161135089 70.8637448917967,22.7666229362781 70.8637485697972,22.766893803575 70.8643327315556,22.7668869807158</coordinates></LinearRing></outerBoundaryIs></Polygon><Polygon><outerBoundaryIs><LinearRing><coordinates>70.8649168930901,22.766880155721 70.8649132127872,22.7666092886043 70.8646211326235,22.7666127013235 70.8646248123508,22.7668835684853 70.8649168930901,22.766880155721</coordinates></LinearRing></outerBoundaryIs></Polygon><Polygon><outerBoundaryIs><LinearRing><coordinates>70.8599551834901,22.7672089679792 70.8599515129165,22.7669381001072 70.8596594312269,22.7669415037956 70.859663101225,22.7672123717125 70.8599551834901,22.7672089679792</coordinates></LinearRing></outerBoundaryIs></Polygon><Polygon><outerBoundaryIs><LinearRing><coordinates>70.8596704413885,22.7677541075172 70.8596667712788,22.7674832396197 70.8593746883822,22.7674866428641 70.8593783579163,22.7677575108065 70.8596704413885,22.7677541075172</coordinates></LinearRing></outerBoundaryIs></Polygon><Polygon><outerBoundaryIs><LinearRing><coordinates>70.8625986249387,22.7682617801257 70.862594948961,22.7679909126975 70.8623028654717,22.7679943213708 70.8623065408738,22.7682651888441 70.8625986249387,22.7682617801257</coordinates></LinearRing></outerBoundaryIs></Polygon><Polygon><outerBoundaryIs><LinearRing><coordinates>70.8620144567531,22.7682685970285 70.8620181316354,22.768539464537 70.8623102163318,22.7685360563076 70.8623065408738,22.7682651888441 70.8620144567531,22.7682685970285</coordinates></LinearRing></outerBoundaryIs></Polygon><Polygon><outerBoundaryIs><LinearRing><coordinates>70.8590972815983,22.7685735174654 70.8590936124725,22.7683026495073 70.8588015277374,22.7683060518186 70.8588051962875,22.7685769198216 70.8590972815983,22.7685735174654</coordinates></LinearRing></outerBoundaryIs></Polygon><Polygon><outerBoundaryIs><LinearRing><coordinates>70.8620218065736,22.7688103320357 70.8620181316354,22.768539464537 70.861726046883,22.7685428722325 70.8617297212456,22.7688137397762 70.8620218065736,22.7688103320357</coordinates></LinearRing></outerBoundaryIs></Polygon><Polygon><outerBoundaryIs><LinearRing><coordinates>70.8588125335553,22.7691186557984 70.8588088648935,22.7688477878149 70.8585167789513,22.7688511896821 70.8585204470374,22.7691220577106 70.8588125335553,22.7691186557984</coordinates></LinearRing></outerBoundaryIs></Polygon><Polygon><outerBoundaryIs><LinearRing><coordinates>70.8617370701384,22.7693554748344 70.8617333956641,22.7690846073102 70.8614413097046,22.7690880145617 70.8614449836032,22.769358882131 70.8617370701384,22.7693554748344</coordinates></LinearRing></outerBoundaryIs></Polygon><Polygon><outerBoundaryIs><LinearRing><coordinates>70.8585241151793,22.7693929257292 70.8585204470374,22.7691220577106 70.8582283604637,22.7691254590888 70.8582320280299,22.7693963271523 70.8585241151793,22.7693929257292</coordinates></LinearRing></outerBoundaryIs></Polygon><Polygon><outerBoundaryIs><LinearRing><coordinates>70.8614523315682,22.7699006172402 70.8614486575578,22.7696297496904 70.861156570391,22.769633156498 70.8611602438258,22.7699040240927 70.8614523315682,22.7699006172402</coordinates></LinearRing></outerBoundaryIs></Polygon><Polygon><outerBoundaryIs><LinearRing><coordinates>70.8579509421311,22.7702123323085 70.8579472749732,22.7699414642292 70.8576551865609,22.7699448646743 70.857658853143,22.7702157327984 70.8579509421311,22.7702123323085</coordinates></LinearRing></outerBoundaryIs></Polygon><Polygon><outerBoundaryIs><LinearRing><coordinates>70.8608755019131,22.7704491656614 70.8608718289423,22.7701782980412 70.8605797405124,22.7701817038708 70.8605834129075,22.7704525715359 70.8608755019131,22.7704491656614</coordinates></LinearRing></outerBoundaryIs></Polygon><Polygon><outerBoundaryIs><LinearRing><coordinates>70.8605870853584,22.7707234391913 70.8605834129075,22.7704525715359 70.860291323846,22.7704559768765 70.8602949957212,22.7707268445768 70.8605870853584,22.7707234391913</coordinates></LinearRing></outerBoundaryIs></Polygon><Polygon><outerBoundaryIs><LinearRing><coordinates>70.8573777624531,22.7710317372029 70.8573740962794,22.7707608690631 70.8570820060284,22.7707642685748 70.8570856716264,22.7710351367595 70.8573777624531,22.7710317372029</coordinates></LinearRing></outerBoundaryIs></Polygon><Polygon><outerBoundaryIs><LinearRing><coordinates>70.8603023396391,22.7712685799483 70.8602986676522,22.7709977122674 70.8600065773835,22.7710011171639 70.8600102487946,22.7712719848897 70.8603023396391,22.7712685799483</coordinates></LinearRing></outerBoundaryIs></Polygon><Polygon><outerBoundaryIs><LinearRing><coordinates>70.8597181578943,22.7712753892972 70.8597218287855,22.7715462570582 70.8600139202616,22.7715428526058 70.8600102487946,22.7712719848897 70.8597181578943,22.7712753892972</coordinates></LinearRing></outerBoundaryIs></Polygon><Polygon><outerBoundaryIs><LinearRing><coordinates>70.8570930029896,22.7715768730996 70.8570893372801,22.7713060049344 70.8567972458219,22.7713094040019 70.8568009109557,22.7715802722119 70.8570930029896,22.7715768730996</coordinates></LinearRing></outerBoundaryIs></Polygon><Polygon><outerBoundaryIs><LinearRing><coordinates>70.8565198128743,22.7723962754965 70.8565161481491,22.7721254072708 70.8562240548521,22.7721288054049 70.8562277190016,22.7723996736754 70.8565198128743,22.7723962754965</coordinates></LinearRing></outerBoundaryIs></Polygon><Polygon><outerBoundaryIs><LinearRing><coordinates>70.8591559952018,22.772907403469 70.859152325183,22.7726365356669 70.8588602312364,22.772639938697 70.8588639006794,22.772910806544 70.8591559952018,22.772907403469</coordinates></LinearRing></outerBoundaryIs></Polygon><Polygon><outerBoundaryIs><LinearRing><coordinates>70.8559466161283,22.773215676208 70.8559429523875,22.7729448079218 70.8556508572517,22.7729482051224 70.8556545204166,22.7732190734533 70.8559466161283,22.773215676208</coordinates></LinearRing></outerBoundaryIs></Polygon><Polygon><outerBoundaryIs><LinearRing><coordinates>70.8550776530201,22.773767603154 70.855066666813,22.7729549979213 70.8547745715101,22.7729583935197 70.8547855559898,22.7737709988869 70.8550776530201,22.773767603154</coordinates></LinearRing></outerBoundaryIs></Polygon><Polygon><outerBoundaryIs><LinearRing><coordinates>70.8556581836373,22.7734899417746 70.8556545204166,22.7732190734533 70.8553624246494,22.7732224701647 70.8553660872942,22.7734933385308 70.8556581836373,22.7734899417746</coordinates></LinearRing></outerBoundaryIs></Polygon><Polygon><outerBoundaryIs><LinearRing><coordinates>70.8582943851907,22.7740010827419 70.8582907166761,22.773730214844 70.8579986202589,22.7737336164516 70.8580022881977,22.7740044843944 70.8582943851907,22.7740010827419</coordinates></LinearRing></outerBoundaryIs></Polygon><Polygon><outerBoundaryIs><LinearRing><coordinates>70.8548002027423,22.7748544725734 70.8547965409707,22.7745836041664 70.8545044421571,22.7745869994997 70.8545081033529,22.7748578679515 70.8548002027423,22.7748544725734</coordinates></LinearRing></outerBoundaryIs></Polygon><Polygon><outerBoundaryIs><LinearRing><coordinates>70.8577248611582,22.775091357366 70.8577211935722,22.7748204894174 70.85742909474,22.7748238901364 70.8574327617502,22.7750947581299 70.8577248611582,22.775091357366</coordinates></LinearRing></outerBoundaryIs></Polygon><Polygon><outerBoundaryIs><LinearRing><coordinates>70.8545190872743,22.7756704732485 70.8545154259115,22.7753996048259 70.8542233253147,22.7754029997595 70.8542269861016,22.7756738682269 70.8545190872743,22.7756704732485</coordinates></LinearRing></outerBoundaryIs></Polygon><Polygon><outerBoundaryIs><LinearRing><coordinates>70.8574400959377,22.7756364940878 70.8574364288161,22.7753656261138 70.8571443287764,22.7753690263885 70.8571479953222,22.7756398944074 70.8574400959377,22.7756364940878</coordinates></LinearRing></outerBoundaryIs></Polygon><Polygon><outerBoundaryIs><LinearRing><coordinates>70.8571553285811,22.7761816304161 70.8571516619238,22.7759107624166 70.8568595606766,22.775914162247 70.856863226758,22.7761850302913 70.8571553285811,22.7761816304161</coordinates></LinearRing></outerBoundaryIs></Polygon><Polygon><outerBoundaryIs><LinearRing><coordinates>70.8542343078425,22.7762156051325 70.8542306469442,22.7759447366846 70.8539385451399,22.7759481311737 70.8539422054623,22.7762189996664 70.8542343078425,22.7762156051325</coordinates></LinearRing></outerBoundaryIs></Polygon><Polygon><outerBoundaryIs><LinearRing><coordinates>70.856870559088,22.7767267663507 70.8568668928951,22.7764558983259 70.8565747904404,22.7764592977118 70.8565784560574,22.7767301657816 70.856870559088,22.7767267663507</coordinates></LinearRing></outerBoundaryIs></Polygon><Polygon><outerBoundaryIs><LinearRing><coordinates>70.8565894532428,22.7775427699322 70.8565821217301,22.7770010338415 70.8562900180678,22.7770044327831 70.8562973484286,22.7775461689635 70.8565894532428,22.7775427699322</coordinates></LinearRing></outerBoundaryIs></Polygon><Polygon><outerBoundaryIs><LinearRing><coordinates>70.853672062674,22.7778476046865 70.8536684025936,22.7775767362075 70.8533762972224,22.7775801298971 70.8533799567269,22.777850998421 70.853672062674,22.7778476046865</coordinates></LinearRing></outerBoundaryIs></Polygon><Polygon><outerBoundaryIs><LinearRing><coordinates>70.8563046790123,22.7780879051049 70.8563010136926,22.777817037039 70.8560089082467,22.777820435581 70.8560125729904,22.7780913036917 70.8563046790123,22.7780879051049</coordinates></LinearRing></outerBoundaryIs></Polygon><Polygon><outerBoundaryIs><LinearRing><coordinates>70.8560235675561,22.7789039079653 70.8560162377899,22.7783621717926 70.8557241311364,22.7783655698901 70.8557314597506,22.7789073061524 70.8560235675561,22.7789039079653</coordinates></LinearRing></outerBoundaryIs></Polygon><Polygon><outerBoundaryIs><LinearRing><coordinates>70.8531098054634,22.7794796028281 70.8531061462011,22.779208734318 70.8528140372627,22.779212127208 70.852817695949,22.7794829957629 70.8531098054634,22.7794796028281</coordinates></LinearRing></outerBoundaryIs></Polygon><Polygon><outerBoundaryIs><LinearRing><coordinates>70.8557461176477,22.7799907785601 70.8557387885877,22.7794490423758 70.8554466795744,22.7794524401185 70.8554540074823,22.7799941763925 70.8557461176477,22.7799907785601</coordinates></LinearRing></outerBoundaryIs></Polygon><Polygon><outerBoundaryIs><LinearRing><coordinates>70.8528396492351,22.7811082068876 70.8528323312506,22.780566469885 70.8525402193764,22.7805698624646 70.8525475362089,22.7811115995568 70.8528396492351,22.7811082068876</coordinates></LinearRing></outerBoundaryIs></Polygon><Polygon><outerBoundaryIs><LinearRing><coordinates>70.8554723282272,22.781348516907 70.8554576715199,22.7802650445149 70.8551655607228,22.7802684418578 70.8551802151259,22.7813519144293 70.8554723282272,22.781348516907</coordinates></LinearRing></outerBoundaryIs></Polygon><Polygon><outerBoundaryIs><LinearRing><coordinates>70.8551985343831,22.7827062549242 70.8551802151259,22.7813519144293 70.8548881019689,22.7813553114173 70.8549064183456,22.7827096521364 70.8551985343831,22.7827062549242</coordinates></LinearRing></outerBoundaryIs></Polygon><Polygon><outerBoundaryIs><LinearRing><coordinates>70.8578165689362,22.7818630529147 70.8578239070646,22.7824047882954 70.8575317921049,22.7824081902713 70.8575354606766,22.7826790579919 70.8584118071166,22.7826688503264 70.8584007963838,22.7818562475395 70.8578165689362,22.7818630529147</coordinates></LinearRing></outerBoundaryIs></Polygon><Polygon><outerBoundaryIs><LinearRing><coordinates>70.8572470131365,22.7829533272342 70.8572543494066,22.7834950627164 70.8566701145994,22.7835018643559 70.8566737816659,22.7837727321722 70.8557974273085,22.7837829307587 70.8558047581517,22.784324666631 70.8555126387688,22.7843280651809 70.8555089738955,22.7840571972047 70.8549247361149,22.7840639926118 70.8549100817881,22.782980520251 70.8546179651187,22.7829839169737 70.8546436067424,22.7848799938165 70.8549357274448,22.78487659678 70.8549320636125,22.7846057287337 70.8563926634078,22.7845887357601 70.8563889967503,22.7843178679283 70.8569732351259,22.7843110670882 70.8569695673718,22.7840401993363 70.8575538043721,22.7840333964486 70.8575391293042,22.7829499257028 70.8572470131365,22.7829533272342</coordinates></LinearRing></outerBoundaryIs></Polygon><Polygon><outerBoundaryIs><LinearRing><coordinates>70.8546729147969,22.7870469381947 70.8546472700543,22.7851508618979 70.85435514872,22.7851542584448 70.854380789429,22.7870503350554 70.8546729147969,22.7870469381947</coordinates></LinearRing></outerBoundaryIs></Polygon><Polygon><outerBoundaryIs><LinearRing><coordinates>70.8543954424879,22.7881338071897 70.8543844526102,22.7873212031036 70.8540923266103,22.7873245994747 70.8541033147592,22.7881372036953 70.8543954424879,22.7881338071897</coordinates></LinearRing></outerBoundaryIs></Polygon><Polygon><outerBoundaryIs><LinearRing><coordinates>70.8541362822128,22.7905750158305 70.8541179664039,22.7892206758529 70.8538258363143,22.7892240720032 70.8538441492414,22.7905784122048 70.8541362822128,22.7905750158305</coordinates></LinearRing></outerBoundaryIs></Polygon><Polygon><outerBoundaryIs><LinearRing><coordinates>70.8582371523228,22.7913400124524 70.8582298093592,22.7907982778052 70.8579376765919,22.7908016817075 70.8579413474694,22.7910725490809 70.8573570806145,22.7910793553717 70.8573534108898,22.7908084879085 70.8570612779551,22.7908118902073 70.8570649471034,22.7910827577153 70.8561885462355,22.7910929615391 70.8561922137105,22.791363829172 70.8556079450336,22.7913706291384 70.8556116114115,22.7916414968512 70.8553194764131,22.7916448960775 70.8553231422704,22.7919157638254 70.8538624635604,22.7919327521627 70.8538441492414,22.7905784122048 70.8535520162143,22.7905818080447 70.8535739901058,22.7922070162337 70.8553268081833,22.7921866315636 70.855330474152,22.7924574992921 70.8556226108797,22.7924540999313 70.8556189443346,22.7921832322477 70.8559110804301,22.7921798323973 70.8559074133643,22.7919089647488 70.8561995488276,22.7919055644086 70.8561958812412,22.7916346967952 70.8564880160724,22.7916312959654 70.8564843479653,22.7913604283871 70.8582371523228,22.7913400124524</coordinates></LinearRing></outerBoundaryIs></Polygon><Polygon><outerBoundaryIs><LinearRing><coordinates>70.8535813151817,22.7927487522187 70.8535776526159,22.792477884231 70.8532855154983,22.7924812798499 70.8532891774877,22.7927521478823 70.8535813151817,22.7927487522187</coordinates></LinearRing></outerBoundaryIs></Polygon><Polygon><outerBoundaryIs><LinearRing><coordinates>70.8553341401764,22.7927283670108 70.855330474152,22.7924574992921 70.8538697896778,22.7924744880776 70.8538734528201,22.7927453560204 70.8553341401764,22.7927283670108</coordinates></LinearRing></outerBoundaryIs></Polygon><Polygon><outerBoundaryIs><LinearRing><coordinates>70.8533074882694,22.7941064878981 70.8532965016333,22.7932938839179 70.8530043627307,22.7932972791366 70.8530153476373,22.7941098832512 70.8533074882694,22.7941064878981</coordinates></LinearRing></outerBoundaryIs></Polygon><Polygon><outerBoundaryIs><LinearRing><coordinates>70.8533258004428,22.7954608276701 70.8533148129717,22.7946482238362 70.8530226711867,22.7946516192788 70.8530190093842,22.7943807512699 70.85272686812,22.7943841461331 70.8527341906276,22.7949258822308 70.8530263330449,22.794922487278 70.8530336569282,22.7954642232471 70.8533258004428,22.7954608276701</coordinates></LinearRing></outerBoundaryIs></Polygon><Polygon><outerBoundaryIs><LinearRing><coordinates>70.8539100873049,22.7954540349122 70.8539064236059,22.7951831670669 70.8536142807791,22.7951865636684 70.8536179439017,22.7954574315585 70.8539100873049,22.7954540349122</coordinates></LinearRing></outerBoundaryIs></Polygon><Polygon><outerBoundaryIs><LinearRing><coordinates>70.8556666137686,22.795704511374 70.8559587573584,22.7957011109404 70.8559550895679,22.7954302434187 70.8556629465547,22.7954336438074 70.8556666137686,22.795704511374</coordinates></LinearRing></outerBoundaryIs></Polygon><Polygon><outerBoundaryIs><LinearRing><coordinates>70.8539137510597,22.7957249027478 70.8533294630445,22.7957316955953 70.8533331257018,22.7960025635107 70.8536252703138,22.7959991673094 70.8536289336034,22.7962700351703 70.8542132238135,22.7962632410743 70.854220552866,22.7968049765875 70.8545126990406,22.7968015786478 70.854516364227,22.797072446345 70.8548085109225,22.7970690478259 70.8548048451595,22.7967981801736 70.8550969912227,22.7967947811646 70.8550933249389,22.7965239135474 70.8548011794523,22.7965273125115 70.8547901826649,22.7957147094667 70.8544980388522,22.7957181077617 70.8544943739444,22.7954472400158 70.8556629465547,22.7954336438074 70.8556556122939,22.794891908645 70.855363470378,22.7948953084093 70.8553598039077,22.7946244407687 70.8547755210617,22.7946312386039 70.8547791863789,22.7949021063342 70.854194902157,22.7949089021206 70.8542022306525,22.7954506377313 70.8539100873049,22.7954540349122 70.8539137510597,22.7957249027478</coordinates></LinearRing></outerBoundaryIs></Polygon><Polygon><outerBoundaryIs><LinearRing><coordinates>70.8565430443707,22.7956943084695 70.8562509008924,22.7956977099723 70.8562545693152,22.7959685774394 70.8565467133701,22.7959651758917 70.8565430443707,22.7956943084695</coordinates></LinearRing></outerBoundaryIs></Polygon><Polygon><outerBoundaryIs><LinearRing><coordinates>70.8568388573691,22.7959617738094 70.8565467133701,22.7959651758917 70.8565503824252,22.7962360433042 70.8568425270008,22.796232641177 70.8568388573691,22.7959617738094</coordinates></LinearRing></outerBoundaryIs></Polygon><Polygon><outerBoundaryIs><LinearRing><coordinates>70.8565577207027,22.7967777780999 70.8562655749182,22.7967811797822 70.8562692435641,22.7970520472103 70.8565613899251,22.7970486454831 70.8565577207027,22.7967777780999</coordinates></LinearRing></outerBoundaryIs></Polygon></MultiGeometry>
  </Placemark>
  <Placemark id="flood_extent_S0_release.4">
	<name>&gt; 3 m</name>
	<Style><LineStyle><color>ff0000ff</color></LineStyle><PolyStyle><fill>0</fill></PolyStyle></Style>
	<ExtendedData><SchemaData schemaUrl="#flood_extent_S0_release">
		<SimpleData name="area_km2">7.447</SimpleData>
	</SchemaData></ExtendedData>
      <MultiGeometry><Polygon><outerBoundaryIs><LinearRing><coordinates>70.7997200163816,22.8740984395088 70.8003046566238,22.8740918216585 70.8003010851577,22.8738209483612 70.7997164460738,22.8738275661244 70.7997200163816,22.8740984395088</coordinates></LinearRing></outerBoundaryIs></Polygon><Polygon><outerBoundaryIs><LinearRing><coordinates>70.8023437447782,22.873526896281 70.8014667889468,22.8735368332613 70.8014775102947,22.8743494526306 70.8017698306969,22.8743461407098 70.8017626819191,22.8738043945605 70.8023473202441,22.8737977692831 70.8023437447782,22.873526896281</coordinates></LinearRing></outerBoundaryIs></Polygon><Polygon><outerBoundaryIs><LinearRing><coordinates>70.800600548763,22.8743593851723 70.8005969766636,22.8740885119283 70.8003046566238,22.8740918216585 70.800308228144,22.8743626949461 70.800600548763,22.8743593851723</coordinates></LinearRing></outerBoundaryIs></Polygon><Polygon><outerBoundaryIs><LinearRing><coordinates>70.800600548763,22.8743593851723 70.8006041209166,22.8746302584066 70.8008964420605,22.8746269480525 70.8009000148475,22.8748978212335 70.8011923365164,22.8748945102991 70.8011887631503,22.8746236371617 70.8014810841858,22.8746203257342 70.8014775102947,22.8743494526306 70.800600548763,22.8743593851723</coordinates></LinearRing></outerBoundaryIs></Polygon><Polygon><outerBoundaryIs><LinearRing><coordinates>70.834098481386,22.8433636469329 70.8340875824266,22.8425510391577 70.8343798295282,22.8425476717326 70.8343725626749,22.8420059332557 70.8346648085653,22.8420025653835 70.8346611746433,22.8417316961748 70.8349534199005,22.8417283278111 70.8349497854556,22.8414574586369 70.8352420300795,22.8414540897817 70.835231125342,22.8406414823339 70.8355233681766,22.8406381130759 70.8355160974716,22.8400963748173 70.835223855793,22.8400997439865 70.8352202211013,22.8398288747982 70.8346357387345,22.8398356114404 70.8346321052539,22.8395647421536 70.8340476238225,22.8395714765639 70.834043991553,22.8393006071787 70.8337517513326,22.8393039735358 70.8337481196963,22.8390331040964 70.8334558799986,22.8390364698734 70.8334522489954,22.83876560038 70.8325755313056,22.8387756943632 70.8325719020914,22.838504824727 70.8322796633292,22.8385081882723 70.8322832919654,22.8387790579527 70.8319910525702,22.8387824210064 70.831998308852,22.8393241604266 70.8317060682457,22.8393275230331 70.8317096958912,22.8395983927728 70.8311252133574,22.839605116467 70.8311288399021,22.8398759862856 70.8308365979746,22.8398793473732 70.8308438500731,22.8404210870696 70.8305516069345,22.8404244477099 70.8305552324883,22.8406953175877 70.8302629887166,22.8406986777365 70.8302666137475,22.8409695476488 70.8299743693427,22.840972907306 70.8299779938506,22.8412437772528 70.8296857488128,22.8412471364184 70.8296893727976,22.8415180063997 70.8293971271267,22.8415213650736 70.8294007505885,22.8417922350894 70.8291085042845,22.8417955932717 70.8291121272232,22.8420664633219 70.8288198802862,22.8420698210126 70.8288271251725,22.8426115611723 70.8285348770243,22.8426149184155 70.8285421209744,22.8431566586246 70.828249871615,22.8431600154203 70.8282534930945,22.8434308855544 70.827961243102,22.8434342418585 70.8280735183138,22.8518312125473 70.8277812503404,22.8518345696855 70.8277921167526,22.8526471793872 70.827499846989,22.8526505361218 70.8275070903819,22.8531922759625 70.8277993613024,22.8531889191396 70.8278029836597,22.8534597890011 70.8272184406069,22.8534665021993 70.8272220618624,22.8537373721394 70.826929789675,22.8537407279784 70.8269370311939,22.8542824679178 70.8263524843406,22.8542891781639 70.8263633435601,22.8551017882649 70.8260710683156,22.8551051427161 70.8260746875868,22.8553760127744 70.8257824117088,22.8553793667336 70.8257860304565,22.8556502368262 70.8254937539451,22.8556535902933 70.8254973721691,22.8559244604204 70.8249128178245,22.8559311658341 70.8249164349464,22.8562020360397 70.8246241571132,22.8562053879863 70.8246277737115,22.8564762582263 70.8243354952448,22.8564796096808 70.8243427274489,22.8570213502196 70.8240504477703,22.8570247012261 70.8240576790368,22.8575664418141 70.8237653981461,22.8575697923725 70.8237690132831,22.857840662696 70.823476731759,22.8578440127622 70.8234803463722,22.85811488312 70.8231880642147,22.858118232694 70.82318445018,22.8578473622921 70.8228921685461,22.8578507112858 70.8228885551449,22.85757984083 70.8223039928699,22.8575865371203 70.8223076051139,22.8578574076642 70.8220153233156,22.8578607550489 70.8220189350359,22.8581316256271 70.8217266526041,22.8581349725196 70.8217302638006,22.8584058431321 70.8214379807354,22.8584091895324 70.8214524237549,22.8594926720609 70.8211601383204,22.859496018101 70.8211637486337,22.8597668887528 70.8205791764429,22.8597735793121 70.8205827856537,22.8600444500422 70.8202904988975,22.8600477945613 70.8202941075843,22.8603186653257 70.8200018201947,22.8603220093524 70.8200054283575,22.8605928801511 70.8197131403345,22.8605962236855 70.8197167479735,22.8608670945184 70.8194244593169,22.8608704375604 70.819428066432,22.8611413084275 70.819135777142,22.8611446509772 70.8191393837331,22.8614155218786 70.8188470938097,22.8614188639359 70.8188506998767,22.8616897348714 70.8185584093199,22.8616930764363 70.818562014863,22.8619639474061 70.8182697236727,22.8619672884785 70.8182733286917,22.8622381594826 70.817981036868,22.8622415000626 70.817984641363,22.8625123711008 70.8176923489058,22.8625157111883 70.8176959528768,22.8627865822607 70.8171113666408,22.8627932609145 70.8171149695089,22.863064132065 70.8168226757302,22.8630674706312 70.8168262780742,22.8633383418159 70.816533983662,22.8633416798896 70.8165375854819,22.8636125511085 70.8162452904363,22.8636158886897 70.8162488917321,22.8638867599427 70.815956596053,22.8638900970313 70.8159601968246,22.8641609683186 70.8153756041448,22.8641676409742 70.8153792038135,22.8644385123395 70.8150869068129,22.8644418479065 70.8150905059574,22.864712719306 70.8145059106346,22.8647193889184 70.8145095086761,22.8649902603958 70.8139249119772,22.86499692795 70.8139285089156,22.8652677995055 70.8133439108407,22.8652744650015 70.813347506676,22.8655453366348 70.8130552069778,22.8655486686219 70.8130659930744,22.8663612835951 70.8127736915851,22.8663646151772 70.8127916666093,22.8677189734901 70.812499362171,22.8677223047548 70.8125065514047,22.8682640480993 70.8122142457539,22.8682673789151 70.8122214340479,22.8688091223083 70.8119291271846,22.8688124526752 70.8119327208345,22.869083324401 70.8116404133377,22.8690866542751 70.8116547861664,22.8701701412559 70.8113624762992,22.8701734707686 70.8113696618827,22.8707152142881 70.8110773508029,22.8707185433518 70.8110845354464,22.8712602869199 70.810792223154,22.8712636155345 70.8107994068574,22.8718053591512 70.8105070933525,22.8718086873167 70.8105106847068,22.8720795591542 70.8102183705683,22.8720828868269 70.8102219613981,22.8723537586984 70.809929646626,22.8723570858782 70.8099368272909,22.8728988296795 70.8096445113062,22.8729021564101 70.8096481011412,22.8731730283399 70.8093557845229,22.8731763545775 70.8093629631982,22.8737180984954 70.8090706453672,22.8737214242838 70.8090742342074,22.8739922962719 70.8087819157428,22.8739956215674 70.8087855040583,22.8742664935894 70.8084931849602,22.8742698183919 70.808496772751,22.8745406904479 70.8082044530192,22.8745440147574 70.8082080402853,22.8748148868474 70.80791571992,22.8748182106639 70.8079228934571,22.875359954902 70.807630571879,22.8753632782692 70.80763415815,22.8756341504174 70.8073418359383,22.8756374732915 70.8073454216845,22.8759083454736 70.8070530988392,22.8759116678547 70.8070566840606,22.8761825400707 70.8064720370485,22.8761891833099 70.8064756211659,22.8764600556036 70.8061832969991,22.8764633764617 70.8061868805916,22.8767342487893 70.8056022309364,22.8767408889824 70.8056058134248,22.8770117613876 70.8053134879364,22.8770150807226 70.8053170699,22.8772859531618 70.8047324176017,22.8772925903087 70.8047359984611,22.8775634628254 70.8044436716512,22.8775667806372 70.8044472519857,22.8778376531878 70.8041549245422,22.8778409705065 70.8041585043517,22.8781118430909 70.8038661762747,22.8781151599164 70.8038697555592,22.8783860325347 70.8035774268486,22.8783893488669 70.8035810056081,22.8786602215192 70.8032886762639,22.8786635373582 70.8032922544985,22.8789344100442 70.8027075944887,22.8789410401989 70.8027111716189,22.8792119129624 70.8024188409532,22.879215227278 70.8024224175584,22.8794861000754 70.8015454234981,22.8794960399317 70.8015418486309,22.8792251670036 70.8009571868115,22.879231790803 70.8009536131571,22.8789609177781 70.8006612827454,22.8789642288289 70.800654136758,22.8784224826626 70.8003618074506,22.8784257930895 70.8003546628386,22.8778840467971 70.8009393190819,22.8778774255807 70.8009357456987,22.8776065525069 70.8018127279193,22.8775966167867 70.8018091528524,22.8773257438339 70.8029784594035,22.8773124888657 70.8029748820739,22.8770416160775 70.8038518596796,22.8770316693455 70.8038482806666,22.8767607966784 70.8044329309738,22.876754162927 70.8044257707938,22.876212417738 70.8047180947075,22.8762091001444 70.8047109335863,22.8756673550037 70.8050032562873,22.8756640369606 70.8049925132754,22.8748514193074 70.804700192312,22.8748547372196 70.8047037726824,22.8751256098241 70.8044114510855,22.8751289272432 70.804418610831,22.8756706725101 70.8041262880214,22.8756739894797 70.8041298673965,22.8759448621422 70.8038375439534,22.8759481786186 70.8038447017079,22.8764899240016 70.8015061029417,22.8765164371864 70.8015096772666,22.876787310212 70.8009250258741,22.8767939332273 70.8009285990948,22.8770648063302 70.800343946327,22.8770714272854 70.8003403742648,22.8768005540953 70.8000480483789,22.8768038637242 70.8000516198618,22.8770747369578 70.7997592933424,22.8770780460933 70.7997628643002,22.8773489193607 70.7994705371475,22.8773522280029 70.7994776780671,22.8778939745955 70.7991853497016,22.8778972827879 70.799181779794,22.877626409453 70.7985971240591,22.8776330241403 70.7986006928082,22.8779038975623 70.7980160356982,22.8779105101893 70.7980196033429,22.8781813836884 70.7983119325042,22.8781780775998 70.7983190691146,22.8787198244819 70.7986113993804,22.8787165177695 70.798618537366,22.8792582645256 70.7992032000524,22.8792516493162 70.799206770285,22.8795225225926 70.7994991021263,22.8795192141391 70.7994955313143,22.8792483409062 70.8000801936758,22.8792417224756 70.8000837656464,22.8795125956214 70.8006684289497,22.8795059749562 70.8006791486626,22.880318594074 70.8003868153,22.8803219048057 70.8003939608877,22.8808636509226 70.8001016263122,22.8808669612044 70.8001087709578,22.8814087073694 70.7995240993268,22.8814153264964 70.7995276705721,22.8816861996513 70.7992353340959,22.881689508453 70.799238904816,22.8819603816417 70.7989465677063,22.8819636899499 70.7989501379011,22.8822345631723 70.7986578001578,22.8822378709871 70.7986649395512,22.8827796174897 70.7983726005948,22.8827829248545 70.7984082950159,22.8854916572175 70.7981159502107,22.8854949644803 70.7981445050096,22.8876619500166 70.7978521555138,22.8876652570902 70.7978592935957,22.8882070034637 70.7981516442508,22.8882036963031 70.7981587837085,22.8887454425507 70.7984511354686,22.888742134766 70.7984689879587,22.8900964999968 70.7987613425629,22.8900931914575 70.798764913803,22.8903640644309 70.7990572689328,22.890360755311 70.7990679847173,22.8911733740421 70.7993603415319,22.8911700642545 70.7994103630899,22.8949622832299 70.7991179981585,22.8949655936267 70.7991287167061,22.8957782118604 70.799421083377,22.895774901333 70.7994496731936,22.8979418825121 70.7991573018836,22.8979451933877 70.7991644487198,22.898486938672 70.7988720761958,22.8984902490972 70.7988792220889,22.8990319944295 70.7985868483508,22.8990353044044 70.7985904207986,22.8993061770994 70.7982980464264,22.8993094865804 70.7983016183484,22.8995803593091 70.798009243342,22.8995836682962 70.7980163861886,22.9001254138114 70.7977240099681,22.900128722348 70.7977275808926,22.9003995951345 70.7971428271291,22.9004062106824 70.7971463969478,22.9006770835461 70.7968540194048,22.9006803905574 70.7968575886976,22.9009512634548 70.7965652105205,22.9009545699721 70.7965687792873,22.9012254429031 70.7959840216108,22.9012320544123 70.7959911569866,22.901773800419 70.7956987769071,22.9017771054543 70.7957023440961,22.9020479784864 70.7951175826147,22.9020545870315 70.7951211486977,22.9023254601407 70.7948287672958,22.9023287636504 70.7948323328528,22.9025996367933 70.7945399508168,22.902602939809 70.7945435158477,22.9028738129855 70.7942511331776,22.9028771155071 70.7942546976825,22.9031479887173 70.7939623143782,22.9031512907447 70.793965878357,22.9034221639886 70.7930887263796,22.9034320669761 70.7930922886722,22.9037029403403 70.7927999039915,22.9037062403045 70.792803465758,22.9039771137023 70.7925110804432,22.9039804131723 70.7925075192569,22.9037095397311 70.7919227496257,22.9037161369719 70.7919263096517,22.9039870104998 70.7922186950745,22.9039837121048 70.7922258164488,22.9045254590447 70.7919334298658,22.9045287575263 70.7919369900538,22.904799631025 70.7916446028366,22.9048029290124 70.7916517222142,22.9053446760671 70.7913593337828,22.9053479736037 70.7913664522159,22.905889720706 70.7910740625701,22.9058930177917 70.7910776212874,22.9061638913716 70.7904928406737,22.9061704840168 70.7904892831168,22.9058996103503 70.7901968933092,22.9059029058232 70.7901933363864,22.9056320321036 70.7899009471051,22.9056353269957 70.7899151727989,22.9067188219886 70.7896227811428,22.9067221165162 70.7896263371209,22.9069929902834 70.7893339448307,22.9069962843167 70.7893375002824,22.9072671581173 70.789045107358,22.9072704516563 70.7890486622834,22.9075413254905 70.7887562687249,22.9075446185351 70.7887598231239,22.9078154924029 70.7884674289313,22.9078187849531 70.788470982804,22.9080896588544 70.7881785879772,22.9080929509103 70.7881821413234,22.908363824845 70.7878897458625,22.9083671164065 70.7878932986824,22.9086379903747 70.7876009025873,22.9086412814418 70.787608007228,22.9091830294355 70.7873156099185,22.9091863200514 70.7873475782442,22.9116241859294 70.7870551756578,22.9116274763967 70.7870622791617,22.9121692243488 70.7867698753606,22.9121725143648 70.7867805292791,22.9129851363494 70.786488123683,22.9129884259574 70.7864952254036,22.9135301739848 70.7859104117281,22.9135367517602 70.7859175113421,22.9140784999214 70.7856251032628,22.9140817880888 70.7856322019312,22.9146235362975 70.785339792637,22.9146268240135 70.7853468903596,22.9151685722694 70.784762069288,22.9151751462607 70.7847762607346,22.9162586430011 70.784483847796,22.9162619293627 70.784558354815,22.9219502855957 70.7848507799468,22.9219469983275 70.7848614274848,22.9227596201658 70.7845690006108,22.9227629075636 70.784576098077,22.9233046554933 70.7842836699876,22.9233079424394 70.7842872182206,22.9235788164328 70.7839947894968,22.9235821028839 70.7840125285642,22.9249364729205 70.7837200968826,22.9249397590494 70.7837236442766,22.9252106330706 70.7834312119604,22.9252139187045 70.7834347588273,22.9254847927591 70.7831423258765,22.9254880778981 70.7831458722163,22.9257589519861 70.782853438631,22.9257622366301 70.7828640762302,22.9265748589649 70.7825716408485,22.9265781432002 70.7825787316883,22.9271198914609 70.7822862950911,22.9271231752443 70.7822933849839,22.9276649235522 70.7820009471713,22.9276682068837 70.7820044916174,22.9279390810662 70.78171205317,22.9279423639026 70.7817155970889,22.9282132381184 70.781423158007,22.9282165204597 70.7814302448439,22.9287582689483 70.7811378045464,22.9287615508376 70.7811413474645,22.9290324251103 70.7808489065323,22.9290357065046 70.7808524489231,22.9293065808107 70.7805600073563,22.9293098617098 70.7805635492198,22.9295807360492 70.7799786647633,22.9295872963191 70.7799822055185,22.9298581707348 70.7796897626288,22.9298614501055 70.7796933028567,22.9301323245546 70.7794008593323,22.9301356034301 70.7794043990328,22.9304064779124 70.7788195106612,22.9304130341349 70.7788265878991,22.9309547832425 70.7782416969889,22.9309613374841 70.7782452345263,22.9312322121093 70.7779527884097,22.9312354884658 70.7779563254196,22.9315063631243 70.7776638786685,22.9315096389855 70.7776674151509,22.9317805136772 70.7773749677652,22.9317837890432 70.7773785037201,22.9320546637682 70.7767936076257,22.9320612129713 70.7767971424721,22.9323320877725 70.7765046937635,22.9323353616096 70.7765117624549,22.9328771112687 70.7762193125306,22.9328803846535 70.7762228463755,22.9331512595114 70.7756379452041,22.933157804752 70.7756414779403,22.9334286796861 70.7750565753926,22.9334352228594 70.7750601070201,22.9337060978696 70.7744752030961,22.9337126389755 70.7744787336149,22.9339835140618 70.7733089228006,22.9339965899854 70.7733053946062,22.9337257147273 70.7730129423501,22.9337289823195 70.7729988324317,22.9326454810183 70.7732912823634,22.9326422135977 70.7732877544364,22.9323713382909 70.7738726529773,22.9323648019207 70.7738691239416,22.93209392669 70.7741615725508,22.9320906577404 70.7741474546183,22.9310071568917 70.7735625619948,22.9310136939093 70.7735519775931,22.9302010679129 70.7732595329443,22.9302043354856 70.7732736432627,22.9312878369663 70.7735660902357,22.9312845692219 70.7735731468777,22.931826319818 70.7732806987426,22.9318295876481 70.7732842265628,22.9321004629744 70.7726993289702,22.9321069971057 70.7727099092649,22.9329196232834 70.7724174586452,22.9329228896702 70.7724209849358,22.9331937650862 70.7721285336816,22.9331970309776 70.7721320594446,22.9334679064267 70.7715471556137,22.9334744366804 70.7715506802679,22.9337453122054 70.7712582276912,22.9337485765676 70.7712511795985,22.933206825422 70.7709587281306,22.9332100891602 70.7709728222052,22.9342935915838 70.7703879144603,22.9343001177879 70.7703949594933,22.9348418691125 70.7701025043785,22.9348451314927 70.7701060263939,22.9351160071832 70.7698135706446,22.9351192690679 70.7698170921322,22.9353901447915 70.7695246357483,22.9353934061806 70.7695387199074,22.9364769091487 70.7692462611454,22.9364801701706 70.7692603438332,22.9375636731539 70.7689678826929,22.9375669338087 70.7689749231943,22.9381086853274 70.7683899984288,22.9381152051929 70.7684146337255,22.9400113358004 70.7681221671936,22.9400145952249 70.7681327242337,22.9408272226101 70.7678402559045,22.9408304816245 70.767847293035,22.9413722332515 70.7675548234898,22.9413754918129 70.7675618596707,22.9419172434864 70.7672693889095,22.9419205015947 70.7672764241408,22.9424622533147 70.7669839521634,22.9424655109701 70.7669909864451,22.9430072627366 70.7666985132516,22.9430105199389 70.7667055465835,22.9435522717519 70.7664130721738,22.9435555285011 70.7664165883382,22.9438264044357 70.7661241132939,22.943829660689 70.7661311446195,22.9443714126144 70.765838668359,22.9443746684146 70.7658562446976,22.9457290482712 70.7655637654764,22.9457323037464 70.7655813402385,22.9470866835728 70.7652888580563,22.9470899387229 70.765302916498,22.9481734425793 70.7650104319362,22.9481766973616 70.7650315177062,22.9498019531099 70.7653240057577,22.9497986980714 70.7653275208206,22.9500695739526 70.7650350321875,22.9500728290338 70.7650420613097,22.9506145808524 70.7653345511063,22.9506113256857 70.7653626743783,22.9527783322281 70.7671176399613,22.9527587878626 70.767089488767,22.9505917833715 70.7667969992901,22.9505950417708 70.7667934812123,22.9503241661228 70.7670859701076,22.9503209077662 70.7670683776096,22.9489665295935 70.7673608635434,22.948963270912 70.7673467881779,22.9478797683693 70.7676392717319,22.9478765093201 70.7676251948928,22.9467930067924 70.7679176760673,22.9467897473756 70.7679071172531,22.9459771205057 70.7681995966296,22.9459738606785 70.768185516631,22.9448903582199 70.7684779936282,22.9448870980253 70.7684709527858,22.944345346823 70.7687634285667,22.9443420861753 70.7687563867747,22.9438003350196 70.7690488613394,22.943797073919 70.7690382973071,22.9429844472406 70.7693307700741,22.9429811857298 70.7693237264897,22.9424394346478 70.7696161980406,22.942436172684 70.7696091535068,22.9418944216485 70.7699016238415,22.9418911592318 70.7698945783584,22.941349408243 70.7701870474769,22.9413461453734 70.7701800010446,22.9408043944313 70.770472468947,22.9408011311088 70.7704654215655,22.9402593802133 70.7707578882519,22.940256116438 70.7707508399212,22.9397143655891 70.7710433053915,22.939711101361 70.7710362561118,22.9391693505588 70.7713287203661,22.9391660858779 70.7713251952251,22.9388952105051 70.7716176588447,22.9388919453286 70.7716141331757,22.9386210699888 70.7719065961606,22.9386178043167 70.7718995438204,22.9380760536937 70.7724844673049,22.9380695209057 70.7724809400524,22.9377986456653 70.7727734011333,22.9377953785065 70.772769873353,22.9375245032992 70.7730623337991,22.9375212356449 70.773058805491,22.9372503604707 70.7733512653024,22.9372470923209 70.7733477364666,22.9369762171799 70.7736401956433,22.9369729485345 70.7736366662797,22.9367020734267 70.7739291248218,22.9366988042859 70.7739255949304,22.9364279292112 70.7745105106916,22.9364213894001 70.7745069796914,22.9361505144016 70.7747994369105,22.9361472437314 70.7747959053825,22.935876368766 70.775088361967,22.9358730976003 70.7750848299114,22.9356022226681 70.7756697417574,22.9355956788077 70.7756662085929,22.9353248039516 70.7759586638545,22.9353215312568 70.7759551301624,22.9350506564339 70.7762475847892,22.9350473832437 70.7762440505695,22.934776508454 70.7768289585002,22.9347699605445 70.7768254231717,22.9344990858311 70.7771178764756,22.9344958111117 70.7771143406196,22.9342249364315 70.7776992459043,22.9342183854639 70.7776957089396,22.9339475108599 70.7782806128478,22.933940957825 70.7782770747744,22.9336700832973 70.778569526067,22.9336668060154 70.7785659874661,22.933395931521 70.7791508887281,22.9333893754282 70.7791438093629,22.9328476265823 70.7794362587513,22.9328443478146 70.779432718568,22.93257347342 70.7800176160217,22.9325669143557 70.7800140747299,22.9322960400376 70.7803065227952,22.9322927597411 70.7803029809761,22.9320218854562 70.7808878757835,22.9320153233345 70.7808843328559,22.931744449126 70.7811767795981,22.9317411673009 70.7811732361431,22.9314702931257 70.7817581283043,22.9314637279468 70.781754583741,22.9311928538481 70.78204702916,22.9311895704944 70.7820434840693,22.930918696429 70.7823359288536,22.9309154125801 70.7823323832357,22.9306445385481 70.7826248273852,22.9306412542041 70.78262128124,22.9303703802055 70.7829137247547,22.9303670953664 70.7829066314635,22.9298253474261 70.7831990737626,22.9298220621351 70.7831955266166,22.9295511881935 70.7834879682809,22.9295479024074 70.7834844206077,22.9292770284991 70.7837768616374,22.9292737422179 70.783773313437,22.9290028683431 70.7840657538319,22.9289995815669 70.7840622051043,22.9287287077254 70.7858168428584,22.9287089760253 70.7858203950717,22.9289798496077 70.78611283509,22.9289765590641 70.786116387938,22.9292474325935 70.7864088284834,22.9292441414686 70.7863946150905,22.9281606474653 70.7855173002641,22.928170518707 70.7855208517887,22.9284413923521 70.7846435347352,22.9284512588799 70.7846328855508,22.9276386375267 70.7849253228798,22.9276353493518 70.7849217726783,22.9273644755911 70.7852142093725,22.9273611869212 70.7852071079693,22.9268194394569 70.7854995434479,22.9268161503352 70.7854959922461,22.9265452766316 70.7857884270901,22.9265419870151 70.7857848753612,22.9262711133449 70.7860773095705,22.9262678232334 70.7860737573146,22.9259969495967 70.7863661908891,22.9259936589903 70.7863590853772,22.9254519117739 70.7866515177362,22.9254486207159 70.7866479644802,22.9251777471363 70.7869403962045,22.9251744555834 70.7869332886924,22.9246327084814 70.7872257192012,22.9246294164769 70.7872186107429,22.9240876694223 70.7875110400363,22.9240843769662 70.7874968214429,22.9230008829129 70.7872043944726,22.9230041751961 70.7872008405396,22.9227333016152 70.7869084140962,22.9227365933171 70.7868906481431,22.9213822250499 70.7880603419791,22.9213690558789 70.788046120895,22.9202855617813 70.7877536998395,22.920288854708 70.787757254449,22.9205597282903 70.7868799892174,22.9205696039724 70.7868764363498,22.9202987302605 70.7865840150789,22.9203020210353 70.7865484951713,22.9175932829467 70.786840910636,22.9175899926041 70.7868302539718,22.9167773711169 70.787122667641,22.916774080366 70.7871120097197,22.9159614589208 70.7874044215935,22.9159581677617 70.7874008684802,22.9156872939704 70.7876932797195,22.9156840023167 70.7876861724936,22.9151422547912 70.7879785825181,22.9151389626862 70.7879714743467,22.9145972152082 70.7882638831563,22.9145939226519 70.7882567740394,22.9140521752213 70.7885491816342,22.9140488822137 70.7885385166216,22.9132362611245 70.7888309224211,22.913232967709 70.7888273669443,22.9129620940363 70.7891197721095,22.9129588001262 70.7891126601567,22.9124170528382 70.7894050641072,22.9124137584769 70.7894015076312,22.9121428848616 70.7896939109474,22.9121395900058 70.7896867969964,22.9115978428325 70.7899791990979,22.9115945475255 70.7899720842019,22.9110528003997 70.7902644850887,22.9110495046417 70.7902609271412,22.9107786311075 70.7905533273937,22.910775334855 70.7905462104999,22.9102335878439 70.7908386095377,22.9102302911404 70.7908350505914,22.9099594176635 70.791127448995,22.9099561204656 70.7911238895223,22.9096852470223 70.7914162872916,22.9096819493301 70.7914091673475,22.9091402025008 70.7917015639022,22.9091369043576 70.7916980034308,22.9088660309717 70.7919903993513,22.9088627323341 70.7919832774099,22.9083209856197 70.7922756721158,22.9083176865312 70.7922721106458,22.9080468132027 70.7925645047174,22.9080435136199 70.7925609427212,22.907772640325 70.7928533361586,22.9077693402479 70.7928462111675,22.9072275937156 70.7931386033904,22.9072242931876 70.7931350403957,22.9069534199502 70.7934274319844,22.906950118928 70.7934238684634,22.9066792457242 70.7937162594179,22.9066759442078 70.7937091313777,22.9061341978577 70.7940015211177,22.9061308958905 70.7939979565984,22.9058600227442 70.7942903457041,22.9058567202827 70.7942867806588,22.9055858471701 70.7945791691303,22.9055825442145 70.7945756035587,22.9053116711355 70.794867991396,22.9053083676857 70.7948644252984,22.9050374946404 70.7951568125014,22.9050341906965 70.7951532458777,22.9047633176848 70.7954456324466,22.9047600132468 70.7954420652968,22.9044891402688 70.7957344512314,22.9044858353367 70.7957308835555,22.9042149623923 70.7960232688559,22.9042116569661 70.796019700654,22.9039407840554 70.7966044699322,22.9039341716773 70.7966009006242,22.9036632988438 70.7968932846019,22.9036599918919 70.7968897147679,22.9033891190921 70.7971820981115,22.9033858116461 70.7971785277515,22.90311493888 70.7974709104608,22.90311163094 70.7974673395749,22.9028407582076 70.79775972165,22.9028374497736 70.7977561502381,22.902566577075 70.798048531679,22.902563268147 70.7980449597412,22.902292395482 70.7983373405478,22.90228908606 70.7983337680841,22.9020182134288 70.7989185283747,22.9020115930594 70.7989149548051,22.9017407205055 70.7992073342891,22.9017374095581 70.7992037601936,22.9014665370379 70.7994961390434,22.9014632255966 70.799492564422,22.9011923531102 70.7997849426375,22.9011890411749 70.7997813674904,22.9009181687222 70.8000737450717,22.9009148562931 70.8000701693987,22.9006439838742 70.8003625463457,22.9006406709511 70.800358970147,22.900369798566 70.8006513464598,22.9003664851491 70.8006477697353,22.9000956127978 70.8009401454139,22.900092298887 70.8009365681636,22.8998214265695 70.8012289432079,22.8998181121648 70.8012217877102,22.8992763675877 70.8018065353162,22.8992697373404 70.8018101141979,22.8995406095467 70.8026872369398,22.8995306600145 70.8026764952379,22.8987180437586 70.8020917502773,22.8987246770559 70.8020881709785,22.8984538048639 70.802380542906,22.8984504885276 70.8023733833113,22.8979087442015 70.8029581246837,22.8979021100911 70.802954543808,22.8976312380006 70.8032469138328,22.897627920183 70.8032433324314,22.8973570481263 70.8035357018221,22.897353729815 70.8035213744402,22.8962702416654 70.8032290073691,22.8962735598023 70.8032218451637,22.8957318155818 70.8035142110751,22.8957284975321 70.8035106294741,22.8954576254508 70.8038029947513,22.8954543069074 70.8037994126247,22.89518343486 70.8043841418566,22.8951767962487 70.8043805586247,22.8949059242788 70.8046729225793,22.8949026042108 70.8046657551188,22.894360860329 70.8043733923239,22.8943641803096 70.8043769754471,22.8946350522991 70.804084612018,22.8946383717861 70.8040881946157,22.8949092438094 70.8035034664349,22.8949158812589 70.8035070479273,22.8951867533597 70.8029223183696,22.8951933887473 70.8029258987567,22.8954642609256 70.8026335333165,22.8954675778571 70.8025941584225,22.8924879828798 70.8023017993058,22.8924912987944 70.8022982206754,22.8922204264216 70.8020058620842,22.8922237417554 70.8019879726449,22.8908693795272 70.801695616898,22.8908726941059 70.8016991940976,22.8911435666147 70.8011144812815,22.8911501942477 70.8011073292553,22.8906084490462 70.8008149739253,22.8906117619699 70.8008078232753,22.8900700166422 70.8005154690504,22.8900733289416 70.8004975962727,22.8887189652341 70.8002052448919,22.8887222767786 70.8001873763675,22.8873679126095 70.8004797248504,22.8873646012827 70.8004654286883,22.8862811099461 70.8010501208549,22.8862744860297 70.8010393958254,22.8854618676861 70.8013317400888,22.885458555053 70.8013245891812,22.884916809529 70.8016169322313,22.884913496446 70.8015990530141,22.8835591326831 70.8018913931126,22.8835558192809 70.8018842406465,22.8830140737947 70.8021765795318,22.8830107599427 70.8021694261239,22.8824690145046 70.8024617637961,22.8824657002028 70.8024546094464,22.8819239548128 70.8027469459055,22.8819206400613 70.8027433682327,22.8816497673953 70.8030357040582,22.8816464521504 70.8030285477164,22.8811047068763 70.8033208823289,22.8811013911817 70.8033173036601,22.8808305185737 70.8036096376389,22.8808272023858 70.803606058445,22.8805563298116 70.804190725081,22.8805496959122 70.8041871447827,22.8802788234156 70.8044794774399,22.8802755057042 70.8044723158476,22.8797337607688 70.8050569786817,22.8797271239099 70.8050533968084,22.8794562515149 70.8056380582664,22.8794496125958 70.8056344752888,22.8791787402784 70.805926805357,22.8791754200572 70.8059232218545,22.8789045477737 70.806215551289,22.8789012270593 70.8062119672615,22.8786303548097 70.8065042960624,22.8786270336022 70.80650071151,22.8783561613865 70.80708536779,22.8783495174482 70.8070817821334,22.8780786453102 70.8076664370373,22.878071999312 70.8076628502766,22.8778011272516 70.8082475038043,22.8777944791935 70.8082439159395,22.8775236072108 70.809120894085,22.8775136312287 70.8091173045369,22.8772427593675 70.8094096298973,22.8772394330102 70.8094060398244,22.876968561183 70.8096983645511,22.8769652343327 70.8096947739534,22.8766943625394 70.8099870980464,22.8766910351961 70.809983506924,22.8764201634369 70.8102758303833,22.8764168356005 70.8102686471436,22.8758750921404 70.8105609693899,22.8758717638548 70.8105573772726,22.8756008921538 70.8108496988853,22.8755975633752 70.8108461062433,22.8753266917084 70.8114307481467,22.8753200326285 70.8114235607096,22.8747782894406 70.8117158804212,22.8747749591832 70.8117122862053,22.8745040876184 70.8120046052832,22.874500756868 70.8120010105427,22.8742298853374 70.812293328987,22.8742265540941 70.8122897337218,22.8739556825974 70.8125820515324,22.8739523508612 70.8125784557427,22.8736814793987 70.8128707729196,22.8736781471696 70.8128671766053,22.8734072757411 70.8131594931485,22.8734039430192 70.8131522995254,22.8728622002206 70.8134446148559,22.8728588670497 70.8134374202929,22.8723171242999 70.8137297344106,22.8723137906799 70.813726136632,22.8720429193342 70.814018450116,22.8720395852214 70.8140112535643,22.8714978425885 70.8143035658356,22.8714945080268 70.8142927696805,22.8706818941359 70.8140004591463,22.870685228566 70.8139896652196,22.8698726144556 70.8142819740168,22.8698692801572 70.8142783755714,22.8695984088114 70.814570683735,22.8695950740202 70.8145634858501,22.8690533313872 70.8148557928012,22.8690499961471 70.8148521933617,22.8687791248598 70.8151444996791,22.8687757891271 70.8151408997153,22.868504917874 70.8154332053992,22.8685015816485 70.8154260044776,22.8679598392008 70.8157183089489,22.8679565025266 70.815711107088,22.8674147601276 70.8160034103469,22.8674114230047 70.8159962075467,22.8668696806545 70.8162885095931,22.8668663430829 70.8162849076961,22.8665954719371 70.8174541130195,22.8665821164608 70.8174505088617,22.866311245481 70.8177428094769,22.8663079053145 70.8177392047949,22.8660370343689 70.8180315047766,22.8660336937099 70.8180278995704,22.8657628227985 70.8183201989185,22.865759481647 70.8183165931881,22.8654886107698 70.8186088919027,22.8654852691257 70.8186052856482,22.8652143982827 70.8188975837292,22.8652110561461 70.8188939769506,22.8649401853374 70.8191862743981,22.8649368427083 70.8191826670954,22.8646659719338 70.8197672606684,22.8646592851541 70.8197636522628,22.8643884144579 70.8200559483884,22.8643850703073 70.8200523394587,22.8641141996453 70.8203446349507,22.8641108550023 70.8203410254971,22.8638399843746 70.8206333203555,22.8638366392391 70.8206297103778,22.8635657686456 70.8209220046027,22.8635624230178 70.820918394101,22.8632915524586 70.8212106876923,22.8632882063383 70.8212070766667,22.8630173358134 70.8214993696243,22.8630139892007 70.8214957580748,22.8627431187101 70.8217880503989,22.862739771605 70.8217844383254,22.8624689011487 70.8223690216517,22.8624622054175 70.8223654084755,22.8621913350395 70.8232422813174,22.8621812875519 70.8232350516572,22.861639547031 70.8235273413374,22.8616361968838 70.8235201107392,22.8610944564121 70.8238123992071,22.8610911058168 70.8238087834116,22.8608202356104 70.8241010712459,22.8608168845227 70.8240974549266,22.8605460143507 70.8246820292732,22.8605393106545 70.8246784118515,22.8602684405609 70.8249706983637,22.8602650879525 70.8249670804182,22.8599942178932 70.8252593662969,22.8599908647925 70.8252557478277,22.8597199947677 70.8255480330728,22.8597166411748 70.8255444140798,22.8594457711843 70.8264212677496,22.85943570732 70.8264176470756,22.8591648374523 70.8270022147568,22.8591581256161 70.8269985929805,22.8588872558269 70.8275831592846,22.8588805419338 70.8275795364061,22.8586096722232 70.827871818897,22.8586063145164 70.8278681954949,22.8583354448403 70.8281604773522,22.8583320866413 70.8281568534264,22.8580612169996 70.8284491346502,22.8580578583086 70.8284455102009,22.8577869887014 70.8296146322312,22.8577735487513 70.8296110055226,22.8575026793112 70.829903285314,22.8574993180272 70.8298960309047,22.8569575792062 70.830188309484,22.8569542174744 70.8301774265473,22.8561416093025 70.8304697033359,22.8561382471672 70.8304660752219,22.8558673778013 70.8307583513769,22.8558640151741 70.8307510941572,22.8553222765015 70.8301665441062,22.8553290010427 70.8301520349556,22.8542455232263 70.8298597621614,22.8542488845156 70.8298452562055,22.8531654063661 70.8295529856701,22.8531687669422 70.8295167304174,22.8504600704431 70.8298089951689,22.8504567103093 70.829776364942,22.848018883024 70.8300686244337,22.8480155227524 70.8300541212287,22.8469320438822 70.8303463783524,22.8469286832515 70.8303536310013,22.8474704226176 70.8306458892264,22.8474670613625 70.830653143252,22.848008800601 70.8303608838704,22.8480121619447 70.8303645103876,22.8482830315936 70.8300722503726,22.8482863924455 70.8300831285195,22.8490990014664 70.8303753902693,22.8490956404818 70.8303790170067,22.8493665100917 70.8306712792797,22.8493631485267 70.8306749066505,22.8496340180826 70.8315516948741,22.8496239300385 70.8315480657684,22.8493530606154 70.8318403278211,22.8493496969062 70.8318366981922,22.8490788275177 70.8321289596116,22.8490754633167 70.8321144393339,22.8479919858422 70.8318221802277,22.8479953498661 70.8318185508743,22.8477244804288 70.8324030678751,22.8477177519337 70.8323994374203,22.8474468825752 70.8326916952598,22.847443517568 70.8326844333591,22.8469017789104 70.8323921766761,22.846905143829 70.8323885463866,22.8466342744413 70.8326808024914,22.846630909567 70.8326735409215,22.8460891708508 70.8329657958147,22.8460858055292 70.8329585333088,22.8455440668626 70.8332507869906,22.8455407010936 70.8332435235489,22.8449989624767 70.8329512710235,22.845002328157 70.832940378009,22.8441897200255 70.8335248795357,22.8441829883947 70.8335176154891,22.8436412497689 70.8338098650135,22.8436378832383 70.8338062324949,22.843367013955 70.834098481386,22.8433636469329</coordinates></LinearRing></outerBoundaryIs><innerBoundaryIs><LinearRing><coordinates>70.8326481271629,22.844193085037 70.8326517575345,22.8444639544682 70.8320672545207,22.8444706829721 70.8320708837911,22.8447415524821 70.8317786316235,22.8447449159744 70.8317750029312,22.8444740464201 70.8314827512866,22.8444774093321 70.8314682393811,22.8433939308399 70.8320527379902,22.8433872048341 70.8320491089953,22.8431163352752 70.8323413576391,22.8431129715128 70.8323449872121,22.8433838410273 70.8326372363789,22.8433804766847 70.8326408665851,22.8436513461452 70.8329331162749,22.8436479812224 70.832940378009,22.8441897200255 70.8326481271629,22.844193085037</coordinates></LinearRing></innerBoundaryIs><innerBoundaryIs><LinearRing><coordinates>70.8023483264397,22.8960126387529 70.8029330596937,22.8960060052529 70.8029438015065,22.8968186216707 70.802651433167,22.8968219388201 70.8026585934873,22.8973636831371 70.8020738543259,22.8973703159984 70.8020774334076,22.8976411882294 70.8017850631656,22.8976445038977 70.8017779062162,22.8971027593387 70.8020702752984,22.8970994437577 70.8020631174063,22.8965576992468 70.8023554852745,22.8965543832156 70.8023483264397,22.8960126387529</coordinates></LinearRing></innerBoundaryIs><innerBoundaryIs><LinearRing><coordinates>70.8309091288706,22.8452967425809 70.8309127559936,22.8455676122388 70.8306205018711,22.8455709737202 70.8306168753263,22.8453001040179 70.8309091288706,22.8452967425809</coordinates></LinearRing></innerBoundaryIs><innerBoundaryIs><LinearRing><coordinates>70.8303246217269,22.845303464919 70.8303209958153,22.8450325951628 70.8306132488365,22.845029234306 70.8306168753263,22.8453001040179 70.8303246217269,22.845303464919</coordinates></LinearRing></innerBoundaryIs><innerBoundaryIs><LinearRing><coordinates>70.8314900075698,22.8450191485197 70.8317822603708,22.8450157855191 70.8317895180307,22.8455575245791 70.8314972640734,22.8455608876683 70.8314900075698,22.8450191485197</coordinates></LinearRing></innerBoundaryIs></Polygon><Polygon><outerBoundaryIs><LinearRing><coordinates>70.7895516729028,22.9013046391254 70.7898440529562,22.9013013454635 70.7898404975302,22.9010304715349 70.7895481180568,22.9010337651534 70.7895516729028,22.9013046391254</coordinates></LinearRing></outerBoundaryIs></Polygon><Polygon><outerBoundaryIs><LinearRing><coordinates>70.7916196867151,22.9029068140137 70.7913273035049,22.9029101111603 70.7913201862589,22.9023683638434 70.790735421997,22.9023749563507 70.7907425369226,22.9029167038409 70.7910349202407,22.9029134077694 70.7910384783646,22.9031842814565 70.7907460944663,22.9031875775714 70.7907532097156,22.9037293250031 70.7919227496257,22.9037161369719 70.7919191896536,22.9034452634342 70.7916268053371,22.903448561205 70.7916196867151,22.9029068140137</coordinates></LinearRing></outerBoundaryIs></Polygon><Polygon><outerBoundaryIs><LinearRing><coordinates>70.7856180048096,22.9135400398412 70.7859104117281,22.9135367517602 70.7859068620017,22.913265877665 70.7856144556637,22.9132691657028 70.7856180048096,22.9135400398412</coordinates></LinearRing></outerBoundaryIs></Polygon><Polygon><outerBoundaryIs><LinearRing><coordinates>70.789194460633,22.9186471442943 70.7891980178224,22.9189180177187 70.7889055998857,22.9189213125809 70.7889127132649,22.9194630594872 70.7886202941131,22.919466353898 70.7886238503029,22.9197372273797 70.7883314305165,22.9197405212958 70.7883349861796,22.9200113948111 70.7892122471191,22.9200015113191 70.7892015750657,22.9191888911335 70.7900788302941,22.9191790031896 70.7900717123777,22.9186372566101 70.789194460633,22.9186471442943</coordinates></LinearRing></outerBoundaryIs></Polygon><Polygon><outerBoundaryIs><LinearRing><coordinates>70.766955817168,22.9402985035139 70.7669523005333,22.940027627538 70.7663673668835,22.9400341404636 70.7663708823555,22.940305016525 70.766955817168,22.9402985035139</coordinates></LinearRing></outerBoundaryIs></Polygon><Polygon><outerBoundaryIs><LinearRing><coordinates>70.8555126387688,22.7843280651809 70.8558047581517,22.784324666631 70.8558010927022,22.7840537986997 70.8555089738955,22.7840571972047 70.8555126387688,22.7843280651809</coordinates></LinearRing></outerBoundaryIs></Polygon><Polygon><outerBoundaryIs><LinearRing><coordinates>70.8539100873049,22.7954540349122 70.8542022306525,22.7954506377313 70.8541985663769,22.7951797699308 70.8539064236059,22.7951831670669 70.8539100873049,22.7954540349122</coordinates></LinearRing></outerBoundaryIs></Polygon><Polygon><outerBoundaryIs><LinearRing><coordinates>70.8360860352915,22.8390061585923 70.8363782744925,22.8390027879932 70.8363710009821,22.8384610498839 70.836663238972,22.8384576788378 70.8366596017217,22.8381868098129 70.8369518390784,22.8381834382755 70.8369482013054,22.8379125692852 70.8372404380289,22.8379091972565 70.8372331614927,22.8373674593355 70.8375253970052,22.8373640868598 70.8375217582421,22.8370932179291 70.8378139931214,22.8370898449621 70.8378030754298,22.8362772382447 70.8380953085202,22.8362738648753 70.8380916688224,22.8360029959944 70.8383839012796,22.8359996221337 70.8383729807841,22.8351870155659 70.8386652114525,22.8351836413028 70.8386615708201,22.8349127724718 70.8389538008553,22.8349093977175 70.8389465186007,22.8343676601151 70.839238747425,22.8343642849141 70.8392314642359,22.8338225473616 70.8395236918494,22.8338191717139 70.8395164077259,22.8332774342112 70.8398086341284,22.8332740581168 70.8397977066248,22.8324614519231 70.8400899312387,22.8324580754265 70.8400790024997,22.8316454692785 70.8403712253251,22.8316420923797 70.8403639386203,22.8311003549878 70.840656160235,22.8310969776425 70.8406342979824,22.8294717654998 70.8409265160757,22.8294683878858 70.840922871983,22.8291975192057 70.8406306544673,22.8292008967752 70.8406233676032,22.8286591592967 70.8409155839635,22.8286557818162 70.8409010085888,22.8275723069203 70.8411932225834,22.8275689290823 70.8411786457839,22.8264854542082 70.8414708574129,22.8264820760128 70.8414526347712,22.8251277324233 70.8417448434572,22.8251243539151 70.841737553633,22.8245826165 70.8420297611086,22.8245792375454 70.8420261157021,22.8243083688678 70.8423183225448,22.8243049894223 70.8423146766162,22.8240341207794 70.8417302640303,22.8240408790459 70.841726619312,22.8237700103042 70.8411422076596,22.8237767663402 70.8411385641516,22.8235058974997 70.8399697424926,22.8235194029689 70.8399661013498,22.8232485339407 70.8428881480621,22.8232147546515 70.8428845012002,22.8229438860587 70.8431767049894,22.8229405052298 70.8431657630036,22.8221278995265 70.8434579650052,22.8221245182959 70.8434397265832,22.8207701754848 70.8437319256424,22.8207667939417 70.8437246295068,22.8202250568381 70.8440168273559,22.8202216748489 70.844005881836,22.819409069254 70.8442980778977,22.8194056868632 70.8442871311448,22.8185930813143 70.843994936815,22.8185964635714 70.8439876404115,22.8180547264008 70.8442798335867,22.8180513442329 70.8442652391356,22.8169678699531 70.8445574299463,22.8169644874283 70.8445464829583,22.8161518817497 70.8442542938793,22.8161552641408 70.8442397009802,22.8150717895878 70.8445318877504,22.8150684073751 70.8445209419266,22.8142558014917 70.8439365717936,22.8142625651145 70.8439292771635,22.8137208276319 70.8442214611034,22.8137174461772 70.8442178132943,22.8134465774658 70.8436334465134,22.8134533397509 70.8436261533699,22.8129116021206 70.8433339710506,22.8129149823713 70.8432975144283,22.810206293189 70.843589690977,22.8102029133838 70.843571461858,22.8088485686497 70.8438636354662,22.8088451885323 70.8438526969287,22.8080325817086 70.8441448687507,22.8080292011899 70.8441412221054,22.8077583322737 70.844433393295,22.8077549512647 70.8444297461281,22.8074840823833 70.8447219166854,22.8074807008839 70.844718268997,22.8072098320374 70.8450104389219,22.8072064500476 70.8450067907121,22.8069355812359 70.8452989600046,22.8069321987558 70.8452953112733,22.806661329979 70.8455874799335,22.8066579470085 70.8455838306807,22.8063870782665 70.8458759987085,22.8063836948057 70.8458723489343,22.8061128260986 70.8461645163298,22.8061094421475 70.8461535656093,22.8052968361015 70.8464457312187,22.8052934517494 70.8464420805126,22.8050225830925 70.8467342454897,22.8050191982501 70.8467269430903,22.8044774609963 70.8470191068581,22.8044740757083 70.8470154551648,22.8042032071115 70.8473076183004,22.8041998213332 70.8473039660857,22.8039289527713 70.847596128589,22.8039255665028 70.8475888231726,22.8033838294389 70.8478809844667,22.803380442725 70.847877331265,22.803109574223 70.8481694919268,22.8031061870189 70.8481585309245,22.8022935815886 70.8484506898004,22.8022901939837 70.8484433815896,22.8017484570707 70.8487355392565,22.8017450690203 70.8487282301144,22.8012033321577 70.8490203865723,22.8011999436619 70.8490130764989,22.8006582068497 70.8493052317479,22.8006548179084 70.8492979207433,22.8001130811466 70.8495900747833,22.80010969176 70.8495864187876,22.7998388234092 70.8498785721953,22.7998354335325 70.8498712592174,22.799293696891 70.8501634114162,22.799290306569 70.8501560975073,22.7987485699779 70.8504482484972,22.7987451792106 70.8504445910494,22.7984743109452 70.8507367414071,22.7984709196879 70.8507330834383,22.7982000514574 70.8510252331638,22.7981966597101 70.8510179162398,22.7976549233094 70.8513100647564,22.7976515311169 70.8513027469017,22.7971097947667 70.8515948942095,22.797106402129 70.851587575424,22.7965646658292 70.851879721523,22.7965612727463 70.8518724018069,22.7960195364971 70.8521645466972,22.7960161429691 70.8521572260504,22.7954744067703 70.852449369732,22.7954710127972 70.8524457089156,22.795200144728 70.8527378519649,22.795196750265 70.8527451748065,22.7957384863042 70.8530373189533,22.7957350912171 70.8530409810341,22.7960059591772 70.8533331257018,22.7960025635107 70.8533294630445,22.7957316955953 70.8539137510597,22.7957249027478 70.8539100873049,22.7954540349122 70.8530336569282,22.7954642232471 70.8530263330449,22.794922487278 70.8527341906276,22.7949258822308 70.85272686812,22.7943841461331 70.8530190093842,22.7943807512699 70.8530043627307,22.7932972791366 70.8532965016333,22.7932938839179 70.8532855154983,22.7924812798499 70.855330474152,22.7924574992921 70.8553268081833,22.7921866315636 70.8535739901058,22.7922070162337 70.8535520162143,22.7905818080447 70.8538441492414,22.7905784122048 70.8538258363143,22.7892240720032 70.8541179664039,22.7892206758529 70.8540923266103,22.7873245994747 70.8543844526102,22.7873212031036 70.85435514872,22.7851542584448 70.8546472700543,22.7851508618979 70.8546179651187,22.7829839169737 70.8549100817881,22.782980520251 70.8548881019689,22.7813553114173 70.8551802151259,22.7813519144293 70.8551655607228,22.7802684418578 70.8554576715199,22.7802650445149 70.8554466795744,22.7794524401185 70.8557387885877,22.7794490423758 70.8557241311364,22.7783655698901 70.8560162377899,22.7783621717926 70.8560089082467,22.777820435581 70.8563010136926,22.777817037039 70.8562900180678,22.7770044327831 70.8565821217301,22.7770010338415 70.8565747904404,22.7764592977118 70.8568668928951,22.7764558983259 70.8568595606766,22.775914162247 70.8571516619238,22.7759107624166 70.8571443287764,22.7753690263885 70.8574364288161,22.7753656261138 70.85742909474,22.7748238901364 70.8577211935722,22.7748204894174 70.8577138585675,22.7742787534907 70.8580059561922,22.7742753523274 70.8579986202589,22.7737336164516 70.8582907166761,22.773730214844 70.8582870482173,22.7734593469364 70.858579144003,22.7734559448397 70.8585754750242,22.7731850769672 70.8588675701782,22.7731816743813 70.8588602312364,22.772639938697 70.859152325183,22.7726365356669 70.85914865522,22.772365667855 70.859440748535,22.7723622643359 70.8594334076249,22.7718205287727 70.8597254997326,22.7718171248094 70.8597181578943,22.7712753892972 70.8600102487946,22.7712719848897 70.8600065773835,22.7710011171639 70.8602986676522,22.7709977122674 70.860291323846,22.7704559768765 70.8605834129075,22.7704525715359 70.8605797405124,22.7701817038708 70.8611639173163,22.7701748916776 70.861156570391,22.769633156498 70.8614486575578,22.7696297496904 70.8614413097046,22.7690880145617 70.8617333956641,22.7690846073102 70.861726046883,22.7685428722325 70.8620181316354,22.768539464537 70.8620144567531,22.7682685970285 70.8623065408738,22.7682651888441 70.8623028654717,22.7679943213708 70.8628870323943,22.7679875034903 70.8628833558969,22.7677166360973 70.8631754386987,22.7677132264012 70.8631717616816,22.7674423590435 70.8634638438518,22.7674389488585 70.863460166315,22.767168081536 70.8637522478537,22.7671646708622 70.8637448917967,22.7666229362781 70.8643290524038,22.7666161135089 70.8643327315556,22.7668869807158 70.8646248123508,22.7668835684853 70.8646211326235,22.7666127013235 70.8649132127872,22.7666092886043 70.8649058523493,22.7660675543416 70.8651979313059,22.7660641411786 70.8651942505953,22.7657932740777 70.8654863289203,22.765789860426 70.8654826476902,22.7655189933604 70.8660668030212,22.7655121645455 70.8660520740564,22.7644286965464 70.8657599987211,22.7644321110405 70.8657563171954,22.7641612439712 70.8654642423796,22.7641646578864 70.8654605614854,22.7638937907623 70.8651684871891,22.7638972040986 70.8651648069264,22.7636263369197 70.8648727331496,22.7636297496772 70.8648690535184,22.7633588824435 70.8645769802611,22.763362294622 70.8645733012613,22.7630914273335 70.8642812285236,22.7630948389333 70.8642775501553,22.76282397159 70.8631092609466,22.762837612471 70.863112937013,22.7631084799944 70.8628208639955,22.7631118889253 70.8628245395424,22.7633827564839 70.8619483184282,22.7633929802088 70.8619519923045,22.7636638478927 70.8622440666407,22.7636604404732 70.862251415712,22.7642021757219 70.8619593402249,22.7642055832314 70.8619630142689,22.7644764508861 70.8616709381503,22.7644798579067 70.8616782852549,22.7650215932769 70.8613862079294,22.7650249998537 70.86138988099,22.7652958675691 70.8610978030331,22.7652992736571 70.8611051481708,22.7658410091486 70.8608130690069,22.7658444147927 70.8608167410839,22.7661152825688 70.8605246612887,22.766118687724 70.8605320044591,22.7666604233369 70.8602399234568,22.7666638280481 70.8602435945502,22.7669346958849 70.8599515129165,22.7669381001072 70.8599551834901,22.7672089679792 70.859663101225,22.7672123717125 70.8596704413885,22.7677541075172 70.8593783579163,22.7677575108065 70.8593820275061,22.7680283787391 70.8590899434025,22.7680317815395 70.8590972815983,22.7685735174654 70.8588051962875,22.7685769198216 70.8588125335553,22.7691186557984 70.8585204470374,22.7691220577106 70.8585241151793,22.7693929257292 70.8582320280299,22.7693963271523 70.858235695652,22.7696671952062 70.8579436078711,22.7696705961403 70.8579509421311,22.7702123323085 70.857658853143,22.7702157327984 70.8576625197809,22.7704866009128 70.8573704301615,22.7704900009136 70.8573777624531,22.7710317372029 70.8570856716264,22.7710351367595 70.8570930029896,22.7715768730996 70.8568009109557,22.7715802722119 70.8568045761451,22.7718511404122 70.8565124834797,22.7718545390354 70.8565198128743,22.7723962754965 70.8562277190016,22.7723996736754 70.8562313832067,22.7726705419362 70.8559392887024,22.7726739396259 70.8559466161283,22.773215676208 70.8556545204166,22.7732190734533 70.8556581836373,22.7734899417746 70.8550739908954,22.7734967347529 70.8550776530201,22.773767603154 70.8547855559898,22.7737709988869 70.8548002027423,22.7748544725734 70.8545081033529,22.7748578679515 70.8545190872743,22.7756704732485 70.8542269861016,22.7756738682269 70.8542343078425,22.7762156051325 70.8539422054623,22.7762189996664 70.853949526274,22.7767607366226 70.8536574226864,22.776764130712 70.853672062674,22.7778476046865 70.8533799567269,22.777850998421 70.8533909355741,22.7786636039339 70.8530988278434,22.7786669972685 70.8531098054634,22.7794796028281 70.852817695949,22.7794829957629 70.8528396492351,22.7811082068876 70.8525475362089,22.7811115995568 70.8525841237089,22.7838202844326 70.8522920048659,22.7838236770151 70.8523029804722,22.7846362824221 70.852010859845,22.7846396746046 70.8520328091022,22.7862648854239 70.8517406849622,22.7862682773406 70.8517553166077,22.7873517512042 70.851463190107,22.7873551427655 70.8514778203371,22.7884386166521 70.8511856914756,22.7884420078579 70.8512039776328,22.7897963502205 70.8509118458341,22.7897997411156 70.8509301304993,22.7911540834582 70.8506379957631,22.7911574740424 70.8506562789361,22.7925118163649 70.8503641412622,22.7925152066382 70.8503751101037,22.7933278120488 70.8500829706449,22.7933312019218 70.850097594239,22.794414675845 70.8498054524187,22.7944180653622 70.8498127633961,22.7949598023547 70.8495206203672,22.7949631914267 70.8495279304139,22.7955049284696 70.8492357861764,22.7955083170964 70.8492430952921,22.7960500541897 70.848950949846,22.7960534423712 70.8489582580308,22.7965951795149 70.848666111376,22.7965985672511 70.8486734186298,22.7971403044452 70.8483812707663,22.7971436917361 70.8483849238999,22.7974145603632 70.8480927754042,22.7974179471641 70.8480964280168,22.7976888158261 70.847804278889,22.797692202137 70.8478079309804,22.7979630708339 70.8475157812205,22.7979664566547 70.8475230844167,22.7985081941086 70.847230933448,22.7985115794841 70.8472272823988,22.7982407107173 70.8466429814482,22.7982474797747 70.8466466313442,22.7985183486307 70.846354480209,22.798521732402 70.8463581295838,22.7987926012929 70.8454816741157,22.7988027495321 70.8454962652493,22.7998862255336 70.845204111009,22.799889607389 70.8452077583544,22.8001604764096 70.844915603482,22.8001638577748 70.8449228971855,22.8007055958759 70.8446307411043,22.8007089767955 70.8446343874625,22.8009798458761 70.8443422307491,22.8009832263055 70.844345876586,22.8012540954209 70.8440537192405,22.8012574753601 70.844057364556,22.8015283445103 70.8437652065784,22.8015317239593 70.8437688513726,22.8018025931443 70.8431845340977,22.8018093505269 70.8431881777937,22.8020802197913 70.8428960184964,22.802083597725 70.8428996616711,22.8023544670242 70.8426075017417,22.8023578444676 70.842611144395,22.8026287138015 70.8423189838335,22.8026320907546 70.8423226259653,22.8029029601234 70.8420304647716,22.8029063365862 70.842034106382,22.8031772059897 70.8417419445562,22.8031805819622 70.8417455856452,22.8034514514005 70.8414534231872,22.8034548268826 70.8414570637547,22.8037256963557 70.8411649006646,22.8037290713475 70.8411685407106,22.8039999408553 70.8408763769883,22.8040033153567 70.8408800165128,22.8042741848993 70.8405878521584,22.8042775589103 70.8405914911614,22.8045484284876 70.8402993261749,22.8045518020083 70.8403029646563,22.8048226716204 70.8400107990376,22.8048260446506 70.8400180750126,22.8053677839344 70.8397259081849,22.8053711565187 70.8397331832272,22.8059128958525 70.8394410151905,22.8059162679908 70.8394446522177,22.8061871376875 70.8391524835488,22.8061905093354 70.8391743034111,22.8078157275778 70.8394664755415,22.8078123556631 70.8394810255295,22.8088958341186 70.8397731999126,22.8088924614911 70.8397841147149,22.8097050700969 70.8400762907737,22.8097016968011 70.8400944861018,22.8110560440601 70.8403866649904,22.8110526700068 70.8404048645863,22.8124070167996 70.840697046305,22.8124036419889 70.8407079684576,22.8132162498141 70.8410001518523,22.8132128743347 70.8410037932576,22.8134837435458 70.8412959771741,22.8134803674868 70.8413069034533,22.814292974928 70.841599089046,22.8142895982004 70.8416100175547,22.8151022054203 70.8419022048235,22.815098828024 70.8419313545667,22.8172657798251 70.8422235463978,22.8172624015374 70.8422271909421,22.8175332704242 70.8419349985337,22.8175366487564 70.8419495749553,22.8186201243839 70.8416573801824,22.818623502359 70.8416610238489,22.818894371286 70.8402000462677,22.8189112533552 70.840203687103,22.819182122495 70.8396192945287,22.8191888716648 70.8396229342647,22.8194597408837 70.8393307373172,22.8194631147102 70.8393380158004,22.8200048532078 70.839045817643,22.8200082265879 70.8390567340503,22.8208208343946 70.8387645341055,22.8208242073728 70.8387754492781,22.821636815225 70.8384832475459,22.8216401878012 70.8384941614838,22.822452795699 70.8382019579641,22.8224561678732 70.8382055954765,22.8227270371974 70.8384977995736,22.8227236649787 70.8385014377186,22.8229945342487 70.8390858469019,22.8229877881165 70.8390894862571,22.8232586572878 70.838212870667,22.8232687758165 70.8382383355743,22.8251648606762 70.8379461262246,22.8251682327594 70.8379570388527,22.8259808405434 70.8382492499349,22.8259774683269 70.8382528881656,22.8262483375243 70.8379606765058,22.8262517097853 70.8379679519779,22.8267934482397 70.8382601647928,22.8267900758899 70.8382674416411,22.8273318142164 70.8379752276711,22.8273351866551 70.8380043326538,22.8295021399264 70.8382965512448,22.8294987671323 70.8383111073731,22.8305822433561 70.8380188864714,22.830585616328 70.8380298024148,22.8313982235267 70.8377375797247,22.8314015960964 70.8377484944323,22.8322142033406 70.8374562699538,22.8322175755079 70.8374599077224,22.8324884446143 70.8371676826109,22.8324918162904 70.837178594515,22.8333044236841 70.8368863676149,22.8333077949578 70.836890004449,22.833578664114 70.8365977769159,22.8335820348965 70.8366050495941,22.8341237732683 70.8363128208502,22.8341271436039 70.8363164566943,22.8343980128196 70.8360242273175,22.834401382664 70.836027862639,22.8346722519143 70.8357356326291,22.8346756212674 70.8357392674279,22.8349464905523 70.8351548060869,22.8349532277403 70.8351584397853,22.8352240971042 70.8348662084541,22.835227464939 70.8348734748607,22.8357692037263 70.8345812423187,22.8357725711142 70.8345885077903,22.8363143099512 70.8342962740374,22.836317676892 70.8343035385738,22.8368594157787 70.8337190685909,22.8368661482305 70.8337226997861,22.8371370177479 70.833430464134,22.8371403832146 70.8334340948064,22.8374112527665 70.8331418585213,22.8374146177418 70.8331491188757,22.8379563569051 70.8328568813796,22.8379597214332 70.8328641407985,22.8385014606461 70.8334486180473,22.8384947308768 70.8334522489954,22.83876560038 70.8337444881151,22.8387622346473 70.8337481196963,22.8390331040964 70.8343325989261,22.8390263709351 70.834328966189,22.8387555015747 70.8352056828862,22.8387453979474 70.8352165864647,22.8395580056001 70.8358010674547,22.8395512669035 70.8357974317174,22.8392803977844 70.8360896715516,22.8392770276767 70.8360860352915,22.8390061585923</coordinates></LinearRing></outerBoundaryIs></Polygon><Polygon><outerBoundaryIs><LinearRing><coordinates>70.8453573472466,22.8112660978589 70.8453536976281,22.8109952292381 70.8450615196809,22.8109986123873 70.8450651687223,22.8112694810527 70.8453573472466,22.8112660978589</coordinates></LinearRing></outerBoundaryIs></Polygon><Polygon><outerBoundaryIs><LinearRing><coordinates>70.8450834147613,22.8126238242334 70.8450688178192,22.8115403497083 70.8447766386624,22.8115437324116 70.8447839358684,22.8120854697828 70.844491755502,22.8120888520402 70.8445099966016,22.8134431955206 70.8448021798535,22.8134398130402 70.8447985309456,22.8131689444083 70.8453828961289,22.8131621779315 70.8453755961709,22.8126204408167 70.8450834147613,22.8126238242334</coordinates></LinearRing></outerBoundaryIs></Polygon><Polygon><outerBoundaryIs><LinearRing><coordinates>70.8026324872895,22.8732527099125 70.8026360632802,22.8735235828808 70.802928381728,22.8735202689438 70.802931958352,22.8737911418588 70.803808915107,22.8737811966968 70.8038053367455,22.8735103239127 70.8035130184606,22.8735136394598 70.8035094407326,22.8732427666223 70.8026324872895,22.8732527099125</coordinates></LinearRing></outerBoundaryIs></Polygon><Polygon><outerBoundaryIs><LinearRing><coordinates>70.803808915107,22.8737811966968 70.8038124935228,22.8740520694712 70.8041048129117,22.8740487533001 70.8041012339168,22.8737778805694 70.803808915107,22.8737811966968</coordinates></LinearRing></outerBoundaryIs></Polygon><Polygon><outerBoundaryIs><LinearRing><coordinates>70.8043971322463,22.8740454365923 70.8041048129117,22.8740487533001 70.8041119710644,22.8745904987323 70.8044042915573,22.8745871819372 70.8044078712942,22.8748580545951 70.804700192312,22.8748547372196 70.804693031734,22.8743129919815 70.8044007118746,22.8743163092696 70.8043971322463,22.8740454365923</coordinates></LinearRing></outerBoundaryIs></Polygon><Polygon><outerBoundaryIs><LinearRing><coordinates>70.8061203952374,22.8938025088826 70.8061168087985,22.8935316371259 70.805239726284,22.8935416031219 70.8052433109836,22.8938124750097 70.8061203952374,22.8938025088826</coordinates></LinearRing></outerBoundaryIs></Polygon><Polygon><outerBoundaryIs><LinearRing><coordinates>70.8049509494569,22.8938157959775 70.804954533631,22.8940866678992 70.8052468957375,22.8940833468877 70.8052433109836,22.8938124750097 70.8049509494569,22.8938157959775</coordinates></LinearRing></outerBoundaryIs></Polygon></MultiGeometry>
  </Placemark>
</Folder>
</Document></kml>
