{
"type": "FeatureCollection",
"name": "flood_extent",
"crs": { "type": "name", "properties": { "name": "urn:ogc:def:crs:OGC:1.3:CRS84" } },
"features": [
{ "type": "Feature", "properties": { "cls": 1, "depth_cls": "0.1-0.5 m", "area_km2": 0.48, "scenario": "S0_release" }, "geometry": { "type": "MultiPolygon", "coordinates": [ [ [ [ 70.773234841944841, 22.928308207518935 ], [ 70.773527282526899, 22.928304940246534 ], [ 70.773520227274787, 22.927763189396959 ], [ 70.773227787854609, 22.927766456583566 ], [ 70.773234841944841, 22.928308207518935 ] ] ], [ [ [ 70.773823251342677, 22.928572547803192 ], [ 70.774115692398752, 22.928569279411505 ], [ 70.774112163530617, 22.928298404087172 ], [ 70.773819723055496, 22.928301672435943 ], [ 70.773823251342677, 22.928572547803192 ] ] ], [ [ [ 70.775584960583103, 22.929094679570262 ], [ 70.77587740248012, 22.929091407863531 ], [ 70.775870337611934, 22.928549657759415 ], [ 70.77557789687684, 22.928552929380238 ], [ 70.775584960583103, 22.929094679570262 ] ] ], [ [ [ 70.775588492516505, 22.929365554650651 ], [ 70.775584960583103, 22.929094679570262 ], [ 70.775292518632568, 22.9290979507388 ], [ 70.775296049985016, 22.929368825862138 ], [ 70.775588492516505, 22.929365554650651 ] ] ], [ [ [ 70.772963561376969, 22.92993672708263 ], [ 70.772960034565429, 22.929665851635427 ], [ 70.772667590971665, 22.929669118045918 ], [ 70.772671117202208, 22.929939993535999 ], [ 70.772963561376969, 22.92993672708263 ] ] ], [ [ [ 70.773256005498283, 22.929933460091036 ], [ 70.773548449566164, 22.929930192561216 ], [ 70.773544921592631, 22.92965931719981 ], [ 70.773252478105761, 22.929662584686731 ], [ 70.773256005498283, 22.929933460091036 ] ] ], [ [ [ 70.774718225302948, 22.929917117059677 ], [ 70.774714695005471, 22.929646241869957 ], [ 70.774422251732489, 22.929649511509748 ], [ 70.774425781448983, 22.929920386742396 ], [ 70.774718225302948, 22.929917117059677 ] ] ], [ [ [ 70.779108415754308, 22.930138881767395 ], [ 70.779104876688407, 22.929868007232248 ], [ 70.778812433637768, 22.92987128498828 ], [ 70.778815972122672, 22.930142159566461 ], [ 70.779108415754308, 22.930138881767395 ] ] ], [ [ [ 70.773847950849998, 22.93046867510089 ], [ 70.77414039597295, 22.930465406408782 ], [ 70.774133337541514, 22.929923655886888 ], [ 70.773840893580569, 22.929926924493166 ], [ 70.773847950849998, 22.93046867510089 ] ] ], [ [ [ 70.778819510661194, 22.930413034134894 ], [ 70.778815972122672, 22.930142159566461 ], [ 70.778523528437418, 22.930145436827313 ], [ 70.778527066394943, 22.930416311438773 ], [ 70.778819510661194, 22.930413034134894 ] ] ], [ [ [ 70.777942177701632, 22.930422864431826 ], [ 70.777945714550739, 22.930693739119569 ], [ 70.778530604406086, 22.930687186040473 ], [ 70.778527066394943, 22.930416311438773 ], [ 70.777942177701632, 22.930422864431826 ] ] ], [ [ [ 70.777656805864368, 22.930967889572752 ], [ 70.77794925145345, 22.930964613797556 ], [ 70.777945714550739, 22.930693739119569 ], [ 70.777653269542682, 22.930697014851752 ], [ 70.777656805864368, 22.930967889572752 ] ] ], [ [ [ 70.777367896015932, 22.931242039563951 ], [ 70.777364360221696, 22.930971164809701 ], [ 70.77707191452545, 22.930974439508404 ], [ 70.777075449738675, 22.931245314305652 ], [ 70.777367896015932, 22.931242039563951 ] ] ], [ [ [ 70.776783003407829, 22.931248588509092 ], [ 70.776786538093575, 22.931519463339573 ], [ 70.77707898500546, 22.931516189093141 ], [ 70.777075449738675, 22.931245314305652 ], [ 70.776783003407829, 22.931248588509092 ] ] ], [ [ [ 70.77444696087116, 22.9315456379335 ], [ 70.774739408211261, 22.931542367993185 ], [ 70.774735877592803, 22.931271492861981 ], [ 70.774443430833756, 22.931274762759362 ], [ 70.77444696087116, 22.9315456379335 ] ] ], [ [ [ 70.776790072832867, 22.931790338160297 ], [ 70.776786538093575, 22.931519463339573 ], [ 70.776494091128143, 22.931522737047739 ], [ 70.776497625286396, 22.931793611911441 ], [ 70.776790072832867, 22.931790338160297 ] ] ], [ [ [ 70.772702855681658, 22.932377872507992 ], [ 70.772699328970205, 22.93210699710567 ], [ 70.77240688009374, 22.932110263363871 ], [ 70.772410406224139, 22.932381138809085 ], [ 70.772702855681658, 22.932377872507992 ] ] ], [ [ [ 70.77591979618569, 22.93234190766897 ], [ 70.776212245001389, 22.932338634908422 ], [ 70.776208711317096, 22.932067760021251 ], [ 70.775916263082465, 22.932071032738826 ], [ 70.77591979618569, 22.93234190766897 ] ] ], [ [ [ 70.770951681413649, 22.932668337889922 ], [ 70.770948158135241, 22.932397462240161 ], [ 70.770655708357268, 22.932400725311499 ], [ 70.77065923105458, 22.932671601004106 ], [ 70.770951681413649, 22.932668337889922 ] ] ], [ [ [ 70.775630879892134, 22.932616054854574 ], [ 70.775627347316458, 22.932345179891222 ], [ 70.77533489839368, 22.932348451575191 ], [ 70.775338430388302, 22.932619326581495 ], [ 70.775630879892134, 22.932616054854574 ] ] ], [ [ [ 70.773583732241718, 22.932638945638868 ], [ 70.773876182066516, 22.932635677141707 ], [ 70.773872652977303, 22.932364801920748 ], [ 70.773580203733587, 22.932368070374991 ], [ 70.773583732241718, 22.932638945638868 ] ] ], [ [ [ 70.775341962436414, 22.932890201578047 ], [ 70.775338430388302, 22.932619326581495 ], [ 70.775045980830939, 22.932622597770127 ], [ 70.775049512297969, 22.932893472809628 ], [ 70.775341962436414, 22.932890201578047 ] ] ], [ [ [ 70.779728708086012, 22.932841068508523 ], [ 70.779725167321672, 22.932570194157027 ], [ 70.779432718567989, 22.932573473420018 ], [ 70.779436258751261, 22.932844347814573 ], [ 70.779728708086012, 22.932841068508523 ] ] ], [ [ [ 70.769507031749725, 22.934039027251089 ], [ 70.769799485227793, 22.934035766076043 ], [ 70.769795964006974, 22.933764890303706 ], [ 70.769503511110045, 22.933768151435938 ], [ 70.769507031749725, 22.934039027251089 ] ] ], [ [ [ 70.776828958500218, 22.934769960544479 ], [ 70.777121412385242, 22.934766685782172 ], [ 70.777117876475614, 22.934495811111738 ], [ 70.776825423171729, 22.934499085831053 ], [ 70.776828958500218, 22.934769960544479 ] ] ], [ [ [ 70.768678941142113, 22.937841069732091 ], [ 70.768971402916932, 22.937837809572947 ], [ 70.76896788269292, 22.937566933808707 ], [ 70.768675421499339, 22.937570193925055 ], [ 70.768678941142113, 22.937841069732091 ] ] ], [ [ [ 70.773358323134545, 22.937788842573589 ], [ 70.773354794191761, 22.937517967452113 ], [ 70.773062333799089, 22.937521235644866 ], [ 70.773065862160621, 22.937792110809244 ], [ 70.773358323134545, 22.937788842573589 ] ] ], [ [ [ 70.768682460838207, 22.938111945529382 ], [ 70.768678941142113, 22.937841069732091 ], [ 70.768386479313961, 22.937844329352806 ], [ 70.768389998428788, 22.938115205192879 ], [ 70.768682460838207, 22.938111945529382 ] ] ], [ [ [ 70.763136192225971, 22.938986416830101 ], [ 70.763132683414497, 22.938715540250303 ], [ 70.76284021883103, 22.938718789768593 ], [ 70.762843727061195, 22.938989666391048 ], [ 70.763136192225971, 22.938986416830101 ] ] ], [ [ [ 70.772202585923637, 22.938885413360207 ], [ 70.772199059092131, 22.938614538106197 ], [ 70.771906596160647, 22.938617804316738 ], [ 70.771910122410873, 22.938888679613626 ], [ 70.772202585923637, 22.938885413360207 ] ] ], [ [ [ 70.763432166783517, 22.939254043258074 ], [ 70.76342865733757, 22.938983166730686 ], [ 70.763136192225971, 22.938986416830101 ], [ 70.763139701090594, 22.939257293400157 ], [ 70.763432166783517, 22.939254043258074 ] ] ], [ [ [ 70.762558277300457, 22.939534668714494 ], [ 70.762850743681, 22.939531419606727 ], [ 70.762847235344523, 22.939260543003758 ], [ 70.762554769545304, 22.939263792068882 ], [ 70.762558277300457, 22.939534668714494 ] ] ], [ [ [ 70.768411114237409, 22.939740460028542 ], [ 70.768407594802682, 22.939469584246979 ], [ 70.768115129433497, 22.939472843585939 ], [ 70.768118648286915, 22.939743719410284 ], [ 70.768411114237409, 22.939740460028542 ] ] ], [ [ [ 70.765782433020632, 22.940040651235236 ], [ 70.765778918764539, 22.939769775078638 ], [ 70.765486452334571, 22.939773029613985 ], [ 70.765489966009341, 22.940043905813301 ], [ 70.765782433020632, 22.940040651235236 ] ] ], [ [ [ 70.771346346872519, 22.94052046259597 ], [ 70.771638813980019, 22.940517197162311 ], [ 70.771635287990591, 22.940246321881077 ], [ 70.77134282146443, 22.940249587271872 ], [ 70.771346346872519, 22.94052046259597 ] ] ], [ [ [ 70.771349872334014, 22.940791337910309 ], [ 70.771346346872519, 22.94052046259597 ], [ 70.771053879711602, 22.940523727491122 ], [ 70.771057404591758, 22.940794602848314 ], [ 70.771349872334014, 22.940791337910309 ] ] ], [ [ [ 70.767843774443094, 22.941101357442864 ], [ 70.767840255904488, 22.940830481624502 ], [ 70.76754778752202, 22.940833740100345 ], [ 70.767551305479259, 22.941104615961475 ], [ 70.767843774443094, 22.941101357442864 ] ] ], [ [ [ 70.770771985553864, 22.941339618018628 ], [ 70.771064454512256, 22.941336353533448 ], [ 70.771060929525305, 22.941065478195753 ], [ 70.770768461148293, 22.941068742638098 ], [ 70.770771985553864, 22.941339618018628 ] ] ], [ [ [ 70.766969884239501, 22.941382007320016 ], [ 70.766966367391717, 22.941111131383124 ], [ 70.766673898268039, 22.941114388286159 ], [ 70.766677414534456, 22.941385264265801 ], [ 70.766969884239501, 22.941382007320016 ] ] ], [ [ [ 70.770493612372789, 22.942426383561237 ], [ 70.770486564350676, 22.94188463278277 ], [ 70.770194094122772, 22.941887896276565 ], [ 70.770201140982081, 22.942429647140695 ], [ 70.770493612372789, 22.942426383561237 ] ] ], [ [ [ 70.769919238483041, 22.943245536533141 ], [ 70.770211711671379, 22.943242273363758 ], [ 70.7702046644918, 22.942700522558145 ], [ 70.769912192466307, 22.942703785641875 ], [ 70.769919238483041, 22.943245536533141 ] ] ], [ [ [ 70.769929807908397, 22.944058162796875 ], [ 70.769919238483041, 22.943245536533141 ], [ 70.769626765241327, 22.943248799163953 ], [ 70.769630287748299, 22.94351967463777 ], [ 70.769337813871786, 22.943522936772816 ], [ 70.769341335850683, 22.943793812279694 ], [ 70.769633810308648, 22.943790550101834 ], [ 70.769637332922343, 22.944061425556146 ], [ 70.769929807908397, 22.944058162796875 ] ] ], [ [ [ 70.766124113293898, 22.943829660688994 ], [ 70.766120597710952, 22.943558784711644 ], [ 70.765828123194822, 22.943562040383647 ], [ 70.765831638196303, 22.943832916403728 ], [ 70.766124113293898, 22.943829660688994 ] ] ], [ [ [ 70.769351902107459, 22.944606438741801 ], [ 70.769644378309806, 22.944603176435507 ], [ 70.769637332922343, 22.944061425556146 ], [ 70.769344857882928, 22.94406468777682 ], [ 70.769351902107459, 22.944606438741801 ] ] ], [ [ [ 70.765852729323399, 22.945458172319405 ], [ 70.765849214002444, 22.945187296357837 ], [ 70.765556735944187, 22.945190551747583 ], [ 70.765560250683663, 22.945461427751866 ], [ 70.765852729323399, 22.945458172319405 ] ] ], [ [ [ 70.769077034439277, 22.945964077965296 ], [ 70.76907351261508, 22.945693202493644 ], [ 70.769365991196764, 22.945689940554729 ], [ 70.769351902107459, 22.944606438741801 ], [ 70.769059425851765, 22.944609700509492 ], [ 70.769069990844244, 22.945422327012235 ], [ 70.76877751279072, 22.945425588369698 ], [ 70.768784555222723, 22.945967339408366 ], [ 70.769077034439277, 22.945964077965296 ] ] ], [ [ [ 70.768499117435141, 22.946512351398006 ], [ 70.768791597868102, 22.946509090408 ], [ 70.768784555222723, 22.945967339408366 ], [ 70.768492075952835, 22.94597060031278 ], [ 70.768499117435141, 22.946512351398006 ] ] ], [ [ [ 70.768499117435141, 22.946512351398006 ], [ 70.768206636948847, 22.946515611849346 ], [ 70.768220718227198, 22.947599114073888 ], [ 70.76851320103971, 22.9475958534514 ], [ 70.768499117435141, 22.946512351398006 ] ] ], [ [ [ 70.767938795135208, 22.948415000852005 ], [ 70.76823127974582, 22.948411740639873 ], [ 70.768224238680077, 22.947869989605639 ], [ 70.767931755232638, 22.947873249732215 ], [ 70.767938795135208, 22.948415000852005 ] ] ], [ [ [ 70.767963436473607, 22.950311129464019 ], [ 70.767670947738253, 22.950314389436851 ], [ 70.767677987437153, 22.950856140466609 ], [ 70.767970477335879, 22.950852880408224 ], [ 70.767963436473607, 22.950311129464019 ] ] ], [ [ [ 70.767984559700238, 22.951936382179564 ], [ 70.768277051872445, 22.951933121411276 ], [ 70.768262967181286, 22.950849619811059 ], [ 70.767970477335879, 22.950852880408224 ], [ 70.767984559700238, 22.951936382179564 ] ] ], [ [ [ 70.767702628062665, 22.952752268763451 ], [ 70.767995122033383, 22.95274900840564 ], [ 70.76798808042463, 22.952207257598012 ], [ 70.767695587617396, 22.952210517870277 ], [ 70.767702628062665, 22.952752268763451 ] ] ], [ [ [ 70.765362674378324, 22.952778332228128 ], [ 70.765359158782971, 22.952507456444462 ], [ 70.765066664914485, 22.952510711910101 ], [ 70.765070179928102, 22.952781587736471 ], [ 70.765362674378324, 22.952778332228128 ] ] ], [ [ [ 70.789227306341999, 22.898870065761759 ], [ 70.789230860176829, 22.899140939854984 ], [ 70.789523235644054, 22.899137647076859 ], [ 70.789526790112745, 22.899408521117049 ], [ 70.789819166106042, 22.899405227758237 ], [ 70.789812056062587, 22.898863479754677 ], [ 70.789227306341999, 22.898870065761759 ] ] ], [ [ [ 70.790403917930902, 22.899398639428377 ], [ 70.790696293762451, 22.899395344457329 ], [ 70.790692736973838, 22.89912447059033 ], [ 70.790400361722277, 22.899127765518063 ], [ 70.790403917930902, 22.899398639428377 ] ] ], [ [ [ 70.789237968008166, 22.899682688012174 ], [ 70.789234414065547, 22.899411813938453 ], [ 70.78894203796446, 22.899415106222442 ], [ 70.788945591327092, 22.899685980339434 ], [ 70.789237968008166, 22.899682688012174 ] ] ], [ [ [ 70.787191330109422, 22.899705723017188 ], [ 70.787187780226745, 22.899434848640702 ], [ 70.786895403748687, 22.899438137162797 ], [ 70.786898953051363, 22.899709011582502 ], [ 70.787191330109422, 22.899705723017188 ] ] ], [ [ [ 70.787779635160561, 22.899970018554558 ], [ 70.788072012637102, 22.89996672833373 ], [ 70.788068460960602, 22.899695854096709 ], [ 70.787776084064049, 22.89969914427429 ], [ 70.787779635160561, 22.899970018554558 ] ] ], [ [ [ 70.787487257630175, 22.89997330823795 ], [ 70.787483707113665, 22.899702433914449 ], [ 70.787191330109422, 22.899705723017188 ], [ 70.787194880045931, 22.899976597383926 ], [ 70.787487257630175, 22.89997330823795 ] ] ], [ [ [ 70.790706964451914, 22.900207965999826 ], [ 70.790699850605009, 22.899666218314579 ], [ 70.790407474193472, 22.899669513328934 ], [ 70.790414586880374, 22.900211261100797 ], [ 70.790706964451914, 22.900207965999826 ] ] ], [ [ [ 70.789537453842243, 22.90022114317912 ], [ 70.788952698213961, 22.900227728544174 ], [ 70.788949144743583, 22.899956854446682 ], [ 70.78865676742862, 22.899960146279792 ], [ 70.788663873263246, 22.90050189455156 ], [ 70.789541008526541, 22.900492017180309 ], [ 70.789537453842243, 22.90022114317912 ] ] ], [ [ [ 70.790439482983231, 22.902107377995144 ], [ 70.790435926235318, 22.901836504182349 ], [ 70.790143545129652, 22.901839799005703 ], [ 70.790147101297478, 22.902110672861802 ], [ 70.790439482983231, 22.902107377995144 ] ] ], [ [ [ 70.788688745381506, 22.902398013195612 ], [ 70.788685192060129, 22.902127139132855 ], [ 70.788392810050979, 22.902130430774616 ], [ 70.788396362792284, 22.902401304880627 ], [ 70.788688745381506, 22.902398013195612 ] ] ], [ [ [ 70.789861830895092, 22.902655714960503 ], [ 70.790154213794935, 22.90265242054474 ], [ 70.790150657519249, 22.902381546708146 ], [ 70.789858275199506, 22.902384841080615 ], [ 70.789861830895092, 22.902655714960503 ] ] ], [ [ [ 70.790467938907994, 22.904274368146417 ], [ 70.79046438172864, 22.904003494411644 ], [ 70.790171995982178, 22.904006789581423 ], [ 70.790175552581402, 22.904277663359505 ], [ 70.790467938907994, 22.904274368146417 ] ] ], [ [ [ 70.790475053428523, 22.904816115586716 ], [ 70.790471496141279, 22.904545241871439 ], [ 70.790179109234543, 22.904548537127834 ], [ 70.790182665941614, 22.904819410886411 ], [ 70.790475053428523, 22.904816115586716 ] ] ], [ [ [ 70.789326834088939, 22.906454536686059 ], [ 70.789619225218715, 22.906451242739319 ], [ 70.789612113532186, 22.905909495156269 ], [ 70.789319723562841, 22.905912789016444 ], [ 70.789326834088939, 22.906454536686059 ] ] ], [ [ [ 70.789045107358035, 22.907270451656316 ], [ 70.789041552486552, 22.906999577812361 ], [ 70.788749160088557, 22.907002870770455 ], [ 70.788752714379797, 22.907273744657676 ], [ 70.789045107358035, 22.907270451656316 ] ] ], [ [ [ 70.788470982803958, 22.908089658854362 ], [ 70.788467428931312, 22.907818784953129 ], [ 70.788175034684812, 22.907822076965768 ], [ 70.7881785879772, 22.908092950910259 ], [ 70.788470982803958, 22.908089658854362 ] ] ], [ [ [ 70.790271601145449, 22.911591251680921 ], [ 70.790564003139053, 22.911587955298554 ], [ 70.790560444503328, 22.911317081827136 ], [ 70.790268043090094, 22.911320378166188 ], [ 70.790271601145449, 22.911591251680921 ] ] ], [ [ [ 70.789986314209642, 22.912136294612349 ], [ 70.790278717417962, 22.912132998681109 ], [ 70.790275159254747, 22.911862125185888 ], [ 70.789982756626799, 22.911865421073827 ], [ 70.789986314209642, 22.912136294612349 ] ] ], [ [ [ 70.785029642826245, 22.913275740165123 ], [ 70.785322049271869, 22.913272453202847 ], [ 70.785318500760212, 22.913001579011464 ], [ 70.785026094895031, 22.913004865930557 ], [ 70.785029642826245, 22.913275740165123 ] ] ], [ [ [ 70.783860016506011, 22.913288882636447 ], [ 70.783856470896538, 22.913018008229219 ], [ 70.783564064762544, 22.913021292459458 ], [ 70.783567609791575, 22.913292166909827 ], [ 70.783860016506011, 22.913288882636447 ] ] ], [ [ [ 70.785033190811248, 22.913546614389936 ], [ 70.785029642826245, 22.913275740165123 ], [ 70.784737236326848, 22.913279026589624 ], [ 70.784740783731394, 22.913549900857607 ], [ 70.785033190811248, 22.913546614389936 ] ] ], [ [ [ 70.789422847295683, 22.913768126407366 ], [ 70.789715254094403, 22.913764831291882 ], [ 70.789708139496383, 22.913223084235558 ], [ 70.789415733858547, 22.913226379264465 ], [ 70.789422847295683, 22.913768126407366 ] ] ], [ [ [ 70.789141109261749, 22.914584041756097 ], [ 70.789137552934946, 22.914313168175507 ], [ 70.78884514486748, 22.914316462301969 ], [ 70.788848700613812, 22.914587335925834 ], [ 70.789141109261749, 22.914584041756097 ] ] ], [ [ [ 70.784776260734603, 22.91625864300109 ], [ 70.78476916490375, 22.915716894650412 ], [ 70.784476753126242, 22.915720180925661 ], [ 70.784483847796039, 22.916261929362669 ], [ 70.784776260734603, 22.91625864300109 ] ] ], [ [ [ 70.790335655365595, 22.916466973277842 ], [ 70.790628067807447, 22.9164636761159 ], [ 70.790624508200608, 22.916192802820085 ], [ 70.790332096339299, 22.91619609993872 ], [ 70.790335655365595, 22.916466973277842 ] ] ], [ [ [ 70.78771104872699, 22.917038370959776 ], [ 70.787703940962416, 22.916496623531817 ], [ 70.78741152798149, 22.916499915315189 ], [ 70.787418634584981, 22.917041662829625 ], [ 70.78771104872699, 22.917038370959776 ] ] ], [ [ [ 70.787126220389098, 22.917044954161607 ], [ 70.787129773191069, 22.917315827947426 ], [ 70.787422187967508, 22.917312536572211 ], [ 70.787418634584981, 22.917041662829625 ], [ 70.787126220389098, 22.917044954161607 ] ] ], [ [ [ 70.789472647394405, 22.917560355315061 ], [ 70.789765062320299, 22.917557059593513 ], [ 70.789761504239351, 22.917286186206809 ], [ 70.789469089894027, 22.917289481885064 ], [ 70.789472647394405, 22.917560355315061 ] ] ], [ [ [ 70.78774303633412, 22.919476233902685 ], [ 70.788035455647659, 22.919472941105713 ], [ 70.788031900672962, 22.91920206752766 ], [ 70.787739481940065, 22.919205360281385 ], [ 70.787735927599883, 22.918934486650326 ], [ 70.788028345752153, 22.918931193939855 ], [ 70.788017681313022, 22.918118573117908 ], [ 70.788310097669594, 22.918115279999277 ], [ 70.788306542383722, 22.917844406415703 ], [ 70.788598958105823, 22.917841112802439 ], [ 70.788577624038837, 22.916215871355696 ], [ 70.788870036223685, 22.916212577464162 ], [ 70.788859368176205, 22.915399956738895 ], [ 70.788566957732897, 22.915403250500628 ], [ 70.788574068549622, 22.915944997747093 ], [ 70.7882816568914, 22.915948291057521 ], [ 70.788285211800087, 22.916219164709393 ], [ 70.787992799507435, 22.916222457525222 ], [ 70.788014126607735, 22.917847699491073 ], [ 70.787429294894139, 22.917854284028124 ], [ 70.787432848438243, 22.918125157741446 ], [ 70.787725264902576, 22.918121865698627 ], [ 70.787728819081138, 22.918392739358946 ], [ 70.787436402036207, 22.918396031445013 ], [ 70.787443509393739, 22.918937778822873 ], [ 70.787151091133723, 22.918941070457503 ], [ 70.78716175083207, 22.919753691580841 ], [ 70.787746590782049, 22.91974710751423 ], [ 70.78774303633412, 22.919476233902685 ] ] ], [ [ [ 70.787425741403894, 22.917583410305049 ], [ 70.78713332604687, 22.917586701723494 ], [ 70.787136878956531, 22.917857575489808 ], [ 70.787429294894139, 22.917854284028124 ], [ 70.787425741403894, 22.917583410305049 ] ] ], [ [ [ 70.790360570060244, 22.918363086378523 ], [ 70.790652986566059, 22.918359788913389 ], [ 70.790645866650948, 22.917818042448598 ], [ 70.790353451306316, 22.91782133982711 ], [ 70.790360570060244, 22.918363086378523 ] ] ], [ [ [ 70.788909156548343, 22.919192186038917 ], [ 70.788905599885666, 22.918921312580906 ], [ 70.788613181895073, 22.918924606905147 ], [ 70.788616737977108, 22.919195480406426 ], [ 70.788909156548343, 22.919192186038917 ] ] ], [ [ [ 70.788324319351986, 22.919198774236008 ], [ 70.788327874907296, 22.919469647770807 ], [ 70.788620294113073, 22.91946635389796 ], [ 70.788616737977108, 22.919195480406426 ], [ 70.788324319351986, 22.919198774236008 ] ] ], [ [ [ 70.789219362090918, 22.920543258060803 ], [ 70.78951178345757, 22.920539962401008 ], [ 70.789508225364031, 22.920269089078346 ], [ 70.789215804578035, 22.920272384694854 ], [ 70.789219362090918, 22.920543258060803 ] ] ], [ [ [ 70.784565451958443, 22.922492033584032 ], [ 70.78456190335983, 22.922221159594748 ], [ 70.78426947759354, 22.922224446368112 ], [ 70.784273025611398, 22.922495320400561 ], [ 70.784565451958443, 22.922492033584032 ] ] ], [ [ [ 70.788078119546725, 22.92272342328128 ], [ 70.788074563925434, 22.922452549820314 ], [ 70.787782138224358, 22.922455843093044 ], [ 70.787785693264894, 22.922726716597264 ], [ 70.788078119546725, 22.92272342328128 ] ] ], [ [ [ 70.78369526663009, 22.92304364062781 ], [ 70.783987694246164, 22.923040354801014 ], [ 70.783984146701499, 22.922769480744922 ], [ 70.78369171966618, 22.92277276652856 ], [ 70.78369526663009, 22.92304364062781 ] ] ], [ [ [ 70.783994789496774, 22.923582102883937 ], [ 70.783991241844589, 22.923311228847361 ], [ 70.783698813647746, 22.923314514717301 ], [ 70.783702360719161, 22.92358538879704 ], [ 70.783994789496774, 22.923582102883937 ] ] ], [ [ [ 70.787796358709826, 22.923539337051373 ], [ 70.787792803507628, 22.923268463576427 ], [ 70.787500376010428, 22.923271756440879 ], [ 70.787503930631843, 22.923542629959073 ], [ 70.787796358709826, 22.923539337051373 ] ] ], [ [ [ 70.787803469275829, 22.924081083971991 ], [ 70.788095898461478, 22.92407779043975 ], [ 70.788092342570764, 22.923806917027566 ], [ 70.787799913965884, 22.92381021051656 ], [ 70.787803469275829, 22.924081083971991 ] ] ], [ [ [ 70.787803469275829, 22.924081083971991 ], [ 70.787511040036307, 22.924084376966178 ], [ 70.787514594819342, 22.924355250455104 ], [ 70.787807024639662, 22.92435195741767 ], [ 70.787803469275829, 22.924081083971991 ] ] ], [ [ [ 70.786940396204542, 22.925174455583406 ], [ 70.78723282787503, 22.925171163492401 ], [ 70.787229273511215, 22.924900289989516 ], [ 70.786936842421525, 22.924903582037285 ], [ 70.786940396204542, 22.925174455583406 ] ] ], [ [ [ 70.783431211960391, 22.925213918704543 ], [ 70.783427665147258, 22.924943044640198 ], [ 70.783135233358138, 22.924946329692897 ], [ 70.783138779590459, 22.92521720380039 ], [ 70.783431211960391, 22.925213918704543 ] ] ], [ [ [ 70.782846347166782, 22.925220488358143 ], [ 70.782849892872008, 22.925491362499006 ], [ 70.783142325876511, 22.925488077898123 ], [ 70.783138779590459, 22.92521720380039 ], [ 70.782846347166782, 22.925220488358143 ] ] ], [ [ [ 70.782275660654719, 22.926310552709307 ], [ 70.782568095509248, 22.926307269055258 ], [ 70.782564550223697, 22.926036394900528 ], [ 70.782272115950022, 22.926039678511451 ], [ 70.782275660654719, 22.926310552709307 ] ] ], [ [ [ 70.782279205413133, 22.926581426897407 ], [ 70.782275660654719, 22.926310552709307 ], [ 70.781983225746472, 22.92631383582523 ], [ 70.781986769924018, 22.926584710056435 ], [ 70.782279205413133, 22.926581426897407 ] ] ], [ [ [ 70.78170496549339, 22.927400615441762 ], [ 70.781701421735619, 22.927129741196708 ], [ 70.781408984977318, 22.927133023365684 ], [ 70.781412528154192, 22.927403897653843 ], [ 70.78170496549339, 22.927400615441762 ] ] ], [ [ [ 70.781127176114282, 22.92794892796098 ], [ 70.781419614669005, 22.927945646200872 ], [ 70.781416071384754, 22.927674771932232 ], [ 70.781123633410957, 22.927678053649245 ], [ 70.781127176114282, 22.92794892796098 ] ] ], [ [ [ 70.786394615090501, 22.928160647465294 ], [ 70.786391061876884, 22.927889773940077 ], [ 70.786098624236161, 22.927893064848934 ], [ 70.786102176868852, 22.92816393841737 ], [ 70.786394615090501, 22.928160647465294 ] ] ], [ [ [ 70.78113071887131, 22.928219802262952 ], [ 70.781127176114282, 22.92794892796098 ], [ 70.780834737505884, 22.927952209182926 ], [ 70.780838279681987, 22.928223083527985 ], [ 70.78113071887131, 22.928219802262952 ] ] ], [ [ [ 70.780552923790324, 22.928768113001855 ], [ 70.780845364195216, 22.92876483218884 ], [ 70.78084182191175, 22.928493957863292 ], [ 70.780549382087827, 22.928497238633227 ], [ 70.780552923790324, 22.928768113001855 ] ] ], [ [ [ 70.785235514873619, 22.928986429080151 ], [ 70.785231963822241, 22.92871555541139 ], [ 70.784939524223446, 22.928718844297165 ], [ 70.784943074693871, 22.928989718009113 ], [ 70.785235514873619, 22.928986429080151 ] ] ], [ [ [ 70.780267565735869, 22.929313142070825 ], [ 70.780264024506991, 22.929042267678632 ], [ 70.779971583413825, 22.929045547458333 ], [ 70.779975124061735, 22.929316421893592 ], [ 70.780267565735869, 22.929313142070825 ] ] ], [ [ [ 70.797909031522636, 22.869784300682312 ], [ 70.798201342730408, 22.869780995941738 ], [ 70.798197776184324, 22.869510122183922 ], [ 70.797905465555559, 22.869513426881017 ], [ 70.797909031522636, 22.869784300682312 ] ] ], [ [ [ 70.79878596498358, 22.86977438485069 ], [ 70.798782397279496, 22.86950351117985 ], [ 70.79849008675896, 22.869506816950196 ], [ 70.798493653884066, 22.869777690664527 ], [ 70.79878596498358, 22.86977438485069 ] ] ], [ [ [ 70.797620285702934, 22.870058478721294 ], [ 70.797616720260748, 22.869787604886266 ], [ 70.797324408944789, 22.869790908553586 ], [ 70.797327973807938, 22.870061782432078 ], [ 70.797620285702934, 22.870058478721294 ] ] ], [ [ [ 70.799673606605609, 22.870577084751851 ], [ 70.799965919225613, 22.87057377666093 ], [ 70.799962349042957, 22.870302903193384 ], [ 70.799670037002002, 22.870306211240784 ], [ 70.799673606605609, 22.870577084751851 ] ] ], [ [ [ 70.799680745975309, 22.871118831744745 ], [ 70.799677176263387, 22.870847958253172 ], [ 70.799384863010189, 22.870851265850959 ], [ 70.799388432143061, 22.871122139386049 ], [ 70.799680745975309, 22.871118831744745 ] ] ], [ [ [ 70.799103255526774, 22.871667193618659 ], [ 70.79909968686465, 22.871396320059553 ], [ 70.798807372345024, 22.871399626671032 ], [ 70.798810940428098, 22.871670500273645 ], [ 70.799103255526774, 22.871667193618659 ] ] ], [ [ [ 70.797951827348243, 22.87303478553773 ], [ 70.798244145504796, 22.873031480275365 ], [ 70.798240578309247, 22.872760606634507 ], [ 70.797948260731829, 22.872763911853379 ], [ 70.797951827348243, 22.87303478553773 ] ] ], [ [ [ 70.799124668636665, 22.873292434768626 ], [ 70.799117530716771, 22.872750687757627 ], [ 70.79882521330174, 22.872753994586628 ], [ 70.798832350063407, 22.873295741684636 ], [ 70.799124668636665, 22.873292434768626 ] ] ], [ [ [ 70.800005194810083, 22.873553384160616 ], [ 70.800001624031523, 22.873282510800291 ], [ 70.799709305620738, 22.873285819326455 ], [ 70.799712875820177, 22.873556692730311 ], [ 70.800005194810083, 22.873553384160616 ] ] ], [ [ [ 70.79913537592266, 22.874105055212027 ], [ 70.799427696179194, 22.874101747628767 ], [ 70.79942412645056, 22.873830874200891 ], [ 70.799131806773175, 22.873834181740637 ], [ 70.79913537592266, 22.874105055212027 ] ] ], [ [ [ 70.798258414828197, 22.874114974741364 ], [ 70.798550735247161, 22.874111668768325 ], [ 70.798547167255975, 22.873840795209937 ], [ 70.79825484741616, 22.873844101139483 ], [ 70.798258414828197, 22.874114974741364 ] ] ], [ [ [ 70.799748580793903, 22.876265426232674 ], [ 70.800040905575585, 22.876262117227718 ], [ 70.800037334255222, 22.875991243964883 ], [ 70.79974501005276, 22.875994552926308 ], [ 70.799748580793903, 22.876265426232674 ] ] ], [ [ [ 70.799463396444423, 22.876810481371365 ], [ 70.799459826174157, 22.876539608040972 ], [ 70.799167500704925, 22.876542916015843 ], [ 70.799171070395957, 22.876813789389754 ], [ 70.799463396444423, 22.876810481371365 ] ] ], [ [ [ 70.798597124059071, 22.877633024140337 ], [ 70.798593555364093, 22.87736215070867 ], [ 70.798301227994671, 22.877365457203602 ], [ 70.798304796110386, 22.877636330678765 ], [ 70.798597124059071, 22.877633024140337 ] ] ], [ [ [ 70.797452778100137, 22.87954236203926 ], [ 70.797745110266263, 22.879539056807033 ], [ 70.797741542930254, 22.879268183313144 ], [ 70.798033874462959, 22.879264877587509 ], [ 70.798030306601746, 22.87899400412736 ], [ 70.79773797564836, 22.878997309809517 ], [ 70.797734408420595, 22.878726436296127 ], [ 70.7974420779924, 22.87872974139794 ], [ 70.797452778100137, 22.87954236203926 ] ] ], [ [ [ 70.798618537365954, 22.879258264525618 ], [ 70.798614968346115, 22.878987391152446 ], [ 70.798322637501002, 22.878990697908339 ], [ 70.798326205941521, 22.879261571325006 ], [ 70.798618537365954, 22.879258264525618 ] ] ], [ [ [ 70.799506243912703, 22.880060960575669 ], [ 70.799502672992418, 22.879790087362263 ], [ 70.79921034057179, 22.879793395859306 ], [ 70.799213910912741, 22.880064269116229 ], [ 70.799506243912703, 22.880060960575669 ] ] ], [ [ [ 70.800087337671144, 22.879783468757509 ], [ 70.799795005358874, 22.879786778328331 ], [ 70.799798576858507, 22.880057651498216 ], [ 70.799506243912703, 22.880060960575669 ], [ 70.799509814887173, 22.880331833779323 ], [ 70.800094481883264, 22.880325215000465 ], [ 70.800087337671144, 22.879783468757509 ] ] ], [ [ [ 70.798408295015932, 22.885491657217546 ], [ 70.798404725330158, 22.885220784025126 ], [ 70.798112381104445, 22.885224091244382 ], [ 70.798115950210686, 22.885494964480294 ], [ 70.798408295015932, 22.885491657217546 ] ] ], [ [ [ 70.80134961830683, 22.886812918692375 ], [ 70.801346042554755, 22.886542045984008 ], [ 70.801053695973238, 22.886545358791373 ], [ 70.801057271145766, 22.886816231543303 ], [ 70.80134961830683, 22.886812918692375 ] ] ], [ [ [ 70.797848586554039, 22.887394383888761 ], [ 70.798140935470272, 22.887391076858666 ], [ 70.79813736598507, 22.887120203691012 ], [ 70.797845017648399, 22.887123510677622 ], [ 70.797848586554039, 22.887394383888761 ] ] ], [ [ [ 70.797563374398152, 22.887939436861746 ], [ 70.797559805963843, 22.887668563626633 ], [ 70.797267456359762, 22.887671869626018 ], [ 70.797271024214467, 22.887942742904603 ], [ 70.797563374398152, 22.887939436861746 ] ] ], [ [ [ 70.80107514782182, 22.888170595156652 ], [ 70.801067996988706, 22.887628849740569 ], [ 70.800775648034687, 22.887632162185085 ], [ 70.800782797708607, 22.888173907688284 ], [ 70.80107514782182, 22.888170595156652 ] ] ], [ [ [ 70.798818488905169, 22.894427157861415 ], [ 70.799110852731062, 22.894423848088845 ], [ 70.799103707520317, 22.893882102511931 ], [ 70.79881134485403, 22.893885412197477 ], [ 70.798818488905169, 22.894427157861415 ] ] ], [ [ [ 70.798832777657495, 22.895510649072236 ], [ 70.798825633172996, 22.894968903486337 ], [ 70.798533268133284, 22.894972212808636 ], [ 70.798540411458134, 22.895513958481544 ], [ 70.798832777657495, 22.895510649072236 ] ] ], [ [ [ 70.798551126851621, 22.896326576917748 ], [ 70.798547554999615, 22.89605570411543 ], [ 70.798255187586363, 22.896059013074435 ], [ 70.798258758858495, 22.896329885920249 ], [ 70.798551126851621, 22.896326576917748 ] ] ], [ [ [ 70.797977103212887, 22.897145812994804 ], [ 70.79826947299982, 22.897142504399159 ], [ 70.798265901565216, 22.896871631582609 ], [ 70.797973532358171, 22.896874940134765 ], [ 70.797977103212887, 22.897145812994804 ] ] ], [ [ [ 70.797984245084734, 22.897687558685615 ], [ 70.797980674121732, 22.897416685845084 ], [ 70.797688303700738, 22.897419993946876 ], [ 70.797691874083839, 22.897690866830885 ], [ 70.797984245084734, 22.897687558685615 ] ] ], [ [ [ 70.797706156157616, 22.898774358269389 ], [ 70.797702585557943, 22.898503485424396 ], [ 70.797410212763097, 22.898506793162742 ], [ 70.797413782782812, 22.898777666051206 ], [ 70.797706156157616, 22.898774358269389 ] ] ], [ [ [ 70.79712854839579, 22.899322719130264 ], [ 70.797420922984642, 22.899319411798889 ], [ 70.797417352856669, 22.899048538929929 ], [ 70.797124978847776, 22.899051846217834 ], [ 70.79712854839579, 22.899322719130264 ] ] ], [ [ [ 70.79713568765419, 22.899864464925866 ], [ 70.797132117997918, 22.899593592032939 ], [ 70.796839742774978, 22.899596898870385 ], [ 70.796843311851262, 22.899867771806772 ], [ 70.79713568765419, 22.899864464925866 ] ] ], [ [ [ 70.796265696077953, 22.90041612997365 ], [ 70.796251424304501, 22.899332637899988 ], [ 70.795959049499203, 22.899335943081752 ], [ 70.795973318952676, 22.900419435329191 ], [ 70.796265696077953, 22.90041612997365 ] ] ], [ [ [ 70.796558073149114, 22.900412824080682 ], [ 70.796850450166176, 22.900409517650274 ], [ 70.796846880981661, 22.900138644733399 ], [ 70.796554504544602, 22.900141951120347 ], [ 70.796558073149114, 22.900412824080682 ] ] ], [ [ [ 70.790421699782982, 22.900753008833654 ], [ 70.79071407851454, 22.900749713646064 ], [ 70.790710521456262, 22.900478839827823 ], [ 70.790418143304706, 22.900482134972101 ], [ 70.790421699782982, 22.900753008833654 ] ] ], [ [ [ 70.795377865848579, 22.899613424996438 ], [ 70.795085490301048, 22.899616728609413 ], [ 70.795099753010902, 22.900700221338987 ], [ 70.794807375089292, 22.900703524588216 ], [ 70.794810940321895, 22.900974397789629 ], [ 70.795103318823536, 22.900971094496988 ], [ 70.795110450610991, 22.901512840783738 ], [ 70.795402830218634, 22.901509536866804 ], [ 70.79539213087844, 22.900696917552317 ], [ 70.795684508691906, 22.90069361322821 ], [ 70.795680941773313, 22.900422740147299 ], [ 70.795388564539863, 22.900426044427977 ], [ 70.795377865848579, 22.899613424996438 ] ] ], [ [ [ 70.794814505608556, 22.901245270981299 ], [ 70.794810940321895, 22.900974397789629 ], [ 70.794518561766196, 22.900977700544829 ], [ 70.794522126472842, 22.901248573779903 ], [ 70.794814505608556, 22.901245270981299 ] ] ], [ [ [ 70.794529256048264, 22.901790320220794 ], [ 70.794525691233517, 22.901519447005228 ], [ 70.794233311463699, 22.90152274930978 ], [ 70.794236875698388, 22.90179362256875 ], [ 70.794529256048264, 22.901790320220794 ] ] ], [ [ [ 70.791901390602831, 22.902090895599645 ], [ 70.791609009186828, 22.902094193153708 ], [ 70.791605450118666, 22.901823319514197 ], [ 70.791313069228735, 22.901826616487444 ], [ 70.791320186258901, 22.902368363843376 ], [ 70.791904950305039, 22.902361769186069 ], [ 70.791901390602831, 22.902090895599645 ] ] ], [ [ [ 70.791915629735499, 22.903174389886821 ], [ 70.791912069871373, 22.902903516329651 ], [ 70.791619686715109, 22.902906814013722 ], [ 70.791623245999148, 22.903177687614228 ], [ 70.791915629735499, 22.903174389886821 ] ] ], [ [ [ 70.797474481400911, 22.903382503662655 ], [ 70.797470910460845, 22.903111630940032 ], [ 70.797178527751541, 22.903114938880009 ], [ 70.797182098111506, 22.90338581164611 ], [ 70.797474481400911, 22.903382503662655 ] ] ], [ [ [ 70.791049153059745, 22.903996902459486 ], [ 70.791341538644375, 22.903993605677115 ], [ 70.791337979778561, 22.903722732062541 ], [ 70.791045594774062, 22.903726028801586 ], [ 70.791049153059745, 22.903996902459486 ] ] ], [ [ [ 70.791929869731774, 22.90425788401793 ], [ 70.791926309651743, 22.903987010499783 ], [ 70.791633924175045, 22.903990308357216 ], [ 70.791637483674947, 22.904261181918699 ], [ 70.791929869731774, 22.90425788401793 ] ] ], [ [ [ 70.791644602836641, 22.904802929012423 ], [ 70.791641043228807, 22.904532055470433 ], [ 70.791348656537863, 22.904535352877001 ], [ 70.791352215565553, 22.904806226462323 ], [ 70.791644602836641, 22.904802929012423 ] ] ], [ [ [ 70.794290345704141, 22.905856720282738 ], [ 70.794582734755821, 22.905853417283737 ], [ 70.794579169130259, 22.905582544214496 ], [ 70.794286780658751, 22.905585847170091 ], [ 70.794290345704141, 22.905856720282738 ] ] ], [ [ [ 70.793719823519027, 22.906946817368201 ], [ 70.793716259417863, 22.906675944207784 ], [ 70.793423868463449, 22.906679245724206 ], [ 70.793427431984384, 22.906950118928005 ], [ 70.793719823519027, 22.906946817368201 ] ] ], [ [ [ 70.791997521508691, 22.909404479009488 ], [ 70.791993960403005, 22.909133605676669 ], [ 70.791701563902237, 22.909136904357581 ], [ 70.791705124427637, 22.909407777733744 ], [ 70.791997521508691, 22.909404479009488 ] ] ], [ [ [ 70.792050944572637, 22.913467577831042 ], [ 70.792343350305288, 22.913464277918855 ], [ 70.792339787809325, 22.913193404775733 ], [ 70.792047382657103, 22.913196704644569 ], [ 70.792050944572637, 22.913467577831042 ] ] ], [ [ [ 70.79235047545923, 22.914006024175837 ], [ 70.792346912855265, 22.913735151052222 ], [ 70.791762100175092, 22.913741750425526 ], [ 70.791765661618157, 22.914012623635834 ], [ 70.79235047545923, 22.914006024175837 ] ] ], [ [ [ 70.791473254616648, 22.914015922559148 ], [ 70.79147681553323, 22.914286795803037 ], [ 70.79176922311521, 22.914283496836386 ], [ 70.791765661618157, 22.914012623635834 ], [ 70.791473254616648, 22.914015922559148 ] ] ], [ [ [ 70.79177278466625, 22.914554370027183 ], [ 70.792065192774714, 22.914551070479391 ], [ 70.792061630643218, 22.914280197331934 ], [ 70.79176922311521, 22.914283496836386 ], [ 70.79177278466625, 22.914554370027183 ] ] ], [ [ [ 70.791187968287375, 22.91456096750936 ], [ 70.791184407897276, 22.914290094231895 ], [ 70.79089200020735, 22.914293392122953 ], [ 70.790895560016978, 22.91456426544374 ], [ 70.791187968287375, 22.91456096750936 ] ] ], [ [ [ 70.791783469643306, 22.915366989541027 ], [ 70.791779907930305, 22.915096116379502 ], [ 70.791487498606898, 22.91509941547617 ], [ 70.7914910597394, 22.915370288681039 ], [ 70.791783469643306, 22.915366989541027 ] ] ], [ [ [ 70.790638746951686, 22.917276295944792 ], [ 70.790931161081232, 22.917272998115031 ], [ 70.790927600731976, 22.917002124891805 ], [ 70.790635187182986, 22.917005422678248 ], [ 70.790638746951686, 22.917276295944792 ] ] ], [ [ [ 70.812163933803959, 22.864475174070723 ], [ 70.812160340502246, 22.86420430222298 ], [ 70.811868043480104, 22.864207631844966 ], [ 70.811871636202994, 22.864478503736532 ], [ 70.812163933803959, 22.864475174070723 ] ] ], [ [ [ 70.815725511028447, 22.868498244886474 ], [ 70.815721909961368, 22.868227373711392 ], [ 70.815429604911074, 22.868230710429518 ], [ 70.815433205399202, 22.868501581648502 ], [ 70.815725511028447, 22.868498244886474 ] ] ], [ [ [ 70.815151699770681, 22.869317531604064 ], [ 70.815444007191431, 22.869314195246922 ], [ 70.815440406539381, 22.869043324057206 ], [ 70.815148099697595, 22.869046660370447 ], [ 70.815151699770681, 22.869317531604064 ] ] ], [ [ [ 70.811647599643038, 22.869628397784975 ], [ 70.811644006463126, 22.869357526034896 ], [ 70.811351698332885, 22.869360855416218 ], [ 70.811355290933804, 22.869631727210098 ], [ 70.811647599643038, 22.869628397784975 ] ] ], [ [ [ 70.814873790817884, 22.870404352437074 ], [ 70.814870191105314, 22.870133481198593 ], [ 70.814577881838332, 22.870136816614181 ], [ 70.81458148097191, 22.870407687896552 ], [ 70.814873790817884, 22.870404352437074 ] ] ], [ [ [ 70.804069025406179, 22.871340025554058 ], [ 70.804361338949775, 22.871336709282559 ], [ 70.804357759918815, 22.871065836497962 ], [ 70.804065446954269, 22.871069152725831 ], [ 70.804069025406179, 22.871340025554058 ] ] ], [ [ [ 70.803487975504169, 22.871617529392768 ], [ 70.803484398156087, 22.871346656487049 ], [ 70.80319208444962, 22.87134997114855 ], [ 70.803195661218638, 22.87162084409788 ], [ 70.803487975504169, 22.871617529392768 ] ] ], [ [ [ 70.810510684706827, 22.872079559154216 ], [ 70.810507093352456, 22.87180868731674 ], [ 70.810214779793, 22.871812014945636 ], [ 70.810218370568322, 22.872082886826895 ], [ 70.810510684706827, 22.872079559154216 ] ] ], [ [ [ 70.803495130363189, 22.872159275174958 ], [ 70.803787445752576, 22.872155959845941 ], [ 70.803783867716845, 22.871885087003339 ], [ 70.803491552906536, 22.871888402288736 ], [ 70.803495130363189, 22.872159275174958 ] ] ], [ [ [ 70.803213545877853, 22.872975208698268 ], [ 70.803209968837464, 22.872704335797689 ], [ 70.802917652181335, 22.872707650140537 ], [ 70.802921228642617, 22.872978523084718 ], [ 70.803213545877853, 22.872975208698268 ] ] ], [ [ [ 70.8134482122192, 22.873129738409965 ], [ 70.813444614855868, 22.872858867049679 ], [ 70.813152299525441, 22.872862200220649 ], [ 70.813155896309681, 22.873133071624785 ], [ 70.8134482122192, 22.873129738409965 ] ] ], [ [ [ 70.801174470227863, 22.873540144514596 ], [ 70.801466788946811, 22.873536833261273 ], [ 70.801463215272619, 22.87326596011868 ], [ 70.801170897132806, 22.873269271328439 ], [ 70.801174470227863, 22.873540144514596 ] ] ], [ [ [ 70.809074234207387, 22.873992296271865 ], [ 70.8090706453672, 22.87372142428384 ], [ 70.808778327481775, 22.873724749535594 ], [ 70.808781915742841, 22.873995621567371 ], [ 70.809074234207387, 22.873992296271865 ] ] ], [ [ [ 70.812585647376636, 22.874223222314015 ], [ 70.812582051532374, 22.873952350861227 ], [ 70.812289733721812, 22.87395568259743 ], [ 70.812293328986954, 22.874226554094051 ], [ 70.812585647376636, 22.874223222314015 ] ] ], [ [ [ 70.801769830696855, 22.874346140709815 ], [ 70.802062151044765, 22.874342828252324 ], [ 70.802058576049603, 22.874071955226118 ], [ 70.801766256280843, 22.874075267640034 ], [ 70.801769830696855, 22.874346140709815 ] ] ], [ [ [ 70.804693031734033, 22.874312991981451 ], [ 70.804689451526528, 22.874042119347745 ], [ 70.804397132246265, 22.874045436592283 ], [ 70.804400711874607, 22.874316309269631 ], [ 70.804693031734033, 22.874312991981451 ] ] ], [ [ [ 70.807915719920018, 22.874818210663889 ], [ 70.807912133233103, 22.874547338530174 ], [ 70.807619813392535, 22.87455066176619 ], [ 70.807623399500272, 22.874821533943621 ], [ 70.807915719920018, 22.874818210663889 ] ] ], [ [ [ 70.802661096734298, 22.875419693385734 ], [ 70.802953419236133, 22.875416379143623 ], [ 70.802949842286438, 22.87514550628719 ], [ 70.803242164154838, 22.875142191551912 ], [ 70.803238586680251, 22.87487131872933 ], [ 70.802946265391029, 22.874874633421001 ], [ 70.802935535030386, 22.87406201476395 ], [ 70.802643215424396, 22.874065328788078 ], [ 70.802661096734298, 22.875419693385734 ] ] ], [ [ [ 70.801776979691581, 22.874887886820119 ], [ 70.801773405167111, 22.874617013769839 ], [ 70.801481084185795, 22.874620325734156 ], [ 70.801484658131116, 22.874891198827999 ], [ 70.801776979691581, 22.874887886820119 ] ] ], [ [ [ 70.807626985662438, 22.875092406111296 ], [ 70.807623399500272, 22.874821533943621 ], [ 70.807331079026156, 22.874824856686605 ], [ 70.807334664609144, 22.875095728897985 ], [ 70.807626985662438, 22.875092406111296 ] ] ], [ [ [ 70.802372350023745, 22.875693880024947 ], [ 70.802664673159057, 22.875690566276013 ], [ 70.802661096734298, 22.875419693385734 ], [ 70.802368774178191, 22.875423007091072 ], [ 70.802372350023745, 22.875693880024947 ] ] ], [ [ [ 70.805295578933922, 22.875660718380654 ], [ 70.805291997296436, 22.875389845883003 ], [ 70.804999675228999, 22.875393164419275 ], [ 70.805003256287293, 22.875664036960579 ], [ 70.805295578933922, 22.875660718380654 ] ] ], [ [ [ 70.810564561561719, 22.876142635545929 ], [ 70.810560969389925, 22.875871763854761 ], [ 70.810268647143559, 22.875875092140355 ], [ 70.810272238736161, 22.876145963875306 ], [ 70.810564561561719, 22.876142635545929 ] ] ], [ [ [ 70.805887389818935, 22.876195824401869 ], [ 70.806179713460921, 22.876192504124269 ], [ 70.806176129977146, 22.875921631777132 ], [ 70.805883806914366, 22.875924952011051 ], [ 70.805887389818935, 22.876195824401869 ] ] ], [ [ [ 70.805598648502311, 22.876470016567414 ], [ 70.805595066122592, 22.876199144142682 ], [ 70.805302742371907, 22.876202463346701 ], [ 70.805306324172392, 22.876473335815099 ], [ 70.805598648502311, 22.876470016567414 ] ] ], [ [ [ 70.804725256045955, 22.876750845246018 ], [ 70.804721675349569, 22.876479972700075 ], [ 70.804429350856665, 22.876483290337365 ], [ 70.804432930973832, 22.876754162926954 ], [ 70.804725256045955, 22.876750845246018 ] ] ], [ [ [ 70.805017581063765, 22.876747527028282 ], [ 70.805309906027247, 22.876744208273742 ], [ 70.805306324172392, 22.876473335815099 ], [ 70.805013999788159, 22.876476654525984 ], [ 70.805017581063765, 22.876747527028282 ] ] ], [ [ [ 70.804144185439625, 22.877028352694555 ], [ 70.804436511145312, 22.87702503550679 ], [ 70.804432930973832, 22.876754162926954 ], [ 70.80414060584738, 22.876757480071085 ], [ 70.804144185439625, 22.877028352694555 ] ] ], [ [ [ 70.802689709651702, 22.87758667623498 ], [ 70.802982036787327, 22.877583361644088 ], [ 70.802978459403477, 22.877312488865655 ], [ 70.802686132847114, 22.877315803412948 ], [ 70.802689709651702, 22.87758667623498 ] ] ], [ [ [ 70.802108630917985, 22.877864176705742 ], [ 70.802105055217652, 22.877593303806286 ], [ 70.801812727919256, 22.877596616786686 ], [ 70.801816303040312, 22.877867489729724 ], [ 70.802108630917985, 22.877864176705742 ] ] ], [ [ [ 70.803573848143373, 22.878118476204989 ], [ 70.803570269492425, 22.877847603533279 ], [ 70.80327794188608, 22.877850919241443 ], [ 70.80328151995775, 22.878121791956765 ], [ 70.803573848143373, 22.878118476204989 ] ] ], [ [ [ 70.801235221139038, 22.878144987187596 ], [ 70.801527549704446, 22.878141675193724 ], [ 70.80152397510841, 22.877870802216872 ], [ 70.801231647122279, 22.877874114167181 ], [ 70.801235221139038, 22.878144987187596 ] ] ], [ [ [ 70.801242369335213, 22.878686733199189 ], [ 70.801238795210026, 22.878415860198267 ], [ 70.800946466011098, 22.878419171698855 ], [ 70.800950039557023, 22.878690044743326 ], [ 70.801242369335213, 22.878686733199189 ] ] ], [ [ [ 70.806219135370839, 22.879172099299183 ], [ 70.806215551289, 22.878901227059323 ], [ 70.805923221854471, 22.878904547773683 ], [ 70.805926805357018, 22.879175420057219 ], [ 70.806219135370839, 22.879172099299183 ] ] ], [ [ [ 70.802461763796131, 22.88246570020279 ], [ 70.802754101414124, 22.88246238536405 ], [ 70.802750523632682, 22.882191512717547 ], [ 70.802458186594123, 22.882194827512691 ], [ 70.802461763796131, 22.88246570020279 ] ] ], [ [ [ 70.80247249572777, 22.883278318214565 ], [ 70.802468918362962, 22.883007445553723 ], [ 70.802176579531846, 22.883010759942682 ], [ 70.80218015631722, 22.883281632647112 ], [ 70.80247249572777, 22.883278318214565 ] ] ], [ [ [ 70.802201618168851, 22.884906868668875 ], [ 70.802198041057935, 22.884635996022961 ], [ 70.801905698695791, 22.884639310136436 ], [ 70.801909275227217, 22.884910182825934 ], [ 70.802201618168851, 22.884906868668875 ] ] ], [ [ [ 70.801342466856909, 22.886271173265882 ], [ 70.801634812804636, 22.886267859965027 ], [ 70.801627660412578, 22.885726114586664 ], [ 70.801335315623916, 22.885729427800385 ], [ 70.801342466856909, 22.886271173265882 ] ] ], [ [ [ 70.80255121148366, 22.889237514285487 ], [ 70.802547632924885, 22.888966641839222 ], [ 70.802255281344074, 22.888969957187161 ], [ 70.802258859323217, 22.889240829677011 ], [ 70.80255121148366, 22.889237514285487 ] ] ], [ [ [ 70.801677731713625, 22.889518331415921 ], [ 70.801674154839503, 22.889247458848661 ], [ 70.801381802516289, 22.889250772628788 ], [ 70.80138537881075, 22.889521645239618 ], [ 70.801677731713625, 22.889518331415921 ] ] ], [ [ [ 70.802269593586203, 22.890053447088047 ], [ 70.802561947485614, 22.890050131565744 ], [ 70.802558368764011, 22.889779259148749 ], [ 70.802266015444275, 22.889782574627461 ], [ 70.802269593586203, 22.890053447088047 ] ] ], [ [ [ 70.813674956165869, 22.890194614436872 ], [ 70.81367135536297, 22.889923743691369 ], [ 70.81337900353229, 22.88992707962521 ], [ 70.813382603755556, 22.890197950414581 ], [ 70.813674956165869, 22.890194614436872 ] ] ], [ [ [ 70.801692039752595, 22.890601821587431 ], [ 70.80168846266146, 22.89033094905918 ], [ 70.801396108019617, 22.890334263013585 ], [ 70.801399684531063, 22.890605135585407 ], [ 70.801692039752595, 22.890601821587431 ] ] ], [ [ [ 70.813097450741651, 22.890743027492295 ], [ 70.813389804365912, 22.890739691964029 ], [ 70.813386204033421, 22.890468821194187 ], [ 70.813093850988849, 22.890472156678602 ], [ 70.813097450741651, 22.890743027492295 ] ] ], [ [ [ 70.813101050549051, 22.891013898296233 ], [ 70.813097450741651, 22.890743027492295 ], [ 70.812805097062792, 22.890746362483409 ], [ 70.812808696290517, 22.891017233331187 ], [ 70.813101050549051, 22.891013898296233 ] ] ], [ [ [ 70.812815894909733, 22.89155897499748 ], [ 70.81281229557284, 22.89128810416921 ], [ 70.812519940680019, 22.891291438710834 ], [ 70.812523539437223, 22.891562309582945 ], [ 70.812815894909733, 22.89155897499748 ] ] ], [ [ [ 70.811653666892184, 22.892114052094136 ], [ 70.81194602368781, 22.892110719032573 ], [ 70.811942425980874, 22.891839848092335 ], [ 70.811650069764951, 22.891843181110076 ], [ 70.811653666892184, 22.892114052094136 ] ] ], [ [ [ 70.802904417248612, 22.893839027709571 ], [ 70.802900837187309, 22.893568155472749 ], [ 70.802608475805812, 22.893571472099008 ], [ 70.802612055287341, 22.893842344379426 ], [ 70.802904417248612, 22.893839027709571 ] ] ], [ [ [ 70.804376975447113, 22.894635052299087 ], [ 70.804373392323868, 22.894364180309648 ], [ 70.804081029474574, 22.894367499753034 ], [ 70.804084612017988, 22.894638371786112 ], [ 70.804376975447113, 22.894635052299087 ] ] ], [ [ [ 70.803524956204186, 22.896541113717433 ], [ 70.803817323800843, 22.896537794999588 ], [ 70.803813741456977, 22.896266922991177 ], [ 70.803521374440194, 22.896270241665402 ], [ 70.803524956204186, 22.896541113717433 ] ] ], [ [ [ 70.802066696325241, 22.896828571507129 ], [ 70.80235906477327, 22.896825255432304 ], [ 70.802355485274461, 22.896554383215605 ], [ 70.802063117406306, 22.896557699246845 ], [ 70.802066696325241, 22.896828571507129 ] ] ], [ [ [ 70.802362644326351, 22.897096127639244 ], [ 70.802655013299983, 22.897092810983491 ], [ 70.802651433167014, 22.896821938820146 ], [ 70.80235906477327, 22.896825255432304 ], [ 70.802362644326351, 22.897096127639244 ] ] ], [ [ [ 70.803542865838935, 22.897895473831198 ], [ 70.80353928380336, 22.89762460182796 ], [ 70.803246913832808, 22.897627920182956 ], [ 70.803250495288481, 22.89789879222981 ], [ 70.803542865838935, 22.897895473831198 ] ] ], [ [ [ 70.842611144395008, 22.802628713801521 ], [ 70.842607501741725, 22.802357844467554 ], [ 70.842315341756944, 22.802361221376128 ], [ 70.842318983833451, 22.802632090754628 ], [ 70.842611144395008, 22.802628713801521 ] ] ], [ [ [ 70.839491938600901, 22.809708442857797 ], [ 70.839784114714931, 22.80970507009695 ], [ 70.839780476392193, 22.809434200571424 ], [ 70.83948830085518, 22.809437573287806 ], [ 70.839491938600901, 22.809708442857797 ] ] ], [ [ [ 70.843896454070759, 22.811283008477069 ], [ 70.843892807337511, 22.811012139633331 ], [ 70.843600629113141, 22.811015520107226 ], [ 70.843604275269314, 22.811286388995534 ], [ 70.843896454070759, 22.811283008477069 ] ] ], [ [ [ 70.840707968457608, 22.813216249814083 ], [ 70.840704327684762, 22.812945380548754 ], [ 70.840412144811864, 22.812948755448527 ], [ 70.840415785007579, 22.813219624758339 ], [ 70.840707968457608, 22.813216249814083 ] ] ], [ [ [ 70.84401317879383, 22.819950806327007 ], [ 70.844305376010169, 22.819947423847051 ], [ 70.844301726926233, 22.819676555360012 ], [ 70.844009530287224, 22.819679937795382 ], [ 70.84401317879383, 22.819950806327007 ] ] ], [ [ [ 70.844024124646225, 22.820763411863336 ], [ 70.844020475973323, 22.820492543360977 ], [ 70.843728277546859, 22.820495925394795 ], [ 70.843731925642388, 22.820766793941726 ], [ 70.844024124646225, 22.820763411863336 ] ] ], [ [ [ 70.843746518578698, 22.82185026803187 ], [ 70.843742870261494, 22.821579399523966 ], [ 70.843450669470116, 22.821582781200757 ], [ 70.843454317209932, 22.821853649753223 ], [ 70.843746518578698, 22.82185026803187 ] ] ], [ [ [ 70.84318035242886, 22.823211373778047 ], [ 70.843472556740153, 22.823207992369227 ], [ 70.843468908723281, 22.82293712386554 ], [ 70.843176704989432, 22.822940505229802 ], [ 70.84318035242886, 22.823211373778047 ] ] ], [ [ [ 70.84084635881986, 22.823509274670069 ], [ 70.840842715944618, 22.823238405775353 ], [ 70.840550511134992, 22.823241782365855 ], [ 70.840554153432763, 22.823512651305066 ], [ 70.84084635881986, 22.823509274670069 ] ] ], [ [ [ 70.842606882826033, 22.824030740843096 ], [ 70.842603236375325, 22.823759872235009 ], [ 70.84231103074292, 22.823763252126806 ], [ 70.842314676616169, 22.82403412077943 ], [ 70.842606882826033, 22.824030740843096 ] ] ], [ [ [ 70.842329260662979, 22.825117595292344 ], [ 70.842621469182802, 22.825114215177859 ], [ 70.842617822510519, 22.824843346608802 ], [ 70.842325614568196, 22.82484672667875 ], [ 70.842329260662979, 22.825117595292344 ] ] ], [ [ [ 70.842051634710586, 22.826204449406383 ], [ 70.842047988971828, 22.825933580787279 ], [ 70.841755778608686, 22.825936959964512 ], [ 70.841759423769901, 22.826207828628142 ], [ 70.842051634710586, 22.826204449406383 ] ] ], [ [ [ 70.837690288404744, 22.827880297023473 ], [ 70.83768665099764, 22.827609427795732 ], [ 70.837394436339522, 22.827612799207863 ], [ 70.837398073169012, 22.827883668480027 ], [ 70.837690288404744, 22.827880297023473 ] ] ], [ [ [ 70.841211444828218, 22.828923272455373 ], [ 70.841503661655508, 22.828919893859382 ], [ 70.84148908143851, 22.827836419358487 ], [ 70.841196866921678, 22.827839797776431 ], [ 70.841211444828218, 22.828923272455373 ] ] ], [ [ [ 70.841222378839333, 22.829735878362143 ], [ 70.841218734113596, 22.829465009736314 ], [ 70.840926516075669, 22.829468387885811 ], [ 70.840930160223749, 22.829739256556142 ], [ 70.841222378839333, 22.829735878362143 ] ] ], [ [ [ 70.841236958295795, 22.830819352767897 ], [ 70.841233313348638, 22.830548484181097 ], [ 70.84094109300004, 22.830551862508621 ], [ 70.840944737369512, 22.830822731139936 ], [ 70.841236958295795, 22.830819352767897 ] ] ], [ [ [ 70.840663448095242, 22.831638714945296 ], [ 70.84095567080999, 22.831635336975321 ], [ 70.840952026274479, 22.831364468373284 ], [ 70.840659804137445, 22.831367846298754 ], [ 70.840663448095242, 22.831638714945296 ] ] ], [ [ [ 70.840670736176847, 22.832180452209109 ], [ 70.840667092108362, 22.831909583582078 ], [ 70.840374868760549, 22.831912961060951 ], [ 70.840378512251291, 22.832183829732475 ], [ 70.840670736176847, 22.832180452209109 ] ] ], [ [ [ 70.837459907722419, 22.832488444614256 ], [ 70.837456269953805, 22.832217575507933 ], [ 70.837164045420053, 22.832220947139643 ], [ 70.837167682610925, 22.832491816290389 ], [ 70.837459907722419, 22.832488444614256 ] ] ], [ [ [ 70.839523691849351, 22.833819171713852 ], [ 70.839815919407471, 22.833815795530445 ], [ 70.83981227674029, 22.833544926828495 ], [ 70.839520049759969, 22.833548302967426 ], [ 70.839523691849351, 22.833819171713852 ] ] ], [ [ [ 70.839238747425, 22.834364284914113 ], [ 70.839530976194055, 22.834360909177416 ], [ 70.839527333994056, 22.834090040450516 ], [ 70.8392351058028, 22.834093416142739 ], [ 70.839238747425, 22.834364284914113 ] ] ], [ [ [ 70.838953800855336, 22.834909397717542 ], [ 70.839246030835326, 22.834906022427592 ], [ 70.839242389102523, 22.83463515367573 ], [ 70.838950159700346, 22.834638528921225 ], [ 70.838953800855336, 22.834909397717542 ] ] ], [ [ [ 70.834577609665658, 22.835501701681039 ], [ 70.834573977067777, 22.835230832238153 ], [ 70.834281745626285, 22.83523419900159 ], [ 70.834285377646324, 22.835505068488825 ], [ 70.834577609665658, 22.835501701681039 ] ] ], [ [ [ 70.833993145571824, 22.835508434760914 ], [ 70.83399677706916, 22.835779304282728 ], [ 70.834289009721516, 22.835775937966297 ], [ 70.834285377646324, 22.835505068488825 ], [ 70.833993145571824, 22.835508434760914 ] ] ], [ [ [ 70.832276034748062, 22.838237318582085 ], [ 70.832568272932306, 22.838233955081179 ], [ 70.832564643828348, 22.83796308542555 ], [ 70.832272406222017, 22.837966448882149 ], [ 70.832276034748062, 22.838237318582085 ] ] ], [ [ [ 70.831994680683522, 22.839053290721374 ], [ 70.83199105257016, 22.838782421006403 ], [ 70.8316988131198, 22.838785783524347 ], [ 70.831702440655192, 22.839056653283595 ], [ 70.831994680683522, 22.839053290721374 ] ] ], [ [ [ 70.836962752728937, 22.838996045187756 ], [ 70.836959114790176, 22.83872517622676 ], [ 70.836666876277562, 22.838728547852977 ], [ 70.836670513638353, 22.838999416858385 ], [ 70.836962752728937, 22.838996045187756 ] ] ], [ [ [ 70.829967120492171, 22.840431167383141 ], [ 70.830259363740851, 22.840427807814443 ], [ 70.830255738820085, 22.840156937882632 ], [ 70.829963496149418, 22.840160297407074 ], [ 70.829967120492171, 22.840431167383141 ] ] ], [ [ [ 70.834960688955704, 22.842270066130048 ], [ 70.834957054400505, 22.841999196975429 ], [ 70.834664808565307, 22.84200256538351 ], [ 70.834668442542451, 22.842273434582484 ], [ 70.834960688955704, 22.842270066130048 ] ] ], [ [ [ 70.82853487702431, 22.842614918415507 ], [ 70.828527633294144, 22.842073178167439 ], [ 70.828235386247115, 22.842076534786376 ], [ 70.828242628821116, 22.842618275122852 ], [ 70.82853487702431, 22.842614918415507 ] ] ], [ [ [ 70.827957622200643, 22.843163371680166 ], [ 70.828249871615043, 22.84316001542031 ], [ 70.828246250190574, 22.842889145276459 ], [ 70.827954001354286, 22.842892501492113 ], [ 70.827957622200643, 22.843163371680166 ] ] ], [ [ [ 70.827982969664447, 22.84505946272342 ], [ 70.82797934843326, 22.844788592603646 ], [ 70.827687095495065, 22.844791948592739 ], [ 70.827690716148084, 22.845062818756709 ], [ 70.827982969664447, 22.84505946272342 ] ] ], [ [ [ 70.832410328950004, 22.84825949062137 ], [ 70.832403067875092, 22.847717751933715 ], [ 70.832110809402252, 22.84772111644924 ], [ 70.832118069320657, 22.848262855225499 ], [ 70.832410328950004, 22.84825949062137 ] ] ], [ [ [ 70.827741411062576, 22.848855000027999 ], [ 70.828033672674209, 22.848851643375998 ], [ 70.828030050673263, 22.848580773392786 ], [ 70.827737789639912, 22.848584130000603 ], [ 70.827741411062576, 22.848855000027999 ] ] ], [ [ [ 70.831843957505114, 22.849620566284958 ], [ 70.831840327821126, 22.849349696906202 ], [ 70.831548065768416, 22.849353060615414 ], [ 70.831551694874079, 22.849623930038458 ], [ 70.831843957505114, 22.849620566284958 ] ] ], [ [ [ 70.831259432187963, 22.849627293255892 ], [ 70.831263060770411, 22.849898162713455 ], [ 70.831555324034866, 22.849894799451739 ], [ 70.831551694874079, 22.849623930038458 ], [ 70.831259432187963, 22.849627293255892 ] ] ], [ [ [ 70.827759519000537, 22.850209350018655 ], [ 70.828051783503753, 22.850205993145675 ], [ 70.828044539006967, 22.849664253267068 ], [ 70.827752275660416, 22.849667610051657 ], [ 70.827759519000537, 22.850209350018655 ] ] ], [ [ [ 70.830104886299665, 22.850724219244857 ], [ 70.830108512789039, 22.850995088840438 ], [ 70.830400778587133, 22.85099172754602 ], [ 70.830404405709928, 22.85126259708759 ], [ 70.830112139333451, 22.851265958426264 ], [ 70.830115765932931, 22.851536828002331 ], [ 70.82982349892302, 22.851540188849139 ], [ 70.829834377316573, 22.852352797651537 ], [ 70.830126646061643, 22.852349436671993 ], [ 70.830119392587449, 22.851807697568645 ], [ 70.830411660120674, 22.85180433614147 ], [ 70.830408032887775, 22.851533466619411 ], [ 70.830700299787551, 22.851530104700366 ], [ 70.830693044330189, 22.850988365715494 ], [ 70.830985310018164, 22.850985003348868 ], [ 70.83098168179373, 22.850714133886058 ], [ 70.830104886299665, 22.850724219244857 ] ] ], [ [ [ 70.829841629854172, 22.852894536804346 ], [ 70.829838003557839, 22.852623667232823 ], [ 70.829545734179305, 22.852627027720466 ], [ 70.829549359897214, 22.852897897336231 ], [ 70.829841629854172, 22.852894536804346 ] ] ], [ [ [ 70.830155662160664, 22.854516392695054 ], [ 70.830447935478205, 22.854513030825338 ], [ 70.830444307694648, 22.854242161400865 ], [ 70.830152034955574, 22.854245523226332 ], [ 70.830155662160664, 22.854516392695054 ] ] ], [ [ [ 70.824916434946388, 22.856202036039711 ], [ 70.824912817824469, 22.855931165834143 ], [ 70.824620540569796, 22.855934517736657 ], [ 70.824624157113163, 22.85620538798635 ], [ 70.824916434946388, 22.856202036039711 ] ] ], [ [ [ 70.823184450179994, 22.857847362292141 ], [ 70.82318083620018, 22.857576491880476 ], [ 70.822888555144928, 22.857579840830027 ], [ 70.822892168546147, 22.857850711285771 ], [ 70.823184450179994, 22.857847362292141 ] ] ], [ [ [ 70.828741415818911, 22.858054499081316 ], [ 70.829033696932612, 22.85805113931772 ], [ 70.829030071326088, 22.857780269798905 ], [ 70.828737790790981, 22.857783629518284 ], [ 70.828741415818911, 22.858054499081316 ] ] ], [ [ [ 70.829618258994927, 22.858044418181649 ], [ 70.829614632231241, 22.857773548751304 ], [ 70.829322351806198, 22.857776909543244 ], [ 70.829325977991289, 22.858047779017827 ], [ 70.829618258994927, 22.858044418181649 ] ] ], [ [ [ 70.824685646749856, 22.860810180738355 ], [ 70.824682029273205, 22.860539310654531 ], [ 70.824389742127366, 22.860542662770776 ], [ 70.824393359025322, 22.860813532898714 ], [ 70.824685646749856, 22.860810180738355 ] ] ], [ [ [ 70.819424459316934, 22.860870437560429 ], [ 70.819716747973459, 22.860867094518362 ], [ 70.819713140334486, 22.860596223685501 ], [ 70.819420852256656, 22.860599566683575 ], [ 70.819424459316934, 22.860870437560429 ] ] ], [ [ [ 70.818562014862977, 22.861963947406096 ], [ 70.818558409319891, 22.861693076436296 ], [ 70.818266118708323, 22.861696417464774 ], [ 70.818269723672671, 22.861967288478539 ], [ 70.818562014862977, 22.861963947406096 ] ] ], [ [ [ 70.823534572155026, 22.86217793731652 ], [ 70.82353095671877, 22.861907067105054 ], [ 70.823238666459901, 22.861910417296308 ], [ 70.823242281317434, 22.862181287551859 ], [ 70.823534572155026, 22.86217793731652 ] ] ], [ [ [ 70.81682267573018, 22.863067470631201 ], [ 70.81711496950895, 22.863064132065038 ], [ 70.817111366640816, 22.862793260914483 ], [ 70.816819073440797, 22.862796599436713 ], [ 70.81682267573018, 22.863067470631201 ] ] ], [ [ [ 70.816248891732073, 22.863886759942734 ], [ 70.816245290436271, 22.863615888689658 ], [ 70.815952995335962, 22.863619225734343 ], [ 70.815956596052956, 22.863890097031344 ], [ 70.816248891732073, 22.863886759942734 ] ] ], [ [ [ 70.819770869128689, 22.864930155840661 ], [ 70.819767260668385, 22.864659285154136 ], [ 70.819474963909258, 22.864662628812187 ], [ 70.819478571790768, 22.864933499542719 ], [ 70.819770869128689, 22.864930155840661 ] ] ], [ [ [ 70.818608891902713, 22.865485269125703 ], [ 70.818901190562542, 22.865481926945133 ], [ 70.818897583729225, 22.865211056146141 ], [ 70.818605285648232, 22.865214398282728 ], [ 70.818608891902713, 22.865485269125703 ] ] ], [ [ [ 70.816299315612056, 22.867678956461667 ], [ 70.816295713551071, 22.867408085345151 ], [ 70.816003410346852, 22.867411423004665 ], [ 70.81600701182893, 22.867682294165096 ], [ 70.816299315612056, 22.867678956461667 ] ] ], [ [ [ 70.852521928268729, 22.779215519563728 ], [ 70.852518270214063, 22.778944650954308 ], [ 70.852226161740461, 22.778948042731077 ], [ 70.852229819219119, 22.779218911385264 ], [ 70.852521928268729, 22.779215519563728 ] ] ], [ [ [ 70.852270055155103, 22.782198465938013 ], [ 70.852562170541347, 22.782195073624052 ], [ 70.852558511874776, 22.781924205121854 ], [ 70.852266397064639, 22.78192759739105 ], [ 70.852270055155103, 22.782198465938013 ] ] ], [ [ [ 70.852295663345686, 22.784094545493875 ], [ 70.852292004865873, 22.783823677015143 ], [ 70.851999885967217, 22.783827069063374 ], [ 70.852003543870865, 22.784097937586868 ], [ 70.852295663345686, 22.784094545493875 ] ] ], [ [ [ 70.852018176041597, 22.785181411583384 ], [ 70.852014517915507, 22.784910543098878 ], [ 70.851722396656527, 22.784913934791795 ], [ 70.851726054206438, 22.785184803321062 ], [ 70.852018176041597, 22.785181411583384 ] ] ], [ [ [ 70.851737027189813, 22.785997408850349 ], [ 70.852029150753637, 22.78599401697841 ], [ 70.852025492460669, 22.78572314852315 ], [ 70.851733369473081, 22.785726540350332 ], [ 70.851737027189813, 22.785997408850349 ] ] ], [ [ [ 70.851748000673695, 22.786810014291905 ], [ 70.851744342790113, 22.786539145821134 ], [ 70.851452218018224, 22.786542537248184 ], [ 70.851455875325541, 22.786813405763706 ], [ 70.851748000673695, 22.786810014291905 ] ] ], [ [ [ 70.85091915953339, 22.790341478081878 ], [ 70.850911845834077, 22.789799741115601 ], [ 70.850619713979782, 22.789803131476184 ], [ 70.850627026526382, 22.790344868531914 ], [ 70.85091915953339, 22.790341478081878 ] ] ], [ [ [ 70.85034220507994, 22.790889995553623 ], [ 70.850634339295297, 22.79088660554865 ], [ 70.85063068288305, 22.790615737045155 ], [ 70.850338549244071, 22.79061912700541 ], [ 70.85034220507994, 22.790889995553623 ] ] ], [ [ [ 70.854150935862222, 22.791658487637068 ], [ 70.854143608926108, 22.791116751753282 ], [ 70.853851474801942, 22.791120148217239 ], [ 70.853858800585257, 22.791661884190638 ], [ 70.854150935862222, 22.791658487637068 ] ] ], [ [ [ 70.850645308865566, 22.79169921100063 ], [ 70.850641652286555, 22.791428342526384 ], [ 70.850349516918399, 22.791431732620815 ], [ 70.850353172921004, 22.791702601139779 ], [ 70.850645308865566, 22.79169921100063 ] ] ], [ [ [ 70.853296501633338, 22.793293883917912 ], [ 70.853588640480282, 22.793290488164637 ], [ 70.853584977803152, 22.793019620196528 ], [ 70.853292839532656, 22.793023015904996 ], [ 70.853296501633338, 22.793293883917912 ] ] ], [ [ [ 70.853595966001564, 22.793832224071615 ], [ 70.853592303213077, 22.793561356123003 ], [ 70.853300163789683, 22.793564751921068 ], [ 70.853303826001678, 22.793835619914475 ], [ 70.853595966001564, 22.793832224071615 ] ] ], [ [ [ 70.853895432842748, 22.79437056347253 ], [ 70.853891769366413, 22.794099695588226 ], [ 70.853307488269351, 22.79410648789813 ], [ 70.853314812971718, 22.794648223836184 ], [ 70.853606954701078, 22.794644827858939 ], [ 70.853603291745571, 22.794373959939584 ], [ 70.853895432842748, 22.79437056347253 ] ] ], [ [ [ 70.849228477282765, 22.794966579964036 ], [ 70.84952062036723, 22.794963191426689 ], [ 70.849516965427242, 22.794692322890594 ], [ 70.849224822919297, 22.794695711383238 ], [ 70.849228477282765, 22.794966579964036 ] ] ], [ [ [ 70.853614280779141, 22.795186563668388 ], [ 70.853906423605864, 22.795183167066931 ], [ 70.853902759962466, 22.794912299211877 ], [ 70.853610617712278, 22.794915695768537 ], [ 70.853614280779141, 22.795186563668388 ] ] ], [ [ [ 70.848943641883281, 22.795511705188485 ], [ 70.849235786176365, 22.795508317096385 ], [ 70.849228477282765, 22.794966579964036 ], [ 70.848936334142763, 22.794969967966754 ], [ 70.848943641883281, 22.795511705188485 ] ] ], [ [ [ 70.845153053994835, 22.796097440076966 ], [ 70.845145761022522, 22.795555701733566 ], [ 70.844853615952701, 22.795559082340688 ], [ 70.844860907771903, 22.796100820773276 ], [ 70.845153053994835, 22.796097440076966 ] ] ], [ [ [ 70.853048305362762, 22.79654769506833 ], [ 70.85304464317062, 22.796276827127652 ], [ 70.852752497870725, 22.796280222304375 ], [ 70.85275615948629, 22.796551090289828 ], [ 70.853048305362762, 22.79654769506833 ] ] ], [ [ [ 70.848085470345694, 22.796876209810812 ], [ 70.848377617688186, 22.796872823099282 ], [ 70.848373964665612, 22.796601954452679 ], [ 70.848081817899711, 22.796605341119541 ], [ 70.848085470345694, 22.796876209810812 ] ] ], [ [ [ 70.852175528084501, 22.796828747194084 ], [ 70.852171867566412, 22.796557879128834 ], [ 70.851879721523005, 22.796561272746345 ], [ 70.851883381464518, 22.796832140856356 ], [ 70.852175528084501, 22.796828747194084 ] ] ], [ [ [ 70.844291194850555, 22.797191057666769 ], [ 70.844283904894382, 22.796649319133842 ], [ 70.843991757352072, 22.796652698315317 ], [ 70.843999046155076, 22.797194436937392 ], [ 70.844291194850555, 22.797191057666769 ] ] ], [ [ [ 70.845459789078433, 22.797177535237431 ], [ 70.845751937496829, 22.79717415329338 ], [ 70.845748289608053, 22.79690328425475 ], [ 70.845456141766263, 22.796906666154189 ], [ 70.845459789078433, 22.797177535237431 ] ] ], [ [ [ 70.851887041461666, 22.797103008956618 ], [ 70.851883381464518, 22.796832140856356 ], [ 70.851591234788899, 22.796835533983955 ], [ 70.85159489420947, 22.797106402128971 ], [ 70.851887041461666, 22.797103008956618 ] ] ], [ [ [ 70.84809277540424, 22.797417947164103 ], [ 70.848089122847213, 22.797147078492333 ], [ 70.847796974872622, 22.797150464713855 ], [ 70.847800626853058, 22.797421333430293 ], [ 70.84809277540424, 22.797417947164103 ] ] ], [ [ [ 70.844594280570277, 22.79800028545402 ], [ 70.844886430884813, 22.797996904980266 ], [ 70.844882784559559, 22.797726035837083 ], [ 70.844590634821671, 22.79772941626625 ], [ 70.844594280570277, 22.79800028545402 ] ] ], [ [ [ 70.846646631344157, 22.798518348630708 ], [ 70.846642981448241, 22.798247479774687 ], [ 70.846350830889747, 22.798250863501305 ], [ 70.846354480209015, 22.798521732401955 ], [ 70.846646631344157, 22.798518348630708 ] ] ], [ [ [ 70.845770177772366, 22.798528498340286 ], [ 70.845766529606365, 22.798257629350406 ], [ 70.844890077265475, 22.798267774113704 ], [ 70.844897370193081, 22.798809512351326 ], [ 70.845189522182096, 22.798806131209084 ], [ 70.845185875113941, 22.79853526213974 ], [ 70.845770177772366, 22.798528498340286 ] ] ], [ [ [ 70.849593730834457, 22.800380560101093 ], [ 70.849885885395551, 22.800377170135004 ], [ 70.849882228767655, 22.800106301838632 ], [ 70.849590074783251, 22.800109691760014 ], [ 70.849593730834457, 22.800380560101093 ] ] ], [ [ [ 70.848746503386266, 22.802557674241019 ], [ 70.848742848620816, 22.802286805843867 ], [ 70.848450689800401, 22.802290193983655 ], [ 70.84845434398909, 22.802561062425486 ], [ 70.848746503386266, 22.802557674241019 ] ] ], [ [ [ 70.847318575277271, 22.805012426960648 ], [ 70.847314922896132, 22.804741558427935 ], [ 70.847022758606926, 22.80474494429545 ], [ 70.847026410411203, 22.80501581287281 ], [ 70.847318575277271, 22.805012426960648 ] ] ], [ [ [ 70.846456683669786, 22.806106057661513 ], [ 70.846748850954299, 22.806102672640591 ], [ 70.846741548110998, 22.805560935464847 ], [ 70.84644938198025, 22.805564320396499 ], [ 70.846456683669786, 22.806106057661513 ] ] ], [ [ [ 70.846460334597779, 22.806376926279388 ], [ 70.846456683669786, 22.806106057661513 ], [ 70.846164516329793, 22.806109442147516 ], [ 70.846168166680897, 22.806380310810024 ], [ 70.846460334597779, 22.806376926279388 ] ] ], [ [ [ 70.845875998708522, 22.806383694805731 ], [ 70.845879648538201, 22.806654563503102 ], [ 70.846171817087452, 22.806651179462776 ], [ 70.846168166680897, 22.806380310810024 ], [ 70.845875998708522, 22.806383694805731 ] ] ], [ [ [ 70.845594778605388, 22.80719968446321 ], [ 70.845886948363926, 22.807196300868593 ], [ 70.845883298423331, 22.80692543219072 ], [ 70.845591129241697, 22.806928815740729 ], [ 70.845594778605388, 22.80719968446321 ] ] ], [ [ [ 70.845598428024516, 22.807470553175946 ], [ 70.845594778605388, 22.80719968446321 ], [ 70.845302608791371, 22.807203067522888 ], [ 70.845306257633581, 22.807473936280221 ], [ 70.845598428024516, 22.807470553175946 ] ] ], [ [ [ 70.845035977943084, 22.809102531456372 ], [ 70.845032329345159, 22.808831662712944 ], [ 70.84532450267632, 22.808828279920622 ], [ 70.845313555484339, 22.808015673765642 ], [ 70.845021383884074, 22.808019056424168 ], [ 70.845025032315661, 22.808289925196849 ], [ 70.844732860082999, 22.808293307364995 ], [ 70.844743803979497, 22.809105913758305 ], [ 70.845035977943084, 22.809102531456372 ] ] ], [ [ [ 70.845335450367358, 22.809640885987839 ], [ 70.846211975220982, 22.809630733999398 ], [ 70.846219277420971, 22.810172471061087 ], [ 70.84651145341526, 22.810169085905667 ], [ 70.846493195446342, 22.808814743401431 ], [ 70.846201022337041, 22.808818128333712 ], [ 70.846197371486682, 22.808547259758981 ], [ 70.845905198898876, 22.808550644111648 ], [ 70.84591614988544, 22.809363249940461 ], [ 70.845331801081556, 22.80937001730852 ], [ 70.845335450367358, 22.809640885987839 ] ] ], [ [ [ 70.844170396819464, 22.809925283330202 ], [ 70.845046924069464, 22.809915137628131 ], [ 70.84504327530523, 22.809644268913967 ], [ 70.844458925014663, 22.809651033161181 ], [ 70.844455277459858, 22.809380164348081 ], [ 70.844747452055856, 22.809376782536567 ], [ 70.844743803979497, 22.809105913758305 ], [ 70.844159455886071, 22.809112676757167 ], [ 70.844170396819464, 22.809925283330202 ] ] ], [ [ [ 70.843892807337511, 22.811012139633331 ], [ 70.844184985506487, 22.811008758624389 ], [ 70.844170396819464, 22.809925283330202 ], [ 70.843878220958615, 22.80992866416085 ], [ 70.843892807337511, 22.811012139633331 ] ] ], [ [ [ 70.84477663866241, 22.8115437324116 ], [ 70.844769341678159, 22.811001995001359 ], [ 70.844477163620041, 22.811005377080399 ], [ 70.844484459450172, 22.81154711457981 ], [ 70.84477663866241, 22.8115437324116 ] ] ], [ [ [ 70.846244836868578, 22.812068550469768 ], [ 70.846230231137071, 22.810985076580476 ], [ 70.845938053356207, 22.810988461334748 ], [ 70.845952656779474, 22.812071935402532 ], [ 70.846244836868578, 22.812068550469768 ] ] ], [ [ [ 70.844199575080196, 22.812092233762531 ], [ 70.844491755502006, 22.812088852040219 ], [ 70.844488107448385, 22.811817983314892 ], [ 70.844195927603636, 22.811821364992628 ], [ 70.844199575080196, 22.812092233762531 ] ] ], [ [ [ 70.846540669050881, 22.812336033405249 ], [ 70.846537016902204, 22.81206516500194 ], [ 70.846244836868578, 22.812068550469768 ], [ 70.846248488440153, 22.812339418917713 ], [ 70.846540669050881, 22.812336033405249 ] ] ], [ [ [ 70.846255791749769, 22.812881155784329 ], [ 70.846252140067222, 22.812610287355895 ], [ 70.84595995882394, 22.812613672377907 ], [ 70.845963609929385, 22.812884540850963 ], [ 70.846255791749769, 22.812881155784329 ] ] ], [ [ [ 70.845682379971336, 22.813700530876986 ], [ 70.845974563578551, 22.813697146211602 ], [ 70.845970912306697, 22.813426277767807 ], [ 70.845678729276585, 22.813429662388575 ], [ 70.845682379971336, 22.813700530876986 ] ] ], [ [ [ 70.845686030721538, 22.813971399355641 ], [ 70.845682379971336, 22.813700530876986 ], [ 70.845390196308642, 22.813703915007256 ], [ 70.845393846481713, 22.813974783530529 ], [ 70.845686030721538, 22.813971399355641 ] ] ], [ [ [ 70.845101662186423, 22.813978167170283 ], [ 70.845098012590498, 22.813707298602413 ], [ 70.844805828816888, 22.81371068166245 ], [ 70.844809477835682, 22.813981550274917 ], [ 70.845101662186423, 22.813978167170283 ] ] ], [ [ [ 70.845404797333657, 22.814787389041797 ], [ 70.845696983304961, 22.814784004733088 ], [ 70.845693332388365, 22.81451313628369 ], [ 70.84540114699422, 22.814516520547794 ], [ 70.845404797333657, 22.814787389041797 ] ] ], [ [ [ 70.845127210910547, 22.815874246872262 ], [ 70.845119910997823, 22.815332509863318 ], [ 70.844827723761256, 22.815335893190934 ], [ 70.84483502251959, 22.815877630289069 ], [ 70.845127210910547, 22.815874246872262 ] ] ], [ [ [ 70.84514546166281, 22.81722858922388 ], [ 70.84513816119555, 22.816686852312497 ], [ 70.844845971072928, 22.816690235863103 ], [ 70.844853270385727, 22.817231972863684 ], [ 70.84514546166281, 22.81722858922388 ] ] ], [ [ [ 70.844579325419119, 22.81858969852199 ], [ 70.844871519638019, 22.818586315194437 ], [ 70.844867869676648, 22.818315446747796 ], [ 70.844575676035063, 22.818318830030758 ], [ 70.844579325419119, 22.81858969852199 ] ] ], [ [ [ 70.845171015045125, 22.819124668106458 ], [ 70.845167364395564, 22.818853799723929 ], [ 70.844875169654813, 22.818857183631319 ], [ 70.844878819727072, 22.819128052058453 ], [ 70.845171015045125, 22.819124668106458 ] ] ], [ [ [ 70.844889770276552, 22.819940657281304 ], [ 70.844886120037941, 22.819669788883438 ], [ 70.844593923509805, 22.819673172389361 ], [ 70.844597573171086, 22.819944040831814 ], [ 70.844889770276552, 22.819940657281304 ] ] ], [ [ [ 70.861656244611666, 22.763396387049479 ], [ 70.861652571366704, 22.763125519310798 ], [ 70.861360498069772, 22.763128925572737 ], [ 70.861364170739265, 22.763399793356395 ], [ 70.861656244611666, 22.763396387049479 ] ] ], [ [ [ 70.86516480692643, 22.763626336919742 ], [ 70.865161126719727, 22.763355469731131 ], [ 70.864869053518404, 22.76335888244347 ], [ 70.864872733149625, 22.763629749677158 ], [ 70.86516480692643, 22.763626336919742 ] ] ], [ [ [ 70.86195199230454, 22.763663847892722 ], [ 70.861948318428205, 22.763392980208774 ], [ 70.861656244611666, 22.763396387049479 ], [ 70.861659917912519, 22.763667254778419 ], [ 70.86195199230454, 22.763663847892722 ] ] ], [ [ [ 70.86575999872106, 22.76443211104046 ], [ 70.866052074056398, 22.764428696546421 ], [ 70.866048391955232, 22.764157829522286 ], [ 70.865756317195405, 22.764161243971238 ], [ 70.86575999872106, 22.76443211104046 ] ] ], [ [ [ 70.866954088089159, 22.766314517810262 ], [ 70.866950403869211, 22.76604365098968 ], [ 70.866366246572142, 22.766050483188071 ], [ 70.866369929640953, 22.766321350098867 ], [ 70.866954088089159, 22.766314517810262 ] ] ], [ [ [ 70.862890708947702, 22.76825837087349 ], [ 70.86288703239434, 22.767987503490261 ], [ 70.862594948961004, 22.767990912697506 ], [ 70.862598624938727, 22.768261780125737 ], [ 70.862890708947702, 22.76825837087349 ] ] ], [ [ [ 70.861733395664089, 22.769084607310194 ], [ 70.862025481567741, 22.769081199524713 ], [ 70.862021806573608, 22.76881033203572 ], [ 70.861729721245638, 22.768813739776206 ], [ 70.861733395664089, 22.769084607310194 ] ] ], [ [ [ 70.857943607871093, 22.769670596140251 ], [ 70.858235695651956, 22.769667195206182 ], [ 70.858232028029931, 22.769396327152343 ], [ 70.857939940824778, 22.76939972804152 ], [ 70.857943607871093, 22.769670596140251 ] ] ], [ [ [ 70.855055681107089, 22.772142392600891 ], [ 70.855347774626907, 22.77213899660293 ], [ 70.855344112260539, 22.771868128188121 ], [ 70.855052019316503, 22.771871524141261 ], [ 70.855055681107089, 22.772142392600891 ] ] ], [ [ [ 70.859444419073768, 22.772633132102804 ], [ 70.859440748535008, 22.772362264335868 ], [ 70.859148655219983, 22.772365667855048 ], [ 70.859152325182976, 22.772636535666912 ], [ 70.859444419073768, 22.772633132102804 ] ] ], [ [ [ 70.854781894440904, 22.773500130440951 ], [ 70.85477823294768, 22.773229261985222 ], [ 70.854486137013296, 22.773232657094411 ], [ 70.854489797930711, 22.773503525594954 ], [ 70.854781894440904, 22.773500130440951 ] ] ], [ [ [ 70.856866892895141, 22.776455898325889 ], [ 70.857158995294128, 22.776452498405799 ], [ 70.857155328581072, 22.776181630416087 ], [ 70.85686322675798, 22.776185030291298 ], [ 70.856866892895141, 22.776455898325889 ] ] ], [ [ [ 70.856593119082746, 22.777813637962915 ], [ 70.85658945324279, 22.777542769932197 ], [ 70.856297348428583, 22.777546168963461 ], [ 70.856301013692573, 22.777817037039039 ], [ 70.856593119082746, 22.777813637962915 ] ] ], [ [ [ 70.856034562623364, 22.779716512151104 ], [ 70.856030897545224, 22.779445644098899 ], [ 70.855738788587686, 22.779449042375784 ], [ 70.855742453089817, 22.779719910472835 ], [ 70.856034562623364, 22.779716512151104 ] ] ], [ [ [ 70.855461335613128, 22.780535912627531 ], [ 70.855753446930521, 22.780532514705481 ], [ 70.855749782261213, 22.780261646637683 ], [ 70.855457671519886, 22.780265044514884 ], [ 70.855461335613128, 22.780535912627531 ] ] ], [ [ [ 70.859554561196276, 22.780759160577581 ], [ 70.859550888982639, 22.780488293103133 ], [ 70.85896666774218, 22.780495102303185 ], [ 70.858970338803729, 22.780765969867495 ], [ 70.859554561196276, 22.780759160577581 ] ] ], [ [ [ 70.858397126251106, 22.781585379924373 ], [ 70.858393456174241, 22.781314512299478 ], [ 70.858101343630494, 22.781317915164397 ], [ 70.858105013131279, 22.781588782834195 ], [ 70.858397126251106, 22.781585379924373 ] ] ], [ [ [ 70.855198534383078, 22.782706254924207 ], [ 70.855490650364857, 22.782702857177714 ], [ 70.855486985825877, 22.782431989143063 ], [ 70.85519487042022, 22.782435386844721 ], [ 70.855198534383078, 22.782706254924207 ] ] ], [ [ [ 70.85753546067663, 22.782679057991924 ], [ 70.857531792104879, 22.78240819027133 ], [ 70.857239677089424, 22.782411591713014 ], [ 70.857243345085081, 22.782682459478494 ], [ 70.85753546067663, 22.782679057991924 ] ] ], [ [ [ 70.858415477472491, 22.782939717902575 ], [ 70.858411807116596, 22.782668850326438 ], [ 70.858119691692394, 22.782672253415893 ], [ 70.858123361472181, 22.782943121036936 ], [ 70.858415477472491, 22.782939717902575 ] ] ], [ [ [ 70.856958564444099, 22.783227596022243 ], [ 70.857250681243684, 22.783224194980203 ], [ 70.857247013136487, 22.782953327234228 ], [ 70.856954896913052, 22.782956728231383 ], [ 70.856958564444099, 22.783227596022243 ] ] ], [ [ [ 70.855209526605918, 22.783518859104184 ], [ 70.855205862475927, 22.783247991053948 ], [ 70.854913745286211, 22.783251388355804 ], [ 70.854917408840052, 22.78352225645088 ], [ 70.855209526605918, 22.783518859104184 ] ] ], [ [ [ 70.855797427308516, 22.783782930758655 ], [ 70.855793761970517, 22.783512062807848 ], [ 70.855501644316078, 22.783515461223175 ], [ 70.855505309077927, 22.783786329218827 ], [ 70.855797427308516, 22.783782930758655 ] ] ], [ [ [ 70.855216855033021, 22.784060595175415 ], [ 70.855508973895496, 22.784057197204728 ], [ 70.855505309077927, 22.783786329218827 ], [ 70.855213190791616, 22.783789727144676 ], [ 70.855216855033021, 22.784060595175415 ] ] ], [ [ [ 70.857557473278533, 22.784304264110709 ], [ 70.857553804372102, 22.784033396448624 ], [ 70.857261685899871, 22.784036798159629 ], [ 70.857265354230137, 22.784307665866606 ], [ 70.857557473278533, 22.784304264110709 ] ] ], [ [ [ 70.856688450489173, 22.784856203339597 ], [ 70.856684783199725, 22.784585335562369 ], [ 70.856392663407846, 22.784588735760117 ], [ 70.856396330121129, 22.784859603582213 ], [ 70.856688450489173, 22.784856203339597 ] ] ], [ [ [ 70.854954047442192, 22.786230936865369 ], [ 70.855246170969949, 22.786227539070357 ], [ 70.855235177075755, 22.785414935182878 ], [ 70.854943055276649, 22.785418332843392 ], [ 70.854954047442192, 22.786230936865369 ] ] ], [ [ [ 70.854968704442811, 22.787314408758157 ], [ 70.854965040109093, 22.787043540799587 ], [ 70.854672914796893, 22.787046938194681 ], [ 70.854676578554347, 22.787317806198079 ], [ 70.854968704442811, 22.787314408758157 ] ] ], [ [ [ 70.854694898177115, 22.788672146068819 ], [ 70.854680242367493, 22.787588674191728 ], [ 70.854388115847058, 22.787592071142047 ], [ 70.854402769351495, 22.788675543198419 ], [ 70.854694898177115, 22.788672146068819 ] ] ], [ [ [ 70.85500535084401, 22.79002308780758 ], [ 70.855589613980015, 22.790016290427729 ], [ 70.855585947936504, 22.789745422656345 ], [ 70.855001685953198, 22.789752219946521 ], [ 70.85500535084401, 22.79002308780758 ] ] ], [ [ [ 70.855304813541395, 22.790561424988098 ], [ 70.855301147962777, 22.790290557191373 ], [ 70.855009015790543, 22.790293955658893 ], [ 70.855012680792797, 22.79056482350045 ], [ 70.855304813541395, 22.790561424988098 ] ] ], [ [ [ 70.854720547988492, 22.790568221478303 ], [ 70.854716883562617, 22.790297353591914 ], [ 70.854424751278955, 22.790300750990436 ], [ 70.854428415128481, 22.790571618921646 ], [ 70.854720547988492, 22.790568221478303 ] ] ], [ [ [ 70.85413994554159, 22.790845883796759 ], [ 70.854432079033685, 22.790842486843104 ], [ 70.854428415128481, 22.790571618921646 ], [ 70.854136282212764, 22.790575015830491 ], [ 70.85413994554159, 22.790845883796759 ] ] ], [ [ [ 70.858525614100998, 22.791065740652016 ], [ 70.858521942070723, 22.790794873368455 ], [ 70.858229809359202, 22.790798277805223 ], [ 70.858233480813098, 22.791069145133701 ], [ 70.858525614100998, 22.791065740652016 ] ] ], [ [ [ 70.857656554839494, 22.791617687300832 ], [ 70.85765288442677, 22.791346819902056 ], [ 70.856776482164292, 22.791357027067612 ], [ 70.856780150847825, 22.791627894601039 ], [ 70.857656554839494, 22.791617687300832 ] ] ], [ [ [ 70.858532958329022, 22.791607475189874 ], [ 70.858825092713886, 22.791604070083835 ], [ 70.858821419995579, 22.791333202864703 ], [ 70.858529286187107, 22.791336607925821 ], [ 70.858532958329022, 22.791607475189874 ] ] ], [ [ [ 70.85532314227035, 22.791915763825436 ], [ 70.855319476413101, 22.791644896077475 ], [ 70.855027341358948, 22.791648294769168 ], [ 70.855031006639777, 22.791919162561967 ], [ 70.85532314227035, 22.791915763825436 ] ] ], [ [ [ 70.859413035243094, 22.791868125387698 ], [ 70.859409361316139, 22.791597258268187 ], [ 70.85911722704293, 22.791600664443273 ], [ 70.859120900393478, 22.791871531607725 ], [ 70.859413035243094, 22.791868125387698 ] ] ], [ [ [ 70.856491684235266, 22.791902163533933 ], [ 70.856783819587122, 22.79189876212471 ], [ 70.856780150847825, 22.791627894601039 ], [ 70.85648801607239, 22.791631295965384 ], [ 70.856491684235266, 22.791902163533933 ] ] ], [ [ [ 70.856203216469879, 22.792176432012269 ], [ 70.856199548827647, 22.791905564408616 ], [ 70.855907413364292, 22.791908964748757 ], [ 70.85591108043009, 22.79217983239727 ], [ 70.856203216469879, 22.792176432012269 ] ] ], [ [ [ 70.860000979910396, 22.792132178363925 ], [ 70.859997304774765, 22.791861311344054 ], [ 70.859705170036847, 22.791864718633146 ], [ 70.859708844596071, 22.792135585697959 ], [ 70.860000979910396, 22.792132178363925 ] ] ], [ [ [ 70.858251838919756, 22.792423481629761 ], [ 70.859128247262106, 22.792413265907356 ], [ 70.859124573799861, 22.792142398762419 ], [ 70.858248167186801, 22.792152614350055 ], [ 70.858251838919756, 22.792423481629761 ] ] ], [ [ [ 70.855914747551637, 22.792450700036035 ], [ 70.85591108043009, 22.79217983239727 ], [ 70.855618944334566, 22.79218323224773 ], [ 70.855622610879678, 22.792454099931344 ], [ 70.855914747551637, 22.792450700036035 ] ] ], [ [ [ 70.860008330349245, 22.792673912374404 ], [ 70.860004655101889, 22.792403045374037 ], [ 70.859712519211143, 22.792406452753024 ], [ 70.859716193882079, 22.792677319798333 ], [ 70.860008330349245, 22.792673912374404 ] ] ], [ [ [ 70.860300466760549, 22.792670504415913 ], [ 70.860592603115975, 22.792667095922877 ], [ 70.860588926715749, 22.792396229012429 ], [ 70.860296790936758, 22.792399637460509 ], [ 70.860300466760549, 22.792670504415913 ] ] ], [ [ [ 70.860304142640203, 22.792941371361565 ], [ 70.860300466760549, 22.792670504415913 ], [ 70.860008330349245, 22.792673912374404 ], [ 70.860012005652479, 22.792944779365001 ], [ 70.860304142640203, 22.792941371361565 ] ] ], [ [ [ 70.854487044295794, 22.794905504494711 ], [ 70.854483379555077, 22.794634636719543 ], [ 70.854191237992765, 22.794638034300615 ], [ 70.854194902156976, 22.794908902120607 ], [ 70.854487044295794, 22.794905504494711 ] ] ], [ [ [ 70.856250900892434, 22.79569770997227 ], [ 70.85654304437071, 22.795694308469471 ], [ 70.856539375427133, 22.795423441037478 ], [ 70.856247232525391, 22.795426842495406 ], [ 70.856250900892434, 22.79569770997227 ] ] ], [ [ [ 70.855670281038357, 22.795975378930784 ], [ 70.855666613768634, 22.795704511373966 ], [ 70.85537447012311, 22.795707911272856 ], [ 70.855378136816299, 22.795978778874524 ], [ 70.855670281038357, 22.795975378930784 ] ] ], [ [ [ 70.855093324938935, 22.796523913547372 ], [ 70.855089658710853, 22.79625304592037 ], [ 70.854797513800776, 22.796256444839649 ], [ 70.854801179452295, 22.796527312511483 ], [ 70.855093324938935, 22.796523913547372 ] ] ], [ [ [ 70.855677615745023, 22.796517114015167 ], [ 70.855969761064443, 22.796513713447077 ], [ 70.855966093106673, 22.79624284595462 ], [ 70.855673948363815, 22.796246246477857 ], [ 70.855677615745023, 22.796517114015167 ] ] ], [ [ [ 70.858022120893708, 22.797031628827401 ], [ 70.858018448788414, 22.796760761668626 ], [ 70.85772630328286, 22.796764166024207 ], [ 70.857729974811576, 22.797035033227885 ], [ 70.858022120893708, 22.797031628827401 ] ] ], [ [ [ 70.857437828673653, 22.7970384370937 ], [ 70.857441499681599, 22.797309304332522 ], [ 70.857733646396099, 22.797305900421811 ], [ 70.857729974811576, 22.797035033227885 ], [ 70.857437828673653, 22.7970384370937 ] ] ] ] } },
{ "type": "Feature", "properties": { "cls": 2, "depth_cls": "0.5-1.5 m", "area_km2": 1.057, "scenario": "S0_release" }, "geometry": { "type": "MultiPolygon", "coordinates": [ [ [ [ 70.77352375487412, 22.928034064826623 ], [ 70.773537865805963, 22.929117566447754 ], [ 70.773245423481043, 22.929120833848863 ], [ 70.773252478105761, 22.929662584686731 ], [ 70.773544921592631, 22.92965931719981 ], [ 70.773541393672573, 22.929388441828653 ], [ 70.773833836525, 22.929385173846423 ], [ 70.773830308077436, 22.929114298508431 ], [ 70.774122750295433, 22.929111030030914 ], [ 70.774115692398752, 22.928569279411505 ], [ 70.773823251342677, 22.928572547803192 ], [ 70.773816194821777, 22.928030797058941 ], [ 70.77352375487412, 22.928034064826623 ] ] ], [ [ [ 70.779978664763306, 22.929587296319099 ], [ 70.779975124061735, 22.929316421893592 ], [ 70.77968268233397, 22.929319701178159 ], [ 70.779686222454558, 22.929590575646724 ], [ 70.779978664763306, 22.929587296319099 ] ] ], [ [ [ 70.774996545910568, 22.928830346193099 ], [ 70.775003607400009, 22.929372096535417 ], [ 70.774711164761484, 22.929375366670484 ], [ 70.774718225302948, 22.929917117059677 ], [ 70.774133337541514, 22.929923655886888 ], [ 70.77414039597295, 22.930465406408782 ], [ 70.773847950849998, 22.93046867510089 ], [ 70.77384442218856, 22.930197799801906 ], [ 70.773551977593144, 22.930201067912861 ], [ 70.773559033807473, 22.930742818586904 ], [ 70.774728816516387, 22.930729742570314 ], [ 70.77473234702785, 22.931000617721025 ], [ 70.775024793152383, 22.930997347328326 ], [ 70.775007138224979, 22.929642971691948 ], [ 70.775299581390968, 22.929639700975731 ], [ 70.775292518632568, 22.9290979507388 ], [ 70.775584960583103, 22.929094679570262 ], [ 70.77557789687684, 22.928552929380238 ], [ 70.775285456088227, 22.928556200462868 ], [ 70.775288987333639, 22.92882707560571 ], [ 70.774996545910568, 22.928830346193099 ] ], [ [ 70.774429311218967, 22.930191261965291 ], [ 70.774721755653928, 22.930187992239642 ], [ 70.774725286058413, 22.930458867409854 ], [ 70.774432841042426, 22.930462137178438 ], [ 70.774429311218967, 22.930191261965291 ] ] ], [ [ [ 70.779689762628792, 22.92986145010553 ], [ 70.779686222454558, 22.929590575646724 ], [ 70.77939378009215, 22.929593854436146 ], [ 70.779397319685401, 22.929864728938 ], [ 70.779689762628792, 22.92986145010553 ] ] ], [ [ [ 70.779400859332313, 22.930135603430099 ], [ 70.779397319685401, 22.929864728938 ], [ 70.779104876688407, 22.929868007232248 ], [ 70.779108415754308, 22.930138881767395 ], [ 70.779400859332313, 22.930135603430099 ] ] ], [ [ [ 70.778815972122672, 22.930142159566461 ], [ 70.778819510661194, 22.930413034134894 ], [ 70.779111954873827, 22.930409756292789 ], [ 70.779108415754308, 22.930138881767395 ], [ 70.778815972122672, 22.930142159566461 ] ] ], [ [ [ 70.773270115602926, 22.931016961610734 ], [ 70.773256005498283, 22.929933460091036 ], [ 70.772963561376969, 22.92993672708263 ], [ 70.772977669157555, 22.931020228773914 ], [ 70.773270115602926, 22.931016961610734 ] ] ], [ [ [ 70.778823049253347, 22.930683908693567 ], [ 70.778819510661194, 22.930413034134894 ], [ 70.778527066394943, 22.930416311438773 ], [ 70.778530604406086, 22.930687186040473 ], [ 70.778823049253347, 22.930683908693567 ] ] ], [ [ [ 70.778241696988943, 22.930961337484113 ], [ 70.778238159505221, 22.930690462849142 ], [ 70.777945714550739, 22.930693739119569 ], [ 70.77794925145345, 22.930964613797556 ], [ 70.778241696988943, 22.930961337484113 ] ] ], [ [ [ 70.774735877592803, 22.931271492861981 ], [ 70.77473234702785, 22.931000617721025 ], [ 70.774439900849814, 22.931003887575471 ], [ 70.774443430833756, 22.931274762759362 ], [ 70.774735877592803, 22.931271492861981 ] ] ], [ [ [ 70.777663878668491, 22.931509638985496 ], [ 70.777660342239642, 22.931238764284 ], [ 70.777952788409749, 22.931235488465799 ], [ 70.77794925145345, 22.930964613797556 ], [ 70.777364360221696, 22.930971164809701 ], [ 70.777367896015932, 22.931242039563951 ], [ 70.777075449738675, 22.931245314305652 ], [ 70.77707898500546, 22.931516189093141 ], [ 70.777663878668491, 22.931509638985496 ] ] ], [ [ [ 70.776786538093575, 22.931519463339573 ], [ 70.776790072832867, 22.931790338160297 ], [ 70.777082520325791, 22.931787063870882 ], [ 70.77707898500546, 22.931516189093141 ], [ 70.776786538093575, 22.931519463339573 ] ] ], [ [ [ 70.773284226562794, 22.932100462974407 ], [ 70.773280698742639, 22.931829587648121 ], [ 70.772988250554135, 22.931832854939991 ], [ 70.772991777793223, 22.932103730309176 ], [ 70.773284226562794, 22.932100462974407 ] ] ], [ [ [ 70.776793607625734, 22.932061212971266 ], [ 70.776790072832867, 22.931790338160297 ], [ 70.77620517768635, 22.931796885124321 ], [ 70.776212245001389, 22.932338634908422 ], [ 70.776504693763542, 22.932335361609596 ], [ 70.776501159498196, 22.932064486765398 ], [ 70.776793607625734, 22.932061212971266 ] ] ], [ [ [ 70.774165102167558, 22.932361532928208 ], [ 70.774161572550753, 22.932090657740403 ], [ 70.773869123941566, 22.932093926690019 ], [ 70.773872652977303, 22.932364801920748 ], [ 70.774165102167558, 22.932361532928208 ] ] ], [ [ [ 70.775923329342447, 22.932612782589359 ], [ 70.77591979618569, 22.93234190766897 ], [ 70.775627347316458, 22.932345179891222 ], [ 70.775630879892134, 22.932616054854574 ], [ 70.775923329342447, 22.932612782589359 ] ] ], [ [ [ 70.77270990926489, 22.932919623283389 ], [ 70.772706382446543, 22.932648747900561 ], [ 70.772413932407943, 22.932652014244535 ], [ 70.77241745864518, 22.932922889670245 ], [ 70.77270990926489, 22.932919623283389 ] ] ], [ [ [ 70.770955204745434, 22.932939213529945 ], [ 70.770951681413649, 22.932668337889922 ], [ 70.77065923105458, 22.932671601004106 ], [ 70.770662753805283, 22.932942476686968 ], [ 70.770955204745434, 22.932939213529945 ] ] ], [ [ [ 70.775634412521342, 22.932886929808177 ], [ 70.775630879892134, 22.932616054854574 ], [ 70.775338430388302, 22.932619326581495 ], [ 70.775341962436414, 22.932890201578047 ], [ 70.775634412521342, 22.932886929808177 ] ] ], [ [ [ 70.773298338377927, 22.933183964182046 ], [ 70.773291282363445, 22.932642213597731 ], [ 70.772998832431725, 22.932645481018298 ], [ 70.773005887284015, 22.933187231688407 ], [ 70.773298338377927, 22.933183964182046 ] ] ], [ [ [ 70.775345494538044, 22.933161076564843 ], [ 70.775341962436414, 22.932890201578047 ], [ 70.774757062106019, 22.932896743502909 ], [ 70.774760593045471, 22.933167618575592 ], [ 70.775345494538044, 22.933161076564843 ] ] ], [ [ [ 70.772420984935849, 22.933193765086202 ], [ 70.77241745864518, 22.932922889670245 ], [ 70.772125007972051, 22.932926155518793 ], [ 70.772128533681638, 22.933197030977627 ], [ 70.772420984935849, 22.933193765086202 ] ] ], [ [ [ 70.779439798988165, 22.933115222199362 ], [ 70.779436258751261, 22.932844347814573 ], [ 70.779143809362864, 22.932847626582319 ], [ 70.779147349018686, 22.933118501010156 ], [ 70.779439798988165, 22.933115222199362 ] ] ], [ [ [ 70.771251179598465, 22.933206825422037 ], [ 70.77124765563218, 22.932935949834619 ], [ 70.770955204745434, 22.932939213529945 ], [ 70.770958728130594, 22.933210089160216 ], [ 70.771251179598465, 22.933206825422037 ] ] ], [ [ [ 70.774764124038427, 22.933438493638516 ], [ 70.774760593045471, 22.933167618575592 ], [ 70.774468142218936, 22.933170888773503 ], [ 70.774471672630767, 22.933441763879358 ], [ 70.774764124038427, 22.933438493638516 ] ] ], [ [ [ 70.779154428491225, 22.93366024983656 ], [ 70.77915088872814, 22.933389375428234 ], [ 70.778858438123933, 22.933392653743766 ], [ 70.778861977305908, 22.933663528195137 ], [ 70.779154428491225, 22.93366024983656 ] ] ], [ [ [ 70.774475203096117, 22.933712638975472 ], [ 70.774471672630767, 22.933441763879358 ], [ 70.774179221169632, 22.933445033581886 ], [ 70.774182751053857, 22.933715908720924 ], [ 70.774475203096117, 22.933712638975472 ] ] ], [ [ [ 70.7709657750611, 22.933751840391487 ], [ 70.770962251569159, 22.933480964780728 ], [ 70.770669799466802, 22.933484228023428 ], [ 70.770673322377633, 22.933755103677036 ], [ 70.7709657750611, 22.933751840391487 ] ] ], [ [ [ 70.769507031749725, 22.934039027251089 ], [ 70.769503511110045, 22.933768151435938 ], [ 70.769211058159769, 22.933771412029841 ], [ 70.769214578218325, 22.934042287887799 ], [ 70.769507031749725, 22.934039027251089 ] ] ], [ [ [ 70.778284150974756, 22.934211832342903 ], [ 70.77828061284778, 22.933940957824994 ], [ 70.777695708939618, 22.933947510859948 ], [ 70.777699245904344, 22.934218385463893 ], [ 70.778284150974756, 22.934211832342903 ] ] ], [ [ [ 70.770972822205152, 22.93429359158376 ], [ 70.770969298606431, 22.934022715992501 ], [ 70.770676845341825, 22.934025979320889 ], [ 70.770680368359422, 22.93429685495499 ], [ 70.770972822205152, 22.93429359158376 ] ] ], [ [ [ 70.770391436950106, 22.934570993455075 ], [ 70.770098982416485, 22.934574255792445 ], [ 70.770102504378499, 22.934845131492708 ], [ 70.770394959493288, 22.934841869112503 ], [ 70.770391436950106, 22.934570993455075 ] ] ], [ [ [ 70.776247584789203, 22.935047383243685 ], [ 70.775955130162359, 22.935050656433916 ], [ 70.775958663854482, 22.935321531256758 ], [ 70.776251119062479, 22.93531825802356 ], [ 70.776247584789203, 22.935047383243685 ] ] ], [ [ [ 70.775962197600137, 22.935592406069848 ], [ 70.775958663854482, 22.935321531256758 ], [ 70.775666208592924, 22.935324803951602 ], [ 70.775669741757412, 22.935595678807655 ], [ 70.775962197600137, 22.935592406069848 ] ] ], [ [ [ 70.769528156708077, 22.935664281937235 ], [ 70.769524635748311, 22.935393406180587 ], [ 70.769232179311132, 22.935396667031331 ], [ 70.769235699689688, 22.935667542830782 ], [ 70.769528156708077, 22.935664281937235 ] ] ], [ [ [ 70.775091894076184, 22.9361439725228 ], [ 70.775088361967022, 22.93587309760035 ], [ 70.774795905382547, 22.935876368765982 ], [ 70.774799436910527, 22.936147243731373 ], [ 70.775091894076184, 22.9361439725228 ] ] ], [ [ [ 70.774514041745405, 22.936692264388949 ], [ 70.774510510691641, 22.936421389400131 ], [ 70.774218052837753, 22.936424659574861 ], [ 70.774221583310336, 22.936695534606606 ], [ 70.774514041745405, 22.936692264388949 ] ] ], [ [ [ 70.769260343833153, 22.937563673153921 ], [ 70.769256823081207, 22.937292797422728 ], [ 70.768964362522212, 22.937296058034708 ], [ 70.76896788269292, 22.937566933808707 ], [ 70.769260343833153, 22.937563673153921 ] ] ], [ [ [ 70.773647254530971, 22.937514698720939 ], [ 70.77364372506041, 22.93724382363262 ], [ 70.773351265302438, 22.937247092320884 ], [ 70.773354794191761, 22.937517967452113 ], [ 70.773647254530971, 22.937514698720939 ] ] ], [ [ [ 70.772776928966991, 22.93806625370398 ], [ 70.77277340113325, 22.937795378506465 ], [ 70.772480940052432, 22.937798645665254 ], [ 70.772484467304906, 22.938069520905657 ], [ 70.772776928966991, 22.93806625370398 ] ] ], [ [ [ 70.768393517596934, 22.938386081023204 ], [ 70.768386479313961, 22.937844329352806 ], [ 70.768094017432503, 22.937847588435073 ], [ 70.768101054552929, 22.938389340191037 ], [ 70.768393517596934, 22.938386081023204 ] ] ], [ [ [ 70.772487994610827, 22.938340396136308 ], [ 70.772484467304906, 22.938069520905657 ], [ 70.772192005589389, 22.938072787568895 ], [ 70.772195532314043, 22.938343662842417 ], [ 70.772487994610827, 22.938340396136308 ] ] ], [ [ [ 70.771903069963827, 22.938346929010091 ], [ 70.771906596160647, 22.938617804316738 ], [ 70.772199059092131, 22.938614538106197 ], [ 70.772195532314043, 22.938343662842417 ], [ 70.771903069963827, 22.938346929010091 ] ] ], [ [ [ 70.771913648714516, 22.939159554900765 ], [ 70.771910122410873, 22.938888679613626 ], [ 70.771617658844676, 22.938891945328585 ], [ 70.771621184567024, 22.939162820658591 ], [ 70.771913648714516, 22.939159554900765 ] ] ], [ [ [ 70.76314321000838, 22.939528169960468 ], [ 70.763136192225971, 22.938986416830101 ], [ 70.762843727061195, 22.938989666391048 ], [ 70.762850743681, 22.939531419606727 ], [ 70.76314321000838, 22.939528169960468 ] ] ], [ [ [ 70.764316586082515, 22.939786042370443 ], [ 70.764309563543208, 22.939244289600953 ], [ 70.763432166783517, 22.939254043258074 ], [ 70.763439185834883, 22.939795796283619 ], [ 70.764316586082515, 22.939786042370443 ] ] ], [ [ [ 70.765486452334571, 22.939773029613985 ], [ 70.765482938713035, 22.939502153404916 ], [ 70.764605540847768, 22.939511913651888 ], [ 70.764609052725334, 22.939782789989067 ], [ 70.765486452334571, 22.939773029613985 ] ] ], [ [ [ 70.766656317734956, 22.939760008241677 ], [ 70.76665280178814, 22.939489132203526 ], [ 70.76636033609924, 22.939492388311599 ], [ 70.766363851464732, 22.939763264392482 ], [ 70.766656317734956, 22.939760008241677 ] ] ], [ [ [ 70.771346346872519, 22.94052046259597 ], [ 70.77134282146443, 22.940249587271872 ], [ 70.771635287990591, 22.940246321881077 ], [ 70.771621184567024, 22.939162820658591 ], [ 70.771328720366114, 22.939166085877947 ], [ 70.771335770808463, 22.939707836594419 ], [ 70.77104330539153, 22.939711101361013 ], [ 70.771053879711602, 22.940523727491122 ], [ 70.771346346872519, 22.94052046259597 ] ] ], [ [ [ 70.766952300533333, 22.940027627538029 ], [ 70.766948783951918, 22.939756751552373 ], [ 70.766656317734956, 22.939760008241677 ], [ 70.766659833735034, 22.940030884270072 ], [ 70.766952300533333, 22.940027627538029 ] ] ], [ [ [ 70.765201012091467, 22.940318036085138 ], [ 70.765197498944815, 22.940047159852863 ], [ 70.76490503182707, 22.94005041335393 ], [ 70.764908544392384, 22.940321289628908 ], [ 70.765201012091467, 22.940318036085138 ] ] ], [ [ [ 70.766370882355503, 22.940305016525013 ], [ 70.7663673668835, 22.940034140463627 ], [ 70.765782433020632, 22.940040651235236 ], [ 70.765785947329974, 22.940311527382086 ], [ 70.766370882355503, 22.940305016525013 ] ] ], [ [ [ 70.765493479737344, 22.940314782002861 ], [ 70.765496993518568, 22.940585658182677 ], [ 70.765789461692535, 22.94058240351918 ], [ 70.765785947329974, 22.940311527382086 ], [ 70.765493479737344, 22.940314782002861 ] ] ], [ [ [ 70.76754778752202, 22.940833740100345 ], [ 70.767544269618071, 22.940562864229459 ], [ 70.767251801763663, 22.940566122124022 ], [ 70.76725531908626, 22.940836998037668 ], [ 70.76754778752202, 22.940833740100345 ] ] ], [ [ [ 70.771060929525305, 22.941065478195753 ], [ 70.771053879711602, 22.940523727491122 ], [ 70.770761412497293, 22.940526991847761 ], [ 70.770768461148293, 22.941068742638098 ], [ 70.771060929525305, 22.941065478195753 ] ] ], [ [ [ 70.766966367391717, 22.941111131383124 ], [ 70.76696285059721, 22.94084025543647 ], [ 70.766670382054883, 22.940843512296759 ], [ 70.766673898268039, 22.941114388286159 ], [ 70.766966367391717, 22.941111131383124 ] ] ], [ [ [ 70.770771985553864, 22.941339618018628 ], [ 70.770768461148293, 22.941068742638098 ], [ 70.770475992717877, 22.941072006541919 ], [ 70.770479516542096, 22.941342881965291 ], [ 70.770771985553864, 22.941339618018628 ] ] ], [ [ [ 70.767265871373738, 22.941649625720089 ], [ 70.767262353891283, 22.941378749835696 ], [ 70.766969884239501, 22.941382007320016 ], [ 70.766973401140575, 22.941652883247155 ], [ 70.767265871373738, 22.941649625720089 ] ] ], [ [ [ 70.770486564350676, 22.94188463278277 ], [ 70.770479516542096, 22.941342881965291 ], [ 70.770187047476938, 22.941346145373419 ], [ 70.770194094122772, 22.941887896276565 ], [ 70.770486564350676, 22.94188463278277 ] ] ], [ [ [ 70.767276424140789, 22.942462253314737 ], [ 70.767272906498491, 22.942191377459604 ], [ 70.766980435102539, 22.942194635072187 ], [ 70.766983952163429, 22.94246551097007 ], [ 70.767276424140789, 22.942462253314737 ] ] ], [ [ [ 70.769616198040552, 22.942436172683962 ], [ 70.769623242787702, 22.942977923680374 ], [ 70.769330770074063, 22.942981185729796 ], [ 70.769337813871786, 22.943522936772816 ], [ 70.769630287748299, 22.94351967463777 ], [ 70.769626765241327, 22.943248799163953 ], [ 70.769919238483041, 22.943245536533141 ], [ 70.769912192466307, 22.942703785641875 ], [ 70.7702046644918, 22.942700522558145 ], [ 70.770194094122772, 22.941887896276565 ], [ 70.769901623841477, 22.941891159231822 ], [ 70.769908669537998, 22.942432910181605 ], [ 70.769616198040552, 22.942436172683962 ] ] ], [ [ [ 70.769351902107459, 22.944606438741801 ], [ 70.769344857882928, 22.94406468777682 ], [ 70.769637332922343, 22.944061425556146 ], [ 70.769633810308648, 22.943790550101834 ], [ 70.769341335850683, 22.943793812279694 ], [ 70.769337813871786, 22.943522936772816 ], [ 70.76904533994194, 22.943526198369273 ], [ 70.76905238279015, 22.944067949458891 ], [ 70.768759907644053, 22.944071210602363 ], [ 70.768770470572036, 22.944883837292029 ], [ 70.768477993628181, 22.944887098025276 ], [ 70.768488555291682, 22.945699724755535 ], [ 70.76819607654997, 22.945702985078519 ], [ 70.768203116762578, 22.946244736268827 ], [ 70.767910636804501, 22.946247996138723 ], [ 70.767931755232638, 22.947873249732215 ], [ 70.768224238680077, 22.947869989605639 ], [ 70.768206636948847, 22.946515611849346 ], [ 70.768499117435141, 22.946512351398006 ], [ 70.768492075952835, 22.94597060031278 ], [ 70.768784555222723, 22.945967339408366 ], [ 70.76877751279072, 22.945425588369698 ], [ 70.769069990844244, 22.945422327012235 ], [ 70.769059425851765, 22.944609700509492 ], [ 70.769351902107459, 22.944606438741801 ] ] ], [ [ [ 70.765581340238484, 22.947086683572788 ], [ 70.765577825179577, 22.946815807627022 ], [ 70.765285343578924, 22.946819062734424 ], [ 70.76528885805628, 22.947089938722904 ], [ 70.765581340238484, 22.947086683572788 ] ] ], [ [ [ 70.765020974581688, 22.948989325279637 ], [ 70.764436001808789, 22.948995833484236 ], [ 70.76444302817869, 22.949537585551628 ], [ 70.764735515755021, 22.949534331633306 ], [ 70.764732001961818, 22.949263455647184 ], [ 70.765024488903279, 22.949260201232811 ], [ 70.765020974581688, 22.948989325279637 ] ] ], [ [ [ 70.765028003278118, 22.949531077176232 ], [ 70.764735515755021, 22.949534331633306 ], [ 70.764739029601415, 22.949805207609668 ], [ 70.765031517706177, 22.949801953109894 ], [ 70.765028003278118, 22.949531077176232 ] ] ], [ [ [ 70.76823127974582, 22.948411740639873 ], [ 70.767646310471278, 22.948418260525433 ], [ 70.767653349423867, 22.948960011691753 ], [ 70.767360863543402, 22.948963270911992 ], [ 70.767378458949565, 22.950317648870922 ], [ 70.767085970107573, 22.95032090776623 ], [ 70.767093007479787, 22.950862658967043 ], [ 70.767385497485122, 22.950859399986218 ], [ 70.767410134038641, 22.952755528582436 ], [ 70.767702628062665, 22.952752268763451 ], [ 70.767695587617396, 22.952210517870277 ], [ 70.76798808042463, 22.952207257598012 ], [ 70.767970477335879, 22.950852880408224 ], [ 70.767677987437153, 22.950856140466609 ], [ 70.767670947738253, 22.950314389436851 ], [ 70.767963436473607, 22.950311129464019 ], [ 70.767942315166465, 22.948685876397278 ], [ 70.768234800358684, 22.948682616142364 ], [ 70.76823127974582, 22.948411740639873 ] ] ], [ [ [ 70.765341581604815, 22.951153077379839 ], [ 70.765338066328923, 22.950882201537656 ], [ 70.765045575950722, 22.950885456747027 ], [ 70.765049090644922, 22.951156332631925 ], [ 70.765341581604815, 22.951153077379839 ] ] ], [ [ [ 70.78864610908073, 22.899147523799009 ], [ 70.78865676742862, 22.899960146279792 ], [ 70.788949144743583, 22.899956854446682 ], [ 70.78894203796446, 22.899415106222442 ], [ 70.789526790112745, 22.899408521117049 ], [ 70.789523235644054, 22.899137647076859 ], [ 70.789230860176829, 22.899140939854984 ], [ 70.789227306341999, 22.898870065761759 ], [ 70.788350181356961, 22.898879940741896 ], [ 70.788353733451871, 22.899150814964912 ], [ 70.78864610908073, 22.899147523799009 ] ] ], [ [ [ 70.788360837803296, 22.899692563381699 ], [ 70.788353733451871, 22.899150814964912 ], [ 70.788061357769166, 22.899154105593411 ], [ 70.788068460960602, 22.899695854096709 ], [ 70.788360837803296, 22.899692563381699 ] ] ], [ [ [ 70.787201980080425, 22.900518346088148 ], [ 70.787198430036256, 22.900247471740911 ], [ 70.787783186310918, 22.900240892825071 ], [ 70.787779635160561, 22.899970018554558 ], [ 70.787194880045931, 22.899976597383926 ], [ 70.787191330109422, 22.899705723017188 ], [ 70.786898953051363, 22.899709011582502 ], [ 70.786909601282332, 22.900521634783139 ], [ 70.787201980080425, 22.900518346088148 ] ] ], [ [ [ 70.788375047152499, 22.900776060098277 ], [ 70.788378599624465, 22.901046934253046 ], [ 70.78867097931338, 22.901043642784323 ], [ 70.78865676742862, 22.899960146279792 ], [ 70.788364390059797, 22.899963437575472 ], [ 70.788367942370158, 22.900234311759494 ], [ 70.78807556436746, 22.900237602561003 ], [ 70.788079116151678, 22.900508476778523 ], [ 70.787786737515106, 22.900511767085842 ], [ 70.787790288773152, 22.90078264133686 ], [ 70.788375047152499, 22.900776060098277 ] ] ], [ [ [ 70.79012932099748, 22.900756303483799 ], [ 70.790125765099233, 22.900485429578943 ], [ 70.789248630159335, 22.900495310174836 ], [ 70.789252184317505, 22.900766184209552 ], [ 70.79012932099748, 22.900756303483799 ] ] ], [ [ [ 70.787497909502704, 22.900785931149972 ], [ 70.787494358824688, 22.900515056855721 ], [ 70.787201980080425, 22.900518346088148 ], [ 70.787205530178412, 22.900789220425636 ], [ 70.787497909502704, 22.900785931149972 ] ] ], [ [ [ 70.790435926235318, 22.901836504182349 ], [ 70.79043236954135, 22.901565630359801 ], [ 70.790139989015714, 22.901568925139856 ], [ 70.790143545129652, 22.901839799005703 ], [ 70.790435926235318, 22.901836504182349 ] ] ], [ [ [ 70.78838570472999, 22.90158868253333 ], [ 70.788389257363548, 22.901859556658849 ], [ 70.788681638792625, 22.901856265060349 ], [ 70.788685192060129, 22.902127139132855 ], [ 70.788977574015391, 22.902123846953607 ], [ 70.788974020167828, 22.90185297292437 ], [ 70.78926640148913, 22.901849680250915 ], [ 70.789262847115381, 22.901578806255198 ], [ 70.788970466374138, 22.901582098885381 ], [ 70.788966912634336, 22.90131122483664 ], [ 70.78867453241925, 22.901314516886085 ], [ 70.788678085578994, 22.901585390978088 ], [ 70.78838570472999, 22.90158868253333 ] ] ], [ [ [ 70.790453710514157, 22.903190873148805 ], [ 70.790446596640834, 22.90264912559147 ], [ 70.790154213794935, 22.90265242054474 ], [ 70.790161326508056, 22.903194168188673 ], [ 70.790453710514157, 22.903190873148805 ] ] ], [ [ [ 70.790189779517533, 22.905361158374301 ], [ 70.790193336386395, 22.905632032103622 ], [ 70.790485725613792, 22.905628736674007 ], [ 70.790475053428523, 22.904816115586716 ], [ 70.790182665941614, 22.904819410886411 ], [ 70.790179109234543, 22.904548537127834 ], [ 70.789886722273891, 22.904551831846675 ], [ 70.789897390816378, 22.905364453223036 ], [ 70.790189779517533, 22.905361158374301 ] ] ], [ [ [ 70.789605002061307, 22.905367747534211 ], [ 70.789608557769796, 22.905638621350118 ], [ 70.789900947105053, 22.905635326995654 ], [ 70.789897390816378, 22.905364453223036 ], [ 70.789605002061307, 22.905367747534211 ] ] ], [ [ [ 70.789626337120879, 22.906992990283353 ], [ 70.789622781142839, 22.90672211651621 ], [ 70.789330389432862, 22.906725410506237 ], [ 70.789333944830673, 22.906996284316666 ], [ 70.789626337120879, 22.906992990283353 ] ] ], [ [ [ 70.78904866228342, 22.907541325490509 ], [ 70.789045107358035, 22.907270451656316 ], [ 70.788752714379797, 22.907273744657676 ], [ 70.788756268724924, 22.907544618535145 ], [ 70.78904866228342, 22.907541325490509 ] ] ], [ [ [ 70.787336921651004, 22.910811564057852 ], [ 70.787333369560983, 22.910540690081167 ], [ 70.787040969296001, 22.910543980375568 ], [ 70.787044520805679, 22.91081485439549 ], [ 70.787336921651004, 22.910811564057852 ] ] ], [ [ [ 70.787344025992624, 22.911353311981973 ], [ 70.787340473794899, 22.911082438024788 ], [ 70.787048072369217, 22.911085728405652 ], [ 70.787051623986571, 22.911356602406066 ], [ 70.787344025992624, 22.911353311981973 ] ] ], [ [ [ 70.790560444503328, 22.911317081827136 ], [ 70.790556885921546, 22.911046208345955 ], [ 70.79026448508867, 22.911049504641699 ], [ 70.790268043090094, 22.911320378166188 ], [ 70.790560444503328, 22.911317081827136 ] ] ], [ [ [ 70.790275159254747, 22.911862125185888 ], [ 70.790271601145449, 22.911591251680921 ], [ 70.7899791990979, 22.911594547525546 ], [ 70.789982756626799, 22.911865421073827 ], [ 70.790275159254747, 22.911862125185888 ] ] ], [ [ [ 70.789993429537105, 22.912678041660126 ], [ 70.789986314209642, 22.912136294612349 ], [ 70.789693910947392, 22.912139590005843 ], [ 70.789701025114041, 22.912681337140206 ], [ 70.789993429537105, 22.912678041660126 ] ] ], [ [ [ 70.786780529279127, 22.912985136349434 ], [ 70.786776977919132, 22.912714262364315 ], [ 70.786484572903404, 22.912717551929042 ], [ 70.786488123682972, 22.91298842595738 ], [ 70.786780529279127, 22.912985136349434 ] ] ], [ [ [ 70.784441283003318, 22.913011438155436 ], [ 70.784437736286733, 22.912740563824766 ], [ 70.783852925340824, 22.912747133812243 ], [ 70.783860016506011, 22.913288882636447 ], [ 70.785029642826245, 22.913275740165123 ], [ 70.785026094895031, 22.913004865930557 ], [ 70.784441283003318, 22.913011438155436 ] ] ], [ [ [ 70.785906862001738, 22.913265877664958 ], [ 70.785903312329211, 22.91299500355996 ], [ 70.785318500760212, 22.913001579011464 ], [ 70.785322049271869, 22.913272453202847 ], [ 70.785906862001738, 22.913265877664958 ] ] ], [ [ [ 70.789119772109515, 22.912958800126226 ], [ 70.789126884277962, 22.913500547375207 ], [ 70.78883447795188, 22.913503841371838 ], [ 70.78884514486748, 22.914316462301969 ], [ 70.789137552934946, 22.914313168175507 ], [ 70.789133996662045, 22.914042294585162 ], [ 70.789426404095138, 22.914038999964188 ], [ 70.789415733858547, 22.913226379264465 ], [ 70.789708139496383, 22.913223084235558 ], [ 70.789701025114041, 22.912681337140206 ], [ 70.789408620637047, 22.912684632082538 ], [ 70.789412177220839, 22.912955505678379 ], [ 70.789119772109515, 22.912958800126226 ] ] ], [ [ [ 70.7859139615082, 22.913807625845692 ], [ 70.785910411728068, 22.913536751760201 ], [ 70.785618004809578, 22.91354003984123 ], [ 70.785621554009282, 22.913810913969918 ], [ 70.7859139615082, 22.913807625845692 ] ] ], [ [ [ 70.7850544798507, 22.915171859534002 ], [ 70.785050931542997, 22.914900985367701 ], [ 70.784758521560789, 22.91490427205126 ], [ 70.784762069288007, 22.915175146260733 ], [ 70.7850544798507, 22.915171859534002 ] ] ], [ [ [ 70.784469658671512, 22.915178432449636 ], [ 70.784476753126242, 22.915720180925661 ], [ 70.78476916490375, 22.915716894650412 ], [ 70.784762069288007, 22.915175146260733 ], [ 70.784469658671512, 22.915178432449636 ] ] ], [ [ [ 70.788552736746126, 22.914319755890624 ], [ 70.788563402405373, 22.915132376862761 ], [ 70.788270992488663, 22.915135670043398 ], [ 70.7882781020366, 22.915677417395905 ], [ 70.787985690905018, 22.915680710125226 ], [ 70.78798924517929, 22.9159515838301 ], [ 70.787696833413307, 22.915954876064834 ], [ 70.787700387160939, 22.916225749803207 ], [ 70.787407974760541, 22.916229041543335 ], [ 70.78741152798149, 22.916499915315189 ], [ 70.787703940962416, 22.916496623531817 ], [ 70.787714602690073, 22.917309244659119 ], [ 70.788007017358794, 22.917305952208146 ], [ 70.787992799507435, 22.916222457525222 ], [ 70.788285211800087, 22.916219164709393 ], [ 70.7882816568914, 22.915948291057521 ], [ 70.788574068549622, 22.915944997747093 ], [ 70.788566957732897, 22.915403250500628 ], [ 70.788859368176205, 22.915399956738895 ], [ 70.78884514486748, 22.914316462301969 ], [ 70.788552736746126, 22.914319755890624 ] ] ], [ [ [ 70.784487395211585, 22.91653280356655 ], [ 70.784483847796039, 22.916261929362669 ], [ 70.784191434803702, 22.916265215186399 ], [ 70.784194981638706, 22.916536089433439 ], [ 70.784487395211585, 22.91653280356655 ] ] ], [ [ [ 70.790342773580051, 22.917008719926823 ], [ 70.790339214445851, 22.916737846607216 ], [ 70.790046801369513, 22.916741143274614 ], [ 70.790050359923157, 22.917012016637525 ], [ 70.790342773580051, 22.917008719926823 ] ] ], [ [ [ 70.787418634584981, 22.917041662829625 ], [ 70.787415081256313, 22.916770789077287 ], [ 70.787122667640986, 22.916774080366032 ], [ 70.787126220389098, 22.917044954161607 ], [ 70.787418634584981, 22.917041662829625 ] ] ], [ [ [ 70.787136878956531, 22.917857575489808 ], [ 70.787129773191069, 22.917315827947426 ], [ 70.786837358360785, 22.917319118784761 ], [ 70.786844462965092, 22.917860866413598 ], [ 70.787136878956531, 22.917857575489808 ] ] ], [ [ [ 70.789765062320299, 22.917557059593513 ], [ 70.789472647394405, 22.917560355315061 ], [ 70.789479762556951, 22.91810210214577 ], [ 70.789772178644, 22.918098806337646 ], [ 70.789765062320299, 22.917557059593513 ] ] ], [ [ [ 70.789483320219105, 22.918372975546493 ], [ 70.789190903497527, 22.918376270860001 ], [ 70.789194460632999, 22.918647144294255 ], [ 70.789486877935175, 22.91864384893746 ], [ 70.789483320219105, 22.918372975546493 ] ] ], [ [ [ 70.789198017822386, 22.918918017718749 ], [ 70.789194460632999, 22.918647144294255 ], [ 70.788902043276906, 22.918650439113133 ], [ 70.788905599885666, 22.918921312580906 ], [ 70.789198017822386, 22.918918017718749 ] ] ], [ [ [ 70.790371248595747, 22.919175706132449 ], [ 70.790360570060244, 22.918363086378523 ], [ 70.790068153500471, 22.918366383305756 ], [ 70.790078830294135, 22.919179003189601 ], [ 70.790371248595747, 22.919175706132449 ] ] ], [ [ [ 70.787728819081138, 22.918392739358946 ], [ 70.787725264902576, 22.918121865698627 ], [ 70.787432848438243, 22.918125157741446 ], [ 70.787429294894139, 22.917854284028124 ], [ 70.787136878956531, 22.917857575489808 ], [ 70.787147538008654, 22.918670196730211 ], [ 70.786855120275405, 22.918673487783686 ], [ 70.786876436349843, 22.920298730260455 ], [ 70.787461278730149, 22.920292147096809 ], [ 70.787457724755143, 22.920021273461533 ], [ 70.787750145283837, 22.920017981116011 ], [ 70.787746590782049, 22.91974710751423 ], [ 70.78716175083207, 22.919753691580841 ], [ 70.787151091133723, 22.918941070457503 ], [ 70.787443509393739, 22.918937778822873 ], [ 70.787436402036207, 22.918396031445013 ], [ 70.787728819081138, 22.918392739358946 ] ] ], [ [ [ 70.790082389333236, 22.919449876464704 ], [ 70.790078830294135, 22.919179003189601 ], [ 70.789786411938579, 22.919182299708822 ], [ 70.789789970397052, 22.919453173027225 ], [ 70.790082389333236, 22.919449876464704 ] ] ], [ [ [ 70.788331430516507, 22.919740521295843 ], [ 70.788327874907296, 22.919469647770807 ], [ 70.78774303633412, 22.919476233902685 ], [ 70.787746590782049, 22.91974710751423 ], [ 70.788331430516507, 22.919740521295843 ] ] ], [ [ [ 70.789508225364031, 22.920269089078346 ], [ 70.789504667324394, 22.919998215745924 ], [ 70.789212247119067, 22.920001511319146 ], [ 70.789215804578035, 22.920272384694854 ], [ 70.789508225364031, 22.920269089078346 ] ] ], [ [ [ 70.788638075601312, 22.920820721209246 ], [ 70.78864163206066, 22.921091594642238 ], [ 70.789518899806453, 22.921081709017066 ], [ 70.78951178345757, 22.920539962401008 ], [ 70.789219362090918, 22.920543258060803 ], [ 70.789215804578035, 22.920272384694854 ], [ 70.788338541896607, 22.920282268316637 ], [ 70.788342097667481, 22.920553141812402 ], [ 70.788926940670351, 22.920546553182639 ], [ 70.788930497656466, 22.920817426582108 ], [ 70.788638075601312, 22.920820721209246 ] ] ], [ [ [ 70.788349209370907, 22.921094888774668 ], [ 70.788359877330265, 22.921907509144873 ], [ 70.788652301762127, 22.921904214882652 ], [ 70.78864163206066, 22.921091594642238 ], [ 70.788349209370907, 22.921094888774668 ] ] ], [ [ [ 70.787771473425977, 22.921643222521844 ], [ 70.787775028304893, 22.921914096055339 ], [ 70.787482603711382, 22.921917388703566 ], [ 70.787500376010428, 22.923271756440879 ], [ 70.787792803507628, 22.923268463576427 ], [ 70.787782138224358, 22.922455843093044 ], [ 70.788074563925434, 22.922452549820314 ], [ 70.788071008358031, 22.922181676349588 ], [ 70.788363433424507, 22.9221783825821 ], [ 70.788359877330265, 22.921907509144873 ], [ 70.788067452844516, 22.921910802869107 ], [ 70.788063897384887, 22.921639929378866 ], [ 70.787771473425977, 22.921643222521844 ] ] ], [ [ [ 70.784572549316991, 22.923033781533327 ], [ 70.784565451958443, 22.922492033584032 ], [ 70.783980599210594, 22.922498606679067 ], [ 70.783987694246164, 22.923040354801014 ], [ 70.784572549316991, 22.923033781533327 ] ] ], [ [ [ 70.783998337202732, 22.923852976910769 ], [ 70.783994789496774, 22.923582102883937 ], [ 70.783702360719161, 22.92358538879704 ], [ 70.783705907844336, 22.923856262867027 ], [ 70.783998337202732, 22.923852976910769 ] ] ], [ [ [ 70.787803469275829, 22.924081083971991 ], [ 70.787799913965884, 22.92381021051656 ], [ 70.787507485307131, 22.923813503467503 ], [ 70.787511040036307, 22.924084376966178 ], [ 70.787803469275829, 22.924081083971991 ] ] ], [ [ [ 70.783720096882604, 22.924939759049405 ], [ 70.783705907844336, 22.923856262867027 ], [ 70.783413478432195, 22.923859548285222 ], [ 70.783427665147258, 22.924943044640198 ], [ 70.783720096882604, 22.924939759049405 ] ] ], [ [ [ 70.787229273511215, 22.924900289989516 ], [ 70.787225719201246, 22.924629416476868 ], [ 70.786933288692381, 22.924632708481411 ], [ 70.786936842421525, 22.924903582037285 ], [ 70.787229273511215, 22.924900289989516 ] ] ], [ [ [ 70.786655071046113, 22.925719494285726 ], [ 70.786651517736232, 22.925448620715898 ], [ 70.786359085377214, 22.925451911773944 ], [ 70.786362638106255, 22.925722785386988 ], [ 70.786655071046113, 22.925719494285726 ] ] ], [ [ [ 70.78285698444364, 22.926033110751483 ], [ 70.782853438630951, 22.925762236630128 ], [ 70.782561004991862, 22.925765520736036 ], [ 70.782564550223697, 22.926036394900528 ], [ 70.78285698444364, 22.926033110751483 ] ] ], [ [ [ 70.782282750225264, 22.926852301075741 ], [ 70.782279205413133, 22.926581426897407 ], [ 70.781986769924018, 22.926584710056435 ], [ 70.781990314155266, 22.926855584277892 ], [ 70.782282750225264, 22.926852301075741 ] ] ], [ [ [ 70.785503094703515, 22.927087024029106 ], [ 70.785499543447912, 22.926816150335235 ], [ 70.785207107969299, 22.926819439456857 ], [ 70.785210658644004, 22.927090313193919 ], [ 70.785503094703515, 22.927087024029106 ] ] ], [ [ [ 70.781997402778885, 22.927397332691537 ], [ 70.781990314155266, 22.926855584277892 ], [ 70.781697878031551, 22.926858866941902 ], [ 70.78170496549339, 22.927400615441762 ], [ 70.781997402778885, 22.927397332691537 ] ] ], [ [ [ 70.781412528154192, 22.927403897653843 ], [ 70.781419614669005, 22.927945646200872 ], [ 70.78171205317004, 22.927942363902595 ], [ 70.78170496549339, 22.927400615441762 ], [ 70.781412528154192, 22.927403897653843 ] ] ], [ [ [ 70.786102176868852, 22.92816393841737 ], [ 70.786098624236161, 22.927893064848934 ], [ 70.785513748793193, 22.927899645052179 ], [ 70.785517300264061, 22.92817051870702 ], [ 70.786102176868852, 22.92816393841737 ] ] ], [ [ [ 70.781423158006959, 22.928216520459749 ], [ 70.781419614669005, 22.927945646200872 ], [ 70.781127176114282, 22.92794892796098 ], [ 70.78113071887131, 22.928219802262952 ], [ 70.781423158006959, 22.928216520459749 ] ] ], [ [ [ 70.784935973806824, 22.928447970575462 ], [ 70.784932423444005, 22.928177096844006 ], [ 70.784639984953273, 22.928180385105243 ], [ 70.784643534735167, 22.928451258879885 ], [ 70.784935973806824, 22.928447970575462 ] ] ], [ [ [ 70.786690607106692, 22.928428229447302 ], [ 70.786687053258305, 22.928157355975056 ], [ 70.786394615090501, 22.928160647465294 ], [ 70.786398168357962, 22.928431520980759 ], [ 70.786690607106692, 22.928428229447302 ] ] ], [ [ [ 70.781137804546418, 22.928761550837638 ], [ 70.78113071887131, 22.928219802262952 ], [ 70.780838279681987, 22.928223083527985 ], [ 70.780845364195216, 22.92876483218884 ], [ 70.781137804546418, 22.928761550837638 ] ] ], [ [ [ 70.785820395071667, 22.928979849607654 ], [ 70.785816842858409, 22.928708976025288 ], [ 70.785524403367248, 22.928712265987429 ], [ 70.785527954999552, 22.928983139612996 ], [ 70.785820395071667, 22.928979849607654 ] ] ], [ [ [ 70.780848906532341, 22.929035706504639 ], [ 70.780845364195216, 22.92876483218884 ], [ 70.780552923790324, 22.928768113001855 ], [ 70.780556465546496, 22.92903898736073 ], [ 70.780848906532341, 22.929035706504639 ] ] ], [ [ [ 70.780264024506991, 22.929042267678632 ], [ 70.780267565735869, 22.929313142070825 ], [ 70.780560007356343, 22.929309861709847 ], [ 70.780556465546496, 22.92903898736073 ], [ 70.780264024506991, 22.929042267678632 ] ] ], [ [ [ 70.786116387938009, 22.929247432593534 ], [ 70.786112835089966, 22.928976559064129 ], [ 70.785820395071667, 22.928979849607654 ], [ 70.785823947338756, 22.929250723180267 ], [ 70.786116387938009, 22.929247432593534 ] ] ], [ [ [ 70.7843617435353, 22.929267168041012 ], [ 70.784358194172981, 22.928996294252478 ], [ 70.784065753831868, 22.92899958156687 ], [ 70.784069302613219, 22.929270455398573 ], [ 70.7843617435353, 22.929267168041012 ] ] ], [ [ [ 70.786997264057447, 22.929508430994158 ], [ 70.78699370941267, 22.929237557604171 ], [ 70.78670126897498, 22.929240849805488 ], [ 70.786704823038775, 22.929511723238701 ], [ 70.786997264057447, 22.929508430994158 ] ] ], [ [ [ 70.784069302613219, 22.929270455398573 ], [ 70.783776861637364, 22.929273742217937 ], [ 70.78378040989152, 22.929544616083032 ], [ 70.784072851448343, 22.92954132922052 ], [ 70.784069302613219, 22.929270455398573 ] ] ], [ [ [ 70.788163470624795, 22.929224383416994 ], [ 70.787578590126486, 22.929230971586968 ], [ 70.787582145933186, 22.929501844890474 ], [ 70.788167027593389, 22.929495256633999 ], [ 70.788163470624795, 22.929224383416994 ] ] ], [ [ [ 70.787589257708191, 22.930043591468205 ], [ 70.787585701793745, 22.929772718184221 ], [ 70.787293260301837, 22.929776011548402 ], [ 70.787296815635301, 22.93004688487563 ], [ 70.787589257708191, 22.930043591468205 ] ] ], [ [ [ 70.780598970806878, 22.932289478906281 ], [ 70.780595428406642, 22.932018604664474 ], [ 70.78030298097606, 22.932021885456184 ], [ 70.780306522795243, 22.932292759741063 ], [ 70.780598970806878, 22.932289478906281 ] ] ], [ [ [ 70.798201342730408, 22.869780995941738 ], [ 70.797616720260748, 22.869787604886266 ], [ 70.797620285702934, 22.870058478721294 ], [ 70.798497221063286, 22.870048564369114 ], [ 70.79849008675896, 22.869506816950196 ], [ 70.798197776184324, 22.869510122183922 ], [ 70.798201342730408, 22.869780995941738 ] ] ], [ [ [ 70.799078276028965, 22.869771078500225 ], [ 70.79878596498358, 22.86977438485069 ], [ 70.798789532741807, 22.870045258511777 ], [ 70.798497221063286, 22.870048564369114 ], [ 70.798500788296622, 22.870319438063948 ], [ 70.799085412757606, 22.870312825725652 ], [ 70.799078276028965, 22.869771078500225 ] ] ], [ [ [ 70.799381293931447, 22.870580392306127 ], [ 70.79937772490689, 22.87030951875154 ], [ 70.799085412757606, 22.870312825725652 ], [ 70.799088981203141, 22.870583699323745 ], [ 70.799381293931447, 22.870580392306127 ] ] ], [ [ [ 70.798525760445656, 22.872215553654925 ], [ 70.798522192833403, 22.87194468002831 ], [ 70.79822987704739, 22.871947985653424 ], [ 70.798233444080552, 22.872218859323532 ], [ 70.798525760445656, 22.872215553654925 ] ] ], [ [ [ 70.799402709216167, 22.872205633428951 ], [ 70.799399139866651, 22.871934759932849 ], [ 70.799106824243054, 22.871938067168024 ], [ 70.799110393013478, 22.872208940707637 ], [ 70.799402709216167, 22.872205633428951 ] ] ], [ [ [ 70.798818076756632, 22.872212247449628 ], [ 70.79882521330174, 22.872753994586628 ], [ 70.799117530716771, 22.872750687757627 ], [ 70.799110393013478, 22.872208940707637 ], [ 70.798818076756632, 22.872212247449628 ] ] ], [ [ [ 70.79882521330174, 22.872753994586628 ], [ 70.798532895832565, 22.872757300878916 ], [ 70.798540031436005, 22.873299048063917 ], [ 70.798832350063407, 22.873295741684636 ], [ 70.79882521330174, 22.872753994586628 ] ] ], [ [ [ 70.798835918525455, 22.873566615219019 ], [ 70.799712875820177, 22.873556692730311 ], [ 70.799709305620738, 22.873285819326455 ], [ 70.798832350063407, 22.873295741684636 ], [ 70.798835918525455, 22.873566615219019 ] ] ], [ [ [ 70.799752151589232, 22.876536299529299 ], [ 70.799748580793903, 22.876265426232674 ], [ 70.799456255958063, 22.876268734700833 ], [ 70.799459826174157, 22.876539608040972 ], [ 70.799752151589232, 22.876536299529299 ] ] ], [ [ [ 70.799466966768861, 22.87708135469201 ], [ 70.799463396444423, 22.876810481371365 ], [ 70.798878744293319, 22.876817096871331 ], [ 70.798882313459259, 22.877087970278989 ], [ 70.799466966768861, 22.87708135469201 ] ] ], [ [ [ 70.798885882679357, 22.877358843676909 ], [ 70.798882313459259, 22.877087970278989 ], [ 70.798589986723258, 22.877091277267255 ], [ 70.798593555364093, 22.87736215070867 ], [ 70.798885882679357, 22.877358843676909 ] ] ], [ [ [ 70.798016035698168, 22.877910510189253 ], [ 70.798012468107586, 22.877639636680357 ], [ 70.797720140050657, 22.877642942145112 ], [ 70.797723707061962, 22.877913815697486 ], [ 70.798016035698168, 22.877910510189253 ] ] ], [ [ [ 70.798319069114598, 22.878719824481919 ], [ 70.798315500782351, 22.878448951045755 ], [ 70.797730841246931, 22.878455562772999 ], [ 70.79773797564836, 22.878997309809517 ], [ 70.798030306601746, 22.87899400412736 ], [ 70.798026738794661, 22.878723130657455 ], [ 70.798319069114598, 22.878719824481919 ] ] ], [ [ [ 70.798914438389545, 22.879525830509284 ], [ 70.798910868736229, 22.879254957189353 ], [ 70.798618537365954, 22.879258264525618 ], [ 70.798622106439922, 22.879529137889044 ], [ 70.798914438389545, 22.879525830509284 ] ] ], [ [ [ 70.799206770284997, 22.879522522592637 ], [ 70.79921034057179, 22.879793395859306 ], [ 70.799502672992418, 22.879790087362263 ], [ 70.799506243912703, 22.880060960575669 ], [ 70.799798576858507, 22.880057651498216 ], [ 70.799791433913413, 22.8795159051487 ], [ 70.799206770284997, 22.879522522592637 ] ] ], [ [ [ 70.799238904816022, 22.881960381641665 ], [ 70.799235334095911, 22.881689508452997 ], [ 70.798942997565561, 22.881692816717717 ], [ 70.798946567706253, 22.881963689949892 ], [ 70.799238904816022, 22.881960381641665 ] ] ], [ [ [ 70.7986613698274, 22.882508744243285 ], [ 70.798657800157798, 22.882237870987101 ], [ 70.798365462360323, 22.882241178264927 ], [ 70.798369031450505, 22.882512051564603 ], [ 70.7986613698274, 22.882508744243285 ] ] ], [ [ [ 70.798390447128583, 22.88413729115792 ], [ 70.79838687771354, 22.883866417916742 ], [ 70.798094536385278, 22.883869724918554 ], [ 70.798098105220831, 22.884140598203221 ], [ 70.798390447128583, 22.88413729115792 ] ] ], [ [ [ 70.799385350983314, 22.893066173981143 ], [ 70.799374632321886, 22.892253555585381 ], [ 70.799082273188375, 22.89225686554709 ], [ 70.799092990110552, 22.893069484073397 ], [ 70.799385350983314, 22.893066173981143 ] ] ], [ [ [ 70.799117998158522, 22.894965593626747 ], [ 70.799110852731062, 22.894423848088845 ], [ 70.798818488905169, 22.894427157861415 ], [ 70.798825633172996, 22.894968903486337 ], [ 70.799117998158522, 22.894965593626747 ] ] ], [ [ [ 70.798258758858495, 22.896329885920249 ], [ 70.79826947299982, 22.897142504399159 ], [ 70.797977103212887, 22.897145812994804 ], [ 70.797984245084734, 22.897687558685615 ], [ 70.798276616031487, 22.897684250002985 ], [ 70.798273044488568, 22.897413377205947 ], [ 70.79856541480126, 22.897410068029458 ], [ 70.798554698757783, 22.89659744971031 ], [ 70.798847067276611, 22.896594140126989 ], [ 70.798832777657495, 22.895510649072236 ], [ 70.798540411458134, 22.895513958481544 ], [ 70.798551126851621, 22.896326576917748 ], [ 70.798258758858495, 22.896329885920249 ] ] ], [ [ [ 70.798005671999931, 22.89931279552393 ], [ 70.797984245084734, 22.897687558685615 ], [ 70.797691874083839, 22.897690866830885 ], [ 70.797706156157616, 22.898774358269389 ], [ 70.797413782782812, 22.898777666051206 ], [ 70.797420922984642, 22.899319411798889 ], [ 70.79712854839579, 22.899322719130264 ], [ 70.79713568765419, 22.899864464925866 ], [ 70.797720439097688, 22.899857849551815 ], [ 70.797713297519351, 22.899316103930108 ], [ 70.798005671999931, 22.89931279552393 ] ] ], [ [ [ 70.790699850605009, 22.899666218314579 ], [ 70.790696293762451, 22.899395344457329 ], [ 70.790403917930902, 22.899398639428377 ], [ 70.790407474193472, 22.899669513328934 ], [ 70.790699850605009, 22.899666218314579 ] ] ], [ [ [ 70.795966184117759, 22.899877689224986 ], [ 70.795962616781438, 22.899606816158247 ], [ 70.795377865848579, 22.899613424996438 ], [ 70.795388564539863, 22.900426044427977 ], [ 70.795680941773313, 22.900422740147299 ], [ 70.795673808098385, 22.89988099395622 ], [ 70.795966184117759, 22.899877689224986 ] ] ], [ [ [ 70.790414586880374, 22.900211261100797 ], [ 70.790411030509958, 22.899940387219743 ], [ 70.790118653464489, 22.89994368173998 ], [ 70.790122209254918, 22.900214555664338 ], [ 70.790414586880374, 22.900211261100797 ] ] ], [ [ [ 70.797142827129122, 22.900406210682448 ], [ 70.79713568765419, 22.899864464925866 ], [ 70.796843311851262, 22.899867771806772 ], [ 70.796850450166176, 22.900409517650274 ], [ 70.797142827129122, 22.900406210682448 ] ] ], [ [ [ 70.796854019404819, 22.900680390557401 ], [ 70.796850450166176, 22.900409517650274 ], [ 70.796558073149114, 22.900412824080682 ], [ 70.796561641807756, 22.900683697031255 ], [ 70.796854019404819, 22.900680390557401 ] ] ], [ [ [ 70.796269264156564, 22.900687002967683 ], [ 70.796265696077953, 22.90041612997365 ], [ 70.795680941773313, 22.900422740147299 ], [ 70.795684508691906, 22.90069361322821 ], [ 70.796269264156564, 22.900687002967683 ] ] ], [ [ [ 70.790717635626777, 22.90102058745455 ], [ 70.79071407851454, 22.900749713646064 ], [ 70.790421699782982, 22.900753008833654 ], [ 70.790425256315174, 22.90102388268545 ], [ 70.790717635626777, 22.90102058745455 ] ] ], [ [ [ 70.796561641807756, 22.900683697031255 ], [ 70.796269264156564, 22.900687002967683 ], [ 70.79627283228929, 22.900957875951949 ], [ 70.796565210520484, 22.900954569972079 ], [ 70.796561641807756, 22.900683697031255 ] ] ], [ [ [ 70.795684508691906, 22.90069361322821 ], [ 70.79539213087844, 22.900696917552317 ], [ 70.795402830218634, 22.901509536866804 ], [ 70.795695209772191, 22.901506232412409 ], [ 70.795684508691906, 22.90069361322821 ] ] ], [ [ [ 70.795406396773529, 22.901780409952121 ], [ 70.795402830218634, 22.901509536866804 ], [ 70.795110450610991, 22.901512840783738 ], [ 70.795103318823536, 22.900971094496988 ], [ 70.794810940321895, 22.900974397789629 ], [ 70.794814505608556, 22.901245270981299 ], [ 70.794522126472842, 22.901248573779903 ], [ 70.794529256048264, 22.901790320220794 ], [ 70.795406396773529, 22.901780409952121 ] ] ], [ [ [ 70.791605450118666, 22.901823319514197 ], [ 70.791601891104449, 22.901552445864933 ], [ 70.791309510794591, 22.901555742794841 ], [ 70.791313069228735, 22.901826616487444 ], [ 70.791605450118666, 22.901823319514197 ] ] ], [ [ [ 70.794532820917041, 22.902061193426608 ], [ 70.794529256048264, 22.901790320220794 ], [ 70.794236875698388, 22.90179362256875 ], [ 70.794240439987121, 22.902064495817964 ], [ 70.794532820917041, 22.902061193426608 ] ] ], [ [ [ 70.791316627716853, 22.902097490170281 ], [ 70.791313069228735, 22.901826616487444 ], [ 70.791020688284888, 22.901829912923219 ], [ 70.791024246192919, 22.902100786649385 ], [ 70.791316627716853, 22.902097490170281 ] ] ], [ [ [ 70.790735421996956, 22.902374956350734 ], [ 70.79073186461504, 22.902104082591002 ], [ 70.790439482983231, 22.902107377995144 ], [ 70.790443039785075, 22.902378251798183 ], [ 70.790735421996956, 22.902374956350734 ] ] ], [ [ [ 70.794244004329897, 22.902335369057422 ], [ 70.794240439987121, 22.902064495817964 ], [ 70.793948059003142, 22.90206779767184 ], [ 70.793951622765846, 22.902338670954698 ], [ 70.794244004329897, 22.902335369057422 ] ] ], [ [ [ 70.793955186582579, 22.902609544227797 ], [ 70.793951622765846, 22.902338670954698 ], [ 70.793659241147765, 22.902341972314492 ], [ 70.793662804384425, 22.90261284563098 ], [ 70.793955186582579, 22.902609544227797 ] ] ], [ [ [ 70.798340913065687, 22.902559958681479 ], [ 70.798337340547832, 22.902289086060044 ], [ 70.798044959741205, 22.902292395482046 ], [ 70.798048531678987, 22.90256326814697 ], [ 70.798340913065687, 22.902559958681479 ] ] ], [ [ [ 70.793666367675115, 22.902883718937712 ], [ 70.793662804384425, 22.90261284563098 ], [ 70.793370422132242, 22.902616146496669 ], [ 70.793373984842844, 22.902887019846784 ], [ 70.793666367675115, 22.902883718937712 ] ] ], [ [ [ 70.79805210367094, 22.902834140802138 ], [ 70.798048531678987, 22.90256326814697 ], [ 70.797756150238143, 22.902566577074978 ], [ 70.797759721649996, 22.902837449773635 ], [ 70.79805210367094, 22.902834140802138 ] ] ], [ [ [ 70.79776329311602, 22.903108322462543 ], [ 70.797759721649996, 22.902837449773635 ], [ 70.797467339574922, 22.902840758207642 ], [ 70.797470910460845, 22.903111630940032 ], [ 70.79776329311602, 22.903108322462543 ] ] ], [ [ [ 70.793381110426097, 22.903428766517756 ], [ 70.793373984842844, 22.902887019846784 ], [ 70.793081601956558, 22.902890320218354 ], [ 70.793088726379608, 22.903432066976077 ], [ 70.793381110426097, 22.903428766517756 ] ] ], [ [ [ 70.793092288672156, 22.903702940340306 ], [ 70.793088726379608, 22.903432066976077 ], [ 70.792796342279104, 22.903435366896883 ], [ 70.792799903991536, 22.903706240304473 ], [ 70.793092288672156, 22.903702940340306 ] ] ], [ [ [ 70.79046438172864, 22.904003494411644 ], [ 70.790460824603215, 22.903732620667114 ], [ 70.790168439436883, 22.903735915793593 ], [ 70.790171995982178, 22.904006789581423 ], [ 70.79046438172864, 22.904003494411644 ] ] ], [ [ [ 70.791633924175045, 22.903990308357216 ], [ 70.791630364729116, 22.903719434785966 ], [ 70.791337979778561, 22.903722732062541 ], [ 70.791341538644375, 22.903993605677115 ], [ 70.791633924175045, 22.903990308357216 ] ] ], [ [ [ 70.790760325180656, 22.904271072395797 ], [ 70.790756767421172, 22.904000198704328 ], [ 70.79046438172864, 22.904003494411644 ], [ 70.790467938907994, 22.904274368146417 ], [ 70.790760325180656, 22.904271072395797 ] ] ], [ [ [ 70.792225816448806, 22.904525459044674 ], [ 70.792222255734643, 22.904254585579622 ], [ 70.791929869731774, 22.90425788401793 ], [ 70.791933429865793, 22.904528757526322 ], [ 70.792225816448806, 22.904525459044674 ] ] ], [ [ [ 70.79165172221424, 22.905344676067124 ], [ 70.791648162498461, 22.905073802544649 ], [ 70.791355774647201, 22.905077100037882 ], [ 70.791359333782808, 22.905347973603693 ], [ 70.79165172221424, 22.905344676067124 ] ] ], [ [ [ 70.794871557547708, 22.905579240721337 ], [ 70.794867991396032, 22.905308367685745 ], [ 70.794575603558741, 22.905311671135497 ], [ 70.794579169130259, 22.905582544214496 ], [ 70.794871557547708, 22.905579240721337 ] ] ], [ [ [ 70.794293910803574, 22.90612759338563 ], [ 70.794290345704141, 22.905856720282738 ], [ 70.793997956598403, 22.905860022744161 ], [ 70.79400152111765, 22.906130895890456 ], [ 70.794293910803574, 22.90612759338563 ] ] ], [ [ [ 70.793430995559348, 22.907220992122046 ], [ 70.793427431984384, 22.906950118928005 ], [ 70.793135040395725, 22.906953419950209 ], [ 70.793138603390446, 22.907224293187625 ], [ 70.793430995559348, 22.907220992122046 ] ] ], [ [ [ 70.793145729541976, 22.907766039633199 ], [ 70.79314216643921, 22.907495166415288 ], [ 70.79284977363605, 22.907498466986624 ], [ 70.792853336158572, 22.907769340247906 ], [ 70.793145729541976, 22.907766039633199 ] ] ], [ [ [ 70.792571628871997, 22.908585260180384 ], [ 70.792568066767714, 22.908314386905005 ], [ 70.792275672115778, 22.90831768653117 ], [ 70.792279233639789, 22.908588559849907 ], [ 70.792571628871997, 22.908585260180384 ] ] ], [ [ [ 70.791986838353594, 22.908591858981779 ], [ 70.791990399351306, 22.9088627323341 ], [ 70.792282795217787, 22.908859433158874 ], [ 70.792279233639789, 22.908588559849907 ], [ 70.791986838353594, 22.908591858981779 ] ] ], [ [ [ 70.791708685006981, 22.909678651100151 ], [ 70.791705124427637, 22.909407777733744 ], [ 70.791412727292595, 22.909411075920321 ], [ 70.791416287291639, 22.909681949330061 ], [ 70.791708685006981, 22.909678651100151 ] ] ], [ [ [ 70.791423407451646, 22.91022369612028 ], [ 70.791419847344656, 22.909952822730048 ], [ 70.791127448995027, 22.909956120465623 ], [ 70.791131008521688, 22.910226993899176 ], [ 70.791423407451646, 22.91022369612028 ] ] ], [ [ [ 70.791134568102308, 22.910497867322981 ], [ 70.791131008521688, 22.910226993899176 ], [ 70.790838609537744, 22.910230291140387 ], [ 70.790842168538049, 22.910501164607506 ], [ 70.791134568102308, 22.910497867322981 ] ] ], [ [ [ 70.790849286700478, 22.911042911512496 ], [ 70.790845727592284, 22.910772038064877 ], [ 70.79055332739371, 22.910775334855025 ], [ 70.790556885921546, 22.911046208345955 ], [ 70.790849286700478, 22.911042911512496 ] ] ], [ [ [ 70.792346912855265, 22.913735151052222 ], [ 70.792343350305288, 22.913464277918855 ], [ 70.792050944572637, 22.913467577831042 ], [ 70.792054506542158, 22.913738451007767 ], [ 70.792346912855265, 22.913735151052222 ] ] ], [ [ [ 70.792061630643218, 22.914280197331934 ], [ 70.792058068565694, 22.914009324174728 ], [ 70.791765661618157, 22.914012623635834 ], [ 70.79176922311521, 22.914283496836386 ], [ 70.792061630643218, 22.914280197331934 ] ] ], [ [ [ 70.790613829703844, 22.915380182874106 ], [ 70.790906239769654, 22.915376885347577 ], [ 70.790899119880578, 22.914835138754771 ], [ 70.79119152873146, 22.914831840777069 ], [ 70.791195089229504, 22.915102714035019 ], [ 70.791779907930305, 22.915096116379502 ], [ 70.79176922311521, 22.914283496836386 ], [ 70.791184407897276, 22.914290094231895 ], [ 70.791187968287375, 22.91456096750936 ], [ 70.790603151692622, 22.914567562840318 ], [ 70.790613829703844, 22.915380182874106 ] ] ], [ [ [ 70.790906239769654, 22.915376885347577 ], [ 70.790913359874565, 22.915918631901345 ], [ 70.791205771047444, 22.915915333750338 ], [ 70.791198649781506, 22.91537358728322 ], [ 70.790906239769654, 22.915376885347577 ] ] ], [ [ [ 70.791501743460813, 22.91618290823709 ], [ 70.79149818216635, 22.915912035061496 ], [ 70.791205771047444, 22.915915333750338 ], [ 70.79120933176138, 22.916186206969265 ], [ 70.791501743460813, 22.91618290823709 ] ] ], [ [ [ 70.791216453351154, 22.916727953377844 ], [ 70.791212892529273, 22.916457080178436 ], [ 70.790920480195354, 22.916460378416094 ], [ 70.790924040436664, 22.916731251658828 ], [ 70.791216453351154, 22.916727953377844 ] ] ], [ [ [ 70.790631627468244, 22.916734549401951 ], [ 70.790635187182986, 22.917005422678248 ], [ 70.790927600731976, 22.917002124891805 ], [ 70.790924040436664, 22.916731251658828 ], [ 70.790631627468244, 22.916734549401951 ] ] ], [ [ [ 70.790645866650948, 22.917818042448598 ], [ 70.790642306774345, 22.917547169201576 ], [ 70.790349892010283, 22.917550466536774 ], [ 70.790353451306316, 22.91782133982711 ], [ 70.790645866650948, 22.917818042448598 ] ] ], [ [ [ 70.799677176263387, 22.870847958253172 ], [ 70.799673606605609, 22.870577084751851 ], [ 70.799381293931447, 22.870580392306127 ], [ 70.799384863010189, 22.870851265850959 ], [ 70.799677176263387, 22.870847958253172 ] ] ], [ [ [ 70.804072603912374, 22.871610898372527 ], [ 70.804065446954269, 22.871069152725831 ], [ 70.803773133935422, 22.871072468417037 ], [ 70.803769556116848, 22.870801595535436 ], [ 70.803477243622766, 22.870804910646378 ], [ 70.803484398156087, 22.871346656487049 ], [ 70.803776711808268, 22.871343341288885 ], [ 70.803780289735428, 22.871614214150984 ], [ 70.804072603912374, 22.871610898372527 ] ] ], [ [ [ 70.799976630098541, 22.871386397005079 ], [ 70.799973059753398, 22.871115523566772 ], [ 70.799388432143061, 22.871122139386049 ], [ 70.799395570571306, 22.871663886426997 ], [ 70.799687885561667, 22.871660578698656 ], [ 70.799684315741402, 22.871389705226573 ], [ 70.799976630098541, 22.871386397005079 ] ] ], [ [ [ 70.803783867716845, 22.871885087003339 ], [ 70.803780289735428, 22.871614214150984 ], [ 70.803195661218638, 22.87162084409788 ], [ 70.803199238041941, 22.871891717037453 ], [ 70.803783867716845, 22.871885087003339 ] ] ], [ [ [ 70.803791023842578, 22.872426832678787 ], [ 70.803787445752576, 22.872155959845941 ], [ 70.803495130363189, 22.872159275174958 ], [ 70.803498707874112, 22.872430148051421 ], [ 70.803791023842578, 22.872426832678787 ] ] ], [ [ [ 70.803209968837464, 22.872704335797689 ], [ 70.803202814919501, 22.872162589967285 ], [ 70.802910499421557, 22.872165904222925 ], [ 70.802917652181335, 22.872707650140537 ], [ 70.803209968837464, 22.872704335797689 ] ] ], [ [ [ 70.804382814275968, 22.872961945785395 ], [ 70.804379234919168, 22.872691073059297 ], [ 70.804086918480166, 22.872694389548947 ], [ 70.804090497257874, 22.872965262318672 ], [ 70.804382814275968, 22.872961945785395 ] ] ], [ [ [ 70.80292480515817, 22.873249396019151 ], [ 70.802921228642617, 22.872978523084718 ], [ 70.802628911353125, 22.872981836934461 ], [ 70.802632487289543, 22.873252709912485 ], [ 70.80292480515817, 22.873249396019151 ] ] ], [ [ [ 70.801759107611517, 22.873533521471238 ], [ 70.801755533358204, 22.873262648372211 ], [ 70.801463215272619, 22.87326596011868 ], [ 70.801466788946811, 22.873536833261273 ], [ 70.801759107611517, 22.873533521471238 ] ] ], [ [ [ 70.800301085157699, 22.873820948361242 ], [ 70.800297513745832, 22.873550075054201 ], [ 70.800005194810083, 22.873553384160616 ], [ 70.800008765642829, 22.873824257511192 ], [ 70.800301085157699, 22.873820948361242 ] ] ], [ [ [ 70.800882151454715, 22.873543455231193 ], [ 70.80088572402488, 22.873814328451143 ], [ 70.800593404618382, 22.873817638674556 ], [ 70.800596976663584, 22.874088511928317 ], [ 70.801181616580649, 22.874081890857649 ], [ 70.801174470227863, 22.873540144514596 ], [ 70.800882151454715, 22.873543455231193 ] ] ], [ [ [ 70.800308228144019, 22.87436269494609 ], [ 70.800015907470836, 22.874366004183102 ], [ 70.800019478466112, 22.874636877504436 ], [ 70.800311799718457, 22.874633568223889 ], [ 70.800308228144019, 22.87436269494609 ] ] ], [ [ [ 70.800315371347082, 22.874904441491939 ], [ 70.800607693124391, 22.874901131631091 ], [ 70.800604120916589, 22.874630258406583 ], [ 70.800311799718457, 22.874633568223889 ], [ 70.800315371347082, 22.874904441491939 ] ] ], [ [ [ 70.804992513275394, 22.874851419307404 ], [ 70.804988932380098, 22.874580546736848 ], [ 70.804696611995851, 22.874583864605412 ], [ 70.804700192311984, 22.874854737219614 ], [ 70.804992513275394, 22.874851419307404 ] ] ], [ [ [ 70.800903587688694, 22.87516869440471 ], [ 70.800900014847514, 22.874897821233496 ], [ 70.800607693124391, 22.874901131631091 ], [ 70.800611265386394, 22.875172004845865 ], [ 70.800903587688694, 22.87516869440471 ] ] ], [ [ [ 70.804411451085528, 22.875128927243168 ], [ 70.804407871294245, 22.874858054595069 ], [ 70.80382322909584, 22.874864687735709 ], [ 70.803812493522784, 22.874052069471151 ], [ 70.803227854582147, 22.874058700203083 ], [ 70.803224277324645, 22.873787827341509 ], [ 70.802055001108684, 22.873801082190163 ], [ 70.802058576049603, 22.874071955226118 ], [ 70.802935535030386, 22.87406201476395 ], [ 70.802946265391029, 22.874874633421001 ], [ 70.803238586680251, 22.87487131872933 ], [ 70.803242164154838, 22.875142191551912 ], [ 70.802949842286438, 22.87514550628719 ], [ 70.802953419236133, 22.875416379143623 ], [ 70.802661096734298, 22.875419693385734 ], [ 70.802664673159057, 22.875690566276013 ], [ 70.802372350023745, 22.875693880024947 ], [ 70.80237592592357, 22.875964752949066 ], [ 70.802083602154809, 22.875968066204802 ], [ 70.802087177529671, 22.876238939162754 ], [ 70.802964150410801, 22.876228997654426 ], [ 70.802960573298307, 22.875958124827243 ], [ 70.803252896904283, 22.875954809961151 ], [ 70.803249319266854, 22.875683937167825 ], [ 70.803541642239338, 22.875680621808559 ], [ 70.803538064077003, 22.875409749049091 ], [ 70.804122708700717, 22.875403116807476 ], [ 70.804119129434298, 22.875132244125496 ], [ 70.804411451085528, 22.875128927243168 ] ] ], [ [ [ 70.804992513275394, 22.874851419307404 ], [ 70.804996094225032, 22.875122291868216 ], [ 70.805288415713292, 22.875118973375599 ], [ 70.805291997296436, 22.875389845883003 ], [ 70.805584319309546, 22.875386526809962 ], [ 70.805577155039245, 22.874844781872724 ], [ 70.804992513275394, 22.874851419307404 ] ] ], [ [ [ 70.800629127509367, 22.876526370773437 ], [ 70.800614837702597, 22.875442878050876 ], [ 70.800322514766904, 22.875446187998801 ], [ 70.800326086558101, 22.875717061237602 ], [ 70.800033762989045, 22.875720370692285 ], [ 70.800037334255222, 22.875991243964883 ], [ 70.800329658403498, 22.875987934466661 ], [ 70.800336802256851, 22.876529680895526 ], [ 70.800629127509367, 22.876526370773437 ] ] ], [ [ [ 70.805010418566866, 22.876205782013933 ], [ 70.805006837399901, 22.875934909492134 ], [ 70.804714514119738, 22.875938227578928 ], [ 70.804718094707496, 22.876209100144379 ], [ 70.805010418566866, 22.876205782013933 ] ] ], [ [ [ 70.806472037048536, 22.876189183309883 ], [ 70.80646845298557, 22.875918311006419 ], [ 70.806176129977146, 22.875921631777132 ], [ 70.806179713460921, 22.876192504124269 ], [ 70.806472037048536, 22.876189183309883 ] ] ], [ [ [ 70.80179842797736, 22.876513124917061 ], [ 70.801794853127461, 22.87624225192528 ], [ 70.801502528671037, 22.876245564151009 ], [ 70.801506102941687, 22.876516437186353 ], [ 70.80179842797736, 22.876513124917061 ] ] ], [ [ [ 70.806183296999066, 22.876463376461661 ], [ 70.806179713460921, 22.876192504124269 ], [ 70.805595066122592, 22.876199144142682 ], [ 70.805598648502311, 22.876470016567414 ], [ 70.806183296999066, 22.876463376461661 ] ] ], [ [ [ 70.805306324172392, 22.876473335815099 ], [ 70.805309906027247, 22.876744208273742 ], [ 70.805602230936373, 22.876740888982397 ], [ 70.805598648502311, 22.876470016567414 ], [ 70.805306324172392, 22.876473335815099 ] ] ], [ [ [ 70.80150967726658, 22.876787310211963 ], [ 70.801506102941687, 22.876516437186353 ], [ 70.8012137778518, 22.876519748918852 ], [ 70.801217351597458, 22.876790621988022 ], [ 70.80150967726658, 22.876787310211963 ] ] ], [ [ [ 70.800925025874108, 22.876793933227269 ], [ 70.800921452707684, 22.876523060114547 ], [ 70.800629127509367, 22.876526370773437 ], [ 70.800632700096557, 22.876797243929715 ], [ 70.800925025874108, 22.876793933227269 ] ] ], [ [ [ 70.805024743778006, 22.87728927200363 ], [ 70.805021162393714, 22.877018399520832 ], [ 70.805313487936431, 22.877015080722636 ], [ 70.805309906027247, 22.876744208273742 ], [ 70.804725256045955, 22.876750845246018 ], [ 70.80472883679667, 22.877021717782217 ], [ 70.804436511145312, 22.87702503550679 ], [ 70.804440091371106, 22.877295908076874 ], [ 70.805024743778006, 22.87728927200363 ] ] ], [ [ [ 70.803563112353416, 22.877305858160604 ], [ 70.803559533865339, 22.877034985459638 ], [ 70.803267207996768, 22.877038301036965 ], [ 70.803270785905582, 22.877309173781541 ], [ 70.803563112353416, 22.877305858160604 ] ] ], [ [ [ 70.804443671651228, 22.877566780637213 ], [ 70.804440091371106, 22.877295908076874 ], [ 70.804147765086185, 22.877299225308274 ], [ 70.804151344787044, 22.877570097912237 ], [ 70.804443671651228, 22.877566780637213 ] ] ], [ [ [ 70.802686132847114, 22.877315803412948 ], [ 70.802393806236466, 22.877319117423429 ], [ 70.802397382461805, 22.877589990289046 ], [ 70.802689709651702, 22.87758667623498 ], [ 70.802686132847114, 22.877315803412948 ] ] ], [ [ [ 70.801812727919256, 22.877596616786686 ], [ 70.801228073159749, 22.877603241137017 ], [ 70.801231647122279, 22.877874114167181 ], [ 70.801816303040312, 22.877867489729724 ], [ 70.801812727919256, 22.877596616786686 ] ] ], [ [ [ 70.804154924542217, 22.877840970506451 ], [ 70.804151344787044, 22.877570097912237 ], [ 70.803859017868561, 22.877573414650445 ], [ 70.803862597044471, 22.877844287288283 ], [ 70.804154924542217, 22.877840970506451 ] ] ], [ [ [ 70.803570269492425, 22.877847603533279 ], [ 70.803573848143373, 22.878118476204989 ], [ 70.803866176274695, 22.878115159916376 ], [ 70.803862597044471, 22.877844287288283 ], [ 70.803570269492425, 22.877847603533279 ] ] ], [ [ [ 70.801238795210026, 22.878415860198267 ], [ 70.801231647122279, 22.877874114167181 ], [ 70.800939319081934, 22.877877425580657 ], [ 70.800946466011098, 22.878419171698855 ], [ 70.801238795210026, 22.878415860198267 ] ] ], [ [ [ 70.803577426848605, 22.87838934886695 ], [ 70.803573848143373, 22.878118476204989 ], [ 70.802989191717856, 22.878125107171698 ], [ 70.802992769264534, 22.878395979920882 ], [ 70.803577426848605, 22.87838934886695 ] ] ], [ [ [ 70.806796624808854, 22.878623711857781 ], [ 70.806793039677189, 22.878352839685782 ], [ 70.806500711509997, 22.878356161386481 ], [ 70.806504296062386, 22.878627033602164 ], [ 70.806796624808854, 22.878623711857781 ] ] ], [ [ [ 70.802996346865484, 22.878666852660302 ], [ 70.802992769264534, 22.878395979920882 ], [ 70.802700440391078, 22.87839929464257 ], [ 70.802704017412736, 22.878670167425593 ], [ 70.802996346865484, 22.878666852660302 ] ] ], [ [ [ 70.802707594488666, 22.878941040198868 ], [ 70.802704017412736, 22.878670167425593 ], [ 70.802411687905732, 22.87867348165403 ], [ 70.802415264402356, 22.878944354470896 ], [ 70.802707594488666, 22.878941040198868 ] ] ], [ [ [ 70.801245943514644, 22.878957606190351 ], [ 70.801242369335213, 22.878686733199189 ], [ 70.800950039557023, 22.878690044743326 ], [ 70.800953613157134, 22.878960917778056 ], [ 70.801245943514644, 22.878957606190351 ] ] ], [ [ [ 70.80154184863089, 22.879225167003632 ], [ 70.801538273817926, 22.878954294065785 ], [ 70.801245943514644, 22.878957606190351 ], [ 70.801249517748303, 22.879228479171765 ], [ 70.80154184863089, 22.879225167003632 ] ] ], [ [ [ 70.802418840953237, 22.879215227278006 ], [ 70.802415264402356, 22.878944354470896 ], [ 70.802122934261803, 22.878947668206056 ], [ 70.802126510233364, 22.879218541056755 ], [ 70.802418840953237, 22.879215227278006 ] ] ], [ [ [ 70.800672002133112, 22.879776848005196 ], [ 70.800668428949677, 22.879505974956182 ], [ 70.800376097325127, 22.879509285557234 ], [ 70.800379669929228, 22.879780158649794 ], [ 70.800672002133112, 22.879776848005196 ] ] ], [ [ [ 70.803039282310436, 22.8819173247728 ], [ 70.803035704058161, 22.881646452150399 ], [ 70.802743368232655, 22.881649767395288 ], [ 70.80274694590554, 22.881920640061292 ], [ 70.803039282310436, 22.8819173247728 ] ] ], [ [ [ 70.802468918362962, 22.883007445553723 ], [ 70.802465341052411, 22.882736572883132 ], [ 70.802173002800728, 22.882739887228503 ], [ 70.802176579531846, 22.883010759942682 ], [ 70.802468918362962, 22.883007445553723 ] ] ], [ [ [ 70.802198041057935, 22.884635996022961 ], [ 70.802183733156852, 22.883552505341786 ], [ 70.801891393112584, 22.883555819280939 ], [ 70.801905698695791, 22.884639310136436 ], [ 70.802198041057935, 22.884635996022961 ] ] ], [ [ [ 70.801912851812901, 22.885181055505676 ], [ 70.801909275227217, 22.884910182825934 ], [ 70.801616932231326, 22.884913496445972 ], [ 70.801620508237505, 22.885184369169288 ], [ 70.801912851812901, 22.885181055505676 ] ] ], [ [ [ 70.801627660412578, 22.885726114586664 ], [ 70.801624084297927, 22.885455241882852 ], [ 70.801331740088784, 22.885458555053003 ], [ 70.801335315623916, 22.885729427800385 ], [ 70.801627660412578, 22.885726114586664 ] ] ], [ [ [ 70.801346042554755, 22.886542045984008 ], [ 70.801342466856909, 22.886271173265882 ], [ 70.801050120854939, 22.886274486029688 ], [ 70.801053695973238, 22.886545358791373 ], [ 70.801346042554755, 22.886542045984008 ] ] ], [ [ [ 70.800761349337506, 22.886548671061668 ], [ 70.800775648034687, 22.887632162185085 ], [ 70.801067996988706, 22.887628849740569 ], [ 70.801053695973238, 22.886545358791373 ], [ 70.800761349337506, 22.886548671061668 ] ] ], [ [ [ 70.801103753323517, 22.890337576430834 ], [ 70.80107514782182, 22.888170595156652 ], [ 70.800782797708607, 22.888173907688284 ], [ 70.800775648034687, 22.887632162185085 ], [ 70.800483299026453, 22.887635474092519 ], [ 70.800497596272749, 22.888718965234087 ], [ 70.800789947599412, 22.88871565315246 ], [ 70.800811398573174, 22.890340889310917 ], [ 70.801103753323517, 22.890337576430834 ] ] ], [ [ [ 70.801674154839503, 22.889247458848661 ], [ 70.801677731713625, 22.889518331415921 ], [ 70.802262437356603, 22.889511702157108 ], [ 70.802266015444275, 22.889782574627461 ], [ 70.802558368764011, 22.889779259148749 ], [ 70.80255121148366, 22.889237514285487 ], [ 70.801674154839503, 22.889247458848661 ] ] ], [ [ [ 70.80168846266146, 22.89033094905918 ], [ 70.801677731713625, 22.889518331415921 ], [ 70.80138537881075, 22.889521645239618 ], [ 70.801396108019617, 22.890334263013585 ], [ 70.80168846266146, 22.89033094905918 ] ] ], [ [ [ 70.801403261096738, 22.890876008147465 ], [ 70.801399684531063, 22.890605135585407 ], [ 70.801107329255288, 22.890608449046216 ], [ 70.801110905241273, 22.890879321651838 ], [ 70.801403261096738, 22.890876008147465 ] ] ], [ [ [ 70.802594158422536, 22.892487982879761 ], [ 70.802590579212421, 22.892217110550561 ], [ 70.802298220675425, 22.892220426421598 ], [ 70.802301799305795, 22.892491298794393 ], [ 70.802594158422536, 22.892487982879761 ] ] ], [ [ [ 70.805820862209998, 22.893264087851605 ], [ 70.805817276459663, 22.89299321603167 ], [ 70.805232557048001, 22.892999859317126 ], [ 70.805236141638815, 22.893270731224401 ], [ 70.805820862209998, 22.893264087851605 ] ] ], [ [ [ 70.807286251389726, 22.893518341609738 ], [ 70.807279074037012, 22.89297659841656 ], [ 70.806986714630355, 22.892979923014035 ], [ 70.806993890823534, 22.893521666294625 ], [ 70.807286251389726, 22.893518341609738 ] ] ], [ [ [ 70.805243310983556, 22.893812475009668 ], [ 70.805239726284015, 22.893541603121918 ], [ 70.8049473653371, 22.893544924046118 ], [ 70.804950949456867, 22.893815795977527 ], [ 70.805243310983556, 22.893812475009668 ] ] ], [ [ [ 70.805831619787327, 22.89407670325286 ], [ 70.805828033873837, 22.893805831462195 ], [ 70.805535672455889, 22.893809153504559 ], [ 70.80553925778959, 22.894080025338891 ], [ 70.805831619787327, 22.89407670325286 ] ] ], [ [ [ 70.802907997364215, 22.894109899936634 ], [ 70.802904417248612, 22.893839027709571 ], [ 70.802612055287341, 22.893842344379426 ], [ 70.802615634823155, 22.894113216650098 ], [ 70.802907997364215, 22.894109899936634 ] ] ], [ [ [ 70.805542843177662, 22.894350897163463 ], [ 70.80553925778959, 22.894080025338891 ], [ 70.805246895737469, 22.894083346887665 ], [ 70.805250480545752, 22.894354218755907 ], [ 70.805542843177662, 22.894350897163463 ] ] ], [ [ [ 70.803507047927312, 22.895186753359731 ], [ 70.80350346643489, 22.894915881258921 ], [ 70.803211102262992, 22.894919199177743 ], [ 70.803214683175597, 22.895190071322176 ], [ 70.803507047927312, 22.895186753359731 ] ] ], [ [ [ 70.802925898756655, 22.895464260925603 ], [ 70.802918738036794, 22.894922516559291 ], [ 70.802626373756297, 22.894925833403555 ], [ 70.802633533316495, 22.895467577857076 ], [ 70.802925898756655, 22.895464260925603 ] ] ], [ [ [ 70.803802994751308, 22.895454306907428 ], [ 70.803510629474076, 22.895457625450781 ], [ 70.803517792730489, 22.895999369603622 ], [ 70.80381015916744, 22.895996050973022 ], [ 70.803802994751308, 22.895454306907428 ] ] ], [ [ [ 70.802933059693686, 22.896006005252897 ], [ 70.802640693093835, 22.896009322271574 ], [ 70.802644273063947, 22.89628019446419 ], [ 70.802936640243658, 22.89627687740191 ], [ 70.802933059693686, 22.896006005252897 ] ] ], [ [ [ 70.803824488651571, 22.897079538987111 ], [ 70.803817323800843, 22.896537794999588 ], [ 70.803524956204186, 22.896541113717433 ], [ 70.803532119895138, 22.897082857792213 ], [ 70.803824488651571, 22.897079538987111 ] ] ], [ [ [ 70.802972448729761, 22.898985598355356 ], [ 70.802968867636793, 22.898714726303922 ], [ 70.802676495237932, 22.898718043758635 ], [ 70.802680075750956, 22.898988915853671 ], [ 70.802972448729761, 22.898985598355356 ] ] ], [ [ [ 70.802983192334466, 22.899798214451113 ], [ 70.802979611078598, 22.899527342428954 ], [ 70.802687236939846, 22.899530660014474 ], [ 70.802690817615755, 22.899801532080247 ], [ 70.802983192334466, 22.899798214451113 ] ] ], [ [ [ 70.802106068015448, 22.899808165726288 ], [ 70.8021024884995, 22.899537293573331 ], [ 70.801810114197906, 22.899540609546658 ], [ 70.801813693133866, 22.899811481743196 ], [ 70.802106068015448, 22.899808165726288 ] ] ], [ [ [ 70.83084022399629, 22.840150217226263 ], [ 70.830836597974567, 22.839879347373213 ], [ 70.830544355992004, 22.839882707925042 ], [ 70.830547981435714, 22.84015357782236 ], [ 70.83084022399629, 22.840150217226263 ] ] ], [ [ [ 70.830262988716626, 22.840698677736505 ], [ 70.830259363740851, 22.840427807814443 ], [ 70.829967120492171, 22.840431167383141 ], [ 70.829970744889934, 22.840702037349448 ], [ 70.830262988716626, 22.840698677736505 ] ] ], [ [ [ 70.829974369342736, 22.840972907305996 ], [ 70.829970744889934, 22.840702037349448 ], [ 70.829678501008189, 22.84070539642655 ], [ 70.829682124882964, 22.84097626642734 ], [ 70.829974369342736, 22.840972907305996 ] ] ], [ [ [ 70.828809013369195, 22.841257210700007 ], [ 70.828812635619869, 22.841528080813969 ], [ 70.828520389783961, 22.841531437880356 ], [ 70.828524011511561, 22.841802308028772 ], [ 70.829108504284491, 22.841795593271712 ], [ 70.829101258572067, 22.841253853141986 ], [ 70.828809013369195, 22.841257210700007 ] ] ], [ [ [ 70.82797934843326, 22.844788592603646 ], [ 70.827957622200643, 22.843163371680166 ], [ 70.827665372731275, 22.84316672740411 ], [ 70.827687095495065, 22.844791948592739 ], [ 70.82797934843326, 22.844788592603646 ] ] ], [ [ [ 70.828044539006967, 22.849664253267068 ], [ 70.828033672674209, 22.848851643375998 ], [ 70.827741411062576, 22.848855000027999 ], [ 70.827752275660416, 22.849667610051657 ], [ 70.828044539006967, 22.849664253267068 ] ] ], [ [ [ 70.830115765932931, 22.851536828002331 ], [ 70.830104886299665, 22.850724219244857 ], [ 70.83098168179373, 22.850714133886058 ], [ 70.830970797450888, 22.849901525439098 ], [ 70.83009400716189, 22.849911610399548 ], [ 70.830101259865344, 22.850453349639508 ], [ 70.829808995168904, 22.850456710309334 ], [ 70.82982349892302, 22.851540188849139 ], [ 70.830115765932931, 22.851536828002331 ] ] ], [ [ [ 70.828069895708026, 22.851560342671448 ], [ 70.828066273157191, 22.851289472785808 ], [ 70.827774006340547, 22.851292829835572 ], [ 70.827777628313001, 22.851563699765414 ], [ 70.828069895708026, 22.851560342671448 ] ] ], [ [ [ 70.829830751130345, 22.852081928060496 ], [ 70.829827124999156, 22.851811058459703 ], [ 70.829534857355839, 22.851814418814627 ], [ 70.829538482908617, 22.852085288459659 ], [ 70.829830751130345, 22.852081928060496 ] ] ], [ [ [ 70.829838003557839, 22.852623667232823 ], [ 70.829834377316573, 22.852352797651537 ], [ 70.829542108516449, 22.852356158094942 ], [ 70.829545734179305, 22.852627027720466 ], [ 70.829838003557839, 22.852623667232823 ] ] ], [ [ [ 70.829845256205516, 22.853165406366116 ], [ 70.829841629854172, 22.852894536804346 ], [ 70.829549359897214, 22.852897897336231 ], [ 70.829552985670148, 22.853168766942233 ], [ 70.829845256205516, 22.853165406366116 ] ] ], [ [ [ 70.827222061862358, 22.853737372139417 ], [ 70.827218440606927, 22.853466502199254 ], [ 70.826926168998071, 22.853469857994074 ], [ 70.826929789675049, 22.853740727978415 ], [ 70.827222061862358, 22.853737372139417 ] ] ], [ [ [ 70.826937031193893, 22.854282467917823 ], [ 70.826933410406994, 22.854011597952997 ], [ 70.826641137586279, 22.854014953299988 ], [ 70.82664475779471, 22.854285823308981 ], [ 70.826937031193893, 22.854282467917823 ] ] ], [ [ [ 70.826074687586811, 22.855376012774389 ], [ 70.826071068315571, 22.855105142716106 ], [ 70.825778793016084, 22.855108496631122 ], [ 70.825782411708815, 22.855379366733562 ], [ 70.826074687586811, 22.855376012774389 ] ] ], [ [ [ 70.830458819159233, 22.855325639040203 ], [ 70.83045519121049, 22.855054769645005 ], [ 70.830162916735986, 22.855058131603233 ], [ 70.83016654410622, 22.855329001042687 ], [ 70.830458819159233, 22.855325639040203 ] ] ], [ [ [ 70.824627773711455, 22.856476258226287 ], [ 70.824624157113163, 22.85620538798635 ], [ 70.82433187922507, 22.856208739396742 ], [ 70.824335495244796, 22.856479609680793 ], [ 70.824627773711455, 22.856476258226287 ] ] ], [ [ [ 70.830191937239661, 22.857225086845581 ], [ 70.830188309483972, 22.856954217474446 ], [ 70.829896030904735, 22.856957579206203 ], [ 70.829899658081857, 22.857228448621584 ], [ 70.830191937239661, 22.857225086845581 ] ] ], [ [ [ 70.824057679036798, 22.857566441814122 ], [ 70.824050447770276, 22.857024701226095 ], [ 70.823758168036747, 22.857028051696297 ], [ 70.823765398146136, 22.857569792372523 ], [ 70.824057679036798, 22.857566441814122 ] ] ], [ [ [ 70.823476731759001, 22.857844012762214 ], [ 70.823473117200592, 22.857573142394639 ], [ 70.82318083620018, 22.857576491880476 ], [ 70.823184450179994, 22.857847362292141 ], [ 70.823476731759001, 22.857844012762214 ] ] ], [ [ [ 70.829906912601245, 22.857770187423075 ], [ 70.829903285314018, 22.857499318027216 ], [ 70.82961100552258, 22.857502679311192 ], [ 70.829614632231241, 22.857773548751304 ], [ 70.829906912601245, 22.857770187423075 ] ] ], [ [ [ 70.822018935035857, 22.858131625627092 ], [ 70.822015323315583, 22.857860755048911 ], [ 70.82172304146242, 22.85786410189737 ], [ 70.821726652604099, 22.858134972519611 ], [ 70.822018935035857, 22.858131625627092 ] ] ], [ [ [ 70.827294498514959, 22.859154768893518 ], [ 70.827290876160077, 22.858883899148513 ], [ 70.826998592980544, 22.858887255826904 ], [ 70.827002214756817, 22.859158125616084 ], [ 70.827294498514959, 22.859154768893518 ] ] ], [ [ [ 70.820294107584289, 22.860318665325657 ], [ 70.820290498897464, 22.8600477945613 ], [ 70.819998212086517, 22.860051138544083 ], [ 70.820001820194662, 22.860322009352448 ], [ 70.820294107584289, 22.860318665325657 ] ] ], [ [ [ 70.819709532750267, 22.860325352842885 ], [ 70.819713140334486, 22.860596223685501 ], [ 70.820005428357547, 22.860592880151064 ], [ 70.820001820194662, 22.860322009352448 ], [ 70.819709532750267, 22.860325352842885 ] ] ], [ [ [ 70.822661313232572, 22.862458856747299 ], [ 70.822657699477659, 22.862187986413343 ], [ 70.822365408475505, 22.862191335039469 ], [ 70.822369021651681, 22.862462205417497 ], [ 70.822661313232572, 22.862458856747299 ] ] ], [ [ [ 70.822076730015951, 22.862465553551282 ], [ 70.822080342668201, 22.862736423963614 ], [ 70.822372634882683, 22.862733075785762 ], [ 70.822369021651681, 22.862462205417497 ], [ 70.822076730015951, 22.862465553551282 ] ] ], [ [ [ 70.81769595287679, 22.862786582260743 ], [ 70.817692348905823, 22.862515711188326 ], [ 70.817400056393922, 22.862519050739458 ], [ 70.817403659786152, 22.862789921855832 ], [ 70.81769595287679, 22.862786582260743 ] ] ], [ [ [ 70.822080342668201, 22.862736423963614 ], [ 70.821788050398908, 22.862739771605039 ], [ 70.821791662527232, 22.86301064205167 ], [ 70.822083955375291, 22.863007294366188 ], [ 70.822080342668201, 22.862736423963614 ] ] ], [ [ [ 70.821795274710382, 22.863281512488552 ], [ 70.821502981228733, 22.863284859681652 ], [ 70.821506592887914, 22.863555730152822 ], [ 70.821798886948343, 22.863552382915667 ], [ 70.821795274710382, 22.863281512488552 ] ] ], [ [ [ 70.821214298772688, 22.863559076853537 ], [ 70.821217909907901, 22.863829947358983 ], [ 70.820633320355469, 22.863836639239146 ], [ 70.820636930387906, 22.864107509822901 ], [ 70.821513816370725, 22.864097471065879 ], [ 70.821506592887914, 22.863555730152822 ], [ 70.821214298772688, 22.863559076853537 ] ] ], [ [ [ 70.812167527160199, 22.86474604590871 ], [ 70.812163933803959, 22.864475174070723 ], [ 70.811871636202994, 22.864478503736532 ], [ 70.811875228980412, 22.864749375618331 ], [ 70.812167527160199, 22.86474604590871 ] ] ], [ [ [ 70.812463419275062, 22.865013587447024 ], [ 70.812459825285444, 22.864742715662608 ], [ 70.812167527160199, 22.86474604590871 ], [ 70.812171120570966, 22.865016917736952 ], [ 70.812463419275062, 22.865013587447024 ] ] ], [ [ [ 70.813051611721434, 22.865277796944696 ], [ 70.813048016519602, 22.865006925257699 ], [ 70.812755717924603, 22.865010256620607 ], [ 70.812759312547584, 22.865281128351441 ], [ 70.813051611721434, 22.865277796944696 ] ] ], [ [ [ 70.818612498211905, 22.865756139958922 ], [ 70.818608891902713, 22.865485269125703 ], [ 70.818316593188143, 22.865488610769773 ], [ 70.818320198918499, 22.865759481646968 ], [ 70.818612498211905, 22.865756139958922 ] ] ], [ [ [ 70.818027899570367, 22.865762822798512 ], [ 70.81803150477657, 22.866033693709912 ], [ 70.818323804703567, 22.866030352514404 ], [ 70.818320198918499, 22.865759481646968 ], [ 70.818027899570367, 22.865762822798512 ] ] ], [ [ [ 70.817457717232088, 22.866852987430804 ], [ 70.817454113019522, 22.866582116460759 ], [ 70.816869510467157, 22.866588795271966 ], [ 70.816873113521936, 22.866859666329894 ], [ 70.817457717232088, 22.866852987430804 ] ] ], [ [ [ 70.816580811584842, 22.866863004974643 ], [ 70.816584414115411, 22.867133876066749 ], [ 70.816876716631398, 22.86713053737807 ], [ 70.816873113521936, 22.866859666329894 ], [ 70.816580811584842, 22.866863004974643 ] ] ], [ [ [ 70.816588016700635, 22.867404747149095 ], [ 70.816584414115411, 22.867133876066749 ], [ 70.816292111544755, 22.867137214218879 ], [ 70.816295713551071, 22.867408085345151 ], [ 70.816588016700635, 22.867404747149095 ] ] ], [ [ [ 70.816010613365634, 22.867953165315775 ], [ 70.81600701182893, 22.867682294165096 ], [ 70.81571470799112, 22.86768563133197 ], [ 70.815718308948931, 22.867956502526564 ], [ 70.816010613365634, 22.867953165315775 ] ] ], [ [ [ 70.815436805941971, 22.868772452857733 ], [ 70.815433205399202, 22.868501581648502 ], [ 70.815140899715331, 22.868504917873953 ], [ 70.81514449967915, 22.868775789127081 ], [ 70.815436805941971, 22.868772452857733 ] ] ], [ [ [ 70.814852193361688, 22.868779124859838 ], [ 70.81485939229529, 22.869320867424602 ], [ 70.815151699770681, 22.869317531604064 ], [ 70.81514449967915, 22.868775789127081 ], [ 70.814852193361688, 22.868779124859838 ] ] ], [ [ [ 70.811644006463126, 22.869357526034896 ], [ 70.811640413337727, 22.869086654275065 ], [ 70.811348105786465, 22.869089983612589 ], [ 70.811351698332885, 22.869360855416218 ], [ 70.811644006463126, 22.869357526034896 ] ] ], [ [ [ 70.814281974016779, 22.86986928015715 ], [ 70.814292769680492, 22.870681894135881 ], [ 70.814585080160086, 22.870678559169161 ], [ 70.814577881838332, 22.870136816614181 ], [ 70.814870191105314, 22.870133481198593 ], [ 70.814866591447355, 22.869862609950349 ], [ 70.815158900080704, 22.869859274042028 ], [ 70.815155299898365, 22.869588402827919 ], [ 70.814570683735028, 22.869595074020175 ], [ 70.814574282759366, 22.869865945322054 ], [ 70.814281974016779, 22.86986928015715 ] ] ], [ [ [ 70.811084535446355, 22.871260286919867 ], [ 70.81108094309738, 22.870989415140713 ], [ 70.810788631384085, 22.870992743711568 ], [ 70.81079222315401, 22.87126361553452 ], [ 70.811084535446355, 22.871260286919867 ] ] ], [ [ [ 70.814310763545407, 22.872036250572002 ], [ 70.814307164663205, 22.871765379304286 ], [ 70.814014851812857, 22.871768713909859 ], [ 70.814018450115981, 22.872039585221437 ], [ 70.814310763545407, 22.872036250572002 ] ] ], [ [ [ 70.809648101141221, 22.873173028339867 ], [ 70.809644511306189, 22.872902156410081 ], [ 70.80935219526701, 22.872905482604004 ], [ 70.809355784522936, 22.873176354577545 ], [ 70.809648101141221, 22.873173028339867 ] ] ], [ [ [ 70.808785504058335, 22.874266493589392 ], [ 70.808781915742841, 22.873995621567371 ], [ 70.808489597223826, 22.87399894632614 ], [ 70.808493184960184, 22.874269818391902 ], [ 70.808785504058335, 22.874266493589392 ] ] ], [ [ [ 70.812296924306622, 22.874497425580913 ], [ 70.812293328986954, 22.874226554094051 ], [ 70.812001010542701, 22.874229885337353 ], [ 70.812004605283235, 22.874500756868038 ], [ 70.812296924306622, 22.874497425580913 ] ] ], [ [ [ 70.808496772750971, 22.874540690447912 ], [ 70.808493184960184, 22.874269818391902 ], [ 70.808200865807606, 22.874273142657675 ], [ 70.808204453019243, 22.874544014757415 ], [ 70.808496772750971, 22.874540690447912 ] ] ], [ [ [ 70.81200820007831, 22.874771628388974 ], [ 70.812004605283235, 22.874500756868038 ], [ 70.811712286205321, 22.87450408761843 ], [ 70.811715880421232, 22.874774959183181 ], [ 70.81200820007831, 22.874771628388974 ] ] ], [ [ [ 70.808208040285308, 22.8748148868474 ], [ 70.808204453019243, 22.874544014757415 ], [ 70.807912133233103, 22.874547338530174 ], [ 70.807915719920018, 22.874818210663889 ], [ 70.808208040285308, 22.8748148868474 ] ] ], [ [ [ 70.807919306661333, 22.875089082787838 ], [ 70.807915719920018, 22.874818210663889 ], [ 70.807623399500272, 22.874821533943621 ], [ 70.807626985662438, 22.875092406111296 ], [ 70.807919306661333, 22.875089082787838 ] ] ], [ [ [ 70.811719474691699, 22.875045830738173 ], [ 70.811715880421232, 22.874774959183181 ], [ 70.811423560709628, 22.874778289440645 ], [ 70.811427154400917, 22.875049161039442 ], [ 70.811719474691699, 22.875045830738173 ] ] ], [ [ [ 70.806753606818376, 22.875373245150133 ], [ 70.806757191351792, 22.875644117429413 ], [ 70.806464868976946, 22.875647438693207 ], [ 70.80646845298557, 22.875918311006419 ], [ 70.807053098839248, 22.875911667854673 ], [ 70.807049513672254, 22.875640795628843 ], [ 70.807341835938317, 22.875637473291498 ], [ 70.807338250246531, 22.875366601099621 ], [ 70.807630571879002, 22.875363278269216 ], [ 70.807626985662438, 22.875092406111296 ], [ 70.807042343501436, 22.875099051147927 ], [ 70.807045928559646, 22.875369923393258 ], [ 70.806753606818376, 22.875373245150133 ] ] ], [ [ [ 70.810853291581779, 22.875868435032384 ], [ 70.810849698885292, 22.875597563375248 ], [ 70.810557377272616, 22.875600892153837 ], [ 70.810560969389925, 22.875871763854761 ], [ 70.810853291581779, 22.875868435032384 ] ] ], [ [ [ 70.809990689223227, 22.876961906945542 ], [ 70.809987098046378, 22.876691035196085 ], [ 70.809694773953424, 22.876694362539428 ], [ 70.809698364551053, 22.876965234332658 ], [ 70.809990689223227, 22.876961906945542 ] ] ], [ [ [ 70.809406039824395, 22.87696856118297 ], [ 70.80940962989726, 22.877239433010207 ], [ 70.809701955203153, 22.877236106116133 ], [ 70.809698364551053, 22.876965234332658 ], [ 70.809406039824395, 22.87696856118297 ] ] ], [ [ [ 70.813386204033421, 22.890468821194187 ], [ 70.813382603755556, 22.890197950414581 ], [ 70.813090251290632, 22.890201285855138 ], [ 70.813093850988849, 22.890472156678602 ], [ 70.813386204033421, 22.890468821194187 ] ] ], [ [ [ 70.812801497889652, 22.89047549162586 ], [ 70.812805097062792, 22.890746362483409 ], [ 70.813097450741651, 22.890743027492295 ], [ 70.813093850988849, 22.890472156678602 ], [ 70.812801497889652, 22.89047549162586 ] ] ], [ [ [ 70.81251274332935, 22.890749696937352 ], [ 70.8125163419774, 22.891020567828978 ], [ 70.812223987609698, 22.891023901789598 ], [ 70.812227585732643, 22.891294772715288 ], [ 70.81281229557284, 22.89128810416921 ], [ 70.812805097062792, 22.890746362483409 ], [ 70.81251274332935, 22.890749696937352 ] ] ], [ [ [ 70.811935230730683, 22.891298106182575 ], [ 70.811642875674167, 22.891301439112674 ], [ 70.811646472692289, 22.891572310116256 ], [ 70.811938828328493, 22.891568977142335 ], [ 70.811935230730683, 22.891298106182575 ] ] ], [ [ [ 70.810184693693117, 22.891588966928097 ], [ 70.809892337729721, 22.891592296678915 ], [ 70.809895931324135, 22.891863167935501 ], [ 70.810188287867248, 22.89185983814091 ], [ 70.810184693693117, 22.891588966928097 ] ] ], [ [ [ 70.810773000789922, 22.891853176940145 ], [ 70.810769405456369, 22.891582305814914 ], [ 70.810477049602, 22.891585636640102 ], [ 70.810480644355835, 22.891856507809127 ], [ 70.810773000789922, 22.891853176940145 ] ] ], [ [ [ 70.809026045241865, 22.892414896842592 ], [ 70.809018861367846, 22.891873154096118 ], [ 70.808726504606796, 22.891876481741939 ], [ 70.808733687321364, 22.892418224575909 ], [ 70.809026045241865, 22.892414896842592 ] ] ], [ [ [ 70.81019547637905, 22.89240158053725 ], [ 70.810191882095893, 22.892130709343959 ], [ 70.809607167795747, 22.892137368483496 ], [ 70.809610760919441, 22.892408239764332 ], [ 70.81019547637905, 22.89240158053725 ] ] ], [ [ [ 70.808737278760347, 22.892689095978252 ], [ 70.808733687321364, 22.892418224575909 ], [ 70.808441329346394, 22.892421551772017 ], [ 70.808444920205645, 22.892692423218097 ], [ 70.808737278760347, 22.892689095978252 ] ] ], [ [ [ 70.807867382495701, 22.893240819123978 ], [ 70.807863792687058, 22.892969947609942 ], [ 70.808156151930419, 22.892966621400795 ], [ 70.808148971316967, 22.892424878430912 ], [ 70.807856613233085, 22.892428204552601 ], [ 70.807860202932858, 22.892699076086146 ], [ 70.807567844214802, 22.892702401714349 ], [ 70.807575022618153, 22.89324414483962 ], [ 70.807867382495701, 22.893240819123978 ] ] ], [ [ [ 70.842322625965309, 22.802902960123376 ], [ 70.842318983833451, 22.802632090754628 ], [ 70.842026823216528, 22.802635467172898 ], [ 70.842030464771611, 22.802906336586172 ], [ 70.842322625965309, 22.802902960123376 ] ] ], [ [ [ 70.841745585645171, 22.803451451400466 ], [ 70.841741944556219, 22.80318058196217 ], [ 70.841449782675042, 22.803183957399803 ], [ 70.841453423187204, 22.803454826882614 ], [ 70.841745585645171, 22.803451451400466 ] ] ], [ [ [ 70.84030296465626, 22.804822671620357 ], [ 70.840299326174858, 22.804551802008312 ], [ 70.840007161133045, 22.804555174994089 ], [ 70.8400107990376, 22.804826044650614 ], [ 70.84030296465626, 22.804822671620357 ] ] ], [ [ [ 70.840018075012551, 22.805367783934418 ], [ 70.840014436997436, 22.80509691429739 ], [ 70.839722270746634, 22.805100286837227 ], [ 70.839725908184874, 22.805371156518721 ], [ 70.840018075012551, 22.805367783934418 ] ] ], [ [ [ 70.839163393231289, 22.807003118500443 ], [ 70.839159756615217, 22.80673224878851 ], [ 70.838867586737265, 22.806735619990349 ], [ 70.838871222776419, 22.807006489746733 ], [ 70.839163393231289, 22.807003118500443 ] ] ], [ [ [ 70.839481025529523, 22.808895834118577 ], [ 70.839470112955624, 22.808083225291622 ], [ 70.839177940248248, 22.808086597250696 ], [ 70.839188851091237, 22.808899206211024 ], [ 70.839481025529523, 22.808895834118577 ] ] ], [ [ [ 70.839780476392193, 22.809434200571424 ], [ 70.839776838124735, 22.809163331036149 ], [ 70.839484663164711, 22.809166703708062 ], [ 70.83948830085518, 22.809437573287806 ], [ 70.839780476392193, 22.809434200571424 ] ] ], [ [ [ 70.840087207804672, 22.810514305185734 ], [ 70.840083568739047, 22.810243435733931 ], [ 70.839791391526262, 22.810246809118748 ], [ 70.839795030014855, 22.810517678615017 ], [ 70.840087207804672, 22.810514305185734 ] ] ], [ [ [ 70.840390304799001, 22.811323539384862 ], [ 70.840386664990433, 22.811052670006799 ], [ 70.840094486101819, 22.811056044060088 ], [ 70.840098125333327, 22.811326913482635 ], [ 70.840390304799001, 22.811323539384862 ] ] ], [ [ [ 70.841299619211853, 22.813751236643643 ], [ 70.841295977174099, 22.813480367486815 ], [ 70.841003793257599, 22.813483743545799 ], [ 70.841007434718193, 22.813754612747125 ], [ 70.841299619211853, 22.813751236643643 ] ] ], [ [ [ 70.841905848347665, 22.815369697033265 ], [ 70.841902204823526, 22.815098828023988 ], [ 70.841610017554743, 22.815102205420313 ], [ 70.841613660501707, 22.81537307447411 ], [ 70.841905848347665, 22.815369697033265 ] ] ], [ [ [ 70.84136882844335, 22.818897748770347 ], [ 70.841365185354135, 22.818626879798828 ], [ 70.841072990470536, 22.818630256703415 ], [ 70.841076632982436, 22.818901125719442 ], [ 70.84136882844335, 22.818897748770347 ] ] ], [ [ [ 70.839338015800379, 22.820004853207827 ], [ 70.83933437653117, 22.819733983963904 ], [ 70.839042178951118, 22.819737357299573 ], [ 70.839045817642983, 22.820008226587948 ], [ 70.839338015800379, 22.820004853207827 ] ] ], [ [ [ 70.838775449278117, 22.821636815224988 ], [ 70.838771810831986, 22.821365945950671 ], [ 70.838479609677208, 22.821369318482446 ], [ 70.838483247545938, 22.821640187801211 ], [ 70.838775449278117, 22.821636815224988 ] ] ], [ [ [ 70.839089486257123, 22.823258657287806 ], [ 70.839085846901909, 22.822987788116457 ], [ 70.83879364233789, 22.822991161450279 ], [ 70.838797281115674, 22.823262030666079 ], [ 70.839089486257123, 22.823258657287806 ] ] ], [ [ [ 70.843183999923696, 22.82348224231654 ], [ 70.84318035242886, 22.823211373778047 ], [ 70.842303739162574, 22.823221514792298 ], [ 70.842307384925064, 22.823492383464426 ], [ 70.843183999923696, 22.82348224231654 ] ] ], [ [ [ 70.840554153432763, 22.823512651305066 ], [ 70.840550511134992, 22.823241782365855 ], [ 70.84025830627003, 22.823245158420988 ], [ 70.840261947990356, 22.82351602740469 ], [ 70.840554153432763, 22.823512651305066 ] ] ], [ [ [ 70.842617822510519, 22.824843346608802 ], [ 70.84261417589363, 22.824572478029989 ], [ 70.842321968528807, 22.8245758580554 ], [ 70.842325614568196, 22.82484672667875 ], [ 70.842617822510519, 22.824843346608802 ] ] ], [ [ [ 70.842033406570508, 22.824850106213297 ], [ 70.842037052087761, 22.825120974871425 ], [ 70.842329260662979, 22.825117595292344 ], [ 70.842325614568196, 22.82484672667875 ], [ 70.842033406570508, 22.824850106213297 ] ] ], [ [ [ 70.842047988971828, 22.825933580787279 ], [ 70.842037052087761, 22.825120974871425 ], [ 70.841744843457178, 22.825124353915079 ], [ 70.841755778608686, 22.825936959964512 ], [ 70.842047988971828, 22.825933580787279 ] ] ], [ [ [ 70.841763068986495, 22.82647869728202 ], [ 70.841759423769901, 22.826207828628142 ], [ 70.84146721277385, 22.826211207314458 ], [ 70.841470857412901, 22.826482076012848 ], [ 70.841763068986495, 22.82647869728202 ] ] ], [ [ [ 70.84148908143851, 22.827836419358487 ], [ 70.841485436522674, 22.827565550708872 ], [ 70.841193222583428, 22.8275689290823 ], [ 70.841196866921678, 22.827839797776431 ], [ 70.84148908143851, 22.827836419358487 ] ] ], [ [ [ 70.837982503585238, 22.827876925031426 ], [ 70.837978865600533, 22.827606055848122 ], [ 70.83768665099764, 22.827609427795732 ], [ 70.837690288404744, 22.827880297023473 ], [ 70.837982503585238, 22.827876925031426 ] ] ], [ [ [ 70.83770120095754, 22.828692904648154 ], [ 70.8376939258671, 22.828151166241451 ], [ 70.837401710053769, 22.828154537742424 ], [ 70.837408983988965, 22.82869627623797 ], [ 70.83770120095754, 22.828692904648154 ] ] ], [ [ [ 70.841218734113596, 22.829465009736314 ], [ 70.841207800268549, 22.828652403800277 ], [ 70.840915583963536, 22.828655781816249 ], [ 70.840926516075669, 22.829468387885811 ], [ 70.841218734113596, 22.829465009736314 ] ] ], [ [ [ 70.83800069433758, 22.82923127080165 ], [ 70.837997056076588, 22.828960401667114 ], [ 70.837704838585637, 22.828963773836875 ], [ 70.837708476268972, 22.829234643015841 ], [ 70.83800069433758, 22.82923127080165 ] ] ], [ [ [ 70.840933804427166, 22.830010125216731 ], [ 70.840641585178574, 22.830013502919694 ], [ 70.840648872596105, 22.830555240300587 ], [ 70.84094109300004, 22.830551862508621 ], [ 70.840933804427166, 22.830010125216731 ] ] ], [ [ [ 70.83802252506392, 22.830856485403999 ], [ 70.837730303529284, 22.830859857884771 ], [ 70.837733941599367, 22.83113072699545 ], [ 70.838026163711731, 22.831127354470251 ], [ 70.83802252506392, 22.830856485403999 ] ] ], [ [ [ 70.840952026274479, 22.831364468373284 ], [ 70.840944737369512, 22.830822731139936 ], [ 70.840652516387877, 22.830826108976403 ], [ 70.840659804137445, 22.831367846298754 ], [ 70.840952026274479, 22.831364468373284 ] ] ], [ [ [ 70.840667092108362, 22.831909583582078 ], [ 70.840663448095242, 22.831638714945296 ], [ 70.840371225325143, 22.831642092379674 ], [ 70.840374868760549, 22.831912961060951 ], [ 70.840667092108362, 22.831909583582078 ] ] ], [ [ [ 70.8377448561412, 22.831943334268956 ], [ 70.837741217905332, 22.831672465187541 ], [ 70.837448994582303, 22.831675837266012 ], [ 70.837452632240428, 22.831946706391847 ], [ 70.8377448561412, 22.831943334268956 ] ] ], [ [ [ 70.840385799398774, 22.83272556704625 ], [ 70.840382155797357, 22.83245469839424 ], [ 70.840089931238737, 22.832458075426494 ], [ 70.840093574262383, 22.832728944122991 ], [ 70.840385799398774, 22.83272556704625 ] ] ], [ [ [ 70.837171319857035, 22.832762685431376 ], [ 70.837167682610925, 22.832491816290389 ], [ 70.836875457444194, 22.832495187430901 ], [ 70.836879094112547, 22.832766056616304 ], [ 70.837171319857035, 22.832762685431376 ] ] ], [ [ [ 70.840100860475687, 22.833270681486699 ], [ 70.840097217341366, 22.832999812809724 ], [ 70.839804991571896, 22.833003189395331 ], [ 70.839808634128445, 22.833274058116793 ], [ 70.840100860475687, 22.833270681486699 ] ] ], [ [ [ 70.836886367614937, 22.833307794957825 ], [ 70.836882730836138, 22.833036925791941 ], [ 70.836590504458641, 22.833040296485642 ], [ 70.83659414065967, 22.833311165695935 ], [ 70.836886367614937, 22.833307794957825 ] ] ], [ [ [ 70.836601413227413, 22.833852904087255 ], [ 70.836597776915937, 22.833582034896466 ], [ 70.836305549327662, 22.833585405143339 ], [ 70.836309185061339, 22.833856274378519 ], [ 70.836601413227413, 22.833852904087255 ] ] ], [ [ [ 70.836312820850239, 22.834127143603936 ], [ 70.836309185061339, 22.833856274378519 ], [ 70.836016956840069, 22.833859644134133 ], [ 70.83602059205117, 22.834130513403945 ], [ 70.836312820850239, 22.834127143603936 ] ] ], [ [ [ 70.835728363196878, 22.834133882668286 ], [ 70.835731997885361, 22.83440475197273 ], [ 70.836024227317466, 22.834401382664002 ], [ 70.83602059205117, 22.834130513403945 ], [ 70.835728363196878, 22.834133882668286 ] ] ], [ [ [ 70.834866208454102, 22.835227464939027 ], [ 70.834858942268141, 22.834685726112706 ], [ 70.834566712037486, 22.834689093323121 ], [ 70.834573977067777, 22.835230832238153 ], [ 70.834866208454102, 22.835227464939027 ] ] ], [ [ [ 70.834581242318706, 22.835772571114166 ], [ 70.834577609665658, 22.835501701681039 ], [ 70.834285377646324, 22.835505068488825 ], [ 70.834289009721516, 22.835775937966297 ], [ 70.834581242318706, 22.835772571114166 ] ] ], [ [ [ 70.838672492883262, 22.835725378935603 ], [ 70.838668852140231, 22.835454510124102 ], [ 70.838376620893982, 22.835457884431602 ], [ 70.838380261059157, 22.835728753287547 ], [ 70.838672492883262, 22.835725378935603 ] ] ], [ [ [ 70.83399677706916, 22.835779304282728 ], [ 70.834000408621634, 22.836050173794792 ], [ 70.833708175336255, 22.836053539619854 ], [ 70.833711806366011, 22.836324409166497 ], [ 70.834296274037371, 22.836317676891987 ], [ 70.834289009721516, 22.835775937966297 ], [ 70.83399677706916, 22.835779304282728 ] ] ], [ [ [ 70.833715437450905, 22.836595278703388 ], [ 70.833711806366011, 22.836324409166497 ], [ 70.833419572447625, 22.83632777450018 ], [ 70.83342320295462, 22.836598644081395 ], [ 70.833715437450905, 22.836595278703388 ] ] ], [ [ [ 70.833130968403225, 22.836602008923681 ], [ 70.83313459838746, 22.836872878539463 ], [ 70.833426833516768, 22.836869513652861 ], [ 70.83342320295462, 22.836598644081395 ], [ 70.833130968403225, 22.836602008923681 ] ] ], [ [ [ 70.838106227945403, 22.837086471459397 ], [ 70.838102588081739, 22.836815602607786 ], [ 70.837810353835607, 22.836818976066066 ], [ 70.837813993121372, 22.837089844962112 ], [ 70.838106227945403, 22.837086471459397 ] ] ], [ [ [ 70.833141858521316, 22.837414617741768 ], [ 70.833138228426833, 22.837143748145497 ], [ 70.832845992664502, 22.837147112540677 ], [ 70.832849622181058, 22.837417982181261 ], [ 70.833141858521316, 22.837414617741768 ] ] ], [ [ [ 70.837817632462404, 22.837360713848391 ], [ 70.837813993121372, 22.837089844962112 ], [ 70.837521758242062, 22.837093217929098 ], [ 70.837525397005194, 22.837364086859804 ], [ 70.837817632462404, 22.837360713848391 ] ] ], [ [ [ 70.832856881379556, 22.837959721433183 ], [ 70.832853251752752, 22.8376888518121 ], [ 70.832561014779472, 22.837692215760161 ], [ 70.832564643828348, 22.83796308542555 ], [ 70.832856881379556, 22.837959721433183 ] ] ], [ [ [ 70.837244076379875, 22.838180066202323 ], [ 70.837240438028914, 22.837909197256458 ], [ 70.836948201305361, 22.837912569285216 ], [ 70.836951839078395, 22.83818343827549 ], [ 70.837244076379875, 22.838180066202323 ] ] ], [ [ [ 70.832571902091402, 22.83850482472705 ], [ 70.832568272932306, 22.838233955081179 ], [ 70.831983796508695, 22.838240681547219 ], [ 70.83198742451188, 22.838511551281684 ], [ 70.832571902091402, 22.83850482472705 ] ] ], [ [ [ 70.836959114790176, 22.83872517622676 ], [ 70.836951839078395, 22.83818343827549 ], [ 70.836659601721678, 22.838186809812896 ], [ 70.836666876277562, 22.838728547852977 ], [ 70.836959114790176, 22.83872517622676 ] ] ], [ [ [ 70.836674151054382, 22.839270285854035 ], [ 70.836670513638353, 22.838999416858385 ], [ 70.836378274492546, 22.839002787993227 ], [ 70.836381911330591, 22.839273657033274 ], [ 70.836674151054382, 22.839270285854035 ] ] ], [ [ [ 70.834040359338772, 22.839029737783651 ], [ 70.834043991553045, 22.839300607178654 ], [ 70.834336231718368, 22.839297240285763 ], [ 70.834339864565791, 22.839568109626661 ], [ 70.834632105253931, 22.839564742153623 ], [ 70.834624838458311, 22.839023003550775 ], [ 70.834040359338772, 22.839029737783651 ] ] ], [ [ [ 70.83141745465187, 22.839601754887834 ], [ 70.831413827584299, 22.839330885103809 ], [ 70.831121586867837, 22.839334246638725 ], [ 70.831125213357424, 22.83960511646702 ], [ 70.83141745465187, 22.839601754887834 ] ] ], [ [ [ 70.836385548223873, 22.83954452606357 ], [ 70.836381911330591, 22.839273657033274 ], [ 70.836089671551591, 22.839277027676722 ], [ 70.836093307866904, 22.839547896751412 ], [ 70.836385548223873, 22.83954452606357 ] ] ], [ [ [ 70.835815610956047, 22.84063474328217 ], [ 70.835811974997895, 22.840363874202133 ], [ 70.835519732796499, 22.840367243951519 ], [ 70.835523368176638, 22.840638113075936 ], [ 70.835815610956047, 22.84063474328217 ] ] ], [ [ [ 70.835534274648239, 22.841450720390657 ], [ 70.835530639102501, 22.841179851295507 ], [ 70.835238395111844, 22.84118322064219 ], [ 70.835242030079542, 22.841454089781713 ], [ 70.835534274648239, 22.841450720390657 ] ] ], [ [ [ 70.834949785455649, 22.841457458636921 ], [ 70.834953419900486, 22.841728327811055 ], [ 70.835245665102434, 22.841724958911481 ], [ 70.835242030079542, 22.841454089781713 ], [ 70.834949785455649, 22.841457458636921 ] ] ], [ [ [ 70.834675710662239, 22.842815172951173 ], [ 70.834672076574748, 22.842544303771707 ], [ 70.834379829528231, 22.842547671732618 ], [ 70.834383463037639, 22.842818540956433 ], [ 70.834675710662239, 22.842815172951173 ] ] ], [ [ [ 70.834387096602214, 22.843089410170496 ], [ 70.83409484834435, 22.843092777684223 ], [ 70.834098481385993, 22.843363646932868 ], [ 70.834390730221955, 22.843360279374796 ], [ 70.834387096602214, 22.843089410170496 ] ] ], [ [ [ 70.834102114482789, 22.843634516171768 ], [ 70.833809865013549, 22.843637883238276 ], [ 70.833813497587371, 22.843908752511744 ], [ 70.834105747634737, 22.843905385400895 ], [ 70.834102114482789, 22.843634516171768 ] ] ], [ [ [ 70.833824395639795, 22.844721360273624 ], [ 70.833820762900501, 22.844450491029423 ], [ 70.833528511641717, 22.844453857693022 ], [ 70.833532143802856, 22.844724726981557 ], [ 70.833824395639795, 22.844721360273624 ] ] ], [ [ [ 70.833239891910765, 22.844728093153552 ], [ 70.833247155242177, 22.845269831790002 ], [ 70.833539408290591, 22.845266465529356 ], [ 70.833532143802856, 22.844724726981557 ], [ 70.833239891910765, 22.844728093153552 ] ] ], [ [ [ 70.833254418794112, 22.845811570387426 ], [ 70.833250786990575, 22.84554070109359 ], [ 70.83295853330884, 22.845544066862612 ], [ 70.832962164534209, 22.84581493620076 ], [ 70.833254418794112, 22.845811570387426 ] ] ], [ [ [ 70.832973058541072, 22.846627544156664 ], [ 70.832969427150317, 22.84635667484779 ], [ 70.832677171678881, 22.846360040213781 ], [ 70.832680802491424, 22.846630909566972 ], [ 70.832973058541072, 22.846627544156664 ] ] ], [ [ [ 70.832695326292821, 22.847714386882167 ], [ 70.832691695259783, 22.847443517568003 ], [ 70.832399437420307, 22.847446882575241 ], [ 70.832403067875092, 22.847717751933715 ], [ 70.832695326292821, 22.847714386882167 ] ] ], [ [ [ 70.832132589818755, 22.849346332660932 ], [ 70.832128959611566, 22.849075463316712 ], [ 70.831836698192248, 22.849078827517697 ], [ 70.831840327821126, 22.849349696906202 ], [ 70.832132589818755, 22.849346332660932 ] ] ], [ [ [ 70.854796540970653, 22.774583604166416 ], [ 70.854789217594401, 22.774041867323174 ], [ 70.85449711993256, 22.774045262566815 ], [ 70.854504442157122, 22.774586999499693 ], [ 70.854796540970653, 22.774583604166416 ] ] ], [ [ [ 70.853949526274036, 22.776760736622574 ], [ 70.853945865840345, 22.776489868149358 ], [ 70.853653762828586, 22.776493262193956 ], [ 70.853657422686354, 22.776764130711967 ], [ 70.853949526274036, 22.776760736622574 ] ] ], [ [ [ 70.853668402593598, 22.777576736207514 ], [ 70.853664742568867, 22.777305867718749 ], [ 70.853372637773631, 22.77730926136358 ], [ 70.853376297222425, 22.777580129897139 ], [ 70.853668402593598, 22.777576736207514 ] ] ], [ [ [ 70.852817695949014, 22.779482995762869 ], [ 70.852814037262704, 22.779212127207973 ], [ 70.852229819219119, 22.779218911385264 ], [ 70.852233476753398, 22.779489780029703 ], [ 70.852817695949014, 22.779482995762869 ] ] ], [ [ [ 70.852832331250553, 22.780566469885013 ], [ 70.852825013488513, 22.780024732843437 ], [ 70.85253290276647, 22.780028125333505 ], [ 70.852540219376436, 22.780569862464628 ], [ 70.852832331250553, 22.780566469885013 ] ] ], [ [ [ 70.852565829263511, 22.782465942116509 ], [ 70.852562170541347, 22.782195073624052 ], [ 70.852270055155103, 22.782198465938013 ], [ 70.852273713301173, 22.782469334475245 ], [ 70.852565829263511, 22.782465942116509 ] ] ], [ [ [ 70.852576805763846, 22.783278547535396 ], [ 70.85256948804134, 22.782736810599218 ], [ 70.852277371502879, 22.78274020300271 ], [ 70.852284688073127, 22.783281940028424 ], [ 70.852576805763846, 22.783278547535396 ] ] ], [ [ [ 70.852014517915507, 22.784910543098878 ], [ 70.852007201830133, 22.784368806100623 ], [ 70.85171508172354, 22.78437219770403 ], [ 70.851722396656527, 22.784913934791795 ], [ 70.852014517915507, 22.784910543098878 ] ] ], [ [ [ 70.851751658612855, 22.787080882752928 ], [ 70.851748000673695, 22.786810014291905 ], [ 70.851455875325541, 22.786813405763706 ], [ 70.851459532688452, 22.787084274269471 ], [ 70.851751658612855, 22.787080882752928 ] ] ], [ [ [ 70.854680242367493, 22.787588674191728 ], [ 70.854672914796893, 22.787046938194681 ], [ 70.854380789428987, 22.787050335055365 ], [ 70.854388115847058, 22.787592071142047 ], [ 70.854680242367493, 22.787588674191728 ] ] ], [ [ [ 70.851200320290161, 22.789525481767512 ], [ 70.851185691475649, 22.788442007857931 ], [ 70.850893562558596, 22.788445398529316 ], [ 70.850908189067809, 22.789528872617847 ], [ 70.851200320290161, 22.789525481767512 ] ] ], [ [ [ 70.85442108748515, 22.790029883049481 ], [ 70.854395442487899, 22.788133807189737 ], [ 70.854103314759186, 22.788137203695261 ], [ 70.854136282212764, 22.790575015830491 ], [ 70.854428415128481, 22.790571618921646 ], [ 70.854424751278955, 22.790300750990436 ], [ 70.854716883562617, 22.790297353591914 ], [ 70.854720547988492, 22.790568221478303 ], [ 70.855012680792797, 22.79056482350045 ], [ 70.855009015790543, 22.790293955658893 ], [ 70.855301147962777, 22.790290557191373 ], [ 70.85529748243988, 22.790019689384899 ], [ 70.85442108748515, 22.790029883049481 ] ] ], [ [ [ 70.850922816466436, 22.79061234655039 ], [ 70.85091915953339, 22.790341478081878 ], [ 70.850627026526382, 22.790344868531914 ], [ 70.85063068288305, 22.790615737045155 ], [ 70.850922816466436, 22.79061234655039 ] ] ], [ [ [ 70.854143608926108, 22.791116751753282 ], [ 70.854136282212764, 22.790575015830491 ], [ 70.853844149241368, 22.79057841220483 ], [ 70.853851474801942, 22.791120148217239 ], [ 70.854143608926108, 22.791116751753282 ] ] ], [ [ [ 70.850641652286555, 22.791428342526384 ], [ 70.850634339295297, 22.79088660554865 ], [ 70.85034220507994, 22.790889995553623 ], [ 70.850349516918399, 22.791431732620815 ], [ 70.850641652286555, 22.791428342526384 ] ] ], [ [ [ 70.850648965500156, 22.791970079465127 ], [ 70.850645308865566, 22.79169921100063 ], [ 70.850353172921004, 22.791702601139779 ], [ 70.850356828979159, 22.791973469649001 ], [ 70.850648965500156, 22.791970079465127 ] ] ], [ [ [ 70.854738870953497, 22.791922560763961 ], [ 70.854735206249075, 22.791651692926337 ], [ 70.853858800585257, 22.791661884190638 ], [ 70.853862463560418, 22.791932752162712 ], [ 70.854738870953497, 22.791922560763961 ] ] ], [ [ [ 70.853873452820054, 22.792745356020415 ], [ 70.85386978967783, 22.792474488077591 ], [ 70.853577652615911, 22.79247788423103 ], [ 70.853581315181685, 22.792748752218657 ], [ 70.853873452820054, 22.792745356020415 ] ] ], [ [ [ 70.853584977803152, 22.793019620196528 ], [ 70.853581315181685, 22.792748752218657 ], [ 70.853289177487653, 22.792752147882332 ], [ 70.853292839532656, 22.793023015904996 ], [ 70.853584977803152, 22.793019620196528 ] ] ], [ [ [ 70.850371453767622, 22.793056943588375 ], [ 70.850367797487152, 22.792786075118155 ], [ 70.850075659181272, 22.792789464901631 ], [ 70.850079314885292, 22.793060333416566 ], [ 70.850371453767622, 22.793056943588375 ] ] ], [ [ [ 70.850090282330797, 22.793872938902879 ], [ 70.850086626460055, 22.79360207041719 ], [ 70.84979448636922, 22.793605459800226 ], [ 70.849798141663484, 22.793876328330629 ], [ 70.850090282330797, 22.793872938902879 ] ] ], [ [ [ 70.853599628845728, 22.794103092010477 ], [ 70.853595966001564, 22.793832224071615 ], [ 70.853303826001678, 22.793835619914475 ], [ 70.853307488269351, 22.79410648789813 ], [ 70.853599628845728, 22.794103092010477 ] ] ], [ [ [ 70.853314812971718, 22.794648223836184 ], [ 70.853307488269351, 22.79410648789813 ], [ 70.853015347637324, 22.794109883251181 ], [ 70.853022671186679, 22.79465161927882 ], [ 70.853314812971718, 22.794648223836184 ] ] ], [ [ [ 70.849809107879622, 22.794688933863323 ], [ 70.849805452418678, 22.794418065362176 ], [ 70.849513310542804, 22.794421454344736 ], [ 70.849516965427242, 22.794692322890594 ], [ 70.849809107879622, 22.794688933863323 ] ] ], [ [ [ 70.854779186378906, 22.794902106334202 ], [ 70.854775521061669, 22.794631238603856 ], [ 70.854483379555077, 22.794634636719543 ], [ 70.854487044295794, 22.794905504494711 ], [ 70.854779186378906, 22.794902106334202 ] ] ], [ [ [ 70.853606954701078, 22.794644827858939 ], [ 70.853314812971718, 22.794648223836184 ], [ 70.853325800442761, 22.795460827670119 ], [ 70.853617943901696, 22.795457431558482 ], [ 70.853606954701078, 22.794644827858939 ] ] ], [ [ [ 70.854194902156976, 22.794908902120607 ], [ 70.853902759962466, 22.794912299211877 ], [ 70.853906423605864, 22.795183167066931 ], [ 70.85419856637688, 22.795179769930847 ], [ 70.854194902156976, 22.794908902120607 ] ] ], [ [ [ 70.849239440706469, 22.795779185647934 ], [ 70.849235786176365, 22.795508317096385 ], [ 70.848943641883281, 22.795511705188485 ], [ 70.848947295836865, 22.795782573784724 ], [ 70.849239440706469, 22.795779185647934 ] ] ], [ [ [ 70.852164546697153, 22.796016142969084 ], [ 70.852171867566412, 22.796557879128834 ], [ 70.85275615948629, 22.796551090289828 ], [ 70.852752497870725, 22.796280222304375 ], [ 70.85304464317062, 22.796276827127652 ], [ 70.853048305362762, 22.79654769506833 ], [ 70.854216888311896, 22.796534108835743 ], [ 70.854213223813488, 22.796263241074268 ], [ 70.853628933603417, 22.796270035170267 ], [ 70.853625270313827, 22.795999167309425 ], [ 70.852164546697153, 22.796016142969084 ] ] ], [ [ [ 70.844283904894382, 22.796649319133842 ], [ 70.844294839911754, 22.797461926918615 ], [ 70.844586989128445, 22.797458547068732 ], [ 70.844583343490655, 22.797187677861462 ], [ 70.8451676406046, 22.797180916646795 ], [ 70.845163993869022, 22.79691004751896 ], [ 70.844871845916344, 22.79691342834905 ], [ 70.844860907771903, 22.796100820773276 ], [ 70.844568761493562, 22.796104200934924 ], [ 70.844576052381285, 22.796645939417694 ], [ 70.844283904894382, 22.796649319133842 ] ] ], [ [ [ 70.854516364226996, 22.797072446344988 ], [ 70.854512699040612, 22.796801578647841 ], [ 70.854220552865982, 22.796804976587453 ], [ 70.854224217475789, 22.79707584432942 ], [ 70.854516364226996, 22.797072446344988 ] ] ], [ [ [ 70.848381270766268, 22.797143691736125 ], [ 70.848377617688186, 22.796872823099282 ], [ 70.848085470345694, 22.796876209810812 ], [ 70.848089122847213, 22.797147078492333 ], [ 70.848381270766268, 22.797143691736125 ] ] ], [ [ [ 70.8451676406046, 22.797180916646795 ], [ 70.845171287395601, 22.797451785764885 ], [ 70.845463436446039, 22.797448404310916 ], [ 70.845467083869096, 22.797719273374661 ], [ 70.845759233440717, 22.79771589134139 ], [ 70.845751937496829, 22.79717415329338 ], [ 70.8451676406046, 22.797180916646795 ] ] ], [ [ [ 70.844882784559559, 22.797726035837083 ], [ 70.844879138289741, 22.797455166684152 ], [ 70.844586989128445, 22.797458547068732 ], [ 70.844590634821671, 22.79772941626625 ], [ 70.844882784559559, 22.797726035837083 ] ] ], [ [ [ 70.847515781220508, 22.797966456654713 ], [ 70.847512129705677, 22.797695587913129 ], [ 70.847219980466889, 22.797698973154581 ], [ 70.8472236314051, 22.797969841940823 ], [ 70.847515781220508, 22.797966456654713 ] ] ], [ [ [ 70.845178581143912, 22.797993523971812 ], [ 70.845174934242038, 22.797722654873223 ], [ 70.844882784559559, 22.797726035837083 ], [ 70.844886430884813, 22.797996904980266 ], [ 70.845178581143912, 22.797993523971812 ] ] ], [ [ [ 70.85102889170922, 22.798467527895884 ], [ 70.85102523316381, 22.798196659710147 ], [ 70.850733083438342, 22.798200051457407 ], [ 70.850736741407118, 22.79847091968788 ], [ 70.85102889170922, 22.798467527895884 ] ] ], [ [ [ 70.845178581143912, 22.797993523971812 ], [ 70.845182228101208, 22.798264393060649 ], [ 70.845766529606365, 22.798257629350406 ], [ 70.845770177772366, 22.798528498340286 ], [ 70.845185875113941, 22.79853526213974 ], [ 70.845200463719152, 22.799618738358628 ], [ 70.845492617382746, 22.799615356547857 ], [ 70.845481674115675, 22.798802749532122 ], [ 70.846358129583777, 22.798792601292856 ], [ 70.846354480209015, 22.798521732401955 ], [ 70.846062329018423, 22.798525115638483 ], [ 70.846051382956858, 22.797712508773426 ], [ 70.845759233440717, 22.79771589134139 ], [ 70.845762881495816, 22.797986760350774 ], [ 70.845178581143912, 22.797993523971812 ] ] ], [ [ [ 70.850455563559422, 22.799286915712262 ], [ 70.850451906000501, 22.799016047466317 ], [ 70.850159754433946, 22.799019438278329 ], [ 70.850163411416204, 22.799290306568999 ], [ 70.850455563559422, 22.799286915712262 ] ] ], [ [ [ 70.850170725547471, 22.799832043121075 ], [ 70.850167068454041, 22.799561174849913 ], [ 70.849874915678583, 22.79956456521662 ], [ 70.849878572195337, 22.799835433532504 ], [ 70.850170725547471, 22.799832043121075 ] ] ], [ [ [ 70.844634387462477, 22.800979845876086 ], [ 70.844630741104282, 22.800708976795541 ], [ 70.844338584967645, 22.800712357180384 ], [ 70.844342230749106, 22.800983226305505 ], [ 70.844634387462477, 22.800979845876086 ] ] ], [ [ [ 70.849312542974673, 22.801196554631257 ], [ 70.849308887333493, 22.800925686274727 ], [ 70.849016731507874, 22.800929075260672 ], [ 70.84902038657232, 22.801199943661896 ], [ 70.849312542974673, 22.801196554631257 ] ] ], [ [ [ 70.848742848620816, 22.802286805843867 ], [ 70.848735539256538, 22.801745069020313 ], [ 70.848443381589632, 22.801748457070737 ], [ 70.848450689800401, 22.802290193983655 ], [ 70.848742848620816, 22.802286805843867 ] ] ], [ [ [ 70.84289966167114, 22.802354467024159 ], [ 70.842896018496447, 22.802083597724987 ], [ 70.842603859143793, 22.802086975123842 ], [ 70.842607501741725, 22.802357844467554 ], [ 70.84289966167114, 22.802354467024159 ] ] ], [ [ [ 70.847599781380424, 22.804196435020152 ], [ 70.847596128588961, 22.803925566502823 ], [ 70.847303966085747, 22.803928952771265 ], [ 70.847307618300377, 22.804199821333242 ], [ 70.847599781380424, 22.804196435020152 ] ] ], [ [ [ 70.847314922896132, 22.804741558427935 ], [ 70.847311270570501, 22.804470689885463 ], [ 70.847019106858127, 22.804474075708338 ], [ 70.847022758606926, 22.80474494429545 ], [ 70.847314922896132, 22.804741558427935 ] ] ], [ [ [ 70.847322227713917, 22.805283295483612 ], [ 70.847318575277271, 22.805012426960648 ], [ 70.846734245489657, 22.805019198250093 ], [ 70.846737896772595, 22.805290066862344 ], [ 70.847322227713917, 22.805283295483612 ] ] ], [ [ [ 70.846741548110998, 22.805560935464847 ], [ 70.846737896772595, 22.805290066862344 ], [ 70.846445731218694, 22.805293451749368 ], [ 70.84644938198025, 22.805564320396499 ], [ 70.846741548110998, 22.805560935464847 ] ] ], [ [ [ 70.846456683669786, 22.806106057661513 ], [ 70.846453032797271, 22.805835189033882 ], [ 70.846160866034168, 22.805838573475263 ], [ 70.846164516329793, 22.806109442147516 ], [ 70.846456683669786, 22.806106057661513 ] ] ], [ [ [ 70.845883298423331, 22.80692543219072 ], [ 70.845879648538201, 22.806654563503102 ], [ 70.845587479933471, 22.806657947008496 ], [ 70.845591129241697, 22.806928815740729 ], [ 70.845883298423331, 22.80692543219072 ] ] ], [ [ [ 70.845298960004627, 22.806932198755796 ], [ 70.845302608791371, 22.807203067522888 ], [ 70.845594778605388, 22.80719968446321 ], [ 70.845591129241697, 22.806928815740729 ], [ 70.845298960004627, 22.806932198755796 ] ] ], [ [ [ 70.845010438921918, 22.807206450047616 ], [ 70.845017735507909, 22.807748187641735 ], [ 70.844725564429169, 22.807751569720701 ], [ 70.844729212228373, 22.808022438547724 ], [ 70.844437040517235, 22.808025820136308 ], [ 70.844440687794915, 22.808296688998173 ], [ 70.844148515451408, 22.808300070096365 ], [ 70.844155809019099, 22.808841807879979 ], [ 70.843863635466235, 22.808845188532345 ], [ 70.843878220958615, 22.80992866416085 ], [ 70.844170396819464, 22.809925283330202 ], [ 70.844159455886071, 22.809112676757167 ], [ 70.844743803979497, 22.809105913758305 ], [ 70.844732860082999, 22.808293307364995 ], [ 70.845025032315661, 22.808289925196849 ], [ 70.845021383884074, 22.808019056424168 ], [ 70.845313555484339, 22.808015673765642 ], [ 70.845302608791371, 22.807203067522888 ], [ 70.845010438921918, 22.807206450047616 ] ] ], [ [ [ 70.845061519680854, 22.810998612387277 ], [ 70.845046924069464, 22.809915137628131 ], [ 70.844754748374882, 22.809918520063839 ], [ 70.844769341678159, 22.811001995001359 ], [ 70.845061519680854, 22.810998612387277 ] ] ], [ [ [ 70.843892807337511, 22.811012139633331 ], [ 70.843878220958615, 22.80992866416085 ], [ 70.843586045042358, 22.809932044456485 ], [ 70.843600629113141, 22.811015520107226 ], [ 70.843892807337511, 22.811012139633331 ] ] ], [ [ [ 70.845634925265983, 22.810179239766864 ], [ 70.845656826272943, 22.81180445125328 ], [ 70.845949005840453, 22.811801066900212 ], [ 70.845938053356207, 22.810988461334748 ], [ 70.846230231137071, 22.810985076580476 ], [ 70.846211975220982, 22.809630733999398 ], [ 70.84504327530523, 22.809644268913967 ], [ 70.845046924069464, 22.809915137628131 ], [ 70.845339099708596, 22.809911754657403 ], [ 70.845342749105299, 22.810182623317218 ], [ 70.845634925265983, 22.810179239766864 ] ] ], [ [ [ 70.846248488440153, 22.812339418917713 ], [ 70.846244836868578, 22.812068550469768 ], [ 70.845952656779474, 22.812071935402532 ], [ 70.84595630777396, 22.812342803895095 ], [ 70.846248488440153, 22.812339418917713 ] ] ], [ [ [ 70.843907394602965, 22.812095614949772 ], [ 70.843896454070759, 22.811283008477069 ], [ 70.843604275269314, 22.811286388995534 ], [ 70.843629799913955, 22.81318247094061 ], [ 70.844214165540635, 22.813175708744641 ], [ 70.844199575080196, 22.812092233762531 ], [ 70.843907394602965, 22.812095614949772 ] ] ], [ [ [ 70.846544321255024, 22.812606901798802 ], [ 70.846540669050881, 22.812336033405249 ], [ 70.846248488440153, 22.812339418917713 ], [ 70.846252140067222, 22.812610287355895 ], [ 70.846544321255024, 22.812606901798802 ] ] ], [ [ [ 70.84595995882394, 22.812613672377907 ], [ 70.845667777525179, 22.812617056864823 ], [ 70.845678729276585, 22.813429662388575 ], [ 70.845970912306697, 22.813426277767807 ], [ 70.84595995882394, 22.812613672377907 ] ] ], [ [ [ 70.845390196308642, 22.813703915007256 ], [ 70.845682379971336, 22.813700530876986 ], [ 70.845678729276585, 22.813429662388575 ], [ 70.845386546191023, 22.813433046474234 ], [ 70.845390196308642, 22.813703915007256 ] ] ], [ [ [ 70.845094363050009, 22.81343643002479 ], [ 70.844802179853545, 22.813439813040233 ], [ 70.844805828816888, 22.81371068166245 ], [ 70.845098012590498, 22.813707298602413 ], [ 70.845094363050009, 22.81343643002479 ] ] ], [ [ [ 70.844528239087055, 22.81479753875707 ], [ 70.844542834073195, 22.81588101317071 ], [ 70.84483502251959, 22.815877630289069 ], [ 70.844827723761256, 22.815335893190934 ], [ 70.84541209817894, 22.815329126000542 ], [ 70.84540114699422, 22.814516520547794 ], [ 70.845693332388365, 22.81451313628369 ], [ 70.845686030721538, 22.813971399355641 ], [ 70.845393846481713, 22.813974783530529 ], [ 70.845390196308642, 22.813703915007256 ], [ 70.845098012590498, 22.813707298602413 ], [ 70.845101662186423, 22.813978167170283 ], [ 70.844809477835682, 22.813981550274917 ], [ 70.844805828816888, 22.81371068166245 ], [ 70.844221461103388, 22.813717446177169 ], [ 70.844225108967905, 22.813988314878809 ], [ 70.844517293429504, 22.813984932844427 ], [ 70.844520941926589, 22.814255801491726 ], [ 70.844813126909912, 22.814252418877626 ], [ 70.844816776039579, 22.814523287470585 ], [ 70.845108961544639, 22.814519904276761 ], [ 70.845112611306917, 22.814790772815364 ], [ 70.844528239087055, 22.81479753875707 ] ] ], [ [ [ 70.845134511045089, 22.816415983842173 ], [ 70.845127210910547, 22.815874246872262 ], [ 70.84483502251959, 22.815877630289069 ], [ 70.844842321499712, 22.816419367348182 ], [ 70.845134511045089, 22.816415983842173 ] ] ], [ [ [ 70.844864219770741, 22.818044578291399 ], [ 70.844860569920286, 22.817773709825254 ], [ 70.844568377433234, 22.817777093019028 ], [ 70.84457202670643, 22.818047961529768 ], [ 70.844864219770741, 22.818044578291399 ] ] ], [ [ [ 70.844875169654813, 22.818857183631319 ], [ 70.844871519638019, 22.818586315194437 ], [ 70.844579325419119, 22.81858969852199 ], [ 70.844582974858625, 22.818860567003462 ], [ 70.844875169654813, 22.818857183631319 ] ] ], [ [ [ 70.844886120037941, 22.819669788883438 ], [ 70.844882469854781, 22.81939892047582 ], [ 70.844590273903975, 22.819402303937157 ], [ 70.844593923509805, 22.819673172389361 ], [ 70.844886120037941, 22.819669788883438 ] ] ], [ [ [ 70.842902736064104, 22.824298228925159 ], [ 70.842899088980516, 22.824027360371378 ], [ 70.842606882826033, 22.824030740843096 ], [ 70.842610529332148, 22.824301609441417 ], [ 70.842902736064104, 22.824298228925159 ] ] ], [ [ [ 70.861944644607746, 22.763122112515084 ], [ 70.861940970843179, 22.762851244811635 ], [ 70.861356825456156, 22.762858057779322 ], [ 70.861360498069772, 22.763128925572737 ], [ 70.861944644607746, 22.763122112515084 ] ] ], [ [ [ 70.863112937013014, 22.763108479994411 ], [ 70.863109260946558, 22.762837612470985 ], [ 70.862817188504565, 22.76284102135681 ], [ 70.862820863995537, 22.763111888925252 ], [ 70.863112937013014, 22.763108479994411 ] ] ], [ [ [ 70.864573301261345, 22.763091427333542 ], [ 70.864569622317546, 22.762820560035305 ], [ 70.864277550155251, 22.762823971589981 ], [ 70.864281228523566, 22.763094838933277 ], [ 70.864573301261345, 22.763091427333542 ] ] ], [ [ [ 70.862532465893594, 22.763386164926011 ], [ 70.86252879092217, 22.763115297322305 ], [ 70.862236717792911, 22.763118705185583 ], [ 70.862240392188838, 22.763389572834285 ], [ 70.862532465893594, 22.763386164926011 ] ] ], [ [ [ 70.865460561485406, 22.763893790762342 ], [ 70.865456880647244, 22.763622923628542 ], [ 70.86516480692643, 22.763626336919742 ], [ 70.865168487189095, 22.763897204098615 ], [ 70.865460561485406, 22.763893790762342 ] ] ], [ [ [ 70.861963014268866, 22.764476450886082 ], [ 70.861959340224871, 22.76420558323138 ], [ 70.861667264681856, 22.764208990207042 ], [ 70.861670938150326, 22.764479857906739 ], [ 70.861963014268866, 22.764476450886082 ] ] ], [ [ [ 70.861378861975908, 22.764483264393579 ], [ 70.861382534924729, 22.764754132128505 ], [ 70.861674611674687, 22.764750725596688 ], [ 70.861670938150326, 22.764479857906739 ], [ 70.861378861975908, 22.764483264393579 ] ] ], [ [ [ 70.861389880990018, 22.765295867569119 ], [ 70.861386207929442, 22.76502499985369 ], [ 70.861094130548082, 22.765028405896658 ], [ 70.861097803033118, 22.765299273657064 ], [ 70.861389880990018, 22.765295867569119 ] ] ], [ [ [ 70.86694303559743, 22.765501917319263 ], [ 70.866939351545611, 22.765231050469435 ], [ 70.86664727465174, 22.765234466700232 ], [ 70.866650958128034, 22.765505333595172 ], [ 70.86694303559743, 22.765501917319263 ] ] ], [ [ [ 70.861101475574003, 22.765570141407725 ], [ 70.861097803033118, 22.765299273657064 ], [ 70.86080572502037, 22.765302679211171 ], [ 70.860809396985701, 22.765573547006799 ], [ 70.861101475574003, 22.765570141407725 ] ] ], [ [ [ 70.867242482433682, 22.766040234089704 ], [ 70.867238797694228, 22.765769367304493 ], [ 70.866654641660347, 22.765776200480364 ], [ 70.866658325248693, 22.766047067355796 ], [ 70.867242482433682, 22.766040234089704 ] ] ], [ [ [ 70.860816741083937, 22.766115282568816 ], [ 70.860813069006895, 22.765844414792682 ], [ 70.860520989787162, 22.76584781990287 ], [ 70.86052466128865, 22.766118687723967 ], [ 70.860816741083937, 22.766115282568816 ] ] ], [ [ [ 70.866369929640953, 22.766321350098867 ], [ 70.866366246572142, 22.766050483188071 ], [ 70.86578208905101, 22.766057313251054 ], [ 70.865785770968671, 22.766328180252028 ], [ 70.866369929640953, 22.766321350098867 ] ] ], [ [ [ 70.860532004459117, 22.766660423336926 ], [ 70.860528332845959, 22.766389555535323 ], [ 70.860236252419256, 22.766392960201564 ], [ 70.860239923456817, 22.766663828048124 ], [ 70.860532004459117, 22.766660423336926 ] ] ], [ [ [ 70.865789452942337, 22.766599047243254 ], [ 70.865785770968671, 22.766328180252028 ], [ 70.865493691548522, 22.766331594527824 ], [ 70.865497372946606, 22.76660246156413 ], [ 70.865789452942337, 22.766599047243254 ] ] ], [ [ [ 70.860243594550241, 22.766934695884931 ], [ 70.860239923456817, 22.766663828048124 ], [ 70.859947842398682, 22.766667232225444 ], [ 70.859951512916496, 22.7669381001072 ], [ 70.860243594550241, 22.766934695884931 ] ] ], [ [ [ 70.865208973773392, 22.766876742422763 ], [ 70.865205292894885, 22.766605875351136 ], [ 70.864913212787187, 22.766609288604272 ], [ 70.864916893090097, 22.766880155720969 ], [ 70.865208973773392, 22.766876742422763 ] ] ], [ [ [ 70.864920573448984, 22.767151022827914 ], [ 70.864916893090097, 22.766880155720969 ], [ 70.864040650704354, 22.766890392412332 ], [ 70.864044329336437, 22.76716125965444 ], [ 70.864920573448984, 22.767151022827914 ] ] ], [ [ [ 70.859666771278825, 22.767483239619747 ], [ 70.859663101224967, 22.767212371712542 ], [ 70.859371018903971, 22.767215774911978 ], [ 70.859374688382218, 22.767486642864114 ], [ 70.859666771278825, 22.767483239619747 ] ] ], [ [ [ 70.859382027506143, 22.76802837873915 ], [ 70.85937835791627, 22.767757510806511 ], [ 70.859086274388233, 22.767760913561908 ], [ 70.859089943402452, 22.768031781539488 ], [ 70.859382027506143, 22.76802837873915 ] ] ], [ [ [ 70.857662519780945, 22.770486600912768 ], [ 70.857658853143022, 22.770215732798388 ], [ 70.85736676409924, 22.770219132754313 ], [ 70.857370430161453, 22.77049000091359 ], [ 70.857662519780945, 22.770486600912768 ] ] ], [ [ [ 70.860017591784427, 22.771813720312078 ], [ 70.860013920261608, 22.771542852605773 ], [ 70.859721828785538, 22.771546257058169 ], [ 70.85972549973259, 22.771817124809413 ], [ 70.860017591784427, 22.771813720312078 ] ] ], [ [ [ 70.859433407624948, 22.771820528772746 ], [ 70.859437078052068, 22.772091396559183 ], [ 70.859729170735491, 22.772087992550912 ], [ 70.85972549973259, 22.771817124809413 ], [ 70.859433407624948, 22.771820528772746 ] ] ], [ [ [ 70.854763587531579, 22.772145788064833 ], [ 70.85477457151012, 22.77295839351974 ], [ 70.855066666813016, 22.772954997921332 ], [ 70.855073990895406, 22.773496734752889 ], [ 70.855366087294215, 22.773493338530759 ], [ 70.855347774626907, 22.77213899660293 ], [ 70.854763587531579, 22.772145788064833 ] ] ], [ [ [ 70.858579144002974, 22.773455944839668 ], [ 70.858287048217349, 22.773459346936406 ], [ 70.858290716676137, 22.773730214844029 ], [ 70.858582813037572, 22.773726812702382 ], [ 70.858579144002974, 22.773455944839668 ] ] ], [ [ [ 70.858005956192173, 22.774275352327429 ], [ 70.857713858567507, 22.774278753490744 ], [ 70.857717526041952, 22.774549621458924 ], [ 70.85800962424247, 22.774546220250713 ], [ 70.858005956192173, 22.774275352327429 ] ] ], [ [ [ 70.857728528799981, 22.775362225304971 ], [ 70.857724861158204, 22.775091357366037 ], [ 70.857432761750175, 22.775094758129946 ], [ 70.857436428816087, 22.775365626113764 ], [ 70.857728528799981, 22.775362225304971 ] ] ], [ [ [ 70.856874225336696, 22.776997634365824 ], [ 70.856870559088037, 22.776726766350727 ], [ 70.856578456057377, 22.776730165781554 ], [ 70.856582121730113, 22.777001033841515 ], [ 70.856874225336696, 22.776997634365824 ] ] ], [ [ [ 70.856308344387784, 22.77835877316096 ], [ 70.856304679012311, 22.778087905104872 ], [ 70.856012572990437, 22.778091303691696 ], [ 70.856016237789945, 22.778362171792633 ], [ 70.856308344387784, 22.77835877316096 ] ] ], [ [ [ 70.856030897545224, 22.779445644098899 ], [ 70.856023567556136, 22.778903907965262 ], [ 70.855731459750587, 22.778907306152448 ], [ 70.855738788587686, 22.779449042375784 ], [ 70.856030897545224, 22.779445644098899 ] ] ], [ [ [ 70.855749782261213, 22.780261646637683 ], [ 70.855746117647655, 22.77999077856013 ], [ 70.855454007482336, 22.779994176392492 ], [ 70.855457671519886, 22.780265044514884 ], [ 70.855749782261213, 22.780261646637683 ] ] ], [ [ [ 70.858389786153168, 22.781043644664834 ], [ 70.858397126251106, 22.781585379924373 ], [ 70.857812899955675, 22.781592185209753 ], [ 70.857816568936187, 22.781863052914701 ], [ 70.858400796383776, 22.781856247539512 ], [ 70.858408136816522, 22.782397982740545 ], [ 70.858700251608809, 22.782394579161714 ], [ 70.858692910023862, 22.781852844050508 ], [ 70.858985023608142, 22.781849440027226 ], [ 70.858977681094288, 22.781307704966867 ], [ 70.859269793470602, 22.781304300499173 ], [ 70.859262450027913, 22.780762565489656 ], [ 70.858678227523725, 22.780769373711088 ], [ 70.858681898065043, 22.781040241310571 ], [ 70.858389786153168, 22.781043644664834 ] ] ], [ [ [ 70.855486985825877, 22.782431989143063 ], [ 70.855472328227151, 22.781348516906966 ], [ 70.85518021512587, 22.78135191442928 ], [ 70.85519487042022, 22.782435386844721 ], [ 70.855486985825877, 22.782431989143063 ] ] ], [ [ [ 70.857823907064557, 22.782404788295356 ], [ 70.857816568936187, 22.781863052914701 ], [ 70.857524455128711, 22.781866454800891 ], [ 70.857531792104879, 22.78240819027133 ], [ 70.857823907064557, 22.782404788295356 ] ] ], [ [ [ 70.855205862475927, 22.783247991053948 ], [ 70.855198534383078, 22.782706254924207 ], [ 70.854906418345607, 22.782709652136411 ], [ 70.854913745286211, 22.783251388355804 ], [ 70.855205862475927, 22.783247991053948 ] ] ], [ [ [ 70.85784592278857, 22.78402999420328 ], [ 70.857831245416065, 22.782946523637005 ], [ 70.858123361472181, 22.782943121036936 ], [ 70.858119691692394, 22.782672253415893 ], [ 70.857243345085081, 22.782682459478494 ], [ 70.857247013136487, 22.782953327234228 ], [ 70.857539129304158, 22.782949925702763 ], [ 70.857553804372102, 22.784033396448624 ], [ 70.85784592278857, 22.78402999420328 ] ] ], [ [ [ 70.857254349406631, 22.78349506271643 ], [ 70.857250681243684, 22.783224194980203 ], [ 70.856666447588765, 22.783230996529969 ], [ 70.856670114599439, 22.783501864355948 ], [ 70.857254349406631, 22.78349506271643 ] ] ], [ [ [ 70.855793761970517, 22.783512062807848 ], [ 70.855797427308516, 22.783782930758655 ], [ 70.856673781665876, 22.783772732172178 ], [ 70.856670114599439, 22.783501864355948 ], [ 70.855793761970517, 22.783512062807848 ] ] ], [ [ [ 70.855216855033021, 22.784060595175415 ], [ 70.855209526605918, 22.783518859104184 ], [ 70.854917408840052, 22.78352225645088 ], [ 70.854924736114853, 22.784063992611767 ], [ 70.855216855033021, 22.784060595175415 ] ] ], [ [ [ 70.855801092702237, 22.784053798699709 ], [ 70.855797427308516, 22.783782930758655 ], [ 70.855505309077927, 22.783786329218827 ], [ 70.855508973895496, 22.784057197204728 ], [ 70.855801092702237, 22.784053798699709 ] ] ], [ [ [ 70.857265354230137, 22.784307665866606 ], [ 70.857261685899871, 22.784036798159629 ], [ 70.856969567371834, 22.784040199336307 ], [ 70.856973235125949, 22.784311067088165 ], [ 70.857265354230137, 22.784307665866606 ] ] ], [ [ [ 70.856973235125949, 22.784311067088165 ], [ 70.856388996750312, 22.784317867928269 ], [ 70.856392663407846, 22.784588735760117 ], [ 70.856976902935827, 22.784581934830271 ], [ 70.856973235125949, 22.784311067088165 ] ] ], [ [ [ 70.854672914796893, 22.787046938194681 ], [ 70.854965040109093, 22.787043540799587 ], [ 70.854943055276649, 22.785418332843392 ], [ 70.855235177075755, 22.785414935182878 ], [ 70.855227848091516, 22.784873199209144 ], [ 70.855519968682515, 22.784869801103941 ], [ 70.855516303697783, 22.78459893314729 ], [ 70.854932063612466, 22.78460572873367 ], [ 70.854935727444811, 22.784876596779991 ], [ 70.854643606742414, 22.784879993816485 ], [ 70.854672914796893, 22.787046938194681 ] ] ], [ [ [ 70.858229809359202, 22.790798277805223 ], [ 70.858226137961111, 22.790527410466993 ], [ 70.857934005770161, 22.790530814324352 ], [ 70.85793767659186, 22.790801681707489 ], [ 70.858229809359202, 22.790798277805223 ] ] ], [ [ [ 70.857064947103424, 22.791082757715312 ], [ 70.857061277955069, 22.790811890207252 ], [ 70.856769144964559, 22.790815291971494 ], [ 70.856772813536537, 22.791086159524426 ], [ 70.857064947103424, 22.791082757715312 ] ] ], [ [ [ 70.857941347469378, 22.791072549080873 ], [ 70.85793767659186, 22.790801681707489 ], [ 70.857353410889772, 22.7908084879085 ], [ 70.857357080614534, 22.791079355371679 ], [ 70.857941347469378, 22.791072549080873 ] ] ], [ [ [ 70.856192213710457, 22.791363829172031 ], [ 70.856188546235501, 22.791092961539118 ], [ 70.855896412501323, 22.791096361744696 ], [ 70.855900079399902, 22.791367229422466 ], [ 70.856192213710457, 22.791363829172031 ] ] ], [ [ [ 70.856780150847825, 22.791627894601039 ], [ 70.856776482164292, 22.791357027067612 ], [ 70.856484347965264, 22.79136042838708 ], [ 70.85648801607239, 22.791631295965384 ], [ 70.856780150847825, 22.791627894601039 ] ] ], [ [ [ 70.858233480813098, 22.791069145133701 ], [ 70.858237152322801, 22.791340012452427 ], [ 70.85765288442677, 22.791346819902056 ], [ 70.857656554839494, 22.791617687300832 ], [ 70.858240823888323, 22.791610879761386 ], [ 70.858248167186801, 22.792152614350055 ], [ 70.859124573799861, 22.792142398762419 ], [ 70.859128247262106, 22.792413265907356 ], [ 70.860004655101889, 22.792403045374037 ], [ 70.860000979910396, 22.792132178363925 ], [ 70.859708844596071, 22.792135585697959 ], [ 70.859705170036847, 22.791864718633146 ], [ 70.859120900393478, 22.791871531607725 ], [ 70.85911722704293, 22.791600664443273 ], [ 70.858532958329022, 22.791607475189874 ], [ 70.858525614100998, 22.791065740652016 ], [ 70.858233480813098, 22.791069145133701 ] ] ], [ [ [ 70.856491684235266, 22.791902163533933 ], [ 70.85648801607239, 22.791631295965384 ], [ 70.856195881241177, 22.791634696795203 ], [ 70.856199548827647, 22.791905564408616 ], [ 70.856491684235266, 22.791902163533933 ] ] ], [ [ [ 70.860300466760549, 22.792670504415913 ], [ 70.860296790936758, 22.792399637460509 ], [ 70.860004655101889, 22.792403045374037 ], [ 70.860008330349245, 22.792673912374404 ], [ 70.860300466760549, 22.792670504415913 ] ] ], [ [ [ 70.860599956084073, 22.79320882971448 ], [ 70.860592603115975, 22.792667095922877 ], [ 70.860300466760549, 22.792670504415913 ], [ 70.860307818575762, 22.79321223829745 ], [ 70.860599956084073, 22.79320882971448 ] ] ], [ [ [ 70.85565561229393, 22.794891908644981 ], [ 70.855644611320869, 22.794079305828216 ], [ 70.855352471134424, 22.794082705458035 ], [ 70.855356137493203, 22.794353573118229 ], [ 70.855063996674545, 22.794356972258292 ], [ 70.855067662512553, 22.794627839953566 ], [ 70.855359803907731, 22.794624440768661 ], [ 70.855363470377981, 22.794895308409338 ], [ 70.85565561229393, 22.794891908644981 ] ] ], [ [ [ 70.85594775415413, 22.794888508346006 ], [ 70.85565561229393, 22.794891908644981 ], [ 70.855662946554659, 22.795433643807389 ], [ 70.8559550895679, 22.795430243418714 ], [ 70.85594775415413, 22.794888508346006 ] ] ], [ [ [ 70.855962425204666, 22.795971978452407 ], [ 70.85625456931524, 22.795968577439378 ], [ 70.856247232525391, 22.795426842495406 ], [ 70.8559550895679, 22.795430243418714 ], [ 70.855962425204666, 22.795971978452407 ] ] ], [ [ [ 70.856838857369098, 22.795961773809402 ], [ 70.856835187793209, 22.795690906432032 ], [ 70.85654304437071, 22.795694308469471 ], [ 70.856546713370051, 22.795965175891713 ], [ 70.856838857369098, 22.795961773809402 ] ] ], [ [ [ 70.85625456931524, 22.795968577439378 ], [ 70.85625823779381, 22.796239444896731 ], [ 70.856550382425169, 22.796236043304202 ], [ 70.856546713370051, 22.795965175891713 ], [ 70.85625456931524, 22.795968577439378 ] ] ], [ [ [ 70.855666613768634, 22.795704511373966 ], [ 70.855662946554659, 22.795433643807389 ], [ 70.854494373944362, 22.795447240015804 ], [ 70.854498038852199, 22.795718107761715 ], [ 70.854790182664885, 22.795714709466733 ], [ 70.854797513800776, 22.796256444839649 ], [ 70.855381803565194, 22.796249646466439 ], [ 70.855385470369839, 22.796520514048598 ], [ 70.855093324938935, 22.796523913547372 ], [ 70.855096991222737, 22.796794781164611 ], [ 70.854804845159549, 22.79679818017356 ], [ 70.854808510922496, 22.797069047825882 ], [ 70.854516364226996, 22.797072446344988 ], [ 70.854520029469072, 22.797343314032382 ], [ 70.855104323957534, 22.797336516369839 ], [ 70.855100657562275, 22.797065648772101 ], [ 70.855392804146319, 22.797062249183647 ], [ 70.855389137230219, 22.796791381620999 ], [ 70.855681283181966, 22.796787981542721 ], [ 70.855670281038357, 22.795975378930784 ], [ 70.855378136816299, 22.795978778874524 ], [ 70.85537447012311, 22.795707911272856 ], [ 70.855666613768634, 22.795704511373966 ] ] ], [ [ [ 70.856849866431418, 22.796774375882972 ], [ 70.856853536230403, 22.797045243221323 ], [ 70.857729974811576, 22.797035033227885 ], [ 70.85772630328286, 22.796764166024207 ], [ 70.857434157721499, 22.796767569845127 ], [ 70.857430486825152, 22.796496702586794 ], [ 70.857138341784577, 22.796500105828162 ], [ 70.857134671520569, 22.796229238515185 ], [ 70.856550382425169, 22.796236043304202 ], [ 70.856554051536051, 22.796506910706931 ], [ 70.856261906328115, 22.796510312344331 ], [ 70.856265574918211, 22.796781179782176 ], [ 70.856849866431418, 22.796774375882972 ] ] ], [ [ [ 70.858317939657695, 22.797299090996361 ], [ 70.858314266920019, 22.797028223892251 ], [ 70.857729974811576, 22.797035033227885 ], [ 70.857733646396099, 22.797305900421811 ], [ 70.858317939657695, 22.797299090996361 ] ] ] ] } },
{ "type": "Feature", "properties": { "cls": 3, "depth_cls": "1.5-3 m", "area_km2": 1.315, "scenario": "S0_release" }, "geometry": { "type": "MultiPolygon", "coordinates": [ [ [ [ 70.773256005498283, 22.929933460091036 ], [ 70.773248950766671, 22.929391709272675 ], [ 70.772956507807336, 22.929394976178475 ], [ 70.772963561376969, 22.92993672708263 ], [ 70.773256005498283, 22.929933460091036 ] ] ], [ [ [ 70.779982205518536, 22.929858170734843 ], [ 70.779978664763306, 22.929587296319099 ], [ 70.779686222454558, 22.929590575646724 ], [ 70.779689762628792, 22.92986145010553 ], [ 70.779982205518536, 22.929858170734843 ] ] ], [ [ [ 70.779693302856671, 22.930132324554574 ], [ 70.779689762628792, 22.92986145010553 ], [ 70.779397319685401, 22.929864728938 ], [ 70.779400859332313, 22.930135603430099 ], [ 70.779693302856671, 22.930132324554574 ] ] ], [ [ [ 70.773551977593144, 22.930201067912861 ], [ 70.773548449566164, 22.929930192561216 ], [ 70.773256005498283, 22.929933460091036 ], [ 70.77325953294428, 22.930204335485588 ], [ 70.773551977593144, 22.930201067912861 ] ] ], [ [ [ 70.774725286058413, 22.930458867409854 ], [ 70.774721755653928, 22.930187992239642 ], [ 70.774429311218967, 22.930191261965291 ], [ 70.774432841042426, 22.930462137178438 ], [ 70.774725286058413, 22.930458867409854 ] ] ], [ [ [ 70.779404399032828, 22.930406477912445 ], [ 70.779400859332313, 22.930135603430099 ], [ 70.779108415754308, 22.930138881767395 ], [ 70.779111954873827, 22.930409756292789 ], [ 70.779404399032828, 22.930406477912445 ] ] ], [ [ [ 70.778826587899104, 22.930954783242484 ], [ 70.778823049253347, 22.930683908693567 ], [ 70.778238159505221, 22.930690462849142 ], [ 70.778241696988943, 22.930961337484113 ], [ 70.778826587899104, 22.930954783242484 ] ] ], [ [ [ 70.77794925145345, 22.930964613797556 ], [ 70.777952788409749, 22.931235488465799 ], [ 70.778245234526267, 22.931232212109339 ], [ 70.778241696988943, 22.930961337484113 ], [ 70.77794925145345, 22.930964613797556 ] ] ], [ [ [ 70.774450490962067, 22.931816513097882 ], [ 70.774439900849814, 22.931003887575471 ], [ 70.77473234702785, 22.931000617721025 ], [ 70.774728816516387, 22.930729742570314 ], [ 70.773559033807473, 22.930742818586904 ], [ 70.773562561994837, 22.931013693909296 ], [ 70.774147454618301, 22.931007156891663 ], [ 70.774158042987423, 22.931819782542849 ], [ 70.774450490962067, 22.931816513097882 ] ] ], [ [ [ 70.777956325419638, 22.931506363124278 ], [ 70.777952788409749, 22.931235488465799 ], [ 70.777660342239642, 22.931238764284 ], [ 70.777663878668491, 22.931509638985496 ], [ 70.777956325419638, 22.931506363124278 ] ] ], [ [ [ 70.773573146877709, 22.931826319817972 ], [ 70.773566090235676, 22.931284569221944 ], [ 70.773273643262712, 22.931287836966288 ], [ 70.773280698742639, 22.931829587648121 ], [ 70.773573146877709, 22.931826319817972 ] ] ], [ [ [ 70.777378503720129, 22.932054663768174 ], [ 70.777374967765155, 22.931783789043187 ], [ 70.777667415150944, 22.931780513677236 ], [ 70.777663878668491, 22.931509638985496 ], [ 70.77707898500546, 22.931516189093141 ], [ 70.777082520325791, 22.931787063870882 ], [ 70.776790072832867, 22.931790338160297 ], [ 70.776793607625734, 22.932061212971266 ], [ 70.777378503720129, 22.932054663768174 ] ] ], [ [ [ 70.776797142472148, 22.932332087772483 ], [ 70.776793607625734, 22.932061212971266 ], [ 70.776501159498196, 22.932064486765398 ], [ 70.776504693763542, 22.932335361609596 ], [ 70.776797142472148, 22.932332087772483 ] ] ], [ [ [ 70.773583732241718, 22.932638945638868 ], [ 70.773580203733587, 22.932368070374991 ], [ 70.773287754436396, 22.932371338290945 ], [ 70.773291282363445, 22.932642213597731 ], [ 70.773583732241718, 22.932638945638868 ] ] ], [ [ [ 70.770662753805283, 22.932942476686968 ], [ 70.77065923105458, 22.932671601004106 ], [ 70.770366780642163, 22.932674863579987 ], [ 70.77037030281177, 22.932945739305683 ], [ 70.770662753805283, 22.932942476686968 ] ] ], [ [ [ 70.77591979618569, 22.93234190766897 ], [ 70.775923329342447, 22.932612782589359 ], [ 70.775630879892134, 22.932616054854574 ], [ 70.775634412521342, 22.932886929808177 ], [ 70.775341962436414, 22.932890201578047 ], [ 70.775345494538044, 22.933161076564843 ], [ 70.774760593045471, 22.933167618575592 ], [ 70.774764124038427, 22.933438493638516 ], [ 70.774471672630767, 22.933441763879358 ], [ 70.774475203096117, 22.933712638975472 ], [ 70.775060107020124, 22.933706097869599 ], [ 70.775056575392568, 22.933435222859359 ], [ 70.775641477940326, 22.933428679686099 ], [ 70.775637945204068, 22.933157804752014 ], [ 70.776222846375504, 22.933151259511423 ], [ 70.7762193125306, 22.932880384653512 ], [ 70.776511762454916, 22.932877111268731 ], [ 70.776504693763542, 22.932335361609596 ], [ 70.77591979618569, 22.93234190766897 ] ] ], [ [ [ 70.770958728130594, 22.933210089160216 ], [ 70.770955204745434, 22.932939213529945 ], [ 70.770662753805283, 22.932942476686968 ], [ 70.770666276609361, 22.933213352360077 ], [ 70.770958728130594, 22.933210089160216 ] ] ], [ [ [ 70.77213205944463, 22.933467906426703 ], [ 70.772128533681638, 22.933197030977627 ], [ 70.77183608237398, 22.933200296330742 ], [ 70.771839607555876, 22.933471171822688 ], [ 70.77213205944463, 22.933467906426703 ] ] ], [ [ [ 70.773305394606226, 22.933725714727348 ], [ 70.773298338377927, 22.933183964182046 ], [ 70.773005887284015, 22.933187231688407 ], [ 70.773012942350093, 22.933728982319504 ], [ 70.773305394606226, 22.933725714727348 ] ] ], [ [ [ 70.778861977305908, 22.933663528195137 ], [ 70.778858438123933, 22.933392653743766 ], [ 70.778565987466081, 22.933395931520991 ], [ 70.77856952606696, 22.933666806015392 ], [ 70.778861977305908, 22.933663528195137 ] ] ], [ [ [ 70.771550680267879, 22.933745312205406 ], [ 70.771547155613703, 22.933474436680353 ], [ 70.771254703618126, 22.933477700999696 ], [ 70.771258227691192, 22.933748576567616 ], [ 70.771550680267879, 22.933745312205406 ] ] ], [ [ [ 70.778573064721456, 22.93393768050003 ], [ 70.77856952606696, 22.933666806015392 ], [ 70.778277074774394, 22.933670083297329 ], [ 70.77828061284778, 22.933940957824994 ], [ 70.778573064721456, 22.93393768050003 ] ] ], [ [ [ 70.774478733614927, 22.933983514061833 ], [ 70.774475203096117, 22.933712638975472 ], [ 70.773305394606226, 22.933725714727348 ], [ 70.773308922800567, 22.933996589985369 ], [ 70.774478733614927, 22.933983514061833 ] ] ], [ [ [ 70.770391436950106, 22.934570993455075 ], [ 70.770387914460301, 22.934300117787881 ], [ 70.770095460507818, 22.934303380082426 ], [ 70.770091938652499, 22.934032504362666 ], [ 70.769507031749725, 22.934039027251089 ], [ 70.769510552442767, 22.934309903056494 ], [ 70.769803006501959, 22.934306641838635 ], [ 70.769806527829488, 22.934577517591475 ], [ 70.770391436950106, 22.934570993455075 ] ] ], [ [ [ 70.777410329725924, 22.93449253585408 ], [ 70.777406793288748, 22.934221661216885 ], [ 70.777114340619576, 22.934224936431548 ], [ 70.777117876475614, 22.934495811111738 ], [ 70.777410329725924, 22.93449253585408 ] ] ], [ [ [ 70.776540039362516, 22.935044109515093 ], [ 70.776536504561619, 22.934773234768443 ], [ 70.77624405056946, 22.93477650845405 ], [ 70.776247584789203, 22.935047383243685 ], [ 70.776540039362516, 22.935044109515093 ] ] ], [ [ [ 70.775380818497993, 22.93586982589634 ], [ 70.77537728586114, 22.935598951007083 ], [ 70.775084829911364, 22.935602222668145 ], [ 70.775088361967022, 22.93587309760035 ], [ 70.775380818497993, 22.93586982589634 ] ] ], [ [ [ 70.769538719907402, 22.936476909148663 ], [ 70.769528156708077, 22.935664281937235 ], [ 70.769235699689688, 22.935667542830782 ], [ 70.769246261145426, 22.936480170170633 ], [ 70.769538719907402, 22.936476909148663 ] ] ], [ [ [ 70.774221583310336, 22.936695534606606 ], [ 70.774218052837753, 22.936424659574861 ], [ 70.773925594930404, 22.936427929211195 ], [ 70.773929124821763, 22.936698804285861 ], [ 70.774221583310336, 22.936695534606606 ] ] ], [ [ [ 70.7736366662797, 22.936702073426719 ], [ 70.773640195643324, 22.936972948534542 ], [ 70.773932654766597, 22.936969679350778 ], [ 70.773929124821763, 22.936698804285861 ], [ 70.7736366662797, 22.936702073426719 ] ] ], [ [ [ 70.77364372506041, 22.93724382363262 ], [ 70.773640195643324, 22.936972948534542 ], [ 70.77334773646659, 22.9369762171799 ], [ 70.773351265302438, 22.937247092320884 ], [ 70.77364372506041, 22.93724382363262 ] ] ], [ [ [ 70.773058805491004, 22.937250360470738 ], [ 70.773062333799089, 22.937521235644866 ], [ 70.773354794191761, 22.937517967452113 ], [ 70.773351265302438, 22.937247092320884 ], [ 70.773058805491004, 22.937250360470738 ] ] ], [ [ [ 70.773065862160621, 22.937792110809244 ], [ 70.773062333799089, 22.937521235644866 ], [ 70.772769873352956, 22.937524503299194 ], [ 70.77277340113325, 22.937795378506465 ], [ 70.773065862160621, 22.937792110809244 ] ] ], [ [ [ 70.768974923194293, 22.938108685327439 ], [ 70.768971402916932, 22.937837809572947 ], [ 70.768678941142113, 22.937841069732091 ], [ 70.768682460838207, 22.938111945529382 ], [ 70.768974923194293, 22.938108685327439 ] ] ], [ [ [ 70.772195532314043, 22.938343662842417 ], [ 70.772192005589389, 22.938072787568895 ], [ 70.771899543820439, 22.938076053693692 ], [ 70.771903069963827, 22.938346929010091 ], [ 70.772195532314043, 22.938343662842417 ] ] ], [ [ [ 70.771910122410873, 22.938888679613626 ], [ 70.771906596160647, 22.938617804316738 ], [ 70.771614133175717, 22.93862106998883 ], [ 70.771617658844676, 22.938891945328585 ], [ 70.771910122410873, 22.938888679613626 ] ] ], [ [ [ 70.771621184567024, 22.939162820658591 ], [ 70.771617658844676, 22.938891945328585 ], [ 70.77132519522506, 22.938895210505081 ], [ 70.771328720366114, 22.939166085877947 ], [ 70.771621184567024, 22.939162820658591 ] ] ], [ [ [ 70.763435676282612, 22.939524919775724 ], [ 70.763432166783517, 22.939254043258074 ], [ 70.763139701090594, 22.939257293400157 ], [ 70.76314321000838, 22.939528169960468 ], [ 70.763435676282612, 22.939524919775724 ] ] ], [ [ [ 70.771335770808463, 22.939707836594419 ], [ 70.771328720366114, 22.939166085877947 ], [ 70.771036256111813, 22.939169350558831 ], [ 70.77104330539153, 22.939711101361013 ], [ 70.771335770808463, 22.939707836594419 ] ] ], [ [ [ 70.765197498944815, 22.940047159852863 ], [ 70.765201012091467, 22.940318036085138 ], [ 70.765785947329974, 22.940311527382086 ], [ 70.765782433020632, 22.940040651235236 ], [ 70.765489966009341, 22.940043905813301 ], [ 70.765486452334571, 22.939773029613985 ], [ 70.764609052725334, 22.939782789989067 ], [ 70.764605540847768, 22.939511913651888 ], [ 70.764313074786259, 22.939515165990578 ], [ 70.764320097431948, 22.940056918740559 ], [ 70.765197498944815, 22.940047159852863 ] ] ], [ [ [ 70.766659833735034, 22.940030884270072 ], [ 70.766656317734956, 22.939760008241677 ], [ 70.766363851464732, 22.939763264392482 ], [ 70.7663673668835, 22.940034140463627 ], [ 70.766659833735034, 22.940030884270072 ] ] ], [ [ [ 70.768414633725456, 22.940011335800357 ], [ 70.768411114237409, 22.939740460028542 ], [ 70.768118648286915, 22.939743719410284 ], [ 70.768122167193638, 22.940014595224874 ], [ 70.768414633725456, 22.940011335800357 ] ] ], [ [ [ 70.770465421565504, 22.940259380213273 ], [ 70.770472468947048, 22.940801131108788 ], [ 70.770180001044608, 22.940804394431257 ], [ 70.770187047476938, 22.941346145373419 ], [ 70.770479516542096, 22.941342881965291 ], [ 70.770475992717877, 22.941072006541919 ], [ 70.770768461148293, 22.941068742638098 ], [ 70.770761412497293, 22.940526991847761 ], [ 70.771053879711602, 22.940523727491122 ], [ 70.77104330539153, 22.939711101361013 ], [ 70.770750839921206, 22.939714365589115 ], [ 70.770757888251879, 22.940256116437972 ], [ 70.770465421565504, 22.940259380213273 ] ] ], [ [ [ 70.766952300533333, 22.940027627538029 ], [ 70.766955817168011, 22.940298503513926 ], [ 70.765785947329974, 22.940311527382086 ], [ 70.765789461692535, 22.94058240351918 ], [ 70.766666865895004, 22.940572636297613 ], [ 70.766670382054883, 22.940843512296759 ], [ 70.76696285059721, 22.94084025543647 ], [ 70.766969884239501, 22.941382007320016 ], [ 70.767262353891283, 22.941378749835696 ], [ 70.767269388909469, 22.941920501594723 ], [ 70.767561859670735, 22.941917243486355 ], [ 70.767554823489789, 22.94137549181286 ], [ 70.76784729303499, 22.941372233251482 ], [ 70.767843774443094, 22.941101357442864 ], [ 70.767551305479259, 22.941104615961475 ], [ 70.76754778752202, 22.940833740100345 ], [ 70.76725531908626, 22.940836998037668 ], [ 70.767244767278342, 22.940024370267484 ], [ 70.766952300533333, 22.940027627538029 ] ] ], [ [ [ 70.770194094122772, 22.941887896276565 ], [ 70.770187047476938, 22.941346145373419 ], [ 70.769894578358418, 22.941349408243028 ], [ 70.769901623841477, 22.941891159231822 ], [ 70.770194094122772, 22.941887896276565 ] ] ], [ [ [ 70.769609153506821, 22.941894421648538 ], [ 70.769616198040552, 22.942436172683962 ], [ 70.769908669537998, 22.942432910181605 ], [ 70.769901623841477, 22.941891159231822 ], [ 70.769609153506821, 22.941894421648538 ] ] ], [ [ [ 70.769623242787702, 22.942977923680374 ], [ 70.769616198040552, 22.942436172683962 ], [ 70.769323726489745, 22.942439434647756 ], [ 70.769330770074063, 22.942981185729796 ], [ 70.769623242787702, 22.942977923680374 ] ] ], [ [ [ 70.766990986445066, 22.943007262736593 ], [ 70.766987469277609, 22.942736386858208 ], [ 70.766694996665564, 22.942739644017735 ], [ 70.766698513251583, 22.94301051993887 ], [ 70.766990986445066, 22.943007262736593 ] ] ], [ [ [ 70.769337813871786, 22.943522936772816 ], [ 70.769330770074063, 22.942981185729796 ], [ 70.769038297307063, 22.942984447240644 ], [ 70.76904533994194, 22.943526198369273 ], [ 70.769337813871786, 22.943522936772816 ] ] ], [ [ [ 70.766705546583466, 22.943552271751866 ], [ 70.766702029890894, 22.943281395850242 ], [ 70.766409556062712, 22.943284652556681 ], [ 70.766413072173847, 22.943555528501051 ], [ 70.766705546583466, 22.943552271751866 ] ] ], [ [ [ 70.766416588338245, 22.943826404435665 ], [ 70.766413072173847, 22.943555528501051 ], [ 70.766120597710952, 22.943558784711644 ], [ 70.766124113293898, 22.943829660688994 ], [ 70.766416588338245, 22.943826404435665 ] ] ], [ [ [ 70.76905238279015, 22.944067949458891 ], [ 70.769048861339371, 22.943797073918958 ], [ 70.768756386774726, 22.943800335019631 ], [ 70.768759907644053, 22.944071210602363 ], [ 70.76905238279015, 22.944067949458891 ] ] ], [ [ [ 70.76613114461955, 22.944371412614437 ], [ 70.766124113293898, 22.943829660688994 ], [ 70.765831638196303, 22.943832916403728 ], [ 70.765838668359024, 22.944374668414632 ], [ 70.76613114461955, 22.944371412614437 ] ] ], [ [ [ 70.768770470572036, 22.944883837292029 ], [ 70.768763428566714, 22.94434208617534 ], [ 70.768470952785805, 22.944345346823003 ], [ 70.768477993628181, 22.944887098025276 ], [ 70.768770470572036, 22.944883837292029 ] ] ], [ [ [ 70.768488555291682, 22.945699724755535 ], [ 70.768477993628181, 22.944887098025276 ], [ 70.768185516630979, 22.944890358219901 ], [ 70.76819607654997, 22.945702985078519 ], [ 70.768488555291682, 22.945699724755535 ] ] ], [ [ [ 70.765856244697616, 22.945729048271218 ], [ 70.765852729323399, 22.945458172319405 ], [ 70.765560250683663, 22.945461427751866 ], [ 70.765563765476358, 22.945732303746407 ], [ 70.765856244697616, 22.945729048271218 ] ] ], [ [ [ 70.768203116762578, 22.946244736268827 ], [ 70.768199596629614, 22.945973860678549 ], [ 70.767907117253074, 22.945977120505667 ], [ 70.767910636804501, 22.946247996138723 ], [ 70.768203116762578, 22.946244736268827 ] ] ], [ [ [ 70.765577825179577, 22.946815807627022 ], [ 70.765574310173918, 22.946544931671497 ], [ 70.765281829154816, 22.94654818673618 ], [ 70.765285343578924, 22.946819062734424 ], [ 70.765577825179577, 22.946815807627022 ] ] ], [ [ [ 70.767653349423867, 22.948960011691753 ], [ 70.767646310471278, 22.948418260525433 ], [ 70.767938795135208, 22.948415000852005 ], [ 70.767917676067313, 22.946789747375572 ], [ 70.767625194892844, 22.946793006792351 ], [ 70.767639271731909, 22.947876509320089 ], [ 70.767346788177861, 22.947879768369262 ], [ 70.767360863543402, 22.948963270911992 ], [ 70.767653349423867, 22.948960011691753 ] ] ], [ [ [ 70.765028003278118, 22.949531077176232 ], [ 70.765024488903279, 22.949260201232811 ], [ 70.764732001961818, 22.949263455647184 ], [ 70.764735515755021, 22.949534331633306 ], [ 70.765028003278118, 22.949531077176232 ] ] ], [ [ [ 70.767378458949565, 22.950317648870922 ], [ 70.767360863543402, 22.948963270911992 ], [ 70.767068377609647, 22.948966529593505 ], [ 70.767085970107573, 22.95032090776623 ], [ 70.767378458949565, 22.950317648870922 ] ] ], [ [ [ 70.765327520820648, 22.950069573952568 ], [ 70.765324005757705, 22.949798698071366 ], [ 70.765031517706177, 22.949801953109894 ], [ 70.76503503218747, 22.950072829033804 ], [ 70.765327520820648, 22.950069573952568 ] ] ], [ [ [ 70.767089488767041, 22.950591783371518 ], [ 70.767085970107573, 22.95032090776623 ], [ 70.766793481212289, 22.950324166122776 ], [ 70.766796999290079, 22.950595041770814 ], [ 70.767089488767041, 22.950591783371518 ] ] ], [ [ [ 70.765338066328923, 22.950882201537656 ], [ 70.765334551106264, 22.950611325685713 ], [ 70.765042061309728, 22.950614580852374 ], [ 70.765045575950722, 22.950885456747027 ], [ 70.765338066328923, 22.950882201537656 ] ] ], [ [ [ 70.767410134038641, 22.952755528582436 ], [ 70.767385497485122, 22.950859399986218 ], [ 70.767093007479787, 22.950862658967043 ], [ 70.767117639961285, 22.952758787862589 ], [ 70.767410134038641, 22.952755528582436 ] ] ], [ [ [ 70.788353733451871, 22.899150814964912 ], [ 70.788360837803296, 22.899692563381699 ], [ 70.788068460960602, 22.899695854096709 ], [ 70.788072012637102, 22.89996672833373 ], [ 70.787779635160561, 22.899970018554558 ], [ 70.787783186310918, 22.900240892825071 ], [ 70.787198430036256, 22.900247471740911 ], [ 70.787201980080425, 22.900518346088148 ], [ 70.787494358824688, 22.900515056855721 ], [ 70.787497909502704, 22.900785931149972 ], [ 70.787790288773152, 22.90078264133686 ], [ 70.787786737515106, 22.900511767085842 ], [ 70.788079116151678, 22.900508476778523 ], [ 70.78807556436746, 22.900237602561003 ], [ 70.788367942370158, 22.900234311759494 ], [ 70.788364390059797, 22.899963437575472 ], [ 70.78865676742862, 22.899960146279792 ], [ 70.78864610908073, 22.899147523799009 ], [ 70.788353733451871, 22.899150814964912 ] ] ], [ [ [ 70.788685192060129, 22.902127139132855 ], [ 70.788681638792625, 22.901856265060349 ], [ 70.788389257363548, 22.901859556658849 ], [ 70.788392810050979, 22.902130430774616 ], [ 70.788685192060129, 22.902127139132855 ] ] ], [ [ [ 70.790443039785075, 22.902378251798183 ], [ 70.790439482983231, 22.902107377995144 ], [ 70.790147101297478, 22.902110672861802 ], [ 70.790139989015714, 22.901568925139856 ], [ 70.79043236954135, 22.901565630359801 ], [ 70.790414586880374, 22.900211261100797 ], [ 70.790122209254918, 22.900214555664338 ], [ 70.79012932099748, 22.900756303483799 ], [ 70.789252184317505, 22.900766184209552 ], [ 70.789248630159335, 22.900495310174836 ], [ 70.788663873263246, 22.90050189455156 ], [ 70.78867453241925, 22.901314516886085 ], [ 70.788966912634336, 22.90131122483664 ], [ 70.788970466374138, 22.901582098885381 ], [ 70.789262847115381, 22.901578806255198 ], [ 70.78926640148913, 22.901849680250915 ], [ 70.789851163970042, 22.901843093291582 ], [ 70.789858275199506, 22.902384841080615 ], [ 70.790150657519249, 22.902381546708146 ], [ 70.790154213794935, 22.90265242054474 ], [ 70.790446596640834, 22.90264912559147 ], [ 70.790453710514157, 22.903190873148805 ], [ 70.790161326508056, 22.903194168188673 ], [ 70.790168439436883, 22.903735915793593 ], [ 70.790460824603215, 22.903732620667114 ], [ 70.79046438172864, 22.904003494411644 ], [ 70.791049153059745, 22.903996902459486 ], [ 70.791045594774062, 22.903726028801586 ], [ 70.790753209715604, 22.903729325003109 ], [ 70.790746094466328, 22.903187577571423 ], [ 70.791038478364555, 22.903184281456536 ], [ 70.791034920240733, 22.902913407769375 ], [ 70.790742536922593, 22.90291670384094 ], [ 70.790735421996956, 22.902374956350734 ], [ 70.790443039785075, 22.902378251798183 ] ], [ [ 70.789548118056828, 22.901033765153429 ], [ 70.789840497530193, 22.901030471534892 ], [ 70.789844052956227, 22.901301345463541 ], [ 70.789551672902832, 22.901304639125364 ], [ 70.789548118056828, 22.901033765153429 ] ] ], [ [ [ 70.791619686715109, 22.902906814013722 ], [ 70.791612568308949, 22.902365066783467 ], [ 70.791320186258901, 22.902368363843376 ], [ 70.7913273035049, 22.902910111160299 ], [ 70.791619686715109, 22.902906814013722 ] ] ], [ [ [ 70.791919189653598, 22.903445263434229 ], [ 70.791915629735499, 22.903174389886821 ], [ 70.791623245999148, 22.903177687614228 ], [ 70.791626805337145, 22.903448561204979 ], [ 70.791919189653598, 22.903445263434229 ] ] ], [ [ [ 70.791922749625684, 22.903716136971877 ], [ 70.791630364729116, 22.903719434785966 ], [ 70.791633924175045, 22.903990308357216 ], [ 70.791926309651743, 22.903987010499783 ], [ 70.791922749625684, 22.903716136971877 ] ] ], [ [ [ 70.791929869731774, 22.90425788401793 ], [ 70.792222255734643, 22.904254585579622 ], [ 70.792218695074482, 22.903983712104822 ], [ 70.791926309651743, 22.903987010499783 ], [ 70.791929869731774, 22.90425788401793 ] ] ], [ [ [ 70.791936990053784, 22.904799631024972 ], [ 70.791933429865793, 22.904528757526322 ], [ 70.791641043228807, 22.904532055470433 ], [ 70.791644602836641, 22.904802929012423 ], [ 70.791936990053784, 22.904799631024972 ] ] ], [ [ [ 70.790193336386395, 22.905632032103622 ], [ 70.790189779517533, 22.905361158374301 ], [ 70.789897390816378, 22.905364453223036 ], [ 70.789900947105053, 22.905635326995654 ], [ 70.790193336386395, 22.905632032103622 ] ] ], [ [ [ 70.791366452215897, 22.905889720706046 ], [ 70.791362892972373, 22.905618847159744 ], [ 70.791070503906795, 22.905622144202074 ], [ 70.791074062570146, 22.905893017791694 ], [ 70.791366452215897, 22.905889720706046 ] ] ], [ [ [ 70.790489283116756, 22.905899610350268 ], [ 70.790485725613792, 22.905628736674007 ], [ 70.790193336386395, 22.905632032103622 ], [ 70.790196893309158, 22.905902905823179 ], [ 70.790489283116756, 22.905899610350268 ] ] ], [ [ [ 70.791077621287428, 22.90616389137157 ], [ 70.791074062570146, 22.905893017791694 ], [ 70.790489283116756, 22.905899610350268 ], [ 70.790492840673664, 22.906170484016773 ], [ 70.791077621287428, 22.90616389137157 ] ] ], [ [ [ 70.789915172798899, 22.906718821988587 ], [ 70.789900947105053, 22.905635326995654 ], [ 70.789608557769796, 22.905638621350118 ], [ 70.789622781142839, 22.90672211651621 ], [ 70.789915172798899, 22.906718821988587 ] ] ], [ [ [ 70.789337500282386, 22.907267158117335 ], [ 70.789333944830673, 22.906996284316666 ], [ 70.789041552486552, 22.906999577812361 ], [ 70.789045107358035, 22.907270451656316 ], [ 70.789337500282386, 22.907267158117335 ] ] ], [ [ [ 70.787893298682363, 22.908637990374725 ], [ 70.787889745862529, 22.908367116406495 ], [ 70.787597350347752, 22.908370407430354 ], [ 70.787600902587315, 22.908641281441824 ], [ 70.787893298682363, 22.908637990374725 ] ] ], [ [ [ 70.791993960403005, 22.909133605676669 ], [ 70.791990399351306, 22.9088627323341 ], [ 70.791698003430838, 22.908866030971669 ], [ 70.791701563902237, 22.909136904357581 ], [ 70.791993960403005, 22.909133605676669 ] ] ], [ [ [ 70.79140916734751, 22.909140202500826 ], [ 70.791412727292595, 22.909411075920321 ], [ 70.791705124427637, 22.909407777733744 ], [ 70.791701563902237, 22.909136904357581 ], [ 70.79140916734751, 22.909140202500826 ] ] ], [ [ [ 70.791419847344656, 22.909952822730048 ], [ 70.791416287291639, 22.909681949330061 ], [ 70.791123889522311, 22.909685247022306 ], [ 70.791127448995027, 22.909956120465623 ], [ 70.791419847344656, 22.909952822730048 ] ] ], [ [ [ 70.790835050591426, 22.909959417663504 ], [ 70.790838609537744, 22.910230291140387 ], [ 70.791131008521688, 22.910226993899176 ], [ 70.791127448995027, 22.909956120465623 ], [ 70.790835050591426, 22.909959417663504 ] ] ], [ [ [ 70.787333369560983, 22.910540690081167 ], [ 70.787322713613932, 22.909728068092587 ], [ 70.787030315089964, 22.909731358257297 ], [ 70.787040969296001, 22.910543980375568 ], [ 70.787333369560983, 22.910540690081167 ] ] ], [ [ [ 70.790845727592284, 22.910772038064877 ], [ 70.790838609537744, 22.910230291140387 ], [ 70.790546210499869, 22.910233587843898 ], [ 70.79055332739371, 22.910775334855025 ], [ 70.790845727592284, 22.910772038064877 ] ] ], [ [ [ 70.790556885921546, 22.911046208345955 ], [ 70.79055332739371, 22.910775334855025 ], [ 70.79026092714119, 22.910778631107462 ], [ 70.79026448508867, 22.911049504641699 ], [ 70.790556885921546, 22.911046208345955 ] ] ], [ [ [ 70.789972084201864, 22.911052800399734 ], [ 70.7899791990979, 22.911594547525546 ], [ 70.790271601145449, 22.911591251680921 ], [ 70.79026448508867, 22.911049504641699 ], [ 70.789972084201864, 22.911052800399734 ] ] ], [ [ [ 70.787347578244223, 22.911624185929398 ], [ 70.787344025992624, 22.911353311981973 ], [ 70.787051623986571, 22.911356602406066 ], [ 70.787055175657784, 22.911627476396728 ], [ 70.787347578244223, 22.911624185929398 ] ] ], [ [ [ 70.789986314209642, 22.912136294612349 ], [ 70.7899791990979, 22.911594547525546 ], [ 70.789686796996421, 22.91159784283246 ], [ 70.789693910947392, 22.912139590005843 ], [ 70.789986314209642, 22.912136294612349 ] ] ], [ [ [ 70.787062279161702, 22.912169224348776 ], [ 70.787058727382828, 22.911898350377626 ], [ 70.786766324162159, 22.911901640350443 ], [ 70.786769875360648, 22.912172514364826 ], [ 70.787062279161702, 22.912169224348776 ] ] ], [ [ [ 70.789412177220839, 22.912955505678379 ], [ 70.789408620637047, 22.912684632082538 ], [ 70.789701025114041, 22.912681337140206 ], [ 70.789693910947392, 22.912139590005843 ], [ 70.789401507631212, 22.912142884861591 ], [ 70.789405064107171, 22.912413758476941 ], [ 70.78911266015669, 22.912417052838226 ], [ 70.789119772109515, 22.912958800126226 ], [ 70.789412177220839, 22.912955505678379 ] ] ], [ [ [ 70.785618004809578, 22.91354003984123 ], [ 70.785614455663705, 22.91326916570279 ], [ 70.785029642826245, 22.913275740165123 ], [ 70.785033190811248, 22.913546614389936 ], [ 70.785618004809578, 22.91354003984123 ] ] ], [ [ [ 70.78649522540357, 22.913530173984789 ], [ 70.78649167451637, 22.913259299975962 ], [ 70.785906862001738, 22.913265877664958 ], [ 70.785910411728068, 22.913536751760201 ], [ 70.78649522540357, 22.913530173984789 ] ] ], [ [ [ 70.788563402405373, 22.915132376862761 ], [ 70.788552736746126, 22.914319755890624 ], [ 70.78884514486748, 22.914316462301969 ], [ 70.78883447795188, 22.913503841371838 ], [ 70.789126884277962, 22.913500547375207 ], [ 70.789119772109515, 22.912958800126226 ], [ 70.78882736694429, 22.912962094036313 ], [ 70.788830922421141, 22.91323296770895 ], [ 70.788538516621585, 22.913236261124542 ], [ 70.788549181634167, 22.914048882213734 ], [ 70.788256774039382, 22.914052175221325 ], [ 70.788263883156262, 22.914593922651871 ], [ 70.787971474346662, 22.914597215208182 ], [ 70.787978582518093, 22.915138962686214 ], [ 70.787686172493636, 22.915142254791206 ], [ 70.787693279719548, 22.915684002316709 ], [ 70.787400868480219, 22.915687293970361 ], [ 70.78740442159345, 22.915958167761723 ], [ 70.787112009719749, 22.915961458920769 ], [ 70.787122667640986, 22.916774080366032 ], [ 70.787415081256313, 22.916770789077287 ], [ 70.787407974760541, 22.916229041543335 ], [ 70.787700387160939, 22.916225749803207 ], [ 70.787696833413307, 22.915954876064834 ], [ 70.78798924517929, 22.9159515838301 ], [ 70.787985690905018, 22.915680710125226 ], [ 70.7882781020366, 22.915677417395905 ], [ 70.788270992488663, 22.915135670043398 ], [ 70.788563402405373, 22.915132376862761 ] ] ], [ [ [ 70.785346890359619, 22.91516857226944 ], [ 70.785343341471417, 22.914897698146326 ], [ 70.785050931542997, 22.914900985367701 ], [ 70.7850544798507, 22.915171859534002 ], [ 70.785346890359619, 22.91516857226944 ] ] ], [ [ [ 70.784762069288007, 22.915175146260733 ], [ 70.784758521560789, 22.91490427205126 ], [ 70.784466111524807, 22.914907558196997 ], [ 70.784469658671512, 22.915178432449636 ], [ 70.784762069288007, 22.915175146260733 ] ] ], [ [ [ 70.79149818216635, 22.915912035061496 ], [ 70.791487498606898, 22.91509941547617 ], [ 70.791195089229504, 22.915102714035019 ], [ 70.79119152873146, 22.914831840777069 ], [ 70.790899119880578, 22.914835138754771 ], [ 70.790906239769654, 22.915376885347577 ], [ 70.791198649781506, 22.91537358728322 ], [ 70.791205771047444, 22.915915333750338 ], [ 70.79149818216635, 22.915912035061496 ] ] ], [ [ [ 70.787129773191069, 22.917315827947426 ], [ 70.787122667640986, 22.916774080366032 ], [ 70.786830253971814, 22.916777371116915 ], [ 70.786837358360785, 22.917319118784761 ], [ 70.787129773191069, 22.917315827947426 ] ] ], [ [ [ 70.791212892529273, 22.916457080178436 ], [ 70.791205771047444, 22.915915333750338 ], [ 70.790913359874565, 22.915918631901345 ], [ 70.790916920007973, 22.916189505163597 ], [ 70.790624508200608, 22.916192802820085 ], [ 70.790628067807447, 22.9164636761159 ], [ 70.790335655365595, 22.916466973277842 ], [ 70.790342773580051, 22.917008719926823 ], [ 70.790050359923157, 22.917012016637525 ], [ 70.790053918530731, 22.91728288999068 ], [ 70.789761504239351, 22.917286186206809 ], [ 70.789772178644, 22.918098806337646 ], [ 70.789479762556951, 22.91810210214577 ], [ 70.789486877935175, 22.91864384893746 ], [ 70.790071712377738, 22.918637256610126 ], [ 70.790068153500471, 22.918366383305756 ], [ 70.790360570060244, 22.918363086378523 ], [ 70.790349892010283, 22.917550466536774 ], [ 70.790642306774345, 22.917547169201576 ], [ 70.790631627468244, 22.916734549401951 ], [ 70.790924040436664, 22.916731251658828 ], [ 70.790920480195354, 22.916460378416094 ], [ 70.791212892529273, 22.916457080178436 ] ] ], [ [ [ 70.786876436349843, 22.920298730260455 ], [ 70.786855120275405, 22.918673487783686 ], [ 70.787147538008654, 22.918670196730211 ], [ 70.787136878956531, 22.917857575489808 ], [ 70.786844462965092, 22.917860866413598 ], [ 70.786840910636002, 22.917589992604054 ], [ 70.786548495171303, 22.917593282946733 ], [ 70.786584015078901, 22.920302021035344 ], [ 70.786876436349843, 22.920298730260455 ] ] ], [ [ [ 70.788912713264935, 22.919463059487182 ], [ 70.788909156548343, 22.919192186038917 ], [ 70.788616737977108, 22.919195480406426 ], [ 70.788620294113073, 22.91946635389796 ], [ 70.788912713264935, 22.919463059487182 ] ] ], [ [ [ 70.789789970397052, 22.919453173027225 ], [ 70.789786411938579, 22.919182299708822 ], [ 70.789201575065675, 22.919188891133484 ], [ 70.789212247119067, 22.920001511319146 ], [ 70.789504667324394, 22.919998215745924 ], [ 70.789497551406939, 22.919456469051809 ], [ 70.789789970397052, 22.919453173027225 ] ] ], [ [ [ 70.788623850302926, 22.919737227379734 ], [ 70.788620294113073, 22.91946635389796 ], [ 70.788327874907296, 22.919469647770807 ], [ 70.788331430516507, 22.919740521295843 ], [ 70.788623850302926, 22.919737227379734 ] ] ], [ [ [ 70.78864163206066, 22.921091594642238 ], [ 70.788638075601312, 22.920820721209246 ], [ 70.788930497656466, 22.920817426582108 ], [ 70.788926940670351, 22.920546553182639 ], [ 70.788342097667481, 22.920553141812402 ], [ 70.788338541896607, 22.920282268316637 ], [ 70.789215804578035, 22.920272384694854 ], [ 70.789212247119067, 22.920001511319146 ], [ 70.788334986179606, 22.920011394811119 ], [ 70.788331430516507, 22.919740521295843 ], [ 70.787746590782049, 22.91974710751423 ], [ 70.787750145283837, 22.920017981116011 ], [ 70.787457724755143, 22.920021273461533 ], [ 70.787461278730149, 22.920292147096809 ], [ 70.786876436349843, 22.920298730260455 ], [ 70.786879989217368, 22.920569603972442 ], [ 70.787757254449048, 22.920559728290314 ], [ 70.787753699839499, 22.920288854708044 ], [ 70.78804612089499, 22.920285561781323 ], [ 70.788060341979147, 22.921369055878877 ], [ 70.786890648143057, 22.921382225049857 ], [ 70.786908414096189, 22.922736593317087 ], [ 70.78720084053964, 22.922733301615168 ], [ 70.787204394472553, 22.923004175196112 ], [ 70.787496821442886, 22.92300088291293 ], [ 70.787482603711382, 22.921917388703566 ], [ 70.787775028304893, 22.921914096055339 ], [ 70.787771473425977, 22.921643222521844 ], [ 70.788063897384887, 22.921639929378866 ], [ 70.788067452844516, 22.921910802869107 ], [ 70.788359877330265, 22.921907509144873 ], [ 70.788349209370907, 22.921094888774668 ], [ 70.78864163206066, 22.921091594642238 ] ] ], [ [ [ 70.784861427484827, 22.922759620165834 ], [ 70.784850779946794, 22.921946998327524 ], [ 70.784558354815005, 22.921950285595717 ], [ 70.78456900061083, 22.922762907563559 ], [ 70.784861427484827, 22.922759620165834 ] ] ], [ [ [ 70.784576098076954, 22.92330465549334 ], [ 70.784572549316991, 22.923033781533327 ], [ 70.783987694246164, 22.923040354801014 ], [ 70.783994789496774, 22.923582102883937 ], [ 70.784287218220612, 22.923578816432787 ], [ 70.784283669987644, 22.923307942439362 ], [ 70.784576098076954, 22.92330465549334 ] ] ], [ [ [ 70.787514594819342, 22.924355250455104 ], [ 70.787511040036307, 22.924084376966178 ], [ 70.787218610742897, 22.924087669422317 ], [ 70.787222164945135, 22.924358542954472 ], [ 70.787514594819342, 22.924355250455104 ] ] ], [ [ [ 70.784012528564205, 22.924936472920535 ], [ 70.783998337202732, 22.923852976910769 ], [ 70.783705907844336, 22.923856262867027 ], [ 70.783720096882604, 22.924939759049405 ], [ 70.784012528564205, 22.924936472920535 ] ] ], [ [ [ 70.783427665147258, 22.924943044640198 ], [ 70.783431211960391, 22.925213918704543 ], [ 70.783723644276577, 22.925210633070616 ], [ 70.783720096882604, 22.924939759049405 ], [ 70.783427665147258, 22.924943044640198 ] ] ], [ [ [ 70.783434758827269, 22.925484792759139 ], [ 70.783431211960391, 22.925213918704543 ], [ 70.783138779590459, 22.92521720380039 ], [ 70.783142325876511, 22.925488077898123 ], [ 70.783434758827269, 22.925484792759139 ] ] ], [ [ [ 70.786943950041419, 22.925445329119757 ], [ 70.786940396204542, 22.925174455583406 ], [ 70.786647964480196, 22.925177747136321 ], [ 70.786651517736232, 22.925448620715898 ], [ 70.786943950041419, 22.925445329119757 ] ] ], [ [ [ 70.783145872216295, 22.925758951986104 ], [ 70.783142325876511, 22.925488077898123 ], [ 70.782849892872008, 22.925491362499006 ], [ 70.782853438630951, 22.925762236630128 ], [ 70.783145872216295, 22.925758951986104 ] ] ], [ [ [ 70.782564550223697, 22.926036394900528 ], [ 70.782568095509248, 22.926307269055258 ], [ 70.782275660654719, 22.926310552709307 ], [ 70.782282750225264, 22.926852301075741 ], [ 70.781990314155266, 22.926855584277892 ], [ 70.781997402778885, 22.927397332691537 ], [ 70.78170496549339, 22.927400615441762 ], [ 70.78171205317004, 22.927942363902595 ], [ 70.782004491617357, 22.927939081066153 ], [ 70.782000947171269, 22.927668206883716 ], [ 70.782293384983944, 22.927664923552232 ], [ 70.782286295091112, 22.927123175244326 ], [ 70.782578731688275, 22.927119891460922 ], [ 70.782571640848545, 22.926578143200231 ], [ 70.782864076230197, 22.926574858964941 ], [ 70.78285698444364, 22.926033110751483 ], [ 70.782564550223697, 22.926036394900528 ] ] ], [ [ [ 70.785217760154865, 22.927632060638771 ], [ 70.78521420937254, 22.927361186921228 ], [ 70.784921772678331, 22.92736447559108 ], [ 70.784925322879758, 22.927635349351814 ], [ 70.785217760154865, 22.927632060638771 ] ] ], [ [ [ 70.784632885550849, 22.927638637526695 ], [ 70.784636435225167, 22.927909511320848 ], [ 70.784928873134987, 22.927906223102788 ], [ 70.784925322879758, 22.927635349351814 ], [ 70.784632885550849, 22.927638637526695 ] ] ], [ [ [ 70.781715597088905, 22.928213238118374 ], [ 70.78171205317004, 22.927942363902595 ], [ 70.781419614669005, 22.927945646200872 ], [ 70.781423158006959, 22.928216520459749 ], [ 70.781715597088905, 22.928213238118374 ] ] ], [ [ [ 70.78113071887131, 22.928219802262952 ], [ 70.781137804546418, 22.928761550837638 ], [ 70.781430244843932, 22.928758268948251 ], [ 70.781423158006959, 22.928216520459749 ], [ 70.78113071887131, 22.928219802262952 ] ] ], [ [ [ 70.784358194172981, 22.928996294252478 ], [ 70.784354644864464, 22.928725420454178 ], [ 70.784062205104277, 22.928728707725408 ], [ 70.784065753831868, 22.92899958156687 ], [ 70.784358194172981, 22.928996294252478 ] ] ], [ [ [ 70.785527954999552, 22.928983139612996 ], [ 70.785524403367248, 22.928712265987429 ], [ 70.785231963822241, 22.92871555541139 ], [ 70.785235514873619, 22.928986429080151 ], [ 70.785527954999552, 22.928983139612996 ] ] ], [ [ [ 70.781141347464484, 22.929032425110346 ], [ 70.781137804546418, 22.928761550837638 ], [ 70.780845364195216, 22.92876483218884 ], [ 70.780848906532341, 22.929035706504639 ], [ 70.781141347464484, 22.929032425110346 ] ] ], [ [ [ 70.784069302613219, 22.929270455398573 ], [ 70.784065753831868, 22.92899958156687 ], [ 70.783773313436967, 22.92900286834308 ], [ 70.783776861637364, 22.929273742217937 ], [ 70.784069302613219, 22.929270455398573 ] ] ], [ [ [ 70.780852448923142, 22.929306580810675 ], [ 70.780848906532341, 22.929035706504639 ], [ 70.780556465546496, 22.92903898736073 ], [ 70.780560007356343, 22.929309861709847 ], [ 70.780852448923142, 22.929306580810675 ] ] ], [ [ [ 70.786116387938009, 22.929247432593534 ], [ 70.786119940839882, 22.929518306113181 ], [ 70.786412381966244, 22.929515014945043 ], [ 70.78641593550293, 22.929785888411711 ], [ 70.78670837715643, 22.929782596662147 ], [ 70.786711931327943, 22.930053470075844 ], [ 70.787296815635301, 22.93004688487563 ], [ 70.787293260301837, 22.929776011548402 ], [ 70.787878143231765, 22.929769424281833 ], [ 70.787874586790224, 22.929498551031337 ], [ 70.786704823038775, 22.929511723238701 ], [ 70.786690607106692, 22.928428229447302 ], [ 70.786398168357962, 22.928431520980759 ], [ 70.786408828483403, 22.929244141468608 ], [ 70.786116387938009, 22.929247432593534 ] ] ], [ [ [ 70.78378040989152, 22.929544616083032 ], [ 70.783776861637364, 22.929273742217937 ], [ 70.783484420607749, 22.929277028499108 ], [ 70.783487968280937, 22.929547902407357 ], [ 70.78378040989152, 22.929544616083032 ] ] ], [ [ [ 70.780563549219849, 22.929580736049211 ], [ 70.780560007356343, 22.929309861709847 ], [ 70.779975124061735, 22.929316421893592 ], [ 70.779978664763306, 22.929587296319099 ], [ 70.780563549219849, 22.929580736049211 ] ] ], [ [ [ 70.783491516007899, 22.929818776305847 ], [ 70.783487968280937, 22.929547902407357 ], [ 70.783195526616595, 22.929551188193468 ], [ 70.783199073762589, 22.929822062135109 ], [ 70.783491516007899, 22.929818776305847 ] ] ], [ [ [ 70.783199073762589, 22.929822062135109 ], [ 70.782906631463504, 22.929825347426149 ], [ 70.782910178082261, 22.930096221401165 ], [ 70.783202620962314, 22.930092936066988 ], [ 70.783199073762589, 22.929822062135109 ] ] ], [ [ [ 70.781465682250584, 22.931467010805381 ], [ 70.781173236143147, 22.931470293125713 ], [ 70.781176779598113, 22.93174116730086 ], [ 70.781469226286603, 22.931737884937434 ], [ 70.781465682250584, 22.931467010805381 ] ] ], [ [ [ 70.780310064668072, 22.93256363401618 ], [ 70.780306522795243, 22.932292759741063 ], [ 70.780014074729934, 22.93229604003756 ], [ 70.780017616021709, 22.93256691435575 ], [ 70.780310064668072, 22.93256363401618 ] ] ], [ [ [ 70.798789532741807, 22.870045258511777 ], [ 70.79878596498358, 22.86977438485069 ], [ 70.798493653884066, 22.869777690664527 ], [ 70.798497221063286, 22.870048564369114 ], [ 70.798789532741807, 22.870045258511777 ] ] ], [ [ [ 70.799374155936462, 22.870038645187208 ], [ 70.799081844366214, 22.870041952117813 ], [ 70.799085412757606, 22.870312825725652 ], [ 70.79937772490689, 22.87030951875154 ], [ 70.799374155936462, 22.870038645187208 ] ] ], [ [ [ 70.799381293931447, 22.870580392306127 ], [ 70.799673606605609, 22.870577084751851 ], [ 70.799670037002002, 22.870306211240784 ], [ 70.79937772490689, 22.87030951875154 ], [ 70.799381293931447, 22.870580392306127 ] ] ], [ [ [ 70.799973059753398, 22.871115523566772 ], [ 70.799965919225613, 22.87057377666093 ], [ 70.799673606605609, 22.870577084751851 ], [ 70.799680745975309, 22.871118831744745 ], [ 70.799973059753398, 22.871115523566772 ] ] ], [ [ [ 70.79882521330174, 22.872753994586628 ], [ 70.798818076756632, 22.872212247449628 ], [ 70.799110393013478, 22.872208940707637 ], [ 70.799106824243054, 22.871938067168024 ], [ 70.799399139866651, 22.871934759932849 ], [ 70.799392001330105, 22.871393012911394 ], [ 70.79909968686465, 22.871396320059553 ], [ 70.799103255526774, 22.871667193618659 ], [ 70.798810940428098, 22.871670500273645 ], [ 70.7988145085653, 22.871941373866512 ], [ 70.798522192833403, 22.87194468002831 ], [ 70.798525760445656, 22.872215553654925 ], [ 70.798233444080552, 22.872218859323532 ], [ 70.79825484741616, 22.873844101139483 ], [ 70.79942412645056, 22.873830874200891 ], [ 70.799427696179194, 22.874101747628767 ], [ 70.799720016381556, 22.874098439508764 ], [ 70.799716446073788, 22.873827566124408 ], [ 70.800008765642829, 22.873824257511192 ], [ 70.800005194810083, 22.873553384160616 ], [ 70.798835918525455, 22.873566615219019 ], [ 70.798832350063407, 22.873295741684636 ], [ 70.798540031436005, 22.873299048063917 ], [ 70.798532895832565, 22.872757300878916 ], [ 70.79882521330174, 22.872753994586628 ] ] ], [ [ [ 70.800596976663584, 22.874088511928317 ], [ 70.800593404618382, 22.873817638674556 ], [ 70.800301085157699, 22.873820948361242 ], [ 70.800304656623766, 22.874091821658542 ], [ 70.800596976663584, 22.874088511928317 ] ] ], [ [ [ 70.802058576049603, 22.874071955226118 ], [ 70.802055001108684, 22.873801082190163 ], [ 70.801762681919072, 22.873804394560509 ], [ 70.801766256280843, 22.874075267640034 ], [ 70.802058576049603, 22.874071955226118 ] ] ], [ [ [ 70.801174470227863, 22.873540144514596 ], [ 70.801181616580649, 22.874081890857649 ], [ 70.800596976663584, 22.874088511928317 ], [ 70.800600548763001, 22.874359385172323 ], [ 70.801477510294717, 22.874349452630558 ], [ 70.801466788946811, 22.873536833261273 ], [ 70.801174470227863, 22.873540144514596 ] ] ], [ [ [ 70.800308228144019, 22.87436269494609 ], [ 70.800304656623766, 22.874091821658542 ], [ 70.799720016381556, 22.874098439508764 ], [ 70.799723586743497, 22.87436931288337 ], [ 70.800308228144019, 22.87436269494609 ] ] ], [ [ [ 70.800604120916589, 22.874630258406583 ], [ 70.800600548763001, 22.874359385172323 ], [ 70.800308228144019, 22.87436269494609 ], [ 70.800311799718457, 22.874633568223889 ], [ 70.800604120916589, 22.874630258406583 ] ] ], [ [ [ 70.801773405167111, 22.874617013769839 ], [ 70.801769830696855, 22.874346140709815 ], [ 70.801477510294717, 22.874349452630558 ], [ 70.801481084185795, 22.874620325734156 ], [ 70.801773405167111, 22.874617013769839 ] ] ], [ [ [ 70.800900014847514, 22.874897821233496 ], [ 70.800896442060548, 22.874626948052526 ], [ 70.800604120916589, 22.874630258406583 ], [ 70.800607693124391, 22.874901131631091 ], [ 70.800900014847514, 22.874897821233496 ] ] ], [ [ [ 70.801484658131116, 22.874891198827999 ], [ 70.801481084185795, 22.874620325734156 ], [ 70.801188763150279, 22.874623637161715 ], [ 70.801192336516422, 22.874894510299132 ], [ 70.801484658131116, 22.874891198827999 ] ] ], [ [ [ 70.80092859909476, 22.877064806330239 ], [ 70.800925025874108, 22.876793933227269 ], [ 70.800632700096557, 22.876797243929715 ], [ 70.800629127509367, 22.876526370773437 ], [ 70.800336802256851, 22.876529680895526 ], [ 70.800329658403498, 22.875987934466661 ], [ 70.800037334255222, 22.875991243964883 ], [ 70.800040905575585, 22.876262117227718 ], [ 70.799748580793903, 22.876265426232674 ], [ 70.799752151589232, 22.876536299529299 ], [ 70.799459826174157, 22.876539608040972 ], [ 70.799466966768861, 22.87708135469201 ], [ 70.798882313459259, 22.877087970278989 ], [ 70.798885882679357, 22.877358843676909 ], [ 70.798593555364093, 22.87736215070867 ], [ 70.798597124059071, 22.877633024140337 ], [ 70.799181779793983, 22.877626409452979 ], [ 70.799185349701645, 22.877897282787899 ], [ 70.799477678067149, 22.877893974595455 ], [ 70.799470537147457, 22.877352228002906 ], [ 70.799762864300249, 22.877348919360667 ], [ 70.799759293342404, 22.877078046093295 ], [ 70.800051619861776, 22.877074736957752 ], [ 70.800048048378869, 22.876803863724163 ], [ 70.800340374264806, 22.876800554095343 ], [ 70.800343946326961, 22.877071427285404 ], [ 70.80092859909476, 22.877064806330239 ] ] ], [ [ [ 70.802397382461805, 22.877589990289046 ], [ 70.802393806236466, 22.877319117423429 ], [ 70.801809152852414, 22.877325743833911 ], [ 70.801812727919256, 22.877596616786686 ], [ 70.802397382461805, 22.877589990289046 ] ] ], [ [ [ 70.801231647122279, 22.877874114167181 ], [ 70.801228073159749, 22.877603241137017 ], [ 70.800935745698652, 22.877606552506933 ], [ 70.800939319081934, 22.877877425580657 ], [ 70.801231647122279, 22.877874114167181 ] ] ], [ [ [ 70.798600692808193, 22.877903897562259 ], [ 70.798597124059071, 22.877633024140337 ], [ 70.798012468107586, 22.877639636680357 ], [ 70.798016035698168, 22.877910510189253 ], [ 70.798600692808193, 22.877903897562259 ] ] ], [ [ [ 70.79801960334288, 22.8781813836884 ], [ 70.798016035698168, 22.877910510189253 ], [ 70.797723707061962, 22.877913815697486 ], [ 70.797730841246931, 22.878455562772999 ], [ 70.798315500782351, 22.878448951045755 ], [ 70.798311932504234, 22.878178077599838 ], [ 70.79801960334288, 22.8781813836884 ] ] ], [ [ [ 70.8003546628386, 22.877884046797096 ], [ 70.800361807450642, 22.878425793089473 ], [ 70.800654136757984, 22.878422482662593 ], [ 70.800661282745423, 22.878964228828885 ], [ 70.800953613157134, 22.878960917778056 ], [ 70.800939319081934, 22.877877425580657 ], [ 70.8003546628386, 22.877884046797096 ] ] ], [ [ [ 70.798614968346115, 22.878987391152446 ], [ 70.79861139938042, 22.878716517769522 ], [ 70.798319069114598, 22.878719824481919 ], [ 70.798322637501002, 22.878990697908339 ], [ 70.798614968346115, 22.878987391152446 ] ] ], [ [ [ 70.801249517748303, 22.879228479171765 ], [ 70.801245943514644, 22.878957606190351 ], [ 70.800953613157134, 22.878960917778056 ], [ 70.800957186811473, 22.879231790803018 ], [ 70.801249517748303, 22.879228479171765 ] ] ], [ [ [ 70.800083765646363, 22.879512595621406 ], [ 70.800080193675782, 22.879241722475552 ], [ 70.799495531314349, 22.879248340906205 ], [ 70.799499102126305, 22.879519214139112 ], [ 70.800083765646363, 22.879512595621406 ] ] ], [ [ [ 70.799206770284997, 22.879522522592637 ], [ 70.799203200052375, 22.87925164931622 ], [ 70.798910868736229, 22.879254957189353 ], [ 70.798914438389545, 22.879525830509284 ], [ 70.799206770284997, 22.879522522592637 ] ] ], [ [ [ 70.802422417558375, 22.879486100075368 ], [ 70.802418840953237, 22.879215227278006 ], [ 70.80154184863089, 22.879225167003632 ], [ 70.801545423498069, 22.879496039931738 ], [ 70.802422417558375, 22.879486100075368 ] ] ], [ [ [ 70.80067914866261, 22.880318594073994 ], [ 70.800675575370761, 22.880047721044473 ], [ 70.800383242587529, 22.880051031732616 ], [ 70.800386815300044, 22.88032190480568 ], [ 70.80067914866261, 22.880318594073994 ] ] ], [ [ [ 70.800393960887661, 22.880863650922556 ], [ 70.800390388066745, 22.880592777868998 ], [ 70.800098054070617, 22.880596088107318 ], [ 70.800101626312156, 22.880866961204418 ], [ 70.800393960887661, 22.880863650922556 ] ] ], [ [ [ 70.800108770957806, 22.881408707369367 ], [ 70.800105198607881, 22.881137834291771 ], [ 70.799812863398842, 22.881141144080239 ], [ 70.799816435169376, 22.881412017201374 ], [ 70.800108770957806, 22.881408707369367 ] ] ], [ [ [ 70.798950137901116, 22.882234563172318 ], [ 70.798946567706253, 22.881963689949892 ], [ 70.798654230542354, 22.881966997721172 ], [ 70.798657800157798, 22.882237870987101 ], [ 70.798950137901116, 22.882234563172318 ] ] ], [ [ [ 70.798664939551159, 22.882779617489714 ], [ 70.7986613698274, 22.882508744243285 ], [ 70.798369031450505, 22.882512051564603 ], [ 70.798372600594831, 22.882782924854535 ], [ 70.798664939551159, 22.882779617489714 ] ] ], [ [ [ 70.802183733156852, 22.883552505341786 ], [ 70.802176579531846, 22.883010759942682 ], [ 70.801884240646487, 22.883014073794673 ], [ 70.801891393112584, 22.883555819280939 ], [ 70.802183733156852, 22.883552505341786 ] ] ], [ [ [ 70.801599053014087, 22.883559132683104 ], [ 70.801616932231326, 22.884913496445972 ], [ 70.801909275227217, 22.884910182825934 ], [ 70.801891393112584, 22.883555819280939 ], [ 70.801599053014087, 22.883559132683104 ] ] ], [ [ [ 70.801624084297927, 22.885455241882852 ], [ 70.801616932231326, 22.884913496445972 ], [ 70.801324589181206, 22.884916809528992 ], [ 70.801331740088784, 22.885458555053003 ], [ 70.801624084297927, 22.885455241882852 ] ] ], [ [ [ 70.801039395825413, 22.885461867686129 ], [ 70.801050120854939, 22.886274486029688 ], [ 70.801342466856909, 22.886271173265882 ], [ 70.801331740088784, 22.885458555053003 ], [ 70.801039395825413, 22.885461867686129 ] ] ], [ [ [ 70.800187376367546, 22.887367912609541 ], [ 70.800205244891885, 22.888722276778591 ], [ 70.800497596272749, 22.888718965234087 ], [ 70.800483299026453, 22.887635474092519 ], [ 70.800775648034687, 22.887632162185085 ], [ 70.800761349337506, 22.886548671061668 ], [ 70.801053695973238, 22.886545358791373 ], [ 70.801050120854939, 22.886274486029688 ], [ 70.800465428688327, 22.886281109946122 ], [ 70.800479724850405, 22.887364601282737 ], [ 70.800187376367546, 22.887367912609541 ] ] ], [ [ [ 70.798144505009645, 22.887661950016568 ], [ 70.798140935470272, 22.887391076858666 ], [ 70.797848586554039, 22.887394383888761 ], [ 70.797852155513809, 22.887665257090152 ], [ 70.798144505009645, 22.887661950016568 ] ] ], [ [ [ 70.797855724527707, 22.887936130281791 ], [ 70.797852155513809, 22.887665257090152 ], [ 70.797559805963843, 22.887668563626633 ], [ 70.797563374398152, 22.887939436861746 ], [ 70.797855724527707, 22.887936130281791 ] ] ], [ [ [ 70.798465417352361, 22.889825626970136 ], [ 70.798451135468625, 22.888742134766037 ], [ 70.798158783708502, 22.888745442550675 ], [ 70.798173063273651, 22.889828934928754 ], [ 70.798465417352361, 22.889825626970136 ] ] ], [ [ [ 70.800807823275335, 22.890070016642227 ], [ 70.800789947599412, 22.88871565315246 ], [ 70.800497596272749, 22.888718965234087 ], [ 70.800515469050438, 22.890073328941593 ], [ 70.800807823275335, 22.890070016642227 ] ] ], [ [ [ 70.799060840806746, 22.890631628231109 ], [ 70.799057268932756, 22.890360755310976 ], [ 70.798764913803041, 22.890364064430912 ], [ 70.798768485097341, 22.890634937394548 ], [ 70.799060840806746, 22.890631628231109 ] ] ], [ [ [ 70.801107329255288, 22.890608449046216 ], [ 70.801103753323517, 22.890337576430834 ], [ 70.800811398573174, 22.890340889310917 ], [ 70.80081497392527, 22.890611761969858 ], [ 70.801107329255288, 22.890608449046216 ] ] ], [ [ [ 70.80169919409758, 22.891143566614652 ], [ 70.801695616897959, 22.890872694105916 ], [ 70.801987972644923, 22.890869379527192 ], [ 70.802005862084158, 22.892223741755434 ], [ 70.802298220675425, 22.892220426421598 ], [ 70.802262437356603, 22.889511702157108 ], [ 70.801677731713625, 22.889518331415921 ], [ 70.801692039752595, 22.890601821587431 ], [ 70.801399684531063, 22.890605135585407 ], [ 70.801403261096738, 22.890876008147465 ], [ 70.801110905241273, 22.890879321651838 ], [ 70.801114481281516, 22.891150194247711 ], [ 70.80169919409758, 22.891143566614652 ] ] ], [ [ [ 70.799374632321886, 22.892253555585381 ], [ 70.799360341531894, 22.891170064254467 ], [ 70.799067984717254, 22.891173374042111 ], [ 70.799082273188375, 22.89225686554709 ], [ 70.799374632321886, 22.892253555585381 ] ] ], [ [ [ 70.799410363089876, 22.894962283229876 ], [ 70.799385350983314, 22.893066173981143 ], [ 70.799092990110552, 22.893069484073397 ], [ 70.799117998158522, 22.894965593626747 ], [ 70.799410363089876, 22.894962283229876 ] ] ], [ [ [ 70.802077433407632, 22.897641188229443 ], [ 70.802070275298419, 22.897099443757657 ], [ 70.80177790621623, 22.897102759338733 ], [ 70.801785063165639, 22.897644503897684 ], [ 70.802077433407632, 22.897641188229443 ] ] ], [ [ [ 70.798879222088871, 22.899031994429503 ], [ 70.798872076195806, 22.898490249097225 ], [ 70.799164448719836, 22.898486938671994 ], [ 70.799157301883611, 22.89794519338772 ], [ 70.799449673193593, 22.89794188251215 ], [ 70.799421083376956, 22.895774901333006 ], [ 70.799128716706079, 22.895778211860435 ], [ 70.799117998158522, 22.894965593626747 ], [ 70.798825633172996, 22.894968903486337 ], [ 70.798847067276611, 22.896594140126989 ], [ 70.798554698757783, 22.89659744971031 ], [ 70.79856541480126, 22.897410068029458 ], [ 70.798273044488568, 22.897413377205947 ], [ 70.798276616031487, 22.897684250002985 ], [ 70.797984245084734, 22.897687558685615 ], [ 70.798005671999931, 22.89931279552393 ], [ 70.797713297519351, 22.899316103930108 ], [ 70.797720439097688, 22.899857849551815 ], [ 70.79713568765419, 22.899864464925866 ], [ 70.797142827129122, 22.900406210682448 ], [ 70.797727580892598, 22.900399595134495 ], [ 70.797724009968064, 22.900128722348033 ], [ 70.798016386188593, 22.900125413811399 ], [ 70.798009243341994, 22.899583668296177 ], [ 70.79830161834839, 22.899580359309105 ], [ 70.798298046426353, 22.899309486580353 ], [ 70.798590420798604, 22.89930617709938 ], [ 70.798586848350766, 22.899035304404372 ], [ 70.798879222088871, 22.899031994429503 ] ] ], [ [ [ 70.802384122784773, 22.898721360675967 ], [ 70.802380542905993, 22.898450488527576 ], [ 70.802088170978493, 22.898453804863937 ], [ 70.802091750277341, 22.898724677055924 ], [ 70.802384122784773, 22.898721360675967 ] ] ], [ [ [ 70.801810114197906, 22.899540609546658 ], [ 70.801806535316203, 22.899269737340358 ], [ 70.801221787710176, 22.89927636758766 ], [ 70.801225365431918, 22.899547239881102 ], [ 70.801810114197906, 22.899540609546658 ] ] ], [ [ [ 70.802690817615755, 22.899801532080247 ], [ 70.802687236939846, 22.899530660014474 ], [ 70.8021024884995, 22.899537293573331 ], [ 70.802106068015448, 22.899808165726288 ], [ 70.802690817615755, 22.899801532080247 ] ] ], [ [ [ 70.795973318952676, 22.900419435329191 ], [ 70.795966184117759, 22.899877689224986 ], [ 70.795673808098385, 22.89988099395622 ], [ 70.795680941773313, 22.900422740147299 ], [ 70.795973318952676, 22.900419435329191 ] ] ], [ [ [ 70.797146396947767, 22.900677083546103 ], [ 70.797142827129122, 22.900406210682448 ], [ 70.796850450166176, 22.900409517650274 ], [ 70.796854019404819, 22.900680390557401 ], [ 70.797146396947767, 22.900677083546103 ] ] ], [ [ [ 70.796561641807756, 22.900683697031255 ], [ 70.796565210520484, 22.900954569972079 ], [ 70.796857588697577, 22.900951263454761 ], [ 70.796854019404819, 22.900680390557401 ], [ 70.796561641807756, 22.900683697031255 ] ] ], [ [ [ 70.795121148697717, 22.902325460140698 ], [ 70.795117582614736, 22.902054587031465 ], [ 70.795702344096142, 22.902047978486429 ], [ 70.79569877690713, 22.901777105454297 ], [ 70.795991156986645, 22.901773800419001 ], [ 70.795984021610778, 22.90123205441234 ], [ 70.796568779287341, 22.901225442903147 ], [ 70.796565210520484, 22.900954569972079 ], [ 70.79627283228929, 22.900957875951949 ], [ 70.796269264156564, 22.900687002967683 ], [ 70.795684508691906, 22.90069361322821 ], [ 70.795695209772191, 22.901506232412409 ], [ 70.795402830218634, 22.901509536866804 ], [ 70.795406396773529, 22.901780409952121 ], [ 70.794529256048264, 22.901790320220794 ], [ 70.794532820917041, 22.902061193426608 ], [ 70.794240439987121, 22.902064495817964 ], [ 70.794244004329897, 22.902335369057422 ], [ 70.793951622765846, 22.902338670954698 ], [ 70.793955186582579, 22.902609544227797 ], [ 70.793662804384425, 22.90261284563098 ], [ 70.793666367675115, 22.902883718937712 ], [ 70.793373984842844, 22.902887019846784 ], [ 70.793381110426097, 22.903428766517756 ], [ 70.793965878357028, 22.903422163988584 ], [ 70.793962314378163, 22.903151290744741 ], [ 70.794254697682462, 22.903147988717279 ], [ 70.794251133177568, 22.902877115507074 ], [ 70.794543515847721, 22.902873812985515 ], [ 70.794539950816784, 22.902602939808965 ], [ 70.794832332852806, 22.902599636793315 ], [ 70.794828767295826, 22.902328763650424 ], [ 70.795121148697717, 22.902325460140698 ] ] ], [ [ [ 70.798629721300287, 22.90228577610057 ], [ 70.798626148256531, 22.902014903512875 ], [ 70.798333768084149, 22.90201821342885 ], [ 70.798337340547832, 22.902289086060044 ], [ 70.798629721300287, 22.90228577610057 ] ] ], [ [ [ 70.792215134468293, 22.903712838620265 ], [ 70.792211573916092, 22.90344196512596 ], [ 70.791919189653598, 22.903445263434229 ], [ 70.791922749625684, 22.903716136971877 ], [ 70.792215134468293, 22.903712838620265 ] ] ], [ [ [ 70.792803465757956, 22.903977113702318 ], [ 70.792799903991536, 22.903706240304473 ], [ 70.792507519256915, 22.903709539731135 ], [ 70.792511080443219, 22.903980413172334 ], [ 70.792803465757956, 22.903977113702318 ] ] ], [ [ [ 70.796315654102145, 22.904208351002328 ], [ 70.796312085320139, 22.90393747813512 ], [ 70.796019700654014, 22.903940784055433 ], [ 70.79602326885589, 22.904211656966094 ], [ 70.796315654102145, 22.904208351002328 ] ] ], [ [ [ 70.795730883555535, 22.904214962392317 ], [ 70.795734451231354, 22.904485835336658 ], [ 70.796026837111853, 22.904482529866986 ], [ 70.79602326885589, 22.904211656966094 ], [ 70.795730883555535, 22.904214962392317 ] ] ], [ [ [ 70.795738018961288, 22.904756708271247 ], [ 70.795734451231354, 22.904485835336658 ], [ 70.795442065296783, 22.904489140268794 ], [ 70.795445632446558, 22.904760013246808 ], [ 70.795738018961288, 22.904756708271247 ] ] ], [ [ [ 70.795153245877742, 22.904763317684829 ], [ 70.795156812501446, 22.905034190696508 ], [ 70.79544919965042, 22.905030886215069 ], [ 70.795445632446558, 22.904760013246808 ], [ 70.795153245877742, 22.904763317684829 ] ] ], [ [ [ 70.795160379179237, 22.905305063698435 ], [ 70.795156812501446, 22.905034190696508 ], [ 70.794864425298414, 22.905037494640403 ], [ 70.794867991396032, 22.905308367685745 ], [ 70.795160379179237, 22.905305063698435 ] ] ], [ [ [ 70.794005085690927, 22.906401769026985 ], [ 70.79400152111765, 22.906130895890456 ], [ 70.793709131377668, 22.906134197857693 ], [ 70.793712695370758, 22.906405071037618 ], [ 70.794005085690927, 22.906401769026985 ] ] ], [ [ [ 70.79314216643921, 22.907495166415288 ], [ 70.793138603390446, 22.907224293187625 ], [ 70.792846211167543, 22.907227593715593 ], [ 70.79284977363605, 22.907498466986624 ], [ 70.79314216643921, 22.907495166415288 ] ] ], [ [ [ 70.792853336158572, 22.907769340247906 ], [ 70.792560942721153, 22.907772640324986 ], [ 70.792564504717433, 22.908043513619877 ], [ 70.79285689873511, 22.908040213499429 ], [ 70.792853336158572, 22.907769340247906 ] ] ], [ [ [ 70.792275672115778, 22.90831768653117 ], [ 70.792568066767714, 22.908314386905005 ], [ 70.792564504717433, 22.908043513619877 ], [ 70.792272110645769, 22.908046813202684 ], [ 70.792275672115778, 22.90831768653117 ] ] ], [ [ [ 70.792279233639789, 22.908588559849907 ], [ 70.792275672115778, 22.90831768653117 ], [ 70.791983277409869, 22.908320985619696 ], [ 70.791986838353594, 22.908591858981779 ], [ 70.792279233639789, 22.908588559849907 ] ] ], [ [ [ 70.813048016519602, 22.865006925257699 ], [ 70.813044421372325, 22.864736053560947 ], [ 70.812459825285444, 22.864742715662608 ], [ 70.812463419275062, 22.865013587447024 ], [ 70.813048016519602, 22.865006925257699 ] ] ], [ [ [ 70.813347506675967, 22.865545336634842 ], [ 70.813340315060046, 22.865003593358299 ], [ 70.813048016519602, 22.865006925257699 ], [ 70.813055206977836, 22.865548668621933 ], [ 70.813347506675967, 22.865545336634842 ] ] ], [ [ [ 70.81306599307436, 22.866361283595143 ], [ 70.813062397654306, 22.866090411947152 ], [ 70.812770096743876, 22.866093743485422 ], [ 70.812773691585079, 22.86636461517724 ], [ 70.81306599307436, 22.866361283595143 ] ] ], [ [ [ 70.812791666609328, 22.867718973490053 ], [ 70.812788071495376, 22.867448101847 ], [ 70.812495767635923, 22.867451433067902 ], [ 70.812499362170954, 22.8677223047548 ], [ 70.812791666609328, 22.867718973490053 ] ] ], [ [ [ 70.811654786166429, 22.870170141255866 ], [ 70.811651192877477, 22.869899269525295 ], [ 70.811358883589264, 22.869902598994226 ], [ 70.811362476299209, 22.870173470768602 ], [ 70.811654786166429, 22.870170141255866 ] ] ], [ [ [ 70.811369661882665, 22.87071521428809 ], [ 70.811366069063695, 22.870444342533222 ], [ 70.811073758562941, 22.87044767155313 ], [ 70.811077350802904, 22.870718543351796 ], [ 70.811369661882665, 22.87071521428809 ] ] ], [ [ [ 70.803780289735428, 22.871614214150984 ], [ 70.803776711808268, 22.871343341288885 ], [ 70.803484398156087, 22.871346656487049 ], [ 70.803487975504169, 22.871617529392768 ], [ 70.803780289735428, 22.871614214150984 ] ] ], [ [ [ 70.810799406857399, 22.871805359151168 ], [ 70.810795814978462, 22.871534487347724 ], [ 70.810503502052569, 22.871537815469502 ], [ 70.810507093352456, 22.87180868731674 ], [ 70.810799406857399, 22.871805359151168 ] ] ], [ [ [ 70.814022048473717, 22.872310456523273 ], [ 70.814018450115981, 22.872039585221437 ], [ 70.813726136631956, 22.872042919334209 ], [ 70.813729734410614, 22.8723137906799 ], [ 70.814022048473717, 22.872310456523273 ] ] ], [ [ [ 70.813733332243871, 22.872584662015832 ], [ 70.813729734410614, 22.8723137906799 ], [ 70.813437420292942, 22.872317124299851 ], [ 70.813441017547106, 22.872587995679641 ], [ 70.813733332243871, 22.872584662015832 ] ] ], [ [ [ 70.802921228642617, 22.872978523084718 ], [ 70.80292480515817, 22.873249396019151 ], [ 70.803509440732583, 22.873242766622329 ], [ 70.803513018460634, 22.873513639459802 ], [ 70.80380533674554, 22.873510323912701 ], [ 70.803801758438382, 22.873239451118849 ], [ 70.804094076089882, 22.873236135078649 ], [ 70.804083339756772, 22.872423516769466 ], [ 70.803498707874112, 22.872430148051421 ], [ 70.803491552906536, 22.871888402288736 ], [ 70.803199238041941, 22.871891717037453 ], [ 70.803213545877853, 22.872975208698268 ], [ 70.802921228642617, 22.872978523084718 ] ] ], [ [ [ 70.809936827290898, 22.872898829679464 ], [ 70.809933236931229, 22.872627957783692 ], [ 70.809640921525613, 22.87263128447055 ], [ 70.809644511306189, 22.872902156410081 ], [ 70.809936827290898, 22.872898829679464 ] ] ], [ [ [ 70.802931958352048, 22.873791141858764 ], [ 70.802928381727966, 22.873520268943835 ], [ 70.802636063280247, 22.873523582880768 ], [ 70.802632487289543, 22.873252709912485 ], [ 70.801755533358204, 22.873262648372211 ], [ 70.801759107611517, 22.873533521471238 ], [ 70.802343744778241, 22.873526896280985 ], [ 70.802347320244067, 22.873797769283097 ], [ 70.802931958352048, 22.873791141858764 ] ] ], [ [ [ 70.809362963198183, 22.87371809849536 ], [ 70.809359373833331, 22.873447226541334 ], [ 70.809067056581483, 22.873450552286059 ], [ 70.8090706453672, 22.87372142428384 ], [ 70.809362963198183, 22.87371809849536 ] ] ], [ [ [ 70.804101233916768, 22.87377788056936 ], [ 70.804097654976175, 22.873507007828888 ], [ 70.80380533674554, 22.873510323912701 ], [ 70.803808915107027, 22.873781196696804 ], [ 70.804101233916768, 22.87377788056936 ] ] ], [ [ [ 70.803812493522784, 22.874052069471151 ], [ 70.803808915107027, 22.873781196696804 ], [ 70.803224277324645, 22.873787827341509 ], [ 70.803227854582147, 22.874058700203083 ], [ 70.803812493522784, 22.874052069471151 ] ] ], [ [ [ 70.804397132246265, 22.874045436592283 ], [ 70.804393552672209, 22.873774563905187 ], [ 70.804101233916768, 22.87377788056936 ], [ 70.804104812911675, 22.874048753300087 ], [ 70.804397132246265, 22.874045436592283 ] ] ], [ [ [ 70.804104812911675, 22.874048753300087 ], [ 70.803812493522784, 22.874052069471151 ], [ 70.80382322909584, 22.874864687735709 ], [ 70.804407871294245, 22.874858054595069 ], [ 70.804404291557276, 22.874587181937226 ], [ 70.804111971064387, 22.874590498732292 ], [ 70.804104812911675, 22.874048753300087 ] ] ], [ [ [ 70.804411451085528, 22.875128927243168 ], [ 70.804703772682444, 22.875125609824071 ], [ 70.804700192311984, 22.874854737219614 ], [ 70.804407871294245, 22.874858054595069 ], [ 70.804411451085528, 22.875128927243168 ] ] ], [ [ [ 70.807922893457075, 22.875359954902049 ], [ 70.807919306661333, 22.875089082787838 ], [ 70.807626985662438, 22.875092406111296 ], [ 70.807630571879002, 22.875363278269216 ], [ 70.807922893457075, 22.875359954902049 ] ] ], [ [ [ 70.805291997296436, 22.875389845883003 ], [ 70.805288415713292, 22.875118973375599 ], [ 70.804996094225032, 22.875122291868216 ], [ 70.804999675228999, 22.875393164419275 ], [ 70.805291997296436, 22.875389845883003 ] ] ], [ [ [ 70.80763415814998, 22.875634150417383 ], [ 70.807630571879002, 22.875363278269216 ], [ 70.807338250246531, 22.875366601099621 ], [ 70.807341835938317, 22.875637473291498 ], [ 70.80763415814998, 22.875634150417383 ] ] ], [ [ [ 70.811142020443441, 22.8755942340599 ], [ 70.811138427222275, 22.875323362436809 ], [ 70.810846106243289, 22.875326691708363 ], [ 70.810849698885292, 22.875597563375248 ], [ 70.811142020443441, 22.8755942340599 ] ] ], [ [ [ 70.807345421684516, 22.875908345473626 ], [ 70.807341835938317, 22.875637473291498 ], [ 70.807049513672254, 22.875640795628843 ], [ 70.807053098839248, 22.875911667854673 ], [ 70.807345421684516, 22.875908345473626 ] ] ], [ [ [ 70.803538064077003, 22.875409749049091 ], [ 70.803541642239338, 22.875680621808559 ], [ 70.803249319266854, 22.875683937167825 ], [ 70.803252896904283, 22.875954809961151 ], [ 70.802960573298307, 22.875958124827243 ], [ 70.802964150410801, 22.876228997654426 ], [ 70.801794853127461, 22.87624225192528 ], [ 70.80179842797736, 22.876513124917061 ], [ 70.803844701707902, 22.876489924001557 ], [ 70.803837543953364, 22.875948178618611 ], [ 70.804129867396455, 22.87594486214217 ], [ 70.804126288021436, 22.875673989479697 ], [ 70.804418610831036, 22.8756706725101 ], [ 70.804411451085528, 22.875128927243168 ], [ 70.804119129434298, 22.875132244125496 ], [ 70.804122708700717, 22.875403116807476 ], [ 70.803538064077003, 22.875409749049091 ] ] ], [ [ [ 70.805006837399901, 22.875934909492134 ], [ 70.805003256287293, 22.875664036960579 ], [ 70.804710933586321, 22.875667355003728 ], [ 70.804714514119738, 22.875938227578928 ], [ 70.805006837399901, 22.875934909492134 ] ] ], [ [ [ 70.80705668406064, 22.876182540070744 ], [ 70.807053098839248, 22.875911667854673 ], [ 70.80646845298557, 22.875918311006419 ], [ 70.806472037048536, 22.876189183309883 ], [ 70.80705668406064, 22.876182540070744 ] ] ], [ [ [ 70.804721675349569, 22.876479972700075 ], [ 70.804718094707496, 22.876209100144379 ], [ 70.804425770793799, 22.876212417738031 ], [ 70.804429350856665, 22.876483290337365 ], [ 70.804721675349569, 22.876479972700075 ] ] ], [ [ [ 70.806475621165902, 22.876460055603591 ], [ 70.806472037048536, 22.876189183309883 ], [ 70.806179713460921, 22.876192504124269 ], [ 70.806183296999066, 22.876463376461661 ], [ 70.806475621165902, 22.876460055603591 ] ] ], [ [ [ 70.806186880591582, 22.876734248789301 ], [ 70.806183296999066, 22.876463376461661 ], [ 70.805598648502311, 22.876470016567414 ], [ 70.805602230936373, 22.876740888982397 ], [ 70.806186880591582, 22.876734248789301 ] ] ], [ [ [ 70.804144185439625, 22.877028352694555 ], [ 70.80414060584738, 22.876757480071085 ], [ 70.803848280666614, 22.876760796678411 ], [ 70.803851859679639, 22.877031669345502 ], [ 70.804144185439625, 22.877028352694555 ] ] ], [ [ [ 70.805605813424791, 22.877011761387632 ], [ 70.805602230936373, 22.876740888982397 ], [ 70.805309906027247, 22.876744208273742 ], [ 70.805313487936431, 22.877015080722636 ], [ 70.805605813424791, 22.877011761387632 ] ] ], [ [ [ 70.803270785905582, 22.877309173781541 ], [ 70.803267207996768, 22.877038301036965 ], [ 70.802974882073912, 22.877041616077474 ], [ 70.802978459403477, 22.877312488865655 ], [ 70.803270785905582, 22.877309173781541 ] ] ], [ [ [ 70.805317069899957, 22.877285953161774 ], [ 70.805313487936431, 22.877015080722636 ], [ 70.805021162393714, 22.877018399520832 ], [ 70.805024743778006, 22.87728927200363 ], [ 70.805317069899957, 22.877285953161774 ] ] ], [ [ [ 70.804735998461098, 22.877563462825353 ], [ 70.804732417601727, 22.877292590308663 ], [ 70.804440091371106, 22.877295908076874 ], [ 70.804443671651228, 22.877566780637213 ], [ 70.804735998461098, 22.877563462825353 ] ] ], [ [ [ 70.808539830486481, 22.87779115435923 ], [ 70.80853624204245, 22.877520282420264 ], [ 70.808243915939514, 22.877523607210822 ], [ 70.808247503804296, 22.877794479193515 ], [ 70.808539830486481, 22.87779115435923 ] ] ], [ [ [ 70.804447251985664, 22.87783765318779 ], [ 70.804443671651228, 22.877566780637213 ], [ 70.804151344787044, 22.877570097912237 ], [ 70.804154924542217, 22.877840970506451 ], [ 70.804447251985664, 22.87783765318779 ] ] ], [ [ [ 70.804158504351705, 22.87811184309091 ], [ 70.804154924542217, 22.877840970506451 ], [ 70.803862597044471, 22.877844287288283 ], [ 70.803866176274695, 22.878115159916376 ], [ 70.804158504351705, 22.87811184309091 ] ] ], [ [ [ 70.803573848143373, 22.878118476204989 ], [ 70.803577426848605, 22.87838934886695 ], [ 70.803869755559205, 22.878386032534717 ], [ 70.803866176274695, 22.878115159916376 ], [ 70.803573848143373, 22.878118476204989 ] ] ], [ [ [ 70.803292254498459, 22.878934410044227 ], [ 70.803288676263946, 22.878663537358157 ], [ 70.803581005608123, 22.878660221519155 ], [ 70.803577426848605, 22.87838934886695 ], [ 70.802992769264534, 22.878395979920882 ], [ 70.802996346865484, 22.878666852660302 ], [ 70.802704017412736, 22.878670167425593 ], [ 70.802707594488666, 22.878941040198868 ], [ 70.803292254498459, 22.878934410044227 ] ] ], [ [ [ 70.802415264402356, 22.878944354470896 ], [ 70.802418840953237, 22.879215227278006 ], [ 70.802711171618853, 22.87921191296239 ], [ 70.802707594488666, 22.878941040198868 ], [ 70.802415264402356, 22.878944354470896 ] ] ], [ [ [ 70.804768228640143, 22.880001315036733 ], [ 70.804764647291819, 22.879730442607812 ], [ 70.804472315847619, 22.879733760768797 ], [ 70.804475896616623, 22.880004633241366 ], [ 70.804768228640143, 22.880001315036733 ] ] ], [ [ [ 70.803901971563405, 22.880823885660924 ], [ 70.80389839179017, 22.880553013130356 ], [ 70.803606058445013, 22.880556329811562 ], [ 70.8036096376389, 22.880827202385753 ], [ 70.803901971563405, 22.880823885660924 ] ] ], [ [ [ 70.803613216887072, 22.881098074950188 ], [ 70.8036096376389, 22.880827202385753 ], [ 70.803317303660094, 22.880830518573664 ], [ 70.803320882328904, 22.881101391181716 ], [ 70.803613216887072, 22.881098074950188 ] ] ], [ [ [ 70.803028547716437, 22.881104706876325 ], [ 70.803032125860156, 22.881375579518238 ], [ 70.803324461052, 22.881372263780023 ], [ 70.803320882328904, 22.881101391181716 ], [ 70.803028547716437, 22.881104706876325 ] ] ], [ [ [ 70.802750523632682, 22.882191512717547 ], [ 70.80274694590554, 22.881920640061292 ], [ 70.802454609446372, 22.881923954812844 ], [ 70.802458186594123, 22.882194827512691 ], [ 70.802750523632682, 22.882191512717547 ] ] ], [ [ [ 70.802465341052411, 22.882736572883132 ], [ 70.802461763796131, 22.88246570020279 ], [ 70.802169426123868, 22.882469014504572 ], [ 70.802173002800728, 22.882739887228503 ], [ 70.802465341052411, 22.882736572883132 ] ] ], [ [ [ 70.812523539437223, 22.891562309582945 ], [ 70.812519940680019, 22.891291438710834 ], [ 70.811935230730683, 22.891298106182575 ], [ 70.811938828328493, 22.891568977142335 ], [ 70.812523539437223, 22.891562309582945 ] ] ], [ [ [ 70.811653666892184, 22.892114052094136 ], [ 70.811650069764951, 22.891843181110076 ], [ 70.811942425980874, 22.891839848092335 ], [ 70.811938828328493, 22.891568977142335 ], [ 70.811354117001514, 22.891575642552993 ], [ 70.811357713494488, 22.891846513590622 ], [ 70.810480644355835, 22.891856507809127 ], [ 70.810477049602, 22.891585636640102 ], [ 70.810184693693117, 22.891588966928097 ], [ 70.810188287867248, 22.89185983814091 ], [ 70.809018861367846, 22.891873154096118 ], [ 70.80902245327762, 22.892144025474231 ], [ 70.811653666892184, 22.892114052094136 ] ] ], [ [ [ 70.808733687321364, 22.892418224575909 ], [ 70.808730095936838, 22.8921473531638 ], [ 70.808437738541599, 22.892150680316167 ], [ 70.808441329346394, 22.892421551772017 ], [ 70.808733687321364, 22.892418224575909 ] ] ], [ [ [ 70.808148971316967, 22.892424878430912 ], [ 70.808152561596458, 22.892695749920733 ], [ 70.808444920205645, 22.892692423218097 ], [ 70.808441329346394, 22.892421551772017 ], [ 70.808148971316967, 22.892424878430912 ] ] ], [ [ [ 70.807575022618153, 22.89324414483962 ], [ 70.807571433389256, 22.892973273281864 ], [ 70.807279074037012, 22.89297659841656 ], [ 70.807282662686163, 22.893247470018032 ], [ 70.807575022618153, 22.89324414483962 ] ] ], [ [ [ 70.806412756546592, 22.89379918576574 ], [ 70.806409169527925, 22.893528314052688 ], [ 70.806993890823534, 22.893521666294625 ], [ 70.806990302699745, 22.89325079465921 ], [ 70.805236141638815, 22.893270731224401 ], [ 70.805239726284015, 22.893541603121918 ], [ 70.806116808798521, 22.893531637125854 ], [ 70.8061203952374, 22.89380250888259 ], [ 70.806412756546592, 22.89379918576574 ] ] ], [ [ [ 70.80553925778959, 22.894080025338891 ], [ 70.805535672455889, 22.893809153504559 ], [ 70.805243310983556, 22.893812475009668 ], [ 70.805246895737469, 22.894083346887665 ], [ 70.80553925778959, 22.894080025338891 ] ] ], [ [ [ 70.804961702142307, 22.894628411713224 ], [ 70.804958117859485, 22.894357539811082 ], [ 70.805250480545752, 22.894354218755907 ], [ 70.805246895737469, 22.894083346887665 ], [ 70.804662171470156, 22.894089988373448 ], [ 70.804669338821881, 22.894631732274789 ], [ 70.804961702142307, 22.894628411713224 ] ] ], [ [ [ 70.804088194615744, 22.89490924380943 ], [ 70.804084612017988, 22.894638371786112 ], [ 70.803499884996768, 22.894645009148348 ], [ 70.80350346643489, 22.894915881258921 ], [ 70.804088194615744, 22.89490924380943 ] ] ], [ [ [ 70.804095359974227, 22.895450987826784 ], [ 70.804091777267828, 22.895180115822988 ], [ 70.803799412624727, 22.895183434860002 ], [ 70.803802994751308, 22.895454306907428 ], [ 70.804095359974227, 22.895450987826784 ] ] ], [ [ [ 70.803521374440194, 22.896270241665402 ], [ 70.803514211075125, 22.895728497532083 ], [ 70.803221845163733, 22.895731815581751 ], [ 70.803229007369069, 22.896273559802314 ], [ 70.803521374440194, 22.896270241665402 ] ] ], [ [ [ 70.802644273063947, 22.89628019446419 ], [ 70.802640693093835, 22.896009322271574 ], [ 70.802348326439699, 22.896012638752939 ], [ 70.802351905829937, 22.89628351098915 ], [ 70.802644273063947, 22.89628019446419 ] ] ], [ [ [ 70.802943801506473, 22.896818621670658 ], [ 70.802940220847915, 22.896547749541163 ], [ 70.802647853088331, 22.896551066647053 ], [ 70.802651433167014, 22.896821938820146 ], [ 70.802943801506473, 22.896818621670658 ] ] ], [ [ [ 70.802658593487251, 22.897363683137076 ], [ 70.802655013299983, 22.897092810983491 ], [ 70.802362644326351, 22.897096127639244 ], [ 70.802366223933717, 22.897366999836425 ], [ 70.802658593487251, 22.897363683137076 ] ] ], [ [ [ 70.80353928380336, 22.89762460182796 ], [ 70.803535701822099, 22.897353729814959 ], [ 70.80324333243145, 22.897357048126342 ], [ 70.803246913832808, 22.897627920182956 ], [ 70.80353928380336, 22.89762460182796 ] ] ], [ [ [ 70.803246913832808, 22.897627920182956 ], [ 70.802954543807957, 22.897631238000606 ], [ 70.802958124683713, 22.897902110091071 ], [ 70.803250495288481, 22.89789879222981 ], [ 70.803246913832808, 22.897627920182956 ] ] ], [ [ [ 70.802665754024645, 22.897905427414972 ], [ 70.802373383311291, 22.897908744201512 ], [ 70.802380542905993, 22.898450488527576 ], [ 70.802672914779208, 22.898447171653842 ], [ 70.802665754024645, 22.897905427414972 ] ] ], [ [ [ 70.802979611078598, 22.899527342428954 ], [ 70.802972448729761, 22.898985598355356 ], [ 70.802680075750956, 22.898988915853671 ], [ 70.802687236939846, 22.899530660014474 ], [ 70.802979611078598, 22.899527342428954 ] ] ], [ [ [ 70.831998308851979, 22.839324160426585 ], [ 70.831994680683522, 22.839053290721374 ], [ 70.831702440655192, 22.839056653283595 ], [ 70.83170606824568, 22.839327523033099 ], [ 70.831998308851979, 22.839324160426585 ] ] ], [ [ [ 70.831709695891234, 22.839598392772842 ], [ 70.83170606824568, 22.839327523033099 ], [ 70.831413827584299, 22.839330885103809 ], [ 70.83141745465187, 22.839601754887834 ], [ 70.831709695891234, 22.839598392772842 ] ] ], [ [ [ 70.831128839902078, 22.839875986285563 ], [ 70.831121586867837, 22.839334246638725 ], [ 70.830829346096294, 22.839337607637834 ], [ 70.830836597974567, 22.839879347373213 ], [ 70.831128839902078, 22.839875986285563 ] ] ], [ [ [ 70.830843850073066, 22.840421087069565 ], [ 70.83084022399629, 22.840150217226263 ], [ 70.830255738820085, 22.840156937882632 ], [ 70.830262988716626, 22.840698677736505 ], [ 70.830555232488294, 22.840695317587731 ], [ 70.830551606934478, 22.840424447709925 ], [ 70.830843850073066, 22.840421087069565 ] ] ], [ [ [ 70.829970744889934, 22.840702037349448 ], [ 70.829974369342736, 22.840972907305996 ], [ 70.830266613747469, 22.840969547648811 ], [ 70.830262988716626, 22.840698677736505 ], [ 70.829970744889934, 22.840702037349448 ] ] ], [ [ [ 70.829101258572067, 22.841253853141986 ], [ 70.829108504284491, 22.841795593271712 ], [ 70.829400750588462, 22.841792235089379 ], [ 70.829397127126683, 22.841521365073618 ], [ 70.829689372797574, 22.84151800639966 ], [ 70.82968574881275, 22.841247136418378 ], [ 70.829977993850562, 22.841243777252792 ], [ 70.829974369342736, 22.840972907305996 ], [ 70.829389880368169, 22.840979625012839 ], [ 70.829393503719913, 22.841250495048104 ], [ 70.829101258572067, 22.841253853141986 ] ] ], [ [ [ 70.828827125172509, 22.842611561172276 ], [ 70.82881988028619, 22.842069821012629 ], [ 70.829112127223226, 22.842066463321945 ], [ 70.829108504284491, 22.841795593271712 ], [ 70.828524011511561, 22.841802308028772 ], [ 70.82853487702431, 22.842614918415507 ], [ 70.828827125172509, 22.842611561172276 ] ] ], [ [ [ 70.828542120974447, 22.843156658624558 ], [ 70.82853487702431, 22.842614918415507 ], [ 70.828242628821116, 22.842618275122852 ], [ 70.828249871615043, 22.84316001542031 ], [ 70.828542120974447, 22.843156658624558 ] ] ], [ [ [ 70.827957622200643, 22.843163371680166 ], [ 70.827961243101967, 22.843434241858461 ], [ 70.828253493094479, 22.843430885554408 ], [ 70.828249871615043, 22.84316001542031 ], [ 70.827957622200643, 22.843163371680166 ] ] ], [ [ [ 70.832344987212096, 22.843383841027347 ], [ 70.832341357639095, 22.843112971512774 ], [ 70.832049108995292, 22.843116335275226 ], [ 70.832052737990182, 22.843387204834102 ], [ 70.831468239381067, 22.843393930839895 ], [ 70.831482751286572, 22.844477409332143 ], [ 70.831775002931209, 22.844474046420064 ], [ 70.83177863162345, 22.844744915974449 ], [ 70.832070883791118, 22.844741552482148 ], [ 70.832067254520737, 22.844470682972052 ], [ 70.832651757534478, 22.844463954468235 ], [ 70.832648127162912, 22.844193085036984 ], [ 70.832940378008985, 22.844189720025494 ], [ 70.83293311627493, 22.84364798122235 ], [ 70.832640866585109, 22.843651346145222 ], [ 70.832637236378886, 22.8433804766847 ], [ 70.832344987212096, 22.843383841027347 ] ] ], [ [ [ 70.830616875326285, 22.845300104017937 ], [ 70.830613248836542, 22.845029234305969 ], [ 70.830320995815313, 22.845032595162817 ], [ 70.830324621726888, 22.845303464919049 ], [ 70.830616875326285, 22.845300104017937 ] ] ], [ [ [ 70.831789518030718, 22.845557524579075 ], [ 70.831782260370773, 22.845015785519077 ], [ 70.831490007569826, 22.845019148519722 ], [ 70.831497264073434, 22.845560887668288 ], [ 70.831789518030718, 22.845557524579075 ] ] ], [ [ [ 70.830912755993594, 22.845567612238824 ], [ 70.830909128870616, 22.845296742580878 ], [ 70.830616875326285, 22.845300104017937 ], [ 70.830620501871081, 22.845570973720154 ], [ 70.830912755993594, 22.845567612238824 ] ] ], [ [ [ 70.832114439333907, 22.847991985842249 ], [ 70.832110809402252, 22.84772111644924 ], [ 70.831818550874317, 22.847724480428756 ], [ 70.831822180227704, 22.847995349866057 ], [ 70.832114439333907, 22.847991985842249 ] ] ], [ [ [ 70.832413959570147, 22.848530359950566 ], [ 70.832410328950004, 22.84825949062137 ], [ 70.832118069320657, 22.848262855225499 ], [ 70.832121699362517, 22.848533724598997 ], [ 70.832413959570147, 22.848530359950566 ] ] ], [ [ [ 70.830083128519533, 22.849099001466442 ], [ 70.830072250372623, 22.848286392445509 ], [ 70.830364510387554, 22.84828303159361 ], [ 70.830360883870398, 22.848012161944698 ], [ 70.830653143252007, 22.848008800601026 ], [ 70.830645889226361, 22.847467061362469 ], [ 70.830353631001273, 22.847470422617626 ], [ 70.83034637835236, 22.846928683251519 ], [ 70.830054121228699, 22.846932043882166 ], [ 70.83006862443375, 22.848015522752355 ], [ 70.829776364942035, 22.848018883023979 ], [ 70.829808995168904, 22.850456710309334 ], [ 70.830101259865344, 22.850453349639508 ], [ 70.83009400716189, 22.849911610399548 ], [ 70.831263060770411, 22.849898162713455 ], [ 70.831259432187963, 22.849627293255892 ], [ 70.830674906650472, 22.849634018082551 ], [ 70.830671279279727, 22.849363148526692 ], [ 70.830379017006706, 22.849366510091663 ], [ 70.83037539026931, 22.849095640481785 ], [ 70.830083128519533, 22.849099001466442 ] ] ], [ [ [ 70.82951673041741, 22.850460070443066 ], [ 70.829534857355839, 22.851814418814627 ], [ 70.829827124999156, 22.851811058459703 ], [ 70.829808995168904, 22.850456710309334 ], [ 70.82951673041741, 22.850460070443066 ] ] ], [ [ [ 70.828073518313843, 22.851831212547332 ], [ 70.828069895708026, 22.851560342671448 ], [ 70.827777628313001, 22.851563699765414 ], [ 70.827781250340422, 22.851834569685494 ], [ 70.828073518313843, 22.851831212547332 ] ] ], [ [ [ 70.829834377316573, 22.852352797651537 ], [ 70.829830751130345, 22.852081928060496 ], [ 70.829538482908617, 22.852085288459659 ], [ 70.829542108516449, 22.852356158094942 ], [ 70.829834377316573, 22.852352797651537 ] ] ], [ [ [ 70.827792116752647, 22.852647179387194 ], [ 70.827788494560252, 22.852376309496385 ], [ 70.827496225375072, 22.852379666186792 ], [ 70.827499846989028, 22.852650536121793 ], [ 70.827792116752647, 22.852647179387194 ] ] ], [ [ [ 70.827802983659709, 22.853459789001089 ], [ 70.827799361302368, 22.853188919139551 ], [ 70.827507090381914, 22.853192275962527 ], [ 70.827510712160802, 22.853463145868261 ], [ 70.827802983659709, 22.853459789001089 ] ] ], [ [ [ 70.831028853007609, 22.854235436141376 ], [ 70.8310252241222, 22.853964566795671 ], [ 70.829856135589893, 22.853978014992869 ], [ 70.829859762161448, 22.854248884515602 ], [ 70.831028853007609, 22.854235436141376 ] ] ], [ [ [ 70.826363343560118, 22.855101788264864 ], [ 70.826356104025479, 22.854560048207347 ], [ 70.826063829937908, 22.854563402570264 ], [ 70.826071068315571, 22.855105142716106 ], [ 70.826363343560118, 22.855101788264864 ] ] ], [ [ [ 70.83045519121049, 22.855054769645005 ], [ 70.830451563316814, 22.854783900240051 ], [ 70.830159289420777, 22.854787262154019 ], [ 70.830162916735986, 22.855058131603233 ], [ 70.83045519121049, 22.855054769645005 ] ] ], [ [ [ 70.82549737216911, 22.855924460420393 ], [ 70.825493753945054, 22.855653590293333 ], [ 70.825201477378698, 22.855656943224194 ], [ 70.825205095024245, 22.85592781339539 ], [ 70.82549737216911, 22.855924460420393 ] ] ], [ [ [ 70.830761980069383, 22.856134884495741 ], [ 70.8307583513769, 22.855864015174088 ], [ 70.830466075221935, 22.855867377801317 ], [ 70.830469703335879, 22.856138247167234 ], [ 70.830761980069383, 22.856134884495741 ] ] ], [ [ [ 70.830177426547323, 22.856141609302483 ], [ 70.830181054137825, 22.856412478702897 ], [ 70.830473331504905, 22.856409116523391 ], [ 70.830469703335879, 22.856138247167234 ], [ 70.830177426547323, 22.856141609302483 ] ] ], [ [ [ 70.824342727448922, 22.857021350219629 ], [ 70.824339111319418, 22.856750479955089 ], [ 70.824046832219338, 22.856753830917448 ], [ 70.824050447770276, 22.857024701226095 ], [ 70.824342727448922, 22.857021350219629 ] ] ], [ [ [ 70.823769013283126, 22.857840662696002 ], [ 70.823765398146136, 22.857569792372523 ], [ 70.823473117200592, 22.857573142394639 ], [ 70.823476731759001, 22.857844012762214 ], [ 70.823769013283126, 22.857840662696002 ] ] ], [ [ [ 70.82348034637225, 22.858114883120034 ], [ 70.823476731759001, 22.857844012762214 ], [ 70.823184450179994, 22.857847362292141 ], [ 70.823188064214662, 22.858118232694043 ], [ 70.82348034637225, 22.858114883120034 ] ] ], [ [ [ 70.828741415818911, 22.858054499081316 ], [ 70.828737790790981, 22.857783629518284 ], [ 70.828445510200851, 22.857786988701378 ], [ 70.828449134650185, 22.858057858308626 ], [ 70.828741415818911, 22.858054499081316 ] ] ], [ [ [ 70.828164101332973, 22.858602956273288 ], [ 70.828160477352199, 22.858332086641344 ], [ 70.827868195494872, 22.858335444840268 ], [ 70.827871818897023, 22.858606314516408 ], [ 70.828164101332973, 22.858602956273288 ] ] ], [ [ [ 70.827579536406091, 22.858609672223235 ], [ 70.827583159284615, 22.858880541933811 ], [ 70.82787544235417, 22.858877184182795 ], [ 70.827871818897023, 22.858606314516408 ], [ 70.827579536406091, 22.858609672223235 ] ] ], [ [ [ 70.821452423754934, 22.859492672060917 ], [ 70.821448812917836, 22.859221801443407 ], [ 70.821156528061977, 22.859225147439478 ], [ 70.821160138320423, 22.859496018101023 ], [ 70.821452423754934, 22.859492672060917 ] ] ], [ [ [ 70.826713552196296, 22.859432351625923 ], [ 70.826709930943693, 22.859161481802332 ], [ 70.82641764707563, 22.859164837452255 ], [ 70.826421267749595, 22.859435707320024 ], [ 70.826713552196296, 22.859432351625923 ] ] ], [ [ [ 70.821163748633651, 22.859766888752816 ], [ 70.821160138320423, 22.859496018101023 ], [ 70.820867852831114, 22.85949936360479 ], [ 70.820871462565691, 22.859770234300619 ], [ 70.821163748633651, 22.859766888752816 ] ] ], [ [ [ 70.825840318262948, 22.859713287045537 ], [ 70.825836698691319, 22.859442417099221 ], [ 70.825544414079786, 22.859445771184326 ], [ 70.825548033072764, 22.859716641174789 ], [ 70.825840318262948, 22.859713287045537 ] ] ], [ [ [ 70.82555165212068, 22.859987511155484 ], [ 70.825548033072764, 22.859716641174789 ], [ 70.825255747827654, 22.859719994767698 ], [ 70.825259366296905, 22.85999086479254 ], [ 70.82555165212068, 22.859987511155484 ] ] ], [ [ [ 70.824967080418219, 22.859994217893245 ], [ 70.824970698363728, 22.86026508795246 ], [ 70.82526298482108, 22.860261734807626 ], [ 70.825259366296905, 22.85999086479254 ], [ 70.824967080418219, 22.859994217893245 ] ] ], [ [ [ 70.824974316364148, 22.860535958001918 ], [ 70.824970698363728, 22.86026508795246 ], [ 70.824678411851465, 22.860268440560947 ], [ 70.824682029273205, 22.860539310654531 ], [ 70.824974316364148, 22.860535958001918 ] ] ], [ [ [ 70.824393359025322, 22.860813532898714 ], [ 70.824389742127366, 22.860542662770776 ], [ 70.82409745492663, 22.860546014350668 ], [ 70.82410107124592, 22.86081688452272 ], [ 70.824393359025322, 22.860813532898714 ] ] ], [ [ [ 70.824104687620093, 22.861087754685016 ], [ 70.82410107124592, 22.86081688452272 ], [ 70.823808783411621, 22.860820235610351 ], [ 70.8238123992071, 22.861091105816751 ], [ 70.824104687620093, 22.861087754685016 ] ] ], [ [ [ 70.823520110739224, 22.861094456412108 ], [ 70.823523726010876, 22.861365326652848 ], [ 70.823816015057446, 22.861361976013388 ], [ 70.8238123992071, 22.861091105816751 ], [ 70.823520110739224, 22.861094456412108 ] ] ], [ [ [ 70.818850699876748, 22.861689734871423 ], [ 70.818847093809666, 22.861418863935853 ], [ 70.818554803831532, 22.861422205456748 ], [ 70.818558409319891, 22.861693076436296 ], [ 70.818850699876748, 22.861689734871423 ] ] ], [ [ [ 70.82353095671877, 22.861907067105054 ], [ 70.823527341337382, 22.861636196883826 ], [ 70.823235051657235, 22.86163954703099 ], [ 70.823238666459901, 22.861910417296308 ], [ 70.82353095671877, 22.861907067105054 ] ] ], [ [ [ 70.822080342668201, 22.862736423963614 ], [ 70.822076730015951, 22.862465553551282 ], [ 70.821784438325395, 22.862468901148659 ], [ 70.821788050398908, 22.862739771605039 ], [ 70.822080342668201, 22.862736423963614 ] ] ], [ [ [ 70.821217909907901, 22.863829947358983 ], [ 70.821214298772688, 22.863559076853537 ], [ 70.821506592887914, 22.863555730152822 ], [ 70.821502981228733, 22.863284859681652 ], [ 70.821795274710382, 22.863281512488552 ], [ 70.821788050398908, 22.862739771605039 ], [ 70.821495758074775, 22.862743118710053 ], [ 70.821499369624348, 22.863013989200731 ], [ 70.821207076666667, 22.86301733581336 ], [ 70.821210687692286, 22.863288206338328 ], [ 70.820918394101014, 22.863291552458559 ], [ 70.820922004602664, 22.863562423017811 ], [ 70.82062971037783, 22.863565768645639 ], [ 70.820633320355469, 22.863836639239146 ], [ 70.821217909907901, 22.863829947358983 ] ] ], [ [ [ 70.820636930387906, 22.864107509822901 ], [ 70.820633320355469, 22.863836639239146 ], [ 70.820341025497072, 22.863839984374554 ], [ 70.820344634950715, 22.864110855002334 ], [ 70.820636930387906, 22.864107509822901 ] ] ], [ [ [ 70.815960196824605, 22.864160968318583 ], [ 70.815956596052956, 22.863890097031344 ], [ 70.815664300319199, 22.863893433583488 ], [ 70.815667900512054, 22.864164304914638 ], [ 70.815960196824605, 22.864160968318583 ] ] ], [ [ [ 70.820348244459126, 22.864381725620348 ], [ 70.820344634950715, 22.864110855002334 ], [ 70.820052339458741, 22.864114199645297 ], [ 70.820055948388358, 22.864385070307335 ], [ 70.820348244459126, 22.864381725620348 ] ] ], [ [ [ 70.819763652262807, 22.864388414457853 ], [ 70.819767260668385, 22.864659285154136 ], [ 70.82005955737273, 22.864655940959612 ], [ 70.820055948388358, 22.864385070307335 ], [ 70.819763652262807, 22.864388414457853 ] ] ], [ [ [ 70.815090505957372, 22.864712719305984 ], [ 70.815086906812894, 22.864441847906548 ], [ 70.814794609757627, 22.8644451829371 ], [ 70.814798208323296, 22.86471605438042 ], [ 70.815090505957372, 22.864712719305984 ] ] ], [ [ [ 70.819478571790768, 22.864933499542719 ], [ 70.819474963909258, 22.864662628812187 ], [ 70.819182667095404, 22.864665971933771 ], [ 70.819186274398078, 22.864936842708289 ], [ 70.819478571790768, 22.864933499542719 ] ] ], [ [ [ 70.814509508676053, 22.864990260395828 ], [ 70.814505910634608, 22.864719388918374 ], [ 70.814213612891322, 22.864722722919854 ], [ 70.814217210353931, 22.864993594441177 ], [ 70.814509508676053, 22.864990260395828 ] ] ], [ [ [ 70.819189881755491, 22.865207713473062 ], [ 70.819186274398078, 22.864936842708289 ], [ 70.818893976950648, 22.864940185337382 ], [ 70.818897583729225, 22.865211056146141 ], [ 70.819189881755491, 22.865207713473062 ] ] ], [ [ [ 70.818035110037499, 22.866304564611561 ], [ 70.81803150477657, 22.866033693709912 ], [ 70.817739204794876, 22.866037034368912 ], [ 70.817742809476911, 22.866307905314518 ], [ 70.818035110037499, 22.866304564611561 ] ] ], [ [ [ 70.817450508861654, 22.866311245480958 ], [ 70.817454113019522, 22.866582116460759 ], [ 70.817746414213673, 22.866578776250371 ], [ 70.817742809476911, 22.866307905314518 ], [ 70.817450508861654, 22.866311245480958 ] ] ], [ [ [ 70.815996207546661, 22.866869680654528 ], [ 70.816003410346852, 22.867411423004665 ], [ 70.816295713551071, 22.867408085345151 ], [ 70.816292111544755, 22.867137214218879 ], [ 70.816584414115411, 22.867133876066749 ], [ 70.816580811584842, 22.866863004974643 ], [ 70.816873113521936, 22.866859666329894 ], [ 70.816869510467157, 22.866588795271966 ], [ 70.816284907696073, 22.866595471937067 ], [ 70.816288509593079, 22.866866343082854 ], [ 70.815996207546661, 22.866869680654528 ] ] ], [ [ [ 70.815711107087978, 22.867414760127623 ], [ 70.81571470799112, 22.86768563133197 ], [ 70.81600701182893, 22.867682294165096 ], [ 70.816003410346852, 22.867411423004665 ], [ 70.815711107087978, 22.867414760127623 ] ] ], [ [ [ 70.815721909961368, 22.868227373711392 ], [ 70.815718308948931, 22.867956502526564 ], [ 70.815426004477558, 22.867959839200783 ], [ 70.815429604911074, 22.868230710429518 ], [ 70.815721909961368, 22.868227373711392 ] ] ], [ [ [ 70.81485939229529, 22.869320867424602 ], [ 70.814855792801168, 22.869049996147101 ], [ 70.814563485850144, 22.86905333138716 ], [ 70.814570683735028, 22.869595074020175 ], [ 70.815155299898365, 22.869588402827919 ], [ 70.815151699770681, 22.869317531604064 ], [ 70.81485939229529, 22.869320867424602 ] ] ], [ [ [ 70.814574282759366, 22.869865945322054 ], [ 70.814570683735028, 22.869595074020175 ], [ 70.814278375571433, 22.869598408811399 ], [ 70.814281974016779, 22.86986928015715 ], [ 70.814574282759366, 22.869865945322054 ] ] ], [ [ [ 70.813989665219594, 22.869872614455627 ], [ 70.814000459146271, 22.870685228565975 ], [ 70.814292769680492, 22.870681894135881 ], [ 70.814281974016779, 22.86986928015715 ], [ 70.813989665219594, 22.869872614455627 ] ] ], [ [ [ 70.814592278700303, 22.871220301685117 ], [ 70.814585080160086, 22.870678559169161 ], [ 70.814292769680492, 22.870681894135881 ], [ 70.814299967062638, 22.871223636739593 ], [ 70.814592278700303, 22.871220301685117 ] ] ], [ [ [ 70.814307164663205, 22.871765379304286 ], [ 70.81430356583563, 22.871494508026817 ], [ 70.814011253564303, 22.871497842588518 ], [ 70.814014851812857, 22.871768713909859 ], [ 70.814307164663205, 22.871765379304286 ] ] ], [ [ [ 70.841457063754689, 22.80372569635567 ], [ 70.841453423187204, 22.803454826882614 ], [ 70.841161260673914, 22.803458201829898 ], [ 70.84116490066458, 22.803729071347469 ], [ 70.841457063754689, 22.80372569635567 ] ] ], [ [ [ 70.841168540710569, 22.803999940855281 ], [ 70.84116490066458, 22.803729071347469 ], [ 70.840872737519163, 22.8037324458044 ], [ 70.840876376988334, 22.80400331535672 ], [ 70.841168540710569, 22.803999940855281 ] ] ], [ [ [ 70.840584213210789, 22.804006689323277 ], [ 70.840587852158436, 22.804277558910339 ], [ 70.840880016512813, 22.804274184899288 ], [ 70.840876376988334, 22.80400331535672 ], [ 70.840584213210789, 22.804006689323277 ] ] ], [ [ [ 70.840591491161391, 22.804548428487649 ], [ 70.840587852158436, 22.804277558910339 ], [ 70.84029568774875, 22.804280932386515 ], [ 70.840299326174858, 22.804551802008312 ], [ 70.840591491161391, 22.804548428487649 ] ] ], [ [ [ 70.839733183227224, 22.805912895852479 ], [ 70.839729545678409, 22.80564202619048 ], [ 70.839437378218577, 22.805645398284341 ], [ 70.839441015190502, 22.805916267990813 ], [ 70.839733183227224, 22.805912895852479 ] ] ], [ [ [ 70.839444652217708, 22.80618713768753 ], [ 70.839441015190502, 22.805916267990813 ], [ 70.839148847098528, 22.805919639594219 ], [ 70.83915248354883, 22.806190509335394 ], [ 70.839444652217708, 22.80618713768753 ] ] ], [ [ [ 70.839470112955624, 22.808083225291622 ], [ 70.839466475541528, 22.807812355663145 ], [ 70.839174303411113, 22.807815727577754 ], [ 70.839177940248248, 22.808086597250696 ], [ 70.839470112955624, 22.808083225291622 ] ] ], [ [ [ 70.839776838124735, 22.809163331036149 ], [ 70.839773199912557, 22.80889246149113 ], [ 70.839481025529523, 22.808895834118577 ], [ 70.839484663164711, 22.809166703708062 ], [ 70.839776838124735, 22.809163331036149 ] ] ], [ [ [ 70.840083568739047, 22.810243435733931 ], [ 70.840076290773666, 22.809701696801085 ], [ 70.839784114714931, 22.80970507009695 ], [ 70.839791391526262, 22.810246809118748 ], [ 70.840083568739047, 22.810243435733931 ] ] ], [ [ [ 70.841949574955294, 22.818620124383894 ], [ 70.841945930766869, 22.818349255491654 ], [ 70.841653736571246, 22.818352633422222 ], [ 70.841657380182397, 22.818623502358989 ], [ 70.841949574955294, 22.818620124383894 ] ] ], [ [ [ 70.841365185354135, 22.818626879798828 ], [ 70.84136882844335, 22.818897748770347 ], [ 70.8416610238489, 22.818894371285992 ], [ 70.841657380182397, 22.818623502358989 ], [ 70.841365185354135, 22.818626879798828 ] ] ], [ [ [ 70.840203687103042, 22.819182122494965 ], [ 70.840200046267739, 22.818911253355196 ], [ 70.839907850585547, 22.818914628163263 ], [ 70.839911490843534, 22.819185497347508 ], [ 70.840203687103042, 22.819182122494965 ] ] ], [ [ [ 70.83905673405026, 22.820820834394581 ], [ 70.839053095192554, 22.820549965135459 ], [ 70.838760895825175, 22.820553338069196 ], [ 70.838764534105522, 22.82082420737278 ], [ 70.83905673405026, 22.820820834394581 ] ] ], [ [ [ 70.838494161483752, 22.822452795698986 ], [ 70.838490523449238, 22.822181926409481 ], [ 70.838198320506976, 22.822185298539246 ], [ 70.838201957964088, 22.822456167873195 ], [ 70.838494161483752, 22.822452795698986 ] ] ], [ [ [ 70.840261947990356, 22.82351602740469 ], [ 70.84025830627003, 22.823245158420988 ], [ 70.839966101349759, 22.823248533940749 ], [ 70.839969742492627, 22.823519402968934 ], [ 70.840261947990356, 22.82351602740469 ] ] ], [ [ [ 70.841434413513483, 22.823773388589888 ], [ 70.841430769428015, 22.823502519793941 ], [ 70.841138564151606, 22.823505897499693 ], [ 70.84114220765963, 22.823776766340153 ], [ 70.841434413513483, 22.823773388589888 ] ] ], [ [ [ 70.842314676616169, 22.82403412077943 ], [ 70.84231103074292, 22.823763252126806 ], [ 70.841726619311999, 22.823770010304244 ], [ 70.841730264030318, 22.824040879045924 ], [ 70.842314676616169, 22.82403412077943 ] ] ], [ [ [ 70.841759423769901, 22.826207828628142 ], [ 70.841744843457178, 22.825124353915079 ], [ 70.841452634771244, 22.825127732423311 ], [ 70.84146721277385, 22.826211207314458 ], [ 70.841759423769901, 22.826207828628142 ] ] ], [ [ [ 70.838252888165613, 22.826248337524341 ], [ 70.83824924993489, 22.825977468326943 ], [ 70.837957038852664, 22.825980840543437 ], [ 70.83796067650583, 22.826251709785268 ], [ 70.838252888165613, 22.826248337524341 ] ] ], [ [ [ 70.841485436522674, 22.827565550708872 ], [ 70.841470857412901, 22.826482076012848 ], [ 70.841178645783941, 22.826485454208228 ], [ 70.841193222583428, 22.8275689290823 ], [ 70.841485436522674, 22.827565550708872 ] ] ], [ [ [ 70.838267441641108, 22.827331814216397 ], [ 70.838260164792828, 22.826790075889875 ], [ 70.837967951977944, 22.82679344823967 ], [ 70.83797522767108, 22.827335186655059 ], [ 70.838267441641108, 22.827331814216397 ] ] ], [ [ [ 70.841207800268549, 22.828652403800277 ], [ 70.841193222583428, 22.8275689290823 ], [ 70.840901008588844, 22.827572306920253 ], [ 70.840915583963536, 22.828655781816249 ], [ 70.841207800268549, 22.828652403800277 ] ] ], [ [ [ 70.837398073169012, 22.827883668480027 ], [ 70.837401710053769, 22.828154537742424 ], [ 70.8376939258671, 22.828151166241451 ], [ 70.837704838585637, 22.828963773836875 ], [ 70.837997056076588, 22.828960401667114 ], [ 70.837982503585238, 22.827876925031426 ], [ 70.837398073169012, 22.827883668480027 ] ] ], [ [ [ 70.840922871982954, 22.829197519205714 ], [ 70.840915583963536, 22.828655781816249 ], [ 70.840623367603186, 22.828659159296713 ], [ 70.840630654467319, 22.829200896775173 ], [ 70.840922871982954, 22.829197519205714 ] ] ], [ [ [ 70.840933804427166, 22.830010125216731 ], [ 70.840926516075669, 22.829468387885811 ], [ 70.840634297982405, 22.829471765499772 ], [ 70.840641585178574, 22.830013502919694 ], [ 70.840933804427166, 22.830010125216731 ] ] ], [ [ [ 70.838311107373073, 22.830582243356094 ], [ 70.83829655124481, 22.829498767132275 ], [ 70.838004332653824, 22.829502139926429 ], [ 70.838018886471389, 22.830585616328001 ], [ 70.838311107373073, 22.830582243356094 ] ] ], [ [ [ 70.840944737369512, 22.830822731139936 ], [ 70.84094109300004, 22.830551862508621 ], [ 70.840648872596105, 22.830555240300587 ], [ 70.840652516387877, 22.830826108976403 ], [ 70.840944737369512, 22.830822731139936 ] ] ], [ [ [ 70.838029802414795, 22.83139822352674 ], [ 70.838026163711731, 22.831127354470251 ], [ 70.837733941599367, 22.83113072699545 ], [ 70.837737579724731, 22.831401596096377 ], [ 70.838029802414795, 22.83139822352674 ] ] ], [ [ [ 70.840663448095242, 22.831638714945296 ], [ 70.840656160234985, 22.831096977642453 ], [ 70.840363938620314, 22.831100354987843 ], [ 70.840371225325143, 22.831642092379674 ], [ 70.840663448095242, 22.831638714945296 ] ] ], [ [ [ 70.837748494432304, 22.832214203340619 ], [ 70.8377448561412, 22.831943334268956 ], [ 70.837452632240428, 22.831946706391847 ], [ 70.837456269953805, 22.832217575507933 ], [ 70.837748494432304, 22.832214203340619 ] ] ], [ [ [ 70.840382155797357, 22.83245469839424 ], [ 70.840371225325143, 22.831642092379674 ], [ 70.840079002499706, 22.83164546927847 ], [ 70.840089931238737, 22.832458075426494 ], [ 70.840382155797357, 22.83245469839424 ] ] ], [ [ [ 70.840097217341366, 22.832999812809724 ], [ 70.840089931238737, 22.832458075426494 ], [ 70.839797706624765, 22.832461451923141 ], [ 70.839804991571896, 22.833003189395331 ], [ 70.840097217341366, 22.832999812809724 ] ] ], [ [ [ 70.837178594514981, 22.833304423684073 ], [ 70.837171319857035, 22.832762685431376 ], [ 70.836879094112547, 22.832766056616304 ], [ 70.836886367614937, 22.833307794957825 ], [ 70.837178594514981, 22.833304423684073 ] ] ], [ [ [ 70.836890004448975, 22.833578664113951 ], [ 70.836886367614937, 22.833307794957825 ], [ 70.83659414065967, 22.833311165695935 ], [ 70.836597776915937, 22.833582034896466 ], [ 70.836890004448975, 22.833578664113951 ] ] ], [ [ [ 70.83981227674029, 22.833544926828495 ], [ 70.839808634128445, 22.833274058116793 ], [ 70.839516407725881, 22.833277434211247 ], [ 70.839520049759969, 22.833548302967426 ], [ 70.83981227674029, 22.833544926828495 ] ] ], [ [ [ 70.836605049594112, 22.834123773268274 ], [ 70.836601413227413, 22.833852904087255 ], [ 70.836309185061339, 22.833856274378519 ], [ 70.836312820850239, 22.834127143603936 ], [ 70.836605049594112, 22.834123773268274 ] ] ], [ [ [ 70.839527333994056, 22.834090040450516 ], [ 70.839523691849351, 22.833819171713852 ], [ 70.839231464235908, 22.833822547361606 ], [ 70.8392351058028, 22.834093416142739 ], [ 70.839527333994056, 22.834090040450516 ] ] ], [ [ [ 70.836316456694348, 22.834398012819602 ], [ 70.836312820850239, 22.834127143603936 ], [ 70.83602059205117, 22.834130513403945 ], [ 70.836024227317466, 22.834401382664002 ], [ 70.836316456694348, 22.834398012819602 ] ] ], [ [ [ 70.839242389102523, 22.83463515367573 ], [ 70.839238747425, 22.834364284914113 ], [ 70.838946518600665, 22.834367660115149 ], [ 70.838950159700346, 22.834638528921225 ], [ 70.839242389102523, 22.83463515367573 ] ] ], [ [ [ 70.834858942268141, 22.834685726112706 ], [ 70.834866208454102, 22.835227464939027 ], [ 70.83515843978526, 22.835224097104206 ], [ 70.835154806086862, 22.834953227740289 ], [ 70.83573926742794, 22.83494649055234 ], [ 70.835735632629053, 22.834675621267408 ], [ 70.836027862638971, 22.834672251914295 ], [ 70.836024227317466, 22.834401382664002 ], [ 70.835439768398075, 22.834408120745792 ], [ 70.835443402563939, 22.834678990084853 ], [ 70.834858942268141, 22.834685726112706 ] ] ], [ [ [ 70.83895744206562, 22.835180266504107 ], [ 70.838953800855336, 22.834909397717542 ], [ 70.838661570820065, 22.834912772471821 ], [ 70.838665211452494, 22.835183641302841 ], [ 70.83895744206562, 22.835180266504107 ] ] ], [ [ [ 70.838668852140231, 22.835454510124102 ], [ 70.838665211452494, 22.835183641302841 ], [ 70.838372980784087, 22.835187015565893 ], [ 70.838376620893982, 22.835457884431602 ], [ 70.838668852140231, 22.835454510124102 ] ] ], [ [ [ 70.834873474860743, 22.835769203726322 ], [ 70.834866208454102, 22.835227464939027 ], [ 70.834573977067777, 22.835230832238153 ], [ 70.834581242318706, 22.835772571114166 ], [ 70.834873474860743, 22.835769203726322 ] ] ], [ [ [ 70.834588507790315, 22.836314309951153 ], [ 70.834581242318706, 22.835772571114166 ], [ 70.834289009721516, 22.835775937966297 ], [ 70.834296274037371, 22.836317676891987 ], [ 70.834588507790315, 22.836314309951153 ] ] ], [ [ [ 70.838387541555321, 22.836270490970175 ], [ 70.838383901279599, 22.835999622133741 ], [ 70.838091668822358, 22.836002995994431 ], [ 70.838095308520209, 22.836273864875302 ], [ 70.838387541555321, 22.836270490970175 ] ] ], [ [ [ 70.838102588081739, 22.836815602607786 ], [ 70.838095308520209, 22.836273864875302 ], [ 70.837803075429846, 22.836277238244723 ], [ 70.837810353835607, 22.836818976066066 ], [ 70.838102588081739, 22.836815602607786 ] ] ], [ [ [ 70.83342320295462, 22.836598644081395 ], [ 70.833426833516768, 22.836869513652861 ], [ 70.83313459838746, 22.836872878539463 ], [ 70.833141858521316, 22.837414617741768 ], [ 70.833434094806435, 22.837411252766522 ], [ 70.833430464134025, 22.837140383214567 ], [ 70.833722699786108, 22.837137017747899 ], [ 70.833719068590938, 22.836866148230524 ], [ 70.834303538573849, 22.836859415778655 ], [ 70.834296274037371, 22.836317676891987 ], [ 70.833711806366011, 22.836324409166497 ], [ 70.833715437450905, 22.836595278703388 ], [ 70.83342320295462, 22.836598644081395 ] ] ], [ [ [ 70.837529035823579, 22.837634955780754 ], [ 70.837525397005194, 22.837364086859804 ], [ 70.837233161492719, 22.837367459335475 ], [ 70.837236799733191, 22.837638328300848 ], [ 70.837529035823579, 22.837634955780754 ] ] ], [ [ [ 70.833149118875653, 22.837956356905053 ], [ 70.833141858521316, 22.837414617741768 ], [ 70.832849622181058, 22.837417982181261 ], [ 70.832856881379556, 22.837959721433183 ], [ 70.833149118875653, 22.837956356905053 ] ] ], [ [ [ 70.832864140798506, 22.838501460646071 ], [ 70.832856881379556, 22.837959721433183 ], [ 70.832564643828348, 22.83796308542555 ], [ 70.832575531305594, 22.838775694363182 ], [ 70.833452248995414, 22.838765600379961 ], [ 70.833448618047342, 22.838494730876782 ], [ 70.832864140798506, 22.838501460646071 ] ] ], [ [ [ 70.832283291965439, 22.838779057952689 ], [ 70.832279663329189, 22.838508188272257 ], [ 70.83198742451188, 22.838511551281684 ], [ 70.83199105257016, 22.838782421006403 ], [ 70.832283291965439, 22.838779057952689 ] ] ], [ [ [ 70.836670513638353, 22.838999416858385 ], [ 70.836663238971994, 22.838457678837813 ], [ 70.836371000982098, 22.838461049883858 ], [ 70.836378274492546, 22.839002787993227 ], [ 70.836670513638353, 22.838999416858385 ] ] ], [ [ [ 70.833748119696267, 22.839033104096412 ], [ 70.833744488115101, 22.838762234647323 ], [ 70.833452248995414, 22.838765600379961 ], [ 70.83345587999861, 22.839036469873385 ], [ 70.833748119696267, 22.839033104096412 ] ] ], [ [ [ 70.836381911330591, 22.839273657033274 ], [ 70.836378274492546, 22.839002787993227 ], [ 70.836086035291515, 22.839006158592284 ], [ 70.836089671551591, 22.839277027676722 ], [ 70.836381911330591, 22.839273657033274 ] ] ], [ [ [ 70.834043991553045, 22.839300607178654 ], [ 70.834040359338772, 22.839029737783651 ], [ 70.833748119696267, 22.839033104096412 ], [ 70.833751751332571, 22.839303973535753 ], [ 70.834043991553045, 22.839300607178654 ] ] ], [ [ [ 70.834339864565791, 22.839568109626661 ], [ 70.834336231718368, 22.839297240285763 ], [ 70.834043991553045, 22.839300607178654 ], [ 70.834047623822485, 22.839571476563897 ], [ 70.834339864565791, 22.839568109626661 ] ] ], [ [ [ 70.83432896618902, 22.838755501574699 ], [ 70.834332598926125, 22.839026370935109 ], [ 70.834624838458311, 22.839023003550775 ], [ 70.834635738734505, 22.83983561144041 ], [ 70.835220221101252, 22.839828874798208 ], [ 70.835223855792975, 22.840099743986521 ], [ 70.835516097471569, 22.840096374817332 ], [ 70.835519732796499, 22.840367243951519 ], [ 70.835811974997895, 22.840363874202133 ], [ 70.83580470324722, 22.839822136012774 ], [ 70.836096944237397, 22.839818765816343 ], [ 70.836089671551591, 22.839277027676722 ], [ 70.835797431717381, 22.839280397784385 ], [ 70.835801067454696, 22.839551266903452 ], [ 70.835216586464682, 22.839558005600143 ], [ 70.835205682886169, 22.838745397947406 ], [ 70.83432896618902, 22.838755501574699 ] ] ], [ [ [ 70.835530639102501, 22.841179851295507 ], [ 70.835523368176638, 22.840638113075936 ], [ 70.835231125342034, 22.840641482333869 ], [ 70.835238395111844, 22.84118322064219 ], [ 70.835530639102501, 22.841179851295507 ] ] ], [ [ [ 70.834957054400505, 22.841999196975429 ], [ 70.834953419900486, 22.841728327811055 ], [ 70.834661174643344, 22.841731696174765 ], [ 70.834664808565307, 22.84200256538351 ], [ 70.834957054400505, 22.841999196975429 ] ] ], [ [ [ 70.834672076574748, 22.842544303771707 ], [ 70.834664808565307, 22.84200256538351 ], [ 70.834372562674943, 22.842005933255713 ], [ 70.834379829528231, 22.842547671732618 ], [ 70.834672076574748, 22.842544303771707 ] ] ], [ [ [ 70.834087582426562, 22.842551039157652 ], [ 70.83409484834435, 22.843092777684223 ], [ 70.834387096602214, 22.843089410170496 ], [ 70.834379829528231, 22.842547671732618 ], [ 70.834087582426562, 22.842551039157652 ] ] ], [ [ [ 70.834102114482789, 22.843634516171768 ], [ 70.834098481385993, 22.843363646932868 ], [ 70.833806232494851, 22.843367013955042 ], [ 70.833809865013549, 22.843637883238276 ], [ 70.834102114482789, 22.843634516171768 ] ] ], [ [ [ 70.832951271023504, 22.845002328157033 ], [ 70.833243523548902, 22.844998962476655 ], [ 70.833239891910765, 22.844728093153552 ], [ 70.833532143802856, 22.844724726981557 ], [ 70.833528511641717, 22.844453857693022 ], [ 70.833820762900501, 22.844450491029423 ], [ 70.833809865013549, 22.843637883238276 ], [ 70.833517615489129, 22.843641249768876 ], [ 70.833524879535702, 22.844182988394731 ], [ 70.832940378008985, 22.844189720025494 ], [ 70.832951271023504, 22.845002328157033 ] ] ], [ [ [ 70.832965795814687, 22.846085805529153 ], [ 70.832673540921462, 22.846089170850838 ], [ 70.832677171678881, 22.846360040213781 ], [ 70.832969427150317, 22.84635667484779 ], [ 70.832965795814687, 22.846085805529153 ] ] ], [ [ [ 70.832684433359091, 22.846901778910414 ], [ 70.832680802491424, 22.846630909566972 ], [ 70.832388546386639, 22.846634274441293 ], [ 70.83239217667608, 22.846905143829037 ], [ 70.832684433359091, 22.846901778910414 ] ] ], [ [ [ 70.852825013488513, 22.780024732843437 ], [ 70.852817695949014, 22.779482995762869 ], [ 70.852525586379016, 22.779486388163395 ], [ 70.85253290276647, 22.780028125333505 ], [ 70.852825013488513, 22.780024732843437 ] ] ], [ [ [ 70.85256948804134, 22.782736810599218 ], [ 70.852565829263511, 22.782465942116509 ], [ 70.852273713301173, 22.782469334475245 ], [ 70.852277371502879, 22.78274020300271 ], [ 70.85256948804134, 22.782736810599218 ] ] ], [ [ [ 70.852584123708894, 22.783820284432572 ], [ 70.852576805763846, 22.783278547535396 ], [ 70.852284688073127, 22.783281940028424 ], [ 70.852292004865873, 22.783823677015143 ], [ 70.852584123708894, 22.783820284432572 ] ] ], [ [ [ 70.85230298047216, 22.784636282422106 ], [ 70.852295663345686, 22.784094545493875 ], [ 70.852003543870865, 22.784097937586868 ], [ 70.852010859844995, 22.784639674604627 ], [ 70.85230298047216, 22.784636282422106 ] ] ], [ [ [ 70.852032809102212, 22.786264885423929 ], [ 70.852029150753637, 22.78599401697841 ], [ 70.851737027189813, 22.785997408850349 ], [ 70.851740684962166, 22.786268277340621 ], [ 70.852032809102212, 22.786264885423929 ] ] ], [ [ [ 70.851755316607651, 22.787351751204199 ], [ 70.851751658612855, 22.787080882752928 ], [ 70.851459532688452, 22.787084274269471 ], [ 70.851463190106969, 22.787355142765495 ], [ 70.851755316607651, 22.787351751204199 ] ] ], [ [ [ 70.851477820337095, 22.788438616652098 ], [ 70.851470505110825, 22.787896879728287 ], [ 70.851178377401979, 22.787900270844645 ], [ 70.851185691475649, 22.788442007857931 ], [ 70.851477820337095, 22.788438616652098 ] ] ], [ [ [ 70.851203977632778, 22.789796350220541 ], [ 70.851200320290161, 22.789525481767512 ], [ 70.850908189067809, 22.789528872617847 ], [ 70.850911845834077, 22.789799741115601 ], [ 70.851203977632778, 22.789796350220541 ] ] ], [ [ [ 70.850930130499307, 22.791154083458167 ], [ 70.850922816466436, 22.79061234655039 ], [ 70.85063068288305, 22.790615737045155 ], [ 70.850637995763137, 22.791157474042393 ], [ 70.850930130499307, 22.791154083458167 ] ] ], [ [ [ 70.850656278936086, 22.792511816364861 ], [ 70.850648965500156, 22.791970079465127 ], [ 70.850356828979159, 22.791973469649001 ], [ 70.850364141262247, 22.792515206638182 ], [ 70.850656278936086, 22.792511816364861 ] ] ], [ [ [ 70.850375110103698, 22.793327812048844 ], [ 70.850371453767622, 22.793056943588375 ], [ 70.850079314885292, 22.793060333416566 ], [ 70.850082970644891, 22.793331201921756 ], [ 70.850375110103698, 22.793327812048844 ] ] ], [ [ [ 70.850097594238989, 22.794414675845005 ], [ 70.850090282330797, 22.793872938902879 ], [ 70.849798141663484, 22.793876328330629 ], [ 70.849805452418678, 22.794418065362176 ], [ 70.850097594238989, 22.794414675845005 ] ] ], [ [ [ 70.84981276339613, 22.794959802354718 ], [ 70.849809107879622, 22.794688933863323 ], [ 70.849516965427242, 22.794692322890594 ], [ 70.84952062036723, 22.794963191426689 ], [ 70.84981276339613, 22.794959802354718 ] ] ], [ [ [ 70.849527930413871, 22.79550492846964 ], [ 70.84952062036723, 22.794963191426689 ], [ 70.849228477282765, 22.794966579964036 ], [ 70.849235786176365, 22.795508317096385 ], [ 70.849527930413871, 22.79550492846964 ] ] ], [ [ [ 70.853040981034127, 22.796005959177233 ], [ 70.853037318953326, 22.79573509121705 ], [ 70.852745174806529, 22.795738486304202 ], [ 70.852737851964946, 22.795196750265021 ], [ 70.852445708915567, 22.795200144727986 ], [ 70.852449369732, 22.795471012797222 ], [ 70.852157226050437, 22.795474406770321 ], [ 70.852164546697153, 22.796016142969084 ], [ 70.853040981034127, 22.796005959177233 ] ] ], [ [ [ 70.849243095292138, 22.796050054189735 ], [ 70.849239440706469, 22.795779185647934 ], [ 70.848947295836865, 22.795782573784724 ], [ 70.848950949845985, 22.796053442371214 ], [ 70.849243095292138, 22.796050054189735 ] ] ], [ [ [ 70.852171867566412, 22.796557879128834 ], [ 70.852164546697153, 22.796016142969084 ], [ 70.851872401806872, 22.796019536497074 ], [ 70.851879721523005, 22.796561272746345 ], [ 70.852171867566412, 22.796557879128834 ] ] ], [ [ [ 70.848958258030834, 22.796595179514949 ], [ 70.848950949845985, 22.796053442371214 ], [ 70.848658804344268, 22.796056830018053 ], [ 70.848666111375977, 22.796598567251149 ], [ 70.848958258030834, 22.796595179514949 ] ] ], [ [ [ 70.851883381464518, 22.796832140856356 ], [ 70.851879721523005, 22.796561272746345 ], [ 70.851587575423977, 22.796564665829194 ], [ 70.851591234788899, 22.796835533983955 ], [ 70.851883381464518, 22.796832140856356 ] ] ], [ [ [ 70.848673418629829, 22.797140304445236 ], [ 70.848666111375977, 22.796598567251149 ], [ 70.848373964665612, 22.796601954452679 ], [ 70.848381270766268, 22.797143691736125 ], [ 70.848673418629829, 22.797140304445236 ] ] ], [ [ [ 70.848089122847213, 22.797147078492333 ], [ 70.84809277540424, 22.797417947164103 ], [ 70.848384923899914, 22.797414560363229 ], [ 70.848381270766268, 22.797143691736125 ], [ 70.848089122847213, 22.797147078492333 ] ] ], [ [ [ 70.851598553685648, 22.797377270264239 ], [ 70.85159489420947, 22.797106402128971 ], [ 70.851302746901652, 22.797109794766659 ], [ 70.851306405801225, 22.797380662946662 ], [ 70.851598553685648, 22.797377270264239 ] ] ], [ [ [ 70.848096428016774, 22.797688815826124 ], [ 70.84809277540424, 22.797417947164103 ], [ 70.847800626853058, 22.797421333430293 ], [ 70.847804278888987, 22.797692202136972 ], [ 70.848096428016774, 22.797688815826124 ] ] ], [ [ [ 70.844879138289741, 22.797455166684152 ], [ 70.844882784559559, 22.797726035837083 ], [ 70.845174934242038, 22.797722654873223 ], [ 70.845178581143912, 22.797993523971812 ], [ 70.845762881495816, 22.797986760350774 ], [ 70.845759233440717, 22.79771589134139 ], [ 70.845467083869096, 22.797719273374661 ], [ 70.845463436446039, 22.797448404310916 ], [ 70.845171287395601, 22.797451785764885 ], [ 70.8451676406046, 22.797180916646795 ], [ 70.844583343490655, 22.797187677861462 ], [ 70.844586989128445, 22.797458547068732 ], [ 70.844879138289741, 22.797455166684152 ] ] ], [ [ [ 70.847807930980423, 22.797963070833905 ], [ 70.847804278888987, 22.797692202136972 ], [ 70.847512129705677, 22.797695587913129 ], [ 70.847515781220508, 22.797966456654713 ], [ 70.847807930980423, 22.797963070833905 ] ] ], [ [ [ 70.851313723767234, 22.797922399277422 ], [ 70.851310064756433, 22.797651531116916 ], [ 70.851017916239812, 22.797654923309402 ], [ 70.851021574674007, 22.79792579151465 ], [ 70.851313723767234, 22.797922399277422 ] ] ], [ [ [ 70.846931481534185, 22.797973226692221 ], [ 70.846935131951255, 22.798244095513361 ], [ 70.847227282398791, 22.798240710717312 ], [ 70.847230933447975, 22.798511579484053 ], [ 70.84752308441665, 22.798508194108649 ], [ 70.847515781220508, 22.797966456654713 ], [ 70.846931481534185, 22.797973226692221 ] ] ], [ [ [ 70.850740399431501, 22.798741787908604 ], [ 70.850736741407118, 22.79847091968788 ], [ 70.850444591049438, 22.798474310945164 ], [ 70.850448248497187, 22.798745179210616 ], [ 70.850740399431501, 22.798741787908604 ] ] ], [ [ [ 70.850156097507266, 22.798748569977903 ], [ 70.850159754433946, 22.799019438278329 ], [ 70.850451906000501, 22.799016047466317 ], [ 70.850448248497187, 22.798745179210616 ], [ 70.850156097507266, 22.798748569977903 ] ] ], [ [ [ 70.850167068454041, 22.799561174849913 ], [ 70.850163411416204, 22.799290306568999 ], [ 70.849871259217394, 22.799293696890992 ], [ 70.849874915678583, 22.79956456521662 ], [ 70.850167068454041, 22.799561174849913 ] ] ], [ [ [ 70.845496265249309, 22.799886225533609 ], [ 70.845492617382746, 22.799615356547857 ], [ 70.845200463719152, 22.799618738358628 ], [ 70.845204111009039, 22.799889607388977 ], [ 70.845496265249309, 22.799886225533609 ] ] ], [ [ [ 70.849882228767655, 22.800106301838632 ], [ 70.849878572195337, 22.799835433532504 ], [ 70.849586418787609, 22.799838823409175 ], [ 70.849590074783251, 22.800109691760014 ], [ 70.849882228767655, 22.800106301838632 ] ] ], [ [ [ 70.849297920743297, 22.800113081146637 ], [ 70.849305231747863, 22.800654817908445 ], [ 70.849597386941227, 22.800651428432424 ], [ 70.849590074783251, 22.800109691760014 ], [ 70.849297920743297, 22.800113081146637 ] ] ], [ [ [ 70.844922897185498, 22.800705595875918 ], [ 70.84491925030602, 22.800434726830229 ], [ 70.844627094801524, 22.800438107705261 ], [ 70.844630741104282, 22.800708976795541 ], [ 70.844922897185498, 22.800705595875918 ] ] ], [ [ [ 70.849308887333493, 22.800925686274727 ], [ 70.849305231747863, 22.800654817908445 ], [ 70.849013076498949, 22.800658206849697 ], [ 70.849016731507874, 22.800929075260672 ], [ 70.849308887333493, 22.800925686274727 ] ] ], [ [ [ 70.849027696867893, 22.801741680435086 ], [ 70.84902038657232, 22.801199943661896 ], [ 70.848728230114432, 22.801203332157748 ], [ 70.848735539256538, 22.801745069020313 ], [ 70.849027696867893, 22.801741680435086 ] ] ], [ [ [ 70.843768851372587, 22.801802593144259 ], [ 70.843765206578396, 22.801531723959258 ], [ 70.843473048545363, 22.801535102873437 ], [ 70.84347669276282, 22.801805972103004 ], [ 70.843768851372587, 22.801802593144259 ] ] ], [ [ [ 70.843188177793735, 22.802080219791318 ], [ 70.843184534097659, 22.801809350526941 ], [ 70.842892375377119, 22.801812728416067 ], [ 70.842896018496447, 22.802083597724987 ], [ 70.843188177793735, 22.802080219791318 ] ] ], [ [ [ 70.848461652533061, 22.803102799279884 ], [ 70.848450689800401, 22.802290193983655 ], [ 70.848158530924465, 22.802293581588625 ], [ 70.848169491926797, 22.80310618701888 ], [ 70.848461652533061, 22.803102799279884 ] ] ], [ [ [ 70.842034106382044, 22.803177205989687 ], [ 70.842030464771611, 22.802906336586172 ], [ 70.84173830352259, 22.802909712514129 ], [ 70.841741944556219, 22.80318058196217 ], [ 70.842034106382044, 22.803177205989687 ] ] ], [ [ [ 70.848173145705289, 22.80337705547613 ], [ 70.848169491926797, 22.80310618701888 ], [ 70.847877331265011, 22.803109574223036 ], [ 70.847880984466713, 22.803380442724954 ], [ 70.848173145705289, 22.80337705547613 ] ] ], [ [ [ 70.847884637723936, 22.803651311217116 ], [ 70.847880984466713, 22.803380442724954 ], [ 70.847588823172615, 22.803383829438928 ], [ 70.847592475853034, 22.803654697975755 ], [ 70.847884637723936, 22.803651311217116 ] ] ], [ [ [ 70.847311270570501, 22.804470689885463 ], [ 70.847307618300377, 22.804199821333242 ], [ 70.847015455164822, 22.80420320711147 ], [ 70.847019106858127, 22.804474075708338 ], [ 70.847311270570501, 22.804470689885463 ] ] ], [ [ [ 70.847026410411203, 22.80501581287281 ], [ 70.847019106858127, 22.804474075708338 ], [ 70.84672694309026, 22.804477460996331 ], [ 70.846734245489657, 22.805019198250093 ], [ 70.847026410411203, 22.80501581287281 ] ] ], [ [ [ 70.846442080512617, 22.805022583092484 ], [ 70.846445731218694, 22.805293451749368 ], [ 70.846737896772595, 22.805290066862344 ], [ 70.846734245489657, 22.805019198250093 ], [ 70.846442080512617, 22.805022583092484 ] ] ], [ [ [ 70.846453032797271, 22.805835189033882 ], [ 70.846445731218694, 22.805293451749368 ], [ 70.846153565609328, 22.80529683610149 ], [ 70.846160866034168, 22.805838573475263 ], [ 70.846453032797271, 22.805835189033882 ] ] ], [ [ [ 70.846168166680897, 22.806380310810024 ], [ 70.846164516329793, 22.806109442147516 ], [ 70.845872348934321, 22.806112826098605 ], [ 70.845875998708522, 22.806383694805731 ], [ 70.846168166680897, 22.806380310810024 ] ] ], [ [ [ 70.845879648538201, 22.806654563503102 ], [ 70.845875998708522, 22.806383694805731 ], [ 70.845583830680724, 22.806387078266514 ], [ 70.845587479933471, 22.806657947008496 ], [ 70.845879648538201, 22.806654563503102 ] ] ], [ [ [ 70.845295311273304, 22.806661329978958 ], [ 70.845298960004627, 22.806932198755796 ], [ 70.845591129241697, 22.806928815740729 ], [ 70.845587479933471, 22.806657947008496 ], [ 70.845295311273304, 22.806661329978958 ] ] ], [ [ [ 70.845302608791371, 22.807203067522888 ], [ 70.845298960004627, 22.806932198755796 ], [ 70.845006790712077, 22.806935581235926 ], [ 70.845010438921918, 22.807206450047616 ], [ 70.845302608791371, 22.807203067522888 ] ] ], [ [ [ 70.844155809019099, 22.808841807879979 ], [ 70.844148515451408, 22.808300070096365 ], [ 70.844440687794915, 22.808296688998173 ], [ 70.844437040517235, 22.808025820136308 ], [ 70.844729212228373, 22.808022438547724 ], [ 70.844725564429169, 22.807751569720701 ], [ 70.845017735507909, 22.807748187641735 ], [ 70.845010438921918, 22.807206450047616 ], [ 70.844718268997042, 22.807209832037394 ], [ 70.844721916685387, 22.807480700883922 ], [ 70.844429746128128, 22.80748408238334 ], [ 70.844433393294977, 22.807754951264705 ], [ 70.844141222105364, 22.807758332273742 ], [ 70.844144868750689, 22.808029201189925 ], [ 70.843852696928707, 22.808032581708581 ], [ 70.843863635466235, 22.808845188532345 ], [ 70.844155809019099, 22.808841807879979 ] ] ], [ [ [ 70.843878220958615, 22.80992866416085 ], [ 70.843863635466235, 22.808845188532345 ], [ 70.843571461857977, 22.808848568649715 ], [ 70.843586045042358, 22.809932044456485 ], [ 70.843878220958615, 22.80992866416085 ] ] ], [ [ [ 70.843626153369925, 22.812911602120568 ], [ 70.843589690976955, 22.810202913383797 ], [ 70.843297514428286, 22.810206293188969 ], [ 70.843333971050583, 22.812914982371328 ], [ 70.843626153369925, 22.812911602120568 ] ] ], [ [ [ 70.844484459450172, 22.81154711457981 ], [ 70.844491755502006, 22.812088852040219 ], [ 70.844783935868392, 22.812085469782829 ], [ 70.84477663866241, 22.8115437324116 ], [ 70.844484459450172, 22.81154711457981 ] ] ], [ [ [ 70.845390196308642, 22.813703915007256 ], [ 70.845386546191023, 22.813433046474234 ], [ 70.845678729276585, 22.813429662388575 ], [ 70.845667777525179, 22.812617056864823 ], [ 70.846252140067222, 22.812610287355895 ], [ 70.846248488440153, 22.812339418917713 ], [ 70.84595630777396, 22.812342803895095 ], [ 70.845949005840453, 22.811801066900212 ], [ 70.845656826272943, 22.81180445125328 ], [ 70.845634925265983, 22.810179239766864 ], [ 70.845342749105299, 22.810182623317218 ], [ 70.845339099708596, 22.809911754657403 ], [ 70.845046924069464, 22.809915137628131 ], [ 70.845061519680854, 22.810998612387277 ], [ 70.844769341678159, 22.811001995001359 ], [ 70.84477663866241, 22.8115437324116 ], [ 70.845068817819197, 22.811540349708324 ], [ 70.845083414761262, 22.812623824233395 ], [ 70.845375596170939, 22.812620440816655 ], [ 70.845382896128882, 22.813162177931464 ], [ 70.844798530945639, 22.813168944408257 ], [ 70.844802179853545, 22.813439813040233 ], [ 70.845094363050009, 22.81343643002479 ], [ 70.845098012590498, 22.813707298602413 ], [ 70.845390196308642, 22.813703915007256 ] ], [ [ 70.845353697628099, 22.810995229238138 ], [ 70.845357347246591, 22.811266097858944 ], [ 70.8450651687223, 22.811269481052673 ], [ 70.845061519680854, 22.810998612387277 ], [ 70.845353697628099, 22.810995229238138 ] ] ], [ [ [ 70.844217813294293, 22.813446577465779 ], [ 70.844221461103388, 22.813717446177169 ], [ 70.844805828816888, 22.81371068166245 ], [ 70.844802179853545, 22.813439813040233 ], [ 70.84450999660163, 22.813443195520559 ], [ 70.844491755502006, 22.812088852040219 ], [ 70.844199575080196, 22.812092233762531 ], [ 70.844214165540635, 22.813175708744641 ], [ 70.843629799913955, 22.81318247094061 ], [ 70.843633446513365, 22.81345333975089 ], [ 70.844217813294293, 22.813446577465779 ] ] ], [ [ [ 70.844520941926589, 22.814255801491726 ], [ 70.844517293429504, 22.813984932844427 ], [ 70.844225108967905, 22.813988314878809 ], [ 70.844221461103388, 22.813717446177169 ], [ 70.843929277163497, 22.813720827631858 ], [ 70.843936571793648, 22.814262565114529 ], [ 70.844520941926589, 22.814255801491726 ] ] ], [ [ [ 70.844816776039579, 22.814523287470585 ], [ 70.844813126909912, 22.814252418877626 ], [ 70.844520941926589, 22.814255801491726 ], [ 70.844528239087055, 22.81479753875707 ], [ 70.845112611306917, 22.814790772815364 ], [ 70.845108961544639, 22.814519904276761 ], [ 70.844816776039579, 22.814523287470585 ] ] ], [ [ [ 70.844542834073195, 22.81588101317071 ], [ 70.844531887750435, 22.815068407375104 ], [ 70.844239700980182, 22.815071789587819 ], [ 70.844254293879274, 22.816155264140779 ], [ 70.844546482958322, 22.816151881749725 ], [ 70.844557429946306, 22.816964487428269 ], [ 70.844265239135581, 22.816967869953071 ], [ 70.844279833586654, 22.818051344232909 ], [ 70.84398764041147, 22.818054726400813 ], [ 70.843994936815022, 22.818596463571357 ], [ 70.844287131144796, 22.818593081314294 ], [ 70.844298077897719, 22.81940568686321 ], [ 70.844005881836026, 22.819409069254011 ], [ 70.844009530287224, 22.819679937795382 ], [ 70.844593923509805, 22.819673172389361 ], [ 70.844590273903975, 22.819402303937157 ], [ 70.844882469854781, 22.81939892047582 ], [ 70.844875169654813, 22.818857183631319 ], [ 70.844582974858625, 22.818860567003462 ], [ 70.844568377433234, 22.817777093019028 ], [ 70.844860569920286, 22.817773709825254 ], [ 70.84483502251959, 22.815877630289069 ], [ 70.844542834073195, 22.81588101317071 ] ] ], [ [ [ 70.842227190942097, 22.817533270424182 ], [ 70.842223546397832, 22.817262401537448 ], [ 70.841931354566668, 22.817265779825149 ], [ 70.841934998533674, 22.817536648756402 ], [ 70.842227190942097, 22.817533270424182 ] ] ], [ [ [ 70.844020475973323, 22.820492543360977 ], [ 70.844016827355873, 22.82022167484887 ], [ 70.843724629506752, 22.820225056838119 ], [ 70.843728277546859, 22.820495925394795 ], [ 70.844020475973323, 22.820492543360977 ] ] ], [ [ [ 70.843742870261494, 22.821579399523966 ], [ 70.843731925642388, 22.820766793941726 ], [ 70.843439726583156, 22.820770175484814 ], [ 70.843450669470116, 22.821582781200757 ], [ 70.843742870261494, 22.821579399523966 ] ] ], [ [ [ 70.843457965005157, 22.822124518295933 ], [ 70.843165763003555, 22.822127899526507 ], [ 70.843173057605398, 22.82266963667179 ], [ 70.843465260761832, 22.822666255352097 ], [ 70.843457965005157, 22.822124518295933 ] ] ], [ [ [ 70.843176704989432, 22.822940505229802 ], [ 70.84288450120016, 22.822943886058695 ], [ 70.842888148062144, 22.823214754651495 ], [ 70.84318035242886, 22.823211373778047 ], [ 70.843176704989432, 22.822940505229802 ] ] ], [ [ [ 70.842314676616169, 22.82403412077943 ], [ 70.842318322544799, 22.824304989422295 ], [ 70.842026115702083, 22.824308368867769 ], [ 70.842029761108606, 22.824579237545407 ], [ 70.841737553633024, 22.82458261650001 ], [ 70.841744843457178, 22.825124353915079 ], [ 70.842037052087761, 22.825120974871425 ], [ 70.842033406570508, 22.824850106213297 ], [ 70.842325614568196, 22.82484672667875 ], [ 70.842321968528807, 22.8245758580554 ], [ 70.842906383203072, 22.824569097469176 ], [ 70.842902736064104, 22.824298228925159 ], [ 70.842610529332148, 22.824301609441417 ], [ 70.842606882826033, 22.824030740843096 ], [ 70.842314676616169, 22.82403412077943 ] ] ], [ [ [ 70.863985477936978, 22.76282738261089 ], [ 70.863981800200065, 22.762556515212811 ], [ 70.863397656746628, 22.762563335563247 ], [ 70.863401333332618, 22.762834203051394 ], [ 70.863985477936978, 22.76282738261089 ] ] ], [ [ [ 70.862240392188838, 22.763389572834285 ], [ 70.862236717792911, 22.763118705185583 ], [ 70.861652571366704, 22.763125519310798 ], [ 70.861656244611666, 22.763396387049479 ], [ 70.862240392188838, 22.763389572834285 ] ] ], [ [ [ 70.862824539542444, 22.763382756483935 ], [ 70.862820863995537, 22.763111888925252 ], [ 70.86252879092217, 22.763115297322305 ], [ 70.862532465893594, 22.763386164926011 ], [ 70.862824539542444, 22.763382756483935 ] ] ], [ [ [ 70.862251415712009, 22.764202175721902 ], [ 70.86224406664067, 22.763660440473235 ], [ 70.86195199230454, 22.763663847892722 ], [ 70.861959340224871, 22.76420558323138 ], [ 70.862251415712009, 22.764202175721902 ] ] ], [ [ [ 70.861678285254911, 22.765021593276888 ], [ 70.861674611674687, 22.764750725596688 ], [ 70.861382534924729, 22.764754132128505 ], [ 70.861386207929442, 22.76502499985369 ], [ 70.861678285254911, 22.765021593276888 ] ] ], [ [ [ 70.866650958128034, 22.765505333595172 ], [ 70.86664359123148, 22.764963599795539 ], [ 70.866351514857129, 22.764967015447404 ], [ 70.866347832068413, 22.764696148487864 ], [ 70.866055756213569, 22.764699563560811 ], [ 70.866066803021155, 22.765512164545463 ], [ 70.865482647690214, 22.765518993360402 ], [ 70.865486328920326, 22.765789860425961 ], [ 70.865194250595309, 22.765793274077744 ], [ 70.865197931305858, 22.766064141178621 ], [ 70.86490585234931, 22.766067554341628 ], [ 70.864913212787187, 22.766609288604272 ], [ 70.865497372946606, 22.76660246156413 ], [ 70.865493691548522, 22.766331594527824 ], [ 70.865785770968671, 22.766328180252028 ], [ 70.86578208905101, 22.766057313251054 ], [ 70.866658325248693, 22.766047067355796 ], [ 70.866654641660347, 22.765776200480364 ], [ 70.866946719705311, 22.765772784159349 ], [ 70.86694303559743, 22.765501917319263 ], [ 70.866650958128034, 22.765505333595172 ] ] ], [ [ [ 70.861105148170765, 22.765841009148645 ], [ 70.861101475574003, 22.765570141407725 ], [ 70.860809396985701, 22.765573547006799 ], [ 70.860813069006895, 22.765844414792682 ], [ 70.861105148170765, 22.765841009148645 ] ] ], [ [ [ 70.864332731555564, 22.766886980715753 ], [ 70.864329052403832, 22.766616113508942 ], [ 70.863744891796657, 22.766622936278139 ], [ 70.86374856979721, 22.76689380357503 ], [ 70.864332731555564, 22.766886980715753 ] ] ], [ [ [ 70.864916893090097, 22.766880155720969 ], [ 70.864913212787187, 22.766609288604272 ], [ 70.864621132623498, 22.766612701323542 ], [ 70.864624812350812, 22.766883568485294 ], [ 70.864916893090097, 22.766880155720969 ] ] ], [ [ [ 70.859955183490143, 22.767208967979208 ], [ 70.859951512916496, 22.7669381001072 ], [ 70.85965943122693, 22.766941503795586 ], [ 70.859663101224967, 22.767212371712542 ], [ 70.859955183490143, 22.767208967979208 ] ] ], [ [ [ 70.859670441388502, 22.767754107517206 ], [ 70.859666771278825, 22.767483239619747 ], [ 70.859374688382218, 22.767486642864114 ], [ 70.85937835791627, 22.767757510806511 ], [ 70.859670441388502, 22.767754107517206 ] ] ], [ [ [ 70.862598624938727, 22.768261780125737 ], [ 70.862594948961004, 22.767990912697506 ], [ 70.862302865471747, 22.767994321370828 ], [ 70.862306540873831, 22.768265188844072 ], [ 70.862598624938727, 22.768261780125737 ] ] ], [ [ [ 70.862014456753059, 22.768268597028488 ], [ 70.862018131635381, 22.768539464536985 ], [ 70.862310216331821, 22.768536056307564 ], [ 70.862306540873831, 22.768265188844072 ], [ 70.862014456753059, 22.768268597028488 ] ] ], [ [ [ 70.859097281598338, 22.768573517465388 ], [ 70.859093612472492, 22.768302649507305 ], [ 70.85880152773737, 22.768306051818641 ], [ 70.858805196287548, 22.768576919821637 ], [ 70.859097281598338, 22.768573517465388 ] ] ], [ [ [ 70.862021806573608, 22.76881033203572 ], [ 70.862018131635381, 22.768539464536985 ], [ 70.861726046883049, 22.768542872232473 ], [ 70.861729721245638, 22.768813739776206 ], [ 70.862021806573608, 22.76881033203572 ] ] ], [ [ [ 70.858812533555323, 22.769118655798398 ], [ 70.858808864893547, 22.768847787814892 ], [ 70.858516778951312, 22.768851189682131 ], [ 70.858520447037407, 22.76912205771055 ], [ 70.858812533555323, 22.769118655798398 ] ] ], [ [ [ 70.861737070138432, 22.76935547483443 ], [ 70.861733395664089, 22.769084607310194 ], [ 70.86144130970456, 22.769088014561731 ], [ 70.861444983603235, 22.769358882130952 ], [ 70.861737070138432, 22.76935547483443 ] ] ], [ [ [ 70.858524115179321, 22.769392925729225 ], [ 70.858520447037407, 22.76912205771055 ], [ 70.858228360463713, 22.76912545908877 ], [ 70.858232028029931, 22.769396327152343 ], [ 70.858524115179321, 22.769392925729225 ] ] ], [ [ [ 70.861452331568202, 22.769900617240154 ], [ 70.861448657557787, 22.769629749690431 ], [ 70.861156570391003, 22.769633156497985 ], [ 70.861160243825751, 22.769904024092686 ], [ 70.861452331568202, 22.769900617240154 ] ] ], [ [ [ 70.857950942131055, 22.770212332308486 ], [ 70.857947274973199, 22.769941464229241 ], [ 70.857655186560876, 22.769944864674255 ], [ 70.857658853143022, 22.770215732798388 ], [ 70.857950942131055, 22.770212332308486 ] ] ], [ [ [ 70.860875501913085, 22.770449165661361 ], [ 70.860871828942322, 22.770178298041181 ], [ 70.860579740512421, 22.770181703870765 ], [ 70.860583412907474, 22.770452571535909 ], [ 70.860875501913085, 22.770449165661361 ] ] ], [ [ [ 70.860587085358389, 22.77072343919129 ], [ 70.860583412907474, 22.770452571535909 ], [ 70.860291323846027, 22.770455976876477 ], [ 70.860294995721205, 22.770726844576824 ], [ 70.860587085358389, 22.77072343919129 ] ] ], [ [ [ 70.857377762453126, 22.771031737202886 ], [ 70.857374096279401, 22.770760869063107 ], [ 70.857082006028421, 22.77076426857483 ], [ 70.857085671626407, 22.771035136759487 ], [ 70.857377762453126, 22.771031737202886 ] ] ], [ [ [ 70.860302339639119, 22.771268579948273 ], [ 70.860298667652245, 22.77099771226742 ], [ 70.860006577383487, 22.771001117163916 ], [ 70.860010248794637, 22.771271984889722 ], [ 70.860302339639119, 22.771268579948273 ] ] ], [ [ [ 70.859718157894307, 22.771275389297177 ], [ 70.859721828785538, 22.771546257058169 ], [ 70.860013920261608, 22.771542852605773 ], [ 70.860010248794637, 22.771271984889722 ], [ 70.859718157894307, 22.771275389297177 ] ] ], [ [ [ 70.857093002989629, 22.771576873099566 ], [ 70.857089337280144, 22.771306004934402 ], [ 70.856797245821923, 22.771309404001883 ], [ 70.856800910955656, 22.771580272211924 ], [ 70.857093002989629, 22.771576873099566 ] ] ], [ [ [ 70.856519812874311, 22.772396275496504 ], [ 70.856516148149112, 22.772125407270835 ], [ 70.856224054852134, 22.77212880540489 ], [ 70.856227719001552, 22.772399673675416 ], [ 70.856519812874311, 22.772396275496504 ] ] ], [ [ [ 70.85915599520176, 22.772907403469038 ], [ 70.859152325182976, 22.772636535666912 ], [ 70.858860231236363, 22.772639938696994 ], [ 70.858863900679367, 22.772910806544036 ], [ 70.85915599520176, 22.772907403469038 ] ] ], [ [ [ 70.85594661612825, 22.773215676207951 ], [ 70.855942952387466, 22.772944807921814 ], [ 70.855650857251675, 22.772948205122361 ], [ 70.85565452041665, 22.773219073453348 ], [ 70.85594661612825, 22.773215676207951 ] ] ], [ [ [ 70.855077653020146, 22.773767603154045 ], [ 70.855066666813016, 22.772954997921332 ], [ 70.85477457151012, 22.77295839351974 ], [ 70.854785555989807, 22.773770998886931 ], [ 70.855077653020146, 22.773767603154045 ] ] ], [ [ [ 70.855658183637331, 22.773489941774578 ], [ 70.85565452041665, 22.773219073453348 ], [ 70.855362424649357, 22.773222470164693 ], [ 70.855366087294215, 22.773493338530759 ], [ 70.855658183637331, 22.773489941774578 ] ] ], [ [ [ 70.858294385190703, 22.774001082741908 ], [ 70.858290716676137, 22.773730214844029 ], [ 70.857998620258897, 22.773733616451622 ], [ 70.858002288197653, 22.774004484394396 ], [ 70.858294385190703, 22.774001082741908 ] ] ], [ [ [ 70.854800202742311, 22.774854472573413 ], [ 70.854796540970653, 22.774583604166416 ], [ 70.854504442157122, 22.774586999499693 ], [ 70.854508103352899, 22.774857867951511 ], [ 70.854800202742311, 22.774854472573413 ] ] ], [ [ [ 70.857724861158204, 22.775091357366037 ], [ 70.857721193572189, 22.774820489417358 ], [ 70.857429094740041, 22.774823890136371 ], [ 70.857432761750175, 22.775094758129946 ], [ 70.857724861158204, 22.775091357366037 ] ] ], [ [ [ 70.85451908727434, 22.775670473248489 ], [ 70.854515425911515, 22.775399604825907 ], [ 70.854223325314692, 22.775402999759535 ], [ 70.854226986101622, 22.775673868226928 ], [ 70.85451908727434, 22.775670473248489 ] ] ], [ [ [ 70.857440095937747, 22.775636494087841 ], [ 70.857436428816087, 22.775365626113764 ], [ 70.857144328776428, 22.775369026388457 ], [ 70.857147995322222, 22.775639894407416 ], [ 70.857440095937747, 22.775636494087841 ] ] ], [ [ [ 70.857155328581072, 22.776181630416087 ], [ 70.857151661923766, 22.775910762416625 ], [ 70.856859560676583, 22.775914162246959 ], [ 70.85686322675798, 22.776185030291298 ], [ 70.857155328581072, 22.776181630416087 ] ] ], [ [ [ 70.854234307842503, 22.776215605132471 ], [ 70.854230646944231, 22.775944736684572 ], [ 70.85393854513994, 22.775948131173696 ], [ 70.853942205462317, 22.776218999666401 ], [ 70.854234307842503, 22.776215605132471 ] ] ], [ [ [ 70.856870559088037, 22.776726766350727 ], [ 70.856866892895141, 22.776455898325889 ], [ 70.856574790440391, 22.776459297711842 ], [ 70.856578456057377, 22.776730165781554 ], [ 70.856870559088037, 22.776726766350727 ] ] ], [ [ [ 70.85658945324279, 22.777542769932197 ], [ 70.856582121730113, 22.777001033841515 ], [ 70.856290018067767, 22.777004432783059 ], [ 70.856297348428583, 22.777546168963461 ], [ 70.85658945324279, 22.777542769932197 ] ] ], [ [ [ 70.853672062673994, 22.777847604686546 ], [ 70.853668402593598, 22.777576736207514 ], [ 70.853376297222425, 22.777580129897139 ], [ 70.853379956726869, 22.777850998420963 ], [ 70.853672062673994, 22.777847604686546 ] ] ], [ [ [ 70.856304679012311, 22.778087905104872 ], [ 70.856301013692573, 22.777817037039039 ], [ 70.856008908246679, 22.77782043558101 ], [ 70.856012572990437, 22.778091303691696 ], [ 70.856304679012311, 22.778087905104872 ] ] ], [ [ [ 70.856023567556136, 22.778903907965262 ], [ 70.856016237789945, 22.778362171792633 ], [ 70.85572413113637, 22.77836556989012 ], [ 70.855731459750587, 22.778907306152448 ], [ 70.856023567556136, 22.778903907965262 ] ] ], [ [ [ 70.853109805463376, 22.779479602828136 ], [ 70.853106146201057, 22.779208734318015 ], [ 70.852814037262704, 22.779212127207973 ], [ 70.852817695949014, 22.779482995762869 ], [ 70.853109805463376, 22.779479602828136 ] ] ], [ [ [ 70.855746117647655, 22.77999077856013 ], [ 70.855738788587686, 22.779449042375784 ], [ 70.855446679574413, 22.779452440118462 ], [ 70.855454007482336, 22.779994176392492 ], [ 70.855746117647655, 22.77999077856013 ] ] ], [ [ [ 70.852839649235136, 22.781108206887602 ], [ 70.852832331250553, 22.780566469885013 ], [ 70.852540219376436, 22.780569862464628 ], [ 70.852547536208888, 22.781111599556755 ], [ 70.852839649235136, 22.781108206887602 ] ] ], [ [ [ 70.855472328227151, 22.781348516906966 ], [ 70.855457671519886, 22.780265044514884 ], [ 70.855165560722824, 22.780268441857849 ], [ 70.85518021512587, 22.78135191442928 ], [ 70.855472328227151, 22.781348516906966 ] ] ], [ [ [ 70.855198534383078, 22.782706254924207 ], [ 70.85518021512587, 22.78135191442928 ], [ 70.854888101968882, 22.781355311417329 ], [ 70.854906418345607, 22.782709652136411 ], [ 70.855198534383078, 22.782706254924207 ] ] ], [ [ [ 70.857816568936187, 22.781863052914701 ], [ 70.857823907064557, 22.782404788295356 ], [ 70.857531792104879, 22.78240819027133 ], [ 70.85753546067663, 22.782679057991924 ], [ 70.858411807116596, 22.782668850326438 ], [ 70.858400796383776, 22.781856247539512 ], [ 70.857816568936187, 22.781863052914701 ] ] ], [ [ [ 70.857247013136487, 22.782953327234228 ], [ 70.857254349406631, 22.78349506271643 ], [ 70.856670114599439, 22.783501864355948 ], [ 70.856673781665876, 22.783772732172178 ], [ 70.855797427308516, 22.783782930758655 ], [ 70.855804758151692, 22.784324666631015 ], [ 70.855512638768786, 22.784328065180883 ], [ 70.855508973895496, 22.784057197204728 ], [ 70.854924736114853, 22.784063992611767 ], [ 70.854910081788063, 22.782980520250984 ], [ 70.854617965118749, 22.782983916973706 ], [ 70.854643606742414, 22.784879993816485 ], [ 70.854935727444811, 22.784876596779991 ], [ 70.854932063612466, 22.78460572873367 ], [ 70.856392663407846, 22.784588735760117 ], [ 70.856388996750312, 22.784317867928269 ], [ 70.856973235125949, 22.784311067088165 ], [ 70.856969567371834, 22.784040199336307 ], [ 70.857553804372102, 22.784033396448624 ], [ 70.857539129304158, 22.782949925702763 ], [ 70.857247013136487, 22.782953327234228 ] ] ], [ [ [ 70.854672914796893, 22.787046938194681 ], [ 70.854647270054286, 22.785150861897883 ], [ 70.854355148719975, 22.785154258444841 ], [ 70.854380789428987, 22.787050335055365 ], [ 70.854672914796893, 22.787046938194681 ] ] ], [ [ [ 70.854395442487899, 22.788133807189737 ], [ 70.854384452610191, 22.787321203103584 ], [ 70.854092326610328, 22.787324599474672 ], [ 70.854103314759186, 22.788137203695261 ], [ 70.854395442487899, 22.788133807189737 ] ] ], [ [ [ 70.854136282212764, 22.790575015830491 ], [ 70.854117966403919, 22.789220675852871 ], [ 70.853825836314272, 22.789224072003172 ], [ 70.853844149241368, 22.79057841220483 ], [ 70.854136282212764, 22.790575015830491 ] ] ], [ [ [ 70.858237152322801, 22.791340012452427 ], [ 70.858229809359202, 22.790798277805223 ], [ 70.85793767659186, 22.790801681707489 ], [ 70.857941347469378, 22.791072549080873 ], [ 70.857357080614534, 22.791079355371679 ], [ 70.857353410889772, 22.7908084879085 ], [ 70.857061277955069, 22.790811890207252 ], [ 70.857064947103424, 22.791082757715312 ], [ 70.856188546235501, 22.791092961539118 ], [ 70.856192213710457, 22.791363829172031 ], [ 70.855607945033611, 22.791370629138378 ], [ 70.855611611411533, 22.791641496851245 ], [ 70.855319476413101, 22.791644896077475 ], [ 70.85532314227035, 22.791915763825436 ], [ 70.853862463560418, 22.791932752162712 ], [ 70.853844149241368, 22.79057841220483 ], [ 70.85355201621428, 22.790581808044664 ], [ 70.853573990105801, 22.792207016233665 ], [ 70.855326808183307, 22.792186631563641 ], [ 70.855330474151998, 22.792457499292095 ], [ 70.855622610879678, 22.792454099931344 ], [ 70.855618944334566, 22.79218323224773 ], [ 70.85591108043009, 22.79217983239727 ], [ 70.855907413364292, 22.791908964748757 ], [ 70.856199548827647, 22.791905564408616 ], [ 70.856195881241177, 22.791634696795203 ], [ 70.85648801607239, 22.791631295965384 ], [ 70.856484347965264, 22.79136042838708 ], [ 70.858237152322801, 22.791340012452427 ] ] ], [ [ [ 70.853581315181685, 22.792748752218657 ], [ 70.853577652615911, 22.79247788423103 ], [ 70.853285515498314, 22.79248127984992 ], [ 70.853289177487653, 22.792752147882332 ], [ 70.853581315181685, 22.792748752218657 ] ] ], [ [ [ 70.85533414017641, 22.79272836701081 ], [ 70.855330474151998, 22.792457499292095 ], [ 70.85386978967783, 22.792474488077591 ], [ 70.853873452820054, 22.792745356020415 ], [ 70.85533414017641, 22.79272836701081 ] ] ], [ [ [ 70.853307488269351, 22.79410648789813 ], [ 70.853296501633338, 22.793293883917912 ], [ 70.853004362730729, 22.793297279136603 ], [ 70.853015347637324, 22.794109883251181 ], [ 70.853307488269351, 22.79410648789813 ] ] ], [ [ [ 70.853325800442761, 22.795460827670119 ], [ 70.853314812971718, 22.794648223836184 ], [ 70.853022671186679, 22.79465161927882 ], [ 70.853019009384155, 22.79438075126988 ], [ 70.852726868119987, 22.794384146133119 ], [ 70.852734190627643, 22.794925882230803 ], [ 70.853026333044852, 22.794922487278004 ], [ 70.853033656928162, 22.795464223247119 ], [ 70.853325800442761, 22.795460827670119 ] ] ], [ [ [ 70.853910087304939, 22.795454034912222 ], [ 70.853906423605864, 22.795183167066931 ], [ 70.853614280779141, 22.795186563668388 ], [ 70.853617943901696, 22.795457431558482 ], [ 70.853910087304939, 22.795454034912222 ] ] ], [ [ [ 70.855666613768634, 22.795704511373966 ], [ 70.855958757358408, 22.795701110940431 ], [ 70.8559550895679, 22.795430243418714 ], [ 70.855662946554659, 22.795433643807389 ], [ 70.855666613768634, 22.795704511373966 ] ] ], [ [ [ 70.853913751059707, 22.795724902747764 ], [ 70.85332946304446, 22.795731695595258 ], [ 70.853333125701823, 22.796002563510655 ], [ 70.853625270313827, 22.795999167309425 ], [ 70.853628933603417, 22.796270035170267 ], [ 70.854213223813488, 22.796263241074268 ], [ 70.854220552865982, 22.796804976587453 ], [ 70.854512699040612, 22.796801578647841 ], [ 70.854516364226996, 22.797072446344988 ], [ 70.854808510922496, 22.797069047825882 ], [ 70.854804845159549, 22.79679818017356 ], [ 70.855096991222737, 22.796794781164611 ], [ 70.855093324938935, 22.796523913547372 ], [ 70.854801179452295, 22.796527312511483 ], [ 70.854790182664885, 22.795714709466733 ], [ 70.854498038852199, 22.795718107761715 ], [ 70.854494373944362, 22.795447240015804 ], [ 70.855662946554659, 22.795433643807389 ], [ 70.85565561229393, 22.794891908644981 ], [ 70.855363470377981, 22.794895308409338 ], [ 70.855359803907731, 22.794624440768661 ], [ 70.854775521061669, 22.794631238603856 ], [ 70.854779186378906, 22.794902106334202 ], [ 70.854194902156976, 22.794908902120607 ], [ 70.85420223065249, 22.795450637731328 ], [ 70.853910087304939, 22.795454034912222 ], [ 70.853913751059707, 22.795724902747764 ] ] ], [ [ [ 70.85654304437071, 22.795694308469471 ], [ 70.856250900892434, 22.79569770997227 ], [ 70.85625456931524, 22.795968577439378 ], [ 70.856546713370051, 22.795965175891713 ], [ 70.85654304437071, 22.795694308469471 ] ] ], [ [ [ 70.856838857369098, 22.795961773809402 ], [ 70.856546713370051, 22.795965175891713 ], [ 70.856550382425169, 22.796236043304202 ], [ 70.856842527000765, 22.796232641177017 ], [ 70.856838857369098, 22.795961773809402 ] ] ], [ [ [ 70.856557720702696, 22.796777778099905 ], [ 70.856265574918211, 22.796781179782176 ], [ 70.856269243564057, 22.797052047210261 ], [ 70.856561389925105, 22.797048645483127 ], [ 70.856557720702696, 22.796777778099905 ] ] ] ] } },
{ "type": "Feature", "properties": { "cls": 4, "depth_cls": "> 3 m", "area_km2": 7.447, "scenario": "S0_release" }, "geometry": { "type": "MultiPolygon", "coordinates": [ [ [ [ 70.799720016381556, 22.874098439508764 ], [ 70.800304656623766, 22.874091821658542 ], [ 70.800301085157699, 22.873820948361242 ], [ 70.799716446073788, 22.873827566124408 ], [ 70.799720016381556, 22.874098439508764 ] ] ], [ [ [ 70.802343744778241, 22.873526896280985 ], [ 70.801466788946811, 22.873536833261273 ], [ 70.801477510294717, 22.874349452630558 ], [ 70.801769830696855, 22.874346140709815 ], [ 70.801762681919072, 22.873804394560509 ], [ 70.802347320244067, 22.873797769283097 ], [ 70.802343744778241, 22.873526896280985 ] ] ], [ [ [ 70.800600548763001, 22.874359385172323 ], [ 70.800596976663584, 22.874088511928317 ], [ 70.800304656623766, 22.874091821658542 ], [ 70.800308228144019, 22.87436269494609 ], [ 70.800600548763001, 22.874359385172323 ] ] ], [ [ [ 70.800600548763001, 22.874359385172323 ], [ 70.800604120916589, 22.874630258406583 ], [ 70.800896442060548, 22.874626948052526 ], [ 70.800900014847514, 22.874897821233496 ], [ 70.801192336516422, 22.874894510299132 ], [ 70.801188763150279, 22.874623637161715 ], [ 70.801481084185795, 22.874620325734156 ], [ 70.801477510294717, 22.874349452630558 ], [ 70.800600548763001, 22.874359385172323 ] ] ], [ [ [ 70.834098481385993, 22.843363646932868 ], [ 70.834087582426562, 22.842551039157652 ], [ 70.834379829528231, 22.842547671732618 ], [ 70.834372562674943, 22.842005933255713 ], [ 70.834664808565307, 22.84200256538351 ], [ 70.834661174643344, 22.841731696174765 ], [ 70.834953419900486, 22.841728327811055 ], [ 70.834949785455649, 22.841457458636921 ], [ 70.835242030079542, 22.841454089781713 ], [ 70.835231125342034, 22.840641482333869 ], [ 70.835523368176638, 22.840638113075936 ], [ 70.835516097471569, 22.840096374817332 ], [ 70.835223855792975, 22.840099743986521 ], [ 70.835220221101252, 22.839828874798208 ], [ 70.834635738734505, 22.83983561144041 ], [ 70.834632105253931, 22.839564742153623 ], [ 70.834047623822485, 22.839571476563897 ], [ 70.834043991553045, 22.839300607178654 ], [ 70.833751751332571, 22.839303973535753 ], [ 70.833748119696267, 22.839033104096412 ], [ 70.83345587999861, 22.839036469873385 ], [ 70.833452248995414, 22.838765600379961 ], [ 70.832575531305594, 22.838775694363182 ], [ 70.832571902091402, 22.83850482472705 ], [ 70.832279663329189, 22.838508188272257 ], [ 70.832283291965439, 22.838779057952689 ], [ 70.83199105257016, 22.838782421006403 ], [ 70.831998308851979, 22.839324160426585 ], [ 70.83170606824568, 22.839327523033099 ], [ 70.831709695891234, 22.839598392772842 ], [ 70.831125213357424, 22.83960511646702 ], [ 70.831128839902078, 22.839875986285563 ], [ 70.830836597974567, 22.839879347373213 ], [ 70.830843850073066, 22.840421087069565 ], [ 70.830551606934478, 22.840424447709925 ], [ 70.830555232488294, 22.840695317587731 ], [ 70.830262988716626, 22.840698677736505 ], [ 70.830266613747469, 22.840969547648811 ], [ 70.829974369342736, 22.840972907305996 ], [ 70.829977993850562, 22.841243777252792 ], [ 70.82968574881275, 22.841247136418378 ], [ 70.829689372797574, 22.84151800639966 ], [ 70.829397127126683, 22.841521365073618 ], [ 70.829400750588462, 22.841792235089379 ], [ 70.829108504284491, 22.841795593271712 ], [ 70.829112127223226, 22.842066463321945 ], [ 70.82881988028619, 22.842069821012629 ], [ 70.828827125172509, 22.842611561172276 ], [ 70.82853487702431, 22.842614918415507 ], [ 70.828542120974447, 22.843156658624558 ], [ 70.828249871615043, 22.84316001542031 ], [ 70.828253493094479, 22.843430885554408 ], [ 70.827961243101967, 22.843434241858461 ], [ 70.828073518313843, 22.851831212547332 ], [ 70.827781250340422, 22.851834569685494 ], [ 70.827792116752647, 22.852647179387194 ], [ 70.827499846989028, 22.852650536121793 ], [ 70.827507090381914, 22.853192275962527 ], [ 70.827799361302368, 22.853188919139551 ], [ 70.827802983659709, 22.853459789001089 ], [ 70.827218440606927, 22.853466502199254 ], [ 70.827222061862358, 22.853737372139417 ], [ 70.826929789675049, 22.853740727978415 ], [ 70.826937031193893, 22.854282467917823 ], [ 70.826352484340561, 22.854289178163945 ], [ 70.826363343560118, 22.855101788264864 ], [ 70.826071068315571, 22.855105142716106 ], [ 70.826074687586811, 22.855376012774389 ], [ 70.825782411708815, 22.855379366733562 ], [ 70.82578603045647, 22.855650236826239 ], [ 70.825493753945054, 22.855653590293333 ], [ 70.82549737216911, 22.855924460420393 ], [ 70.824912817824469, 22.855931165834143 ], [ 70.824916434946388, 22.856202036039711 ], [ 70.824624157113163, 22.85620538798635 ], [ 70.824627773711455, 22.856476258226287 ], [ 70.824335495244796, 22.856479609680793 ], [ 70.824342727448922, 22.857021350219629 ], [ 70.824050447770276, 22.857024701226095 ], [ 70.824057679036798, 22.857566441814122 ], [ 70.823765398146136, 22.857569792372523 ], [ 70.823769013283126, 22.857840662696002 ], [ 70.823476731759001, 22.857844012762214 ], [ 70.82348034637225, 22.858114883120034 ], [ 70.823188064214662, 22.858118232694043 ], [ 70.823184450179994, 22.857847362292141 ], [ 70.822892168546147, 22.857850711285771 ], [ 70.822888555144928, 22.857579840830027 ], [ 70.822303992869891, 22.857586537120273 ], [ 70.822307605113934, 22.857857407664156 ], [ 70.822015323315583, 22.857860755048911 ], [ 70.822018935035857, 22.858131625627092 ], [ 70.821726652604099, 22.858134972519611 ], [ 70.821730263800575, 22.858405843132093 ], [ 70.821437980735396, 22.858409189532352 ], [ 70.821452423754934, 22.859492672060917 ], [ 70.821160138320423, 22.859496018101023 ], [ 70.821163748633651, 22.859766888752816 ], [ 70.820579176442948, 22.859773579312076 ], [ 70.820582785653656, 22.860044450042164 ], [ 70.820290498897464, 22.8600477945613 ], [ 70.820294107584289, 22.860318665325657 ], [ 70.820001820194662, 22.860322009352448 ], [ 70.820005428357547, 22.860592880151064 ], [ 70.819713140334486, 22.860596223685501 ], [ 70.819716747973459, 22.860867094518362 ], [ 70.819424459316934, 22.860870437560429 ], [ 70.819428066431968, 22.861141308427538 ], [ 70.819135777142009, 22.861144650977224 ], [ 70.819139383733074, 22.861415521878566 ], [ 70.818847093809666, 22.861418863935853 ], [ 70.818850699876748, 22.861689734871423 ], [ 70.818558409319891, 22.861693076436296 ], [ 70.818562014862977, 22.861963947406096 ], [ 70.818269723672671, 22.861967288478539 ], [ 70.818273328691745, 22.862238159482551 ], [ 70.817981036867991, 22.862241500062556 ], [ 70.817984641363012, 22.862512371100777 ], [ 70.817692348905823, 22.862515711188326 ], [ 70.81769595287679, 22.862786582260743 ], [ 70.817111366640816, 22.862793260914483 ], [ 70.81711496950895, 22.863064132065038 ], [ 70.81682267573018, 22.863067470631201 ], [ 70.816826278074217, 22.863338341815943 ], [ 70.816533983662012, 22.863341679889601 ], [ 70.816537585481925, 22.86361255110852 ], [ 70.816245290436271, 22.863615888689658 ], [ 70.816248891732073, 22.863886759942734 ], [ 70.815956596052956, 22.863890097031344 ], [ 70.815960196824605, 22.864160968318583 ], [ 70.815375604144847, 22.864167640974227 ], [ 70.815379203813521, 22.864438512339529 ], [ 70.815086906812894, 22.864441847906548 ], [ 70.815090505957372, 22.864712719305984 ], [ 70.814505910634608, 22.864719388918374 ], [ 70.814509508676053, 22.864990260395828 ], [ 70.81392491197721, 22.864996927950038 ], [ 70.813928508915581, 22.865267799505478 ], [ 70.813343910840715, 22.865274465001452 ], [ 70.813347506675967, 22.865545336634842 ], [ 70.813055206977836, 22.865548668621933 ], [ 70.81306599307436, 22.866361283595143 ], [ 70.812773691585079, 22.86636461517724 ], [ 70.812791666609328, 22.867718973490053 ], [ 70.812499362170954, 22.8677223047548 ], [ 70.812506551404667, 22.868264048099313 ], [ 70.812214245753879, 22.868267378915142 ], [ 70.812221434047871, 22.868809122308296 ], [ 70.811929127184627, 22.868812452675193 ], [ 70.811932720834463, 22.869083324400957 ], [ 70.811640413337727, 22.869086654275065 ], [ 70.811654786166429, 22.870170141255866 ], [ 70.811362476299209, 22.870173470768602 ], [ 70.811369661882665, 22.87071521428809 ], [ 70.811077350802904, 22.870718543351796 ], [ 70.811084535446355, 22.871260286919867 ], [ 70.81079222315401, 22.87126361553452 ], [ 70.810799406857399, 22.871805359151168 ], [ 70.810507093352456, 22.87180868731674 ], [ 70.810510684706827, 22.872079559154216 ], [ 70.810218370568322, 22.872082886826895 ], [ 70.810221961398113, 22.872353758698399 ], [ 70.809929646626045, 22.872357085878171 ], [ 70.809936827290898, 22.872898829679464 ], [ 70.809644511306189, 22.872902156410081 ], [ 70.809648101141221, 22.873173028339867 ], [ 70.809355784522936, 22.873176354577545 ], [ 70.809362963198183, 22.87371809849536 ], [ 70.8090706453672, 22.87372142428384 ], [ 70.809074234207387, 22.873992296271865 ], [ 70.808781915742841, 22.873995621567371 ], [ 70.808785504058335, 22.874266493589392 ], [ 70.808493184960184, 22.874269818391902 ], [ 70.808496772750971, 22.874540690447912 ], [ 70.808204453019243, 22.874544014757415 ], [ 70.808208040285308, 22.8748148868474 ], [ 70.807915719920018, 22.874818210663889 ], [ 70.807922893457075, 22.875359954902049 ], [ 70.807630571879002, 22.875363278269216 ], [ 70.80763415814998, 22.875634150417383 ], [ 70.807341835938317, 22.875637473291498 ], [ 70.807345421684516, 22.875908345473626 ], [ 70.807053098839248, 22.875911667854673 ], [ 70.80705668406064, 22.876182540070744 ], [ 70.806472037048536, 22.876189183309883 ], [ 70.806475621165902, 22.876460055603591 ], [ 70.806183296999066, 22.876463376461661 ], [ 70.806186880591582, 22.876734248789301 ], [ 70.805602230936373, 22.876740888982397 ], [ 70.805605813424791, 22.877011761387632 ], [ 70.805313487936431, 22.877015080722636 ], [ 70.805317069899957, 22.877285953161774 ], [ 70.804732417601727, 22.877292590308663 ], [ 70.804735998461098, 22.877563462825353 ], [ 70.804443671651228, 22.877566780637213 ], [ 70.804447251985664, 22.87783765318779 ], [ 70.804154924542217, 22.877840970506451 ], [ 70.804158504351705, 22.87811184309091 ], [ 70.803866176274695, 22.878115159916376 ], [ 70.803869755559205, 22.878386032534717 ], [ 70.803577426848605, 22.87838934886695 ], [ 70.803581005608123, 22.878660221519155 ], [ 70.803288676263946, 22.878663537358157 ], [ 70.803292254498459, 22.878934410044227 ], [ 70.802707594488666, 22.878941040198868 ], [ 70.802711171618853, 22.87921191296239 ], [ 70.802418840953237, 22.879215227278006 ], [ 70.802422417558375, 22.879486100075368 ], [ 70.801545423498069, 22.879496039931738 ], [ 70.80154184863089, 22.879225167003632 ], [ 70.800957186811473, 22.879231790803018 ], [ 70.800953613157134, 22.878960917778056 ], [ 70.800661282745423, 22.878964228828885 ], [ 70.800654136757984, 22.878422482662593 ], [ 70.800361807450642, 22.878425793089473 ], [ 70.8003546628386, 22.877884046797096 ], [ 70.800939319081934, 22.877877425580657 ], [ 70.800935745698652, 22.877606552506933 ], [ 70.801812727919256, 22.877596616786686 ], [ 70.801809152852414, 22.877325743833911 ], [ 70.802978459403477, 22.877312488865655 ], [ 70.802974882073912, 22.877041616077474 ], [ 70.803851859679639, 22.877031669345502 ], [ 70.803848280666614, 22.876760796678411 ], [ 70.804432930973832, 22.876754162926954 ], [ 70.804425770793799, 22.876212417738031 ], [ 70.804718094707496, 22.876209100144379 ], [ 70.804710933586321, 22.875667355003728 ], [ 70.805003256287293, 22.875664036960579 ], [ 70.804992513275394, 22.874851419307404 ], [ 70.804700192311984, 22.874854737219614 ], [ 70.804703772682444, 22.875125609824071 ], [ 70.804411451085528, 22.875128927243168 ], [ 70.804418610831036, 22.8756706725101 ], [ 70.804126288021436, 22.875673989479697 ], [ 70.804129867396455, 22.87594486214217 ], [ 70.803837543953364, 22.875948178618611 ], [ 70.803844701707902, 22.876489924001557 ], [ 70.801506102941687, 22.876516437186353 ], [ 70.80150967726658, 22.876787310211963 ], [ 70.800925025874108, 22.876793933227269 ], [ 70.80092859909476, 22.877064806330239 ], [ 70.800343946326961, 22.877071427285404 ], [ 70.800340374264806, 22.876800554095343 ], [ 70.800048048378869, 22.876803863724163 ], [ 70.800051619861776, 22.877074736957752 ], [ 70.799759293342404, 22.877078046093295 ], [ 70.799762864300249, 22.877348919360667 ], [ 70.799470537147457, 22.877352228002906 ], [ 70.799477678067149, 22.877893974595455 ], [ 70.799185349701645, 22.877897282787899 ], [ 70.799181779793983, 22.877626409452979 ], [ 70.798597124059071, 22.877633024140337 ], [ 70.798600692808193, 22.877903897562259 ], [ 70.798016035698168, 22.877910510189253 ], [ 70.79801960334288, 22.8781813836884 ], [ 70.798311932504234, 22.878178077599838 ], [ 70.798319069114598, 22.878719824481919 ], [ 70.79861139938042, 22.878716517769522 ], [ 70.798618537365954, 22.879258264525618 ], [ 70.799203200052375, 22.87925164931622 ], [ 70.799206770284997, 22.879522522592637 ], [ 70.799499102126305, 22.879519214139112 ], [ 70.799495531314349, 22.879248340906205 ], [ 70.800080193675782, 22.879241722475552 ], [ 70.800083765646363, 22.879512595621406 ], [ 70.800668428949677, 22.879505974956182 ], [ 70.80067914866261, 22.880318594073994 ], [ 70.800386815300044, 22.88032190480568 ], [ 70.800393960887661, 22.880863650922556 ], [ 70.800101626312156, 22.880866961204418 ], [ 70.800108770957806, 22.881408707369367 ], [ 70.79952409932676, 22.881415326496438 ], [ 70.79952767057209, 22.881686199651348 ], [ 70.799235334095911, 22.881689508452997 ], [ 70.799238904816022, 22.881960381641665 ], [ 70.798946567706253, 22.881963689949892 ], [ 70.798950137901116, 22.882234563172318 ], [ 70.798657800157798, 22.882237870987101 ], [ 70.798664939551159, 22.882779617489714 ], [ 70.798372600594831, 22.882782924854535 ], [ 70.798408295015932, 22.885491657217546 ], [ 70.798115950210686, 22.885494964480294 ], [ 70.798144505009645, 22.887661950016568 ], [ 70.797852155513809, 22.887665257090152 ], [ 70.797859293595749, 22.888207003463677 ], [ 70.79815164425078, 22.888203696303126 ], [ 70.798158783708502, 22.888745442550675 ], [ 70.798451135468625, 22.888742134766037 ], [ 70.798468987958671, 22.890096499996783 ], [ 70.798761342562884, 22.89009319145752 ], [ 70.798764913803041, 22.890364064430912 ], [ 70.799057268932756, 22.890360755310976 ], [ 70.799067984717254, 22.891173374042111 ], [ 70.799360341531894, 22.891170064254467 ], [ 70.799410363089876, 22.894962283229876 ], [ 70.799117998158522, 22.894965593626747 ], [ 70.799128716706079, 22.895778211860435 ], [ 70.799421083376956, 22.895774901333006 ], [ 70.799449673193593, 22.89794188251215 ], [ 70.799157301883611, 22.89794519338772 ], [ 70.799164448719836, 22.898486938671994 ], [ 70.798872076195806, 22.898490249097225 ], [ 70.798879222088871, 22.899031994429503 ], [ 70.798586848350766, 22.899035304404372 ], [ 70.798590420798604, 22.89930617709938 ], [ 70.798298046426353, 22.899309486580353 ], [ 70.79830161834839, 22.899580359309105 ], [ 70.798009243341994, 22.899583668296177 ], [ 70.798016386188593, 22.900125413811399 ], [ 70.797724009968064, 22.900128722348033 ], [ 70.797727580892598, 22.900399595134495 ], [ 70.797142827129122, 22.900406210682448 ], [ 70.797146396947767, 22.900677083546103 ], [ 70.796854019404819, 22.900680390557401 ], [ 70.796857588697577, 22.900951263454761 ], [ 70.796565210520484, 22.900954569972079 ], [ 70.796568779287341, 22.901225442903147 ], [ 70.795984021610778, 22.90123205441234 ], [ 70.795991156986645, 22.901773800419001 ], [ 70.79569877690713, 22.901777105454297 ], [ 70.795702344096142, 22.902047978486429 ], [ 70.795117582614736, 22.902054587031465 ], [ 70.795121148697717, 22.902325460140698 ], [ 70.794828767295826, 22.902328763650424 ], [ 70.794832332852806, 22.902599636793315 ], [ 70.794539950816784, 22.902602939808965 ], [ 70.794543515847721, 22.902873812985515 ], [ 70.794251133177568, 22.902877115507074 ], [ 70.794254697682462, 22.903147988717279 ], [ 70.793962314378163, 22.903151290744741 ], [ 70.793965878357028, 22.903422163988584 ], [ 70.793088726379608, 22.903432066976077 ], [ 70.793092288672156, 22.903702940340306 ], [ 70.792799903991536, 22.903706240304473 ], [ 70.792803465757956, 22.903977113702318 ], [ 70.792511080443219, 22.903980413172334 ], [ 70.792507519256915, 22.903709539731135 ], [ 70.791922749625684, 22.903716136971877 ], [ 70.791926309651743, 22.903987010499783 ], [ 70.792218695074482, 22.903983712104822 ], [ 70.792225816448806, 22.904525459044674 ], [ 70.791933429865793, 22.904528757526322 ], [ 70.791936990053784, 22.904799631024972 ], [ 70.791644602836641, 22.904802929012423 ], [ 70.79165172221424, 22.905344676067124 ], [ 70.791359333782808, 22.905347973603693 ], [ 70.791366452215897, 22.905889720706046 ], [ 70.791074062570146, 22.905893017791694 ], [ 70.791077621287428, 22.90616389137157 ], [ 70.790492840673664, 22.906170484016773 ], [ 70.790489283116756, 22.905899610350268 ], [ 70.790196893309158, 22.905902905823179 ], [ 70.790193336386395, 22.905632032103622 ], [ 70.789900947105053, 22.905635326995654 ], [ 70.789915172798899, 22.906718821988587 ], [ 70.789622781142839, 22.90672211651621 ], [ 70.789626337120879, 22.906992990283353 ], [ 70.789333944830673, 22.906996284316666 ], [ 70.789337500282386, 22.907267158117335 ], [ 70.789045107358035, 22.907270451656316 ], [ 70.78904866228342, 22.907541325490509 ], [ 70.788756268724924, 22.907544618535145 ], [ 70.788759823123939, 22.907815492402857 ], [ 70.788467428931312, 22.907818784953129 ], [ 70.788470982803958, 22.908089658854362 ], [ 70.7881785879772, 22.908092950910259 ], [ 70.788182141323446, 22.908363824844987 ], [ 70.787889745862529, 22.908367116406495 ], [ 70.787893298682363, 22.908637990374725 ], [ 70.787600902587315, 22.908641281441824 ], [ 70.787608007227988, 22.909183029435514 ], [ 70.78731560991848, 22.909186320051436 ], [ 70.787347578244223, 22.911624185929398 ], [ 70.787055175657784, 22.911627476396728 ], [ 70.787062279161702, 22.912169224348776 ], [ 70.786769875360648, 22.912172514364826 ], [ 70.786780529279127, 22.912985136349434 ], [ 70.786488123682972, 22.91298842595738 ], [ 70.78649522540357, 22.913530173984789 ], [ 70.785910411728068, 22.913536751760201 ], [ 70.785917511342149, 22.914078499921423 ], [ 70.78562510326276, 22.914081788088847 ], [ 70.785632201931151, 22.914623536297459 ], [ 70.785339792637018, 22.91462682401346 ], [ 70.785346890359619, 22.91516857226944 ], [ 70.784762069288007, 22.915175146260733 ], [ 70.784776260734603, 22.91625864300109 ], [ 70.784483847796039, 22.916261929362669 ], [ 70.784558354815005, 22.921950285595717 ], [ 70.784850779946794, 22.921946998327524 ], [ 70.784861427484827, 22.922759620165834 ], [ 70.78456900061083, 22.922762907563559 ], [ 70.784576098076954, 22.92330465549334 ], [ 70.784283669987644, 22.923307942439362 ], [ 70.784287218220612, 22.923578816432787 ], [ 70.783994789496774, 22.923582102883937 ], [ 70.784012528564205, 22.924936472920535 ], [ 70.783720096882604, 22.924939759049405 ], [ 70.783723644276577, 22.925210633070616 ], [ 70.783431211960391, 22.925213918704543 ], [ 70.783434758827269, 22.925484792759139 ], [ 70.783142325876511, 22.925488077898123 ], [ 70.783145872216295, 22.925758951986104 ], [ 70.782853438630951, 22.925762236630128 ], [ 70.782864076230197, 22.926574858964941 ], [ 70.782571640848545, 22.926578143200231 ], [ 70.782578731688275, 22.927119891460922 ], [ 70.782286295091112, 22.927123175244326 ], [ 70.782293384983944, 22.927664923552232 ], [ 70.782000947171269, 22.927668206883716 ], [ 70.782004491617357, 22.927939081066153 ], [ 70.78171205317004, 22.927942363902595 ], [ 70.781715597088905, 22.928213238118374 ], [ 70.781423158006959, 22.928216520459749 ], [ 70.781430244843932, 22.928758268948251 ], [ 70.781137804546418, 22.928761550837638 ], [ 70.781141347464484, 22.929032425110346 ], [ 70.780848906532341, 22.929035706504639 ], [ 70.780852448923142, 22.929306580810675 ], [ 70.780560007356343, 22.929309861709847 ], [ 70.780563549219849, 22.929580736049211 ], [ 70.779978664763306, 22.929587296319099 ], [ 70.779982205518536, 22.929858170734843 ], [ 70.779689762628792, 22.92986145010553 ], [ 70.779693302856671, 22.930132324554574 ], [ 70.779400859332313, 22.930135603430099 ], [ 70.779404399032828, 22.930406477912445 ], [ 70.778819510661194, 22.930413034134894 ], [ 70.778826587899104, 22.930954783242484 ], [ 70.778241696988943, 22.930961337484113 ], [ 70.778245234526267, 22.931232212109339 ], [ 70.777952788409749, 22.931235488465799 ], [ 70.777956325419638, 22.931506363124278 ], [ 70.777663878668491, 22.931509638985496 ], [ 70.777667415150944, 22.931780513677236 ], [ 70.777374967765155, 22.931783789043187 ], [ 70.777378503720129, 22.932054663768174 ], [ 70.776793607625734, 22.932061212971266 ], [ 70.776797142472148, 22.932332087772483 ], [ 70.776504693763542, 22.932335361609596 ], [ 70.776511762454916, 22.932877111268731 ], [ 70.7762193125306, 22.932880384653512 ], [ 70.776222846375504, 22.933151259511423 ], [ 70.775637945204068, 22.933157804752014 ], [ 70.775641477940326, 22.933428679686099 ], [ 70.775056575392568, 22.933435222859359 ], [ 70.775060107020124, 22.933706097869599 ], [ 70.774475203096117, 22.933712638975472 ], [ 70.774478733614927, 22.933983514061833 ], [ 70.773308922800567, 22.933996589985369 ], [ 70.773305394606226, 22.933725714727348 ], [ 70.773012942350093, 22.933728982319504 ], [ 70.772998832431725, 22.932645481018298 ], [ 70.773291282363445, 22.932642213597731 ], [ 70.773287754436396, 22.932371338290945 ], [ 70.773872652977303, 22.932364801920748 ], [ 70.773869123941566, 22.932093926690019 ], [ 70.774161572550753, 22.932090657740403 ], [ 70.774147454618301, 22.931007156891663 ], [ 70.773562561994837, 22.931013693909296 ], [ 70.773551977593144, 22.930201067912861 ], [ 70.77325953294428, 22.930204335485588 ], [ 70.773273643262712, 22.931287836966288 ], [ 70.773566090235676, 22.931284569221944 ], [ 70.773573146877709, 22.931826319817972 ], [ 70.773280698742639, 22.931829587648121 ], [ 70.773284226562794, 22.932100462974407 ], [ 70.772699328970205, 22.93210699710567 ], [ 70.77270990926489, 22.932919623283389 ], [ 70.77241745864518, 22.932922889670245 ], [ 70.772420984935849, 22.933193765086202 ], [ 70.772128533681638, 22.933197030977627 ], [ 70.77213205944463, 22.933467906426703 ], [ 70.771547155613703, 22.933474436680353 ], [ 70.771550680267879, 22.933745312205406 ], [ 70.771258227691192, 22.933748576567616 ], [ 70.771251179598465, 22.933206825422037 ], [ 70.770958728130594, 22.933210089160216 ], [ 70.770972822205152, 22.93429359158376 ], [ 70.770387914460301, 22.934300117787881 ], [ 70.770394959493288, 22.934841869112503 ], [ 70.770102504378499, 22.934845131492708 ], [ 70.77010602639389, 22.935116007183225 ], [ 70.769813570644587, 22.93511926906789 ], [ 70.769817092132158, 22.935390144791469 ], [ 70.769524635748311, 22.935393406180587 ], [ 70.769538719907402, 22.936476909148663 ], [ 70.769246261145426, 22.936480170170633 ], [ 70.769260343833153, 22.937563673153921 ], [ 70.76896788269292, 22.937566933808707 ], [ 70.768974923194293, 22.938108685327439 ], [ 70.768389998428788, 22.938115205192879 ], [ 70.768414633725456, 22.940011335800357 ], [ 70.768122167193638, 22.940014595224874 ], [ 70.768132724233652, 22.94082722261015 ], [ 70.767840255904488, 22.940830481624502 ], [ 70.76784729303499, 22.941372233251482 ], [ 70.767554823489789, 22.94137549181286 ], [ 70.767561859670735, 22.941917243486355 ], [ 70.767269388909469, 22.941920501594723 ], [ 70.767276424140789, 22.942462253314737 ], [ 70.766983952163429, 22.94246551097007 ], [ 70.766990986445066, 22.943007262736593 ], [ 70.766698513251583, 22.94301051993887 ], [ 70.766705546583466, 22.943552271751866 ], [ 70.766413072173847, 22.943555528501051 ], [ 70.766416588338245, 22.943826404435665 ], [ 70.766124113293898, 22.943829660688994 ], [ 70.76613114461955, 22.944371412614437 ], [ 70.765838668359024, 22.944374668414632 ], [ 70.765856244697616, 22.945729048271218 ], [ 70.765563765476358, 22.945732303746407 ], [ 70.765581340238484, 22.947086683572788 ], [ 70.76528885805628, 22.947089938722904 ], [ 70.765302916498015, 22.948173442579328 ], [ 70.765010431936247, 22.9481766973616 ], [ 70.765031517706177, 22.949801953109894 ], [ 70.765324005757705, 22.949798698071366 ], [ 70.765327520820648, 22.950069573952568 ], [ 70.76503503218747, 22.950072829033804 ], [ 70.765042061309728, 22.950614580852374 ], [ 70.765334551106264, 22.950611325685713 ], [ 70.765362674378324, 22.952778332228128 ], [ 70.767117639961285, 22.952758787862589 ], [ 70.767089488767041, 22.950591783371518 ], [ 70.766796999290079, 22.950595041770814 ], [ 70.766793481212289, 22.950324166122776 ], [ 70.767085970107573, 22.95032090776623 ], [ 70.767068377609647, 22.948966529593505 ], [ 70.767360863543402, 22.948963270911992 ], [ 70.767346788177861, 22.947879768369262 ], [ 70.767639271731909, 22.947876509320089 ], [ 70.767625194892844, 22.946793006792351 ], [ 70.767917676067313, 22.946789747375572 ], [ 70.767907117253074, 22.945977120505667 ], [ 70.768199596629614, 22.945973860678549 ], [ 70.768185516630979, 22.944890358219901 ], [ 70.768477993628181, 22.944887098025276 ], [ 70.768470952785805, 22.944345346823003 ], [ 70.768763428566714, 22.94434208617534 ], [ 70.768756386774726, 22.943800335019631 ], [ 70.769048861339371, 22.943797073918958 ], [ 70.769038297307063, 22.942984447240644 ], [ 70.769330770074063, 22.942981185729796 ], [ 70.769323726489745, 22.942439434647756 ], [ 70.769616198040552, 22.942436172683962 ], [ 70.769609153506821, 22.941894421648538 ], [ 70.769901623841477, 22.941891159231822 ], [ 70.769894578358418, 22.941349408243028 ], [ 70.770187047476938, 22.941346145373419 ], [ 70.770180001044608, 22.940804394431257 ], [ 70.770472468947048, 22.940801131108788 ], [ 70.770465421565504, 22.940259380213273 ], [ 70.770757888251879, 22.940256116437972 ], [ 70.770750839921206, 22.939714365589115 ], [ 70.77104330539153, 22.939711101361013 ], [ 70.771036256111813, 22.939169350558831 ], [ 70.771328720366114, 22.939166085877947 ], [ 70.77132519522506, 22.938895210505081 ], [ 70.771617658844676, 22.938891945328585 ], [ 70.771614133175717, 22.93862106998883 ], [ 70.771906596160647, 22.938617804316738 ], [ 70.771899543820439, 22.938076053693692 ], [ 70.772484467304906, 22.938069520905657 ], [ 70.772480940052432, 22.937798645665254 ], [ 70.77277340113325, 22.937795378506465 ], [ 70.772769873352956, 22.937524503299194 ], [ 70.773062333799089, 22.937521235644866 ], [ 70.773058805491004, 22.937250360470738 ], [ 70.773351265302438, 22.937247092320884 ], [ 70.77334773646659, 22.9369762171799 ], [ 70.773640195643324, 22.936972948534542 ], [ 70.7736366662797, 22.936702073426719 ], [ 70.773929124821763, 22.936698804285861 ], [ 70.773925594930404, 22.936427929211195 ], [ 70.774510510691641, 22.936421389400131 ], [ 70.774506979691353, 22.936150514401561 ], [ 70.774799436910527, 22.936147243731373 ], [ 70.774795905382547, 22.935876368765982 ], [ 70.775088361967022, 22.93587309760035 ], [ 70.775084829911364, 22.935602222668145 ], [ 70.775669741757412, 22.935595678807655 ], [ 70.775666208592924, 22.935324803951602 ], [ 70.775958663854482, 22.935321531256758 ], [ 70.775955130162359, 22.935050656433916 ], [ 70.776247584789203, 22.935047383243685 ], [ 70.77624405056946, 22.93477650845405 ], [ 70.776828958500218, 22.934769960544479 ], [ 70.776825423171729, 22.934499085831053 ], [ 70.777117876475614, 22.934495811111738 ], [ 70.777114340619576, 22.934224936431548 ], [ 70.777699245904344, 22.934218385463893 ], [ 70.777695708939618, 22.933947510859948 ], [ 70.77828061284778, 22.933940957824994 ], [ 70.778277074774394, 22.933670083297329 ], [ 70.77856952606696, 22.933666806015392 ], [ 70.778565987466081, 22.933395931520991 ], [ 70.77915088872814, 22.933389375428234 ], [ 70.779143809362864, 22.932847626582319 ], [ 70.779436258751261, 22.932844347814573 ], [ 70.779432718567989, 22.932573473420018 ], [ 70.780017616021709, 22.93256691435575 ], [ 70.780014074729934, 22.93229604003756 ], [ 70.780306522795243, 22.932292759741063 ], [ 70.78030298097606, 22.932021885456184 ], [ 70.780887875783549, 22.9320153233345 ], [ 70.780884332855948, 22.931744449126025 ], [ 70.781176779598113, 22.93174116730086 ], [ 70.781173236143147, 22.931470293125713 ], [ 70.781758128304332, 22.931463727946795 ], [ 70.781754583740991, 22.931192853848085 ], [ 70.782047029159983, 22.931189570494354 ], [ 70.782043484069334, 22.930918696428993 ], [ 70.782335928853598, 22.930915412580127 ], [ 70.782332383235655, 22.93064453854813 ], [ 70.782624827385192, 22.930641254204147 ], [ 70.782621281239955, 22.930370380205513 ], [ 70.782913724754735, 22.930367095366421 ], [ 70.782906631463504, 22.929825347426149 ], [ 70.783199073762589, 22.929822062135109 ], [ 70.783195526616595, 22.929551188193468 ], [ 70.783487968280937, 22.929547902407357 ], [ 70.783484420607749, 22.929277028499108 ], [ 70.783776861637364, 22.929273742217937 ], [ 70.783773313436967, 22.92900286834308 ], [ 70.784065753831868, 22.92899958156687 ], [ 70.784062205104277, 22.928728707725408 ], [ 70.785816842858409, 22.928708976025288 ], [ 70.785820395071667, 22.928979849607654 ], [ 70.786112835089966, 22.928976559064129 ], [ 70.786116387938009, 22.929247432593534 ], [ 70.786408828483403, 22.929244141468608 ], [ 70.786394615090501, 22.928160647465294 ], [ 70.785517300264061, 22.92817051870702 ], [ 70.785520851788746, 22.928441392352106 ], [ 70.784643534735167, 22.928451258879885 ], [ 70.784632885550849, 22.927638637526695 ], [ 70.784925322879758, 22.927635349351814 ], [ 70.784921772678331, 22.92736447559108 ], [ 70.78521420937254, 22.927361186921228 ], [ 70.785207107969299, 22.926819439456857 ], [ 70.785499543447912, 22.926816150335235 ], [ 70.785495992246126, 22.926545276631611 ], [ 70.785788427090054, 22.926541987015057 ], [ 70.78578487536123, 22.926271113344868 ], [ 70.786077309570459, 22.926267823233395 ], [ 70.786073757314597, 22.925996949596652 ], [ 70.78636619088914, 22.925993658990279 ], [ 70.786359085377214, 22.925451911773944 ], [ 70.786651517736232, 22.925448620715898 ], [ 70.786647964480196, 22.925177747136321 ], [ 70.786940396204542, 22.925174455583406 ], [ 70.786933288692381, 22.924632708481411 ], [ 70.787225719201246, 22.924629416476868 ], [ 70.787218610742897, 22.924087669422317 ], [ 70.787511040036307, 22.924084376966178 ], [ 70.787496821442886, 22.92300088291293 ], [ 70.787204394472553, 22.923004175196112 ], [ 70.78720084053964, 22.922733301615168 ], [ 70.786908414096189, 22.922736593317087 ], [ 70.786890648143057, 22.921382225049857 ], [ 70.788060341979147, 22.921369055878877 ], [ 70.78804612089499, 22.920285561781323 ], [ 70.787753699839499, 22.920288854708044 ], [ 70.787757254449048, 22.920559728290314 ], [ 70.786879989217368, 22.920569603972442 ], [ 70.786876436349843, 22.920298730260455 ], [ 70.786584015078901, 22.920302021035344 ], [ 70.786548495171303, 22.917593282946733 ], [ 70.786840910636002, 22.917589992604054 ], [ 70.786830253971814, 22.916777371116915 ], [ 70.787122667640986, 22.916774080366032 ], [ 70.787112009719749, 22.915961458920769 ], [ 70.78740442159345, 22.915958167761723 ], [ 70.787400868480219, 22.915687293970361 ], [ 70.787693279719548, 22.915684002316709 ], [ 70.787686172493636, 22.915142254791206 ], [ 70.787978582518093, 22.915138962686214 ], [ 70.787971474346662, 22.914597215208182 ], [ 70.788263883156262, 22.914593922651871 ], [ 70.788256774039382, 22.914052175221325 ], [ 70.788549181634167, 22.914048882213734 ], [ 70.788538516621585, 22.913236261124542 ], [ 70.788830922421141, 22.91323296770895 ], [ 70.78882736694429, 22.912962094036313 ], [ 70.789119772109515, 22.912958800126226 ], [ 70.78911266015669, 22.912417052838226 ], [ 70.789405064107171, 22.912413758476941 ], [ 70.789401507631212, 22.912142884861591 ], [ 70.789693910947392, 22.912139590005843 ], [ 70.789686796996421, 22.91159784283246 ], [ 70.7899791990979, 22.911594547525546 ], [ 70.789972084201864, 22.911052800399734 ], [ 70.79026448508867, 22.911049504641699 ], [ 70.79026092714119, 22.910778631107462 ], [ 70.79055332739371, 22.910775334855025 ], [ 70.790546210499869, 22.910233587843898 ], [ 70.790838609537744, 22.910230291140387 ], [ 70.790835050591426, 22.909959417663504 ], [ 70.791127448995027, 22.909956120465623 ], [ 70.791123889522311, 22.909685247022306 ], [ 70.791416287291639, 22.909681949330061 ], [ 70.79140916734751, 22.909140202500826 ], [ 70.791701563902237, 22.909136904357581 ], [ 70.791698003430838, 22.908866030971669 ], [ 70.791990399351306, 22.9088627323341 ], [ 70.791983277409869, 22.908320985619696 ], [ 70.792275672115778, 22.90831768653117 ], [ 70.792272110645769, 22.908046813202684 ], [ 70.792564504717433, 22.908043513619877 ], [ 70.792560942721153, 22.907772640324986 ], [ 70.792853336158572, 22.907769340247906 ], [ 70.792846211167543, 22.907227593715593 ], [ 70.793138603390446, 22.907224293187625 ], [ 70.793135040395725, 22.906953419950209 ], [ 70.793427431984384, 22.906950118928005 ], [ 70.793423868463449, 22.906679245724206 ], [ 70.793716259417863, 22.906675944207784 ], [ 70.793709131377668, 22.906134197857693 ], [ 70.79400152111765, 22.906130895890456 ], [ 70.793997956598403, 22.905860022744161 ], [ 70.794290345704141, 22.905856720282738 ], [ 70.794286780658751, 22.905585847170091 ], [ 70.794579169130259, 22.905582544214496 ], [ 70.794575603558741, 22.905311671135497 ], [ 70.794867991396032, 22.905308367685745 ], [ 70.794864425298414, 22.905037494640403 ], [ 70.795156812501446, 22.905034190696508 ], [ 70.795153245877742, 22.904763317684829 ], [ 70.795445632446558, 22.904760013246808 ], [ 70.795442065296783, 22.904489140268794 ], [ 70.795734451231354, 22.904485835336658 ], [ 70.795730883555535, 22.904214962392317 ], [ 70.79602326885589, 22.904211656966094 ], [ 70.796019700654014, 22.903940784055433 ], [ 70.796604469932163, 22.903934171677282 ], [ 70.796600900624156, 22.903663298843771 ], [ 70.79689328460195, 22.903659991891868 ], [ 70.796889714767943, 22.903389119092065 ], [ 70.797182098111506, 22.90338581164611 ], [ 70.797178527751541, 22.903114938880009 ], [ 70.797470910460845, 22.903111630940032 ], [ 70.797467339574922, 22.902840758207642 ], [ 70.797759721649996, 22.902837449773635 ], [ 70.797756150238143, 22.902566577074978 ], [ 70.798048531678987, 22.90256326814697 ], [ 70.798044959741205, 22.902292395482046 ], [ 70.798337340547832, 22.902289086060044 ], [ 70.798333768084149, 22.90201821342885 ], [ 70.798918528374742, 22.902011593059431 ], [ 70.798914954805113, 22.901740720505494 ], [ 70.799207334289108, 22.901737409558091 ], [ 70.799203760193606, 22.901466537037908 ], [ 70.799496139043356, 22.901463225596569 ], [ 70.799492564422025, 22.901192353110151 ], [ 70.799784942637544, 22.901189041174884 ], [ 70.799781367490382, 22.900918168722239 ], [ 70.800073745071657, 22.90091485629306 ], [ 70.800070169398708, 22.9006439838742 ], [ 70.800362546345738, 22.90064067095112 ], [ 70.800358970146988, 22.900369798566036 ], [ 70.800651346459802, 22.900366485149078 ], [ 70.800647769735292, 22.900095612797791 ], [ 70.800940145413861, 22.900092298886964 ], [ 70.800936568163593, 22.899821426569474 ], [ 70.801228943207931, 22.899818112164791 ], [ 70.801221787710176, 22.89927636758766 ], [ 70.801806535316203, 22.899269737340358 ], [ 70.801810114197906, 22.899540609546658 ], [ 70.802687236939846, 22.899530660014474 ], [ 70.802676495237932, 22.898718043758635 ], [ 70.802091750277341, 22.898724677055924 ], [ 70.802088170978493, 22.898453804863937 ], [ 70.802380542905993, 22.898450488527576 ], [ 70.802373383311291, 22.897908744201512 ], [ 70.802958124683713, 22.897902110091071 ], [ 70.802954543807957, 22.897631238000606 ], [ 70.803246913832808, 22.897627920182956 ], [ 70.80324333243145, 22.897357048126342 ], [ 70.803535701822099, 22.897353729814959 ], [ 70.803521374440194, 22.896270241665402 ], [ 70.803229007369069, 22.896273559802314 ], [ 70.803221845163733, 22.895731815581751 ], [ 70.803514211075125, 22.895728497532083 ], [ 70.803510629474076, 22.895457625450781 ], [ 70.803802994751308, 22.895454306907428 ], [ 70.803799412624727, 22.895183434860002 ], [ 70.804384141856573, 22.895176796248688 ], [ 70.804380558624672, 22.894905924278763 ], [ 70.804672922579272, 22.894902604210824 ], [ 70.804665755118847, 22.894360860329002 ], [ 70.804373392323868, 22.894364180309648 ], [ 70.804376975447113, 22.894635052299087 ], [ 70.804084612017988, 22.894638371786112 ], [ 70.804088194615744, 22.89490924380943 ], [ 70.80350346643489, 22.894915881258921 ], [ 70.803507047927312, 22.895186753359731 ], [ 70.802922318369582, 22.895193388747334 ], [ 70.802925898756655, 22.895464260925603 ], [ 70.802633533316495, 22.895467577857076 ], [ 70.802594158422536, 22.892487982879761 ], [ 70.802301799305795, 22.892491298794393 ], [ 70.802298220675425, 22.892220426421598 ], [ 70.802005862084158, 22.892223741755434 ], [ 70.801987972644923, 22.890869379527192 ], [ 70.801695616897959, 22.890872694105916 ], [ 70.80169919409758, 22.891143566614652 ], [ 70.801114481281516, 22.891150194247711 ], [ 70.801107329255288, 22.890608449046216 ], [ 70.80081497392527, 22.890611761969858 ], [ 70.800807823275335, 22.890070016642227 ], [ 70.800515469050438, 22.890073328941593 ], [ 70.800497596272749, 22.888718965234087 ], [ 70.800205244891885, 22.888722276778591 ], [ 70.800187376367546, 22.887367912609541 ], [ 70.800479724850405, 22.887364601282737 ], [ 70.800465428688327, 22.886281109946122 ], [ 70.801050120854939, 22.886274486029688 ], [ 70.801039395825413, 22.885461867686129 ], [ 70.801331740088784, 22.885458555053003 ], [ 70.801324589181206, 22.884916809528992 ], [ 70.801616932231326, 22.884913496445972 ], [ 70.801599053014087, 22.883559132683104 ], [ 70.801891393112584, 22.883555819280939 ], [ 70.801884240646487, 22.883014073794673 ], [ 70.802176579531846, 22.883010759942682 ], [ 70.802169426123868, 22.882469014504572 ], [ 70.802461763796131, 22.88246570020279 ], [ 70.802454609446372, 22.881923954812844 ], [ 70.80274694590554, 22.881920640061292 ], [ 70.802743368232655, 22.881649767395288 ], [ 70.803035704058161, 22.881646452150399 ], [ 70.803028547716437, 22.881104706876325 ], [ 70.803320882328904, 22.881101391181716 ], [ 70.803317303660094, 22.880830518573664 ], [ 70.8036096376389, 22.880827202385753 ], [ 70.803606058445013, 22.880556329811562 ], [ 70.804190725081028, 22.880549695912247 ], [ 70.80418714478273, 22.880278823415551 ], [ 70.804479477439912, 22.880275505704173 ], [ 70.804472315847619, 22.879733760768797 ], [ 70.805056978681677, 22.879727123909937 ], [ 70.805053396808376, 22.87945625151492 ], [ 70.805638058266425, 22.879449612595849 ], [ 70.805634475288826, 22.879178740278395 ], [ 70.805926805357018, 22.879175420057219 ], [ 70.805923221854471, 22.878904547773683 ], [ 70.806215551289, 22.878901227059323 ], [ 70.806211967261532, 22.878630354809701 ], [ 70.806504296062386, 22.878627033602164 ], [ 70.806500711509997, 22.878356161386481 ], [ 70.807085367790009, 22.87834951744825 ], [ 70.807081782133437, 22.878078645310193 ], [ 70.807666437037298, 22.878071999311999 ], [ 70.807662850276614, 22.877801127251608 ], [ 70.808247503804296, 22.877794479193515 ], [ 70.808243915939514, 22.877523607210822 ], [ 70.809120894084998, 22.877513631228691 ], [ 70.809117304536926, 22.877242759367462 ], [ 70.80940962989726, 22.877239433010207 ], [ 70.809406039824395, 22.87696856118297 ], [ 70.809698364551053, 22.876965234332658 ], [ 70.809694773953424, 22.876694362539428 ], [ 70.809987098046378, 22.876691035196085 ], [ 70.809983506924013, 22.876420163436869 ], [ 70.810275830383262, 22.876416835600494 ], [ 70.810268647143559, 22.875875092140355 ], [ 70.810560969389925, 22.875871763854761 ], [ 70.810557377272616, 22.875600892153837 ], [ 70.810849698885292, 22.875597563375248 ], [ 70.810846106243289, 22.875326691708363 ], [ 70.811430748146748, 22.875320032628487 ], [ 70.811423560709628, 22.874778289440645 ], [ 70.811715880421232, 22.874774959183181 ], [ 70.811712286205321, 22.87450408761843 ], [ 70.812004605283235, 22.874500756868038 ], [ 70.812001010542701, 22.874229885337353 ], [ 70.812293328986954, 22.874226554094051 ], [ 70.812289733721812, 22.87395568259743 ], [ 70.812582051532374, 22.873952350861227 ], [ 70.812578455742667, 22.873681479398677 ], [ 70.812870772919553, 22.873678147169585 ], [ 70.81286717660528, 22.873407275741126 ], [ 70.81315949314849, 22.873403943019163 ], [ 70.813152299525441, 22.872862200220649 ], [ 70.813444614855868, 22.872858867049679 ], [ 70.813437420292942, 22.872317124299851 ], [ 70.813729734410614, 22.8723137906799 ], [ 70.813726136631956, 22.872042919334209 ], [ 70.814018450115981, 22.872039585221437 ], [ 70.814011253564303, 22.871497842588518 ], [ 70.81430356583563, 22.871494508026817 ], [ 70.814292769680492, 22.870681894135881 ], [ 70.814000459146271, 22.870685228565975 ], [ 70.813989665219594, 22.869872614455627 ], [ 70.814281974016779, 22.86986928015715 ], [ 70.814278375571433, 22.869598408811399 ], [ 70.814570683735028, 22.869595074020175 ], [ 70.814563485850144, 22.86905333138716 ], [ 70.814855792801168, 22.869049996147101 ], [ 70.814852193361688, 22.868779124859838 ], [ 70.81514449967915, 22.868775789127081 ], [ 70.815140899715331, 22.868504917873953 ], [ 70.815433205399202, 22.868501581648502 ], [ 70.815426004477558, 22.867959839200783 ], [ 70.815718308948931, 22.867956502526564 ], [ 70.815711107087978, 22.867414760127623 ], [ 70.816003410346852, 22.867411423004665 ], [ 70.815996207546661, 22.866869680654528 ], [ 70.816288509593079, 22.866866343082854 ], [ 70.816284907696073, 22.866595471937067 ], [ 70.817454113019522, 22.866582116460759 ], [ 70.817450508861654, 22.866311245480958 ], [ 70.817742809476911, 22.866307905314518 ], [ 70.817739204794876, 22.866037034368912 ], [ 70.81803150477657, 22.866033693709912 ], [ 70.818027899570367, 22.865762822798512 ], [ 70.818320198918499, 22.865759481646968 ], [ 70.818316593188143, 22.865488610769773 ], [ 70.818608891902713, 22.865485269125703 ], [ 70.818605285648232, 22.865214398282728 ], [ 70.818897583729225, 22.865211056146141 ], [ 70.818893976950648, 22.864940185337382 ], [ 70.819186274398078, 22.864936842708289 ], [ 70.819182667095404, 22.864665971933771 ], [ 70.819767260668385, 22.864659285154136 ], [ 70.819763652262807, 22.864388414457853 ], [ 70.820055948388358, 22.864385070307335 ], [ 70.820052339458741, 22.864114199645297 ], [ 70.820344634950715, 22.864110855002334 ], [ 70.820341025497072, 22.863839984374554 ], [ 70.820633320355469, 22.863836639239146 ], [ 70.82062971037783, 22.863565768645639 ], [ 70.820922004602664, 22.863562423017811 ], [ 70.820918394101014, 22.863291552458559 ], [ 70.821210687692286, 22.863288206338328 ], [ 70.821207076666667, 22.86301733581336 ], [ 70.821499369624348, 22.863013989200731 ], [ 70.821495758074775, 22.862743118710053 ], [ 70.821788050398908, 22.862739771605039 ], [ 70.821784438325395, 22.862468901148659 ], [ 70.822369021651681, 22.862462205417497 ], [ 70.822365408475505, 22.862191335039469 ], [ 70.823242281317434, 22.862181287551859 ], [ 70.823235051657235, 22.86163954703099 ], [ 70.823527341337382, 22.861636196883826 ], [ 70.823520110739224, 22.861094456412108 ], [ 70.8238123992071, 22.861091105816751 ], [ 70.823808783411621, 22.860820235610351 ], [ 70.82410107124592, 22.86081688452272 ], [ 70.82409745492663, 22.860546014350668 ], [ 70.824682029273205, 22.860539310654531 ], [ 70.824678411851465, 22.860268440560947 ], [ 70.824970698363728, 22.86026508795246 ], [ 70.824967080418219, 22.859994217893245 ], [ 70.825259366296905, 22.85999086479254 ], [ 70.825255747827654, 22.859719994767698 ], [ 70.825548033072764, 22.859716641174789 ], [ 70.825544414079786, 22.859445771184326 ], [ 70.826421267749595, 22.859435707320024 ], [ 70.82641764707563, 22.859164837452255 ], [ 70.827002214756817, 22.859158125616084 ], [ 70.826998592980544, 22.858887255826904 ], [ 70.827583159284615, 22.858880541933811 ], [ 70.827579536406091, 22.858609672223235 ], [ 70.827871818897023, 22.858606314516408 ], [ 70.827868195494872, 22.858335444840268 ], [ 70.828160477352199, 22.858332086641344 ], [ 70.828156853426449, 22.858061216999648 ], [ 70.828449134650185, 22.858057858308626 ], [ 70.828445510200851, 22.857786988701378 ], [ 70.829614632231241, 22.857773548751304 ], [ 70.82961100552258, 22.857502679311192 ], [ 70.829903285314018, 22.857499318027216 ], [ 70.829896030904735, 22.856957579206203 ], [ 70.830188309483972, 22.856954217474446 ], [ 70.830177426547323, 22.856141609302483 ], [ 70.830469703335879, 22.856138247167234 ], [ 70.830466075221935, 22.855867377801317 ], [ 70.8307583513769, 22.855864015174088 ], [ 70.830751094157179, 22.855322276501504 ], [ 70.83016654410622, 22.855329001042687 ], [ 70.830152034955574, 22.854245523226332 ], [ 70.829859762161448, 22.854248884515602 ], [ 70.829845256205516, 22.853165406366116 ], [ 70.829552985670148, 22.853168766942233 ], [ 70.82951673041741, 22.850460070443066 ], [ 70.829808995168904, 22.850456710309334 ], [ 70.829776364942035, 22.848018883023979 ], [ 70.83006862443375, 22.848015522752355 ], [ 70.830054121228699, 22.846932043882166 ], [ 70.83034637835236, 22.846928683251519 ], [ 70.830353631001273, 22.847470422617626 ], [ 70.830645889226361, 22.847467061362469 ], [ 70.830653143252007, 22.848008800601026 ], [ 70.830360883870398, 22.848012161944698 ], [ 70.830364510387554, 22.84828303159361 ], [ 70.830072250372623, 22.848286392445509 ], [ 70.830083128519533, 22.849099001466442 ], [ 70.83037539026931, 22.849095640481785 ], [ 70.830379017006706, 22.849366510091663 ], [ 70.830671279279727, 22.849363148526692 ], [ 70.830674906650472, 22.849634018082551 ], [ 70.831551694874079, 22.849623930038458 ], [ 70.831548065768416, 22.849353060615414 ], [ 70.831840327821126, 22.849349696906202 ], [ 70.831836698192248, 22.849078827517697 ], [ 70.832128959611566, 22.849075463316712 ], [ 70.832114439333907, 22.847991985842249 ], [ 70.831822180227704, 22.847995349866057 ], [ 70.831818550874317, 22.847724480428756 ], [ 70.832403067875092, 22.847717751933715 ], [ 70.832399437420307, 22.847446882575241 ], [ 70.832691695259783, 22.847443517568003 ], [ 70.832684433359091, 22.846901778910414 ], [ 70.83239217667608, 22.846905143829037 ], [ 70.832388546386639, 22.846634274441293 ], [ 70.832680802491424, 22.846630909566972 ], [ 70.832673540921462, 22.846089170850838 ], [ 70.832965795814687, 22.846085805529153 ], [ 70.83295853330884, 22.845544066862612 ], [ 70.833250786990575, 22.84554070109359 ], [ 70.833243523548902, 22.844998962476655 ], [ 70.832951271023504, 22.845002328157033 ], [ 70.832940378008985, 22.844189720025494 ], [ 70.833524879535702, 22.844182988394731 ], [ 70.833517615489129, 22.843641249768876 ], [ 70.833809865013549, 22.843637883238276 ], [ 70.833806232494851, 22.843367013955042 ], [ 70.834098481385993, 22.843363646932868 ] ], [ [ 70.832648127162912, 22.844193085036984 ], [ 70.832651757534478, 22.844463954468235 ], [ 70.832067254520737, 22.844470682972052 ], [ 70.832070883791118, 22.844741552482148 ], [ 70.83177863162345, 22.844744915974449 ], [ 70.831775002931209, 22.844474046420064 ], [ 70.831482751286572, 22.844477409332143 ], [ 70.831468239381067, 22.843393930839895 ], [ 70.832052737990182, 22.843387204834102 ], [ 70.832049108995292, 22.843116335275226 ], [ 70.832341357639095, 22.843112971512774 ], [ 70.832344987212096, 22.843383841027347 ], [ 70.832637236378886, 22.8433804766847 ], [ 70.832640866585109, 22.843651346145222 ], [ 70.83293311627493, 22.84364798122235 ], [ 70.832940378008985, 22.844189720025494 ], [ 70.832648127162912, 22.844193085036984 ] ], [ [ 70.802348326439699, 22.896012638752939 ], [ 70.802933059693686, 22.896006005252897 ], [ 70.802943801506473, 22.896818621670658 ], [ 70.802651433167014, 22.896821938820146 ], [ 70.802658593487251, 22.897363683137076 ], [ 70.802073854325897, 22.89737031599843 ], [ 70.802077433407632, 22.897641188229443 ], [ 70.801785063165639, 22.897644503897684 ], [ 70.80177790621623, 22.897102759338733 ], [ 70.802070275298419, 22.897099443757657 ], [ 70.802063117406306, 22.896557699246845 ], [ 70.802355485274461, 22.896554383215605 ], [ 70.802348326439699, 22.896012638752939 ] ], [ [ 70.830909128870616, 22.845296742580878 ], [ 70.830912755993594, 22.845567612238824 ], [ 70.830620501871081, 22.845570973720154 ], [ 70.830616875326285, 22.845300104017937 ], [ 70.830909128870616, 22.845296742580878 ] ], [ [ 70.830324621726888, 22.845303464919049 ], [ 70.830320995815313, 22.845032595162817 ], [ 70.830613248836542, 22.845029234305969 ], [ 70.830616875326285, 22.845300104017937 ], [ 70.830324621726888, 22.845303464919049 ] ], [ [ 70.831490007569826, 22.845019148519722 ], [ 70.831782260370773, 22.845015785519077 ], [ 70.831789518030718, 22.845557524579075 ], [ 70.831497264073434, 22.845560887668288 ], [ 70.831490007569826, 22.845019148519722 ] ] ], [ [ [ 70.789551672902832, 22.901304639125364 ], [ 70.789844052956227, 22.901301345463541 ], [ 70.789840497530193, 22.901030471534892 ], [ 70.789548118056828, 22.901033765153429 ], [ 70.789551672902832, 22.901304639125364 ] ] ], [ [ [ 70.791619686715109, 22.902906814013722 ], [ 70.7913273035049, 22.902910111160299 ], [ 70.791320186258901, 22.902368363843376 ], [ 70.790735421996956, 22.902374956350734 ], [ 70.790742536922593, 22.90291670384094 ], [ 70.791034920240733, 22.902913407769375 ], [ 70.791038478364555, 22.903184281456536 ], [ 70.790746094466328, 22.903187577571423 ], [ 70.790753209715604, 22.903729325003109 ], [ 70.791922749625684, 22.903716136971877 ], [ 70.791919189653598, 22.903445263434229 ], [ 70.791626805337145, 22.903448561204979 ], [ 70.791619686715109, 22.902906814013722 ] ] ], [ [ [ 70.785618004809578, 22.91354003984123 ], [ 70.785910411728068, 22.913536751760201 ], [ 70.785906862001738, 22.913265877664958 ], [ 70.785614455663705, 22.91326916570279 ], [ 70.785618004809578, 22.91354003984123 ] ] ], [ [ [ 70.789194460632999, 22.918647144294255 ], [ 70.789198017822386, 22.918918017718749 ], [ 70.788905599885666, 22.918921312580906 ], [ 70.788912713264935, 22.919463059487182 ], [ 70.788620294113073, 22.91946635389796 ], [ 70.788623850302926, 22.919737227379734 ], [ 70.788331430516507, 22.919740521295843 ], [ 70.788334986179606, 22.920011394811119 ], [ 70.789212247119067, 22.920001511319146 ], [ 70.789201575065675, 22.919188891133484 ], [ 70.790078830294135, 22.919179003189601 ], [ 70.790071712377738, 22.918637256610126 ], [ 70.789194460632999, 22.918647144294255 ] ] ], [ [ [ 70.766955817168011, 22.940298503513926 ], [ 70.766952300533333, 22.940027627538029 ], [ 70.7663673668835, 22.940034140463627 ], [ 70.766370882355503, 22.940305016525013 ], [ 70.766955817168011, 22.940298503513926 ] ] ], [ [ [ 70.855512638768786, 22.784328065180883 ], [ 70.855804758151692, 22.784324666631015 ], [ 70.855801092702237, 22.784053798699709 ], [ 70.855508973895496, 22.784057197204728 ], [ 70.855512638768786, 22.784328065180883 ] ] ], [ [ [ 70.853910087304939, 22.795454034912222 ], [ 70.85420223065249, 22.795450637731328 ], [ 70.85419856637688, 22.795179769930847 ], [ 70.853906423605864, 22.795183167066931 ], [ 70.853910087304939, 22.795454034912222 ] ] ], [ [ [ 70.836086035291515, 22.839006158592284 ], [ 70.836378274492546, 22.839002787993227 ], [ 70.836371000982098, 22.838461049883858 ], [ 70.836663238971994, 22.838457678837813 ], [ 70.836659601721678, 22.838186809812896 ], [ 70.836951839078395, 22.83818343827549 ], [ 70.836948201305361, 22.837912569285216 ], [ 70.837240438028914, 22.837909197256458 ], [ 70.837233161492719, 22.837367459335475 ], [ 70.837525397005194, 22.837364086859804 ], [ 70.837521758242062, 22.837093217929098 ], [ 70.837813993121372, 22.837089844962112 ], [ 70.837803075429846, 22.836277238244723 ], [ 70.838095308520209, 22.836273864875302 ], [ 70.838091668822358, 22.836002995994431 ], [ 70.838383901279599, 22.835999622133741 ], [ 70.838372980784087, 22.835187015565893 ], [ 70.838665211452494, 22.835183641302841 ], [ 70.838661570820065, 22.834912772471821 ], [ 70.838953800855336, 22.834909397717542 ], [ 70.838946518600665, 22.834367660115149 ], [ 70.839238747425, 22.834364284914113 ], [ 70.839231464235908, 22.833822547361606 ], [ 70.839523691849351, 22.833819171713852 ], [ 70.839516407725881, 22.833277434211247 ], [ 70.839808634128445, 22.833274058116793 ], [ 70.839797706624765, 22.832461451923141 ], [ 70.840089931238737, 22.832458075426494 ], [ 70.840079002499706, 22.83164546927847 ], [ 70.840371225325143, 22.831642092379674 ], [ 70.840363938620314, 22.831100354987843 ], [ 70.840656160234985, 22.831096977642453 ], [ 70.840634297982405, 22.829471765499772 ], [ 70.840926516075669, 22.829468387885811 ], [ 70.840922871982954, 22.829197519205714 ], [ 70.840630654467319, 22.829200896775173 ], [ 70.840623367603186, 22.828659159296713 ], [ 70.840915583963536, 22.828655781816249 ], [ 70.840901008588844, 22.827572306920253 ], [ 70.841193222583428, 22.8275689290823 ], [ 70.841178645783941, 22.826485454208228 ], [ 70.841470857412901, 22.826482076012848 ], [ 70.841452634771244, 22.825127732423311 ], [ 70.841744843457178, 22.825124353915079 ], [ 70.841737553633024, 22.82458261650001 ], [ 70.842029761108606, 22.824579237545407 ], [ 70.842026115702083, 22.824308368867769 ], [ 70.842318322544799, 22.824304989422295 ], [ 70.842314676616169, 22.82403412077943 ], [ 70.841730264030318, 22.824040879045924 ], [ 70.841726619311999, 22.823770010304244 ], [ 70.84114220765963, 22.823776766340153 ], [ 70.841138564151606, 22.823505897499693 ], [ 70.839969742492627, 22.823519402968934 ], [ 70.839966101349759, 22.823248533940749 ], [ 70.842888148062144, 22.823214754651495 ], [ 70.84288450120016, 22.822943886058695 ], [ 70.843176704989432, 22.822940505229802 ], [ 70.843165763003555, 22.822127899526507 ], [ 70.843457965005157, 22.822124518295933 ], [ 70.843439726583156, 22.820770175484814 ], [ 70.843731925642388, 22.820766793941726 ], [ 70.843724629506752, 22.820225056838119 ], [ 70.844016827355873, 22.82022167484887 ], [ 70.844005881836026, 22.819409069254011 ], [ 70.844298077897719, 22.81940568686321 ], [ 70.844287131144796, 22.818593081314294 ], [ 70.843994936815022, 22.818596463571357 ], [ 70.84398764041147, 22.818054726400813 ], [ 70.844279833586654, 22.818051344232909 ], [ 70.844265239135581, 22.816967869953071 ], [ 70.844557429946306, 22.816964487428269 ], [ 70.844546482958322, 22.816151881749725 ], [ 70.844254293879274, 22.816155264140779 ], [ 70.844239700980182, 22.815071789587819 ], [ 70.844531887750435, 22.815068407375104 ], [ 70.844520941926589, 22.814255801491726 ], [ 70.843936571793648, 22.814262565114529 ], [ 70.843929277163497, 22.813720827631858 ], [ 70.844221461103388, 22.813717446177169 ], [ 70.844217813294293, 22.813446577465779 ], [ 70.843633446513365, 22.81345333975089 ], [ 70.843626153369925, 22.812911602120568 ], [ 70.843333971050583, 22.812914982371328 ], [ 70.843297514428286, 22.810206293188969 ], [ 70.843589690976955, 22.810202913383797 ], [ 70.843571461857977, 22.808848568649715 ], [ 70.843863635466235, 22.808845188532345 ], [ 70.843852696928707, 22.808032581708581 ], [ 70.844144868750689, 22.808029201189925 ], [ 70.844141222105364, 22.807758332273742 ], [ 70.844433393294977, 22.807754951264705 ], [ 70.844429746128128, 22.80748408238334 ], [ 70.844721916685387, 22.807480700883922 ], [ 70.844718268997042, 22.807209832037394 ], [ 70.845010438921918, 22.807206450047616 ], [ 70.845006790712077, 22.806935581235926 ], [ 70.845298960004627, 22.806932198755796 ], [ 70.845295311273304, 22.806661329978958 ], [ 70.845587479933471, 22.806657947008496 ], [ 70.845583830680724, 22.806387078266514 ], [ 70.845875998708522, 22.806383694805731 ], [ 70.845872348934321, 22.806112826098605 ], [ 70.846164516329793, 22.806109442147516 ], [ 70.846153565609328, 22.80529683610149 ], [ 70.846445731218694, 22.805293451749368 ], [ 70.846442080512617, 22.805022583092484 ], [ 70.846734245489657, 22.805019198250093 ], [ 70.84672694309026, 22.804477460996331 ], [ 70.847019106858127, 22.804474075708338 ], [ 70.847015455164822, 22.80420320711147 ], [ 70.847307618300377, 22.804199821333242 ], [ 70.847303966085747, 22.803928952771265 ], [ 70.847596128588961, 22.803925566502823 ], [ 70.847588823172615, 22.803383829438928 ], [ 70.847880984466713, 22.803380442724954 ], [ 70.847877331265011, 22.803109574223036 ], [ 70.848169491926797, 22.80310618701888 ], [ 70.848158530924465, 22.802293581588625 ], [ 70.848450689800401, 22.802290193983655 ], [ 70.848443381589632, 22.801748457070737 ], [ 70.848735539256538, 22.801745069020313 ], [ 70.848728230114432, 22.801203332157748 ], [ 70.84902038657232, 22.801199943661896 ], [ 70.849013076498949, 22.800658206849697 ], [ 70.849305231747863, 22.800654817908445 ], [ 70.849297920743297, 22.800113081146637 ], [ 70.849590074783251, 22.800109691760014 ], [ 70.849586418787609, 22.799838823409175 ], [ 70.849878572195337, 22.799835433532504 ], [ 70.849871259217394, 22.799293696890992 ], [ 70.850163411416204, 22.799290306568999 ], [ 70.850156097507266, 22.798748569977903 ], [ 70.850448248497187, 22.798745179210616 ], [ 70.850444591049438, 22.798474310945164 ], [ 70.850736741407118, 22.79847091968788 ], [ 70.850733083438342, 22.798200051457407 ], [ 70.85102523316381, 22.798196659710147 ], [ 70.851017916239812, 22.797654923309402 ], [ 70.851310064756433, 22.797651531116916 ], [ 70.851302746901652, 22.797109794766659 ], [ 70.85159489420947, 22.797106402128971 ], [ 70.851587575423977, 22.796564665829194 ], [ 70.851879721523005, 22.796561272746345 ], [ 70.851872401806872, 22.796019536497074 ], [ 70.852164546697153, 22.796016142969084 ], [ 70.852157226050437, 22.795474406770321 ], [ 70.852449369732, 22.795471012797222 ], [ 70.852445708915567, 22.795200144727986 ], [ 70.852737851964946, 22.795196750265021 ], [ 70.852745174806529, 22.795738486304202 ], [ 70.853037318953326, 22.79573509121705 ], [ 70.853040981034127, 22.796005959177233 ], [ 70.853333125701823, 22.796002563510655 ], [ 70.85332946304446, 22.795731695595258 ], [ 70.853913751059707, 22.795724902747764 ], [ 70.853910087304939, 22.795454034912222 ], [ 70.853033656928162, 22.795464223247119 ], [ 70.853026333044852, 22.794922487278004 ], [ 70.852734190627643, 22.794925882230803 ], [ 70.852726868119987, 22.794384146133119 ], [ 70.853019009384155, 22.79438075126988 ], [ 70.853004362730729, 22.793297279136603 ], [ 70.853296501633338, 22.793293883917912 ], [ 70.853285515498314, 22.79248127984992 ], [ 70.855330474151998, 22.792457499292095 ], [ 70.855326808183307, 22.792186631563641 ], [ 70.853573990105801, 22.792207016233665 ], [ 70.85355201621428, 22.790581808044664 ], [ 70.853844149241368, 22.79057841220483 ], [ 70.853825836314272, 22.789224072003172 ], [ 70.854117966403919, 22.789220675852871 ], [ 70.854092326610328, 22.787324599474672 ], [ 70.854384452610191, 22.787321203103584 ], [ 70.854355148719975, 22.785154258444841 ], [ 70.854647270054286, 22.785150861897883 ], [ 70.854617965118749, 22.782983916973706 ], [ 70.854910081788063, 22.782980520250984 ], [ 70.854888101968882, 22.781355311417329 ], [ 70.85518021512587, 22.78135191442928 ], [ 70.855165560722824, 22.780268441857849 ], [ 70.855457671519886, 22.780265044514884 ], [ 70.855446679574413, 22.779452440118462 ], [ 70.855738788587686, 22.779449042375784 ], [ 70.85572413113637, 22.77836556989012 ], [ 70.856016237789945, 22.778362171792633 ], [ 70.856008908246679, 22.77782043558101 ], [ 70.856301013692573, 22.777817037039039 ], [ 70.856290018067767, 22.777004432783059 ], [ 70.856582121730113, 22.777001033841515 ], [ 70.856574790440391, 22.776459297711842 ], [ 70.856866892895141, 22.776455898325889 ], [ 70.856859560676583, 22.775914162246959 ], [ 70.857151661923766, 22.775910762416625 ], [ 70.857144328776428, 22.775369026388457 ], [ 70.857436428816087, 22.775365626113764 ], [ 70.857429094740041, 22.774823890136371 ], [ 70.857721193572189, 22.774820489417358 ], [ 70.857713858567507, 22.774278753490744 ], [ 70.858005956192173, 22.774275352327429 ], [ 70.857998620258897, 22.773733616451622 ], [ 70.858290716676137, 22.773730214844029 ], [ 70.858287048217349, 22.773459346936406 ], [ 70.858579144002974, 22.773455944839668 ], [ 70.858575475024153, 22.773185076967206 ], [ 70.858867570178177, 22.77318167438133 ], [ 70.858860231236363, 22.772639938696994 ], [ 70.859152325182976, 22.772636535666912 ], [ 70.859148655219983, 22.772365667855048 ], [ 70.859440748535008, 22.772362264335868 ], [ 70.859433407624948, 22.771820528772746 ], [ 70.85972549973259, 22.771817124809413 ], [ 70.859718157894307, 22.771275389297177 ], [ 70.860010248794637, 22.771271984889722 ], [ 70.860006577383487, 22.771001117163916 ], [ 70.860298667652245, 22.77099771226742 ], [ 70.860291323846027, 22.770455976876477 ], [ 70.860583412907474, 22.770452571535909 ], [ 70.860579740512421, 22.770181703870765 ], [ 70.861163917316347, 22.770174891677641 ], [ 70.861156570391003, 22.769633156497985 ], [ 70.861448657557787, 22.769629749690431 ], [ 70.86144130970456, 22.769088014561731 ], [ 70.861733395664089, 22.769084607310194 ], [ 70.861726046883049, 22.768542872232473 ], [ 70.862018131635381, 22.768539464536985 ], [ 70.862014456753059, 22.768268597028488 ], [ 70.862306540873831, 22.768265188844072 ], [ 70.862302865471747, 22.767994321370828 ], [ 70.86288703239434, 22.767987503490261 ], [ 70.862883355896898, 22.76771663609729 ], [ 70.86317543869869, 22.767713226401167 ], [ 70.863171761681571, 22.767442359043461 ], [ 70.863463843851804, 22.767438948858466 ], [ 70.863460166314979, 22.767168081536035 ], [ 70.863752247853682, 22.767164670862179 ], [ 70.863744891796657, 22.766622936278139 ], [ 70.864329052403832, 22.766616113508942 ], [ 70.864332731555564, 22.766886980715753 ], [ 70.864624812350812, 22.766883568485294 ], [ 70.864621132623498, 22.766612701323542 ], [ 70.864913212787187, 22.766609288604272 ], [ 70.86490585234931, 22.766067554341628 ], [ 70.865197931305858, 22.766064141178621 ], [ 70.865194250595309, 22.765793274077744 ], [ 70.865486328920326, 22.765789860425961 ], [ 70.865482647690214, 22.765518993360402 ], [ 70.866066803021155, 22.765512164545463 ], [ 70.866052074056398, 22.764428696546421 ], [ 70.86575999872106, 22.76443211104046 ], [ 70.865756317195405, 22.764161243971238 ], [ 70.865464242379574, 22.76416465788639 ], [ 70.865460561485406, 22.763893790762342 ], [ 70.865168487189095, 22.763897204098615 ], [ 70.86516480692643, 22.763626336919742 ], [ 70.864872733149625, 22.763629749677158 ], [ 70.864869053518404, 22.76335888244347 ], [ 70.864576980261106, 22.763362294622041 ], [ 70.864573301261345, 22.763091427333542 ], [ 70.864281228523566, 22.763094838933277 ], [ 70.864277550155251, 22.762823971589981 ], [ 70.863109260946558, 22.762837612470985 ], [ 70.863112937013014, 22.763108479994411 ], [ 70.862820863995537, 22.763111888925252 ], [ 70.862824539542444, 22.763382756483935 ], [ 70.861948318428205, 22.763392980208774 ], [ 70.86195199230454, 22.763663847892722 ], [ 70.86224406664067, 22.763660440473235 ], [ 70.862251415712009, 22.764202175721902 ], [ 70.861959340224871, 22.76420558323138 ], [ 70.861963014268866, 22.764476450886082 ], [ 70.861670938150326, 22.764479857906739 ], [ 70.861678285254911, 22.765021593276888 ], [ 70.861386207929442, 22.76502499985369 ], [ 70.861389880990018, 22.765295867569119 ], [ 70.861097803033118, 22.765299273657064 ], [ 70.861105148170765, 22.765841009148645 ], [ 70.860813069006895, 22.765844414792682 ], [ 70.860816741083937, 22.766115282568816 ], [ 70.86052466128865, 22.766118687723967 ], [ 70.860532004459117, 22.766660423336926 ], [ 70.860239923456817, 22.766663828048124 ], [ 70.860243594550241, 22.766934695884931 ], [ 70.859951512916496, 22.7669381001072 ], [ 70.859955183490143, 22.767208967979208 ], [ 70.859663101224967, 22.767212371712542 ], [ 70.859670441388502, 22.767754107517206 ], [ 70.85937835791627, 22.767757510806511 ], [ 70.859382027506143, 22.76802837873915 ], [ 70.859089943402452, 22.768031781539488 ], [ 70.859097281598338, 22.768573517465388 ], [ 70.858805196287548, 22.768576919821637 ], [ 70.858812533555323, 22.769118655798398 ], [ 70.858520447037407, 22.76912205771055 ], [ 70.858524115179321, 22.769392925729225 ], [ 70.858232028029931, 22.769396327152343 ], [ 70.858235695651956, 22.769667195206182 ], [ 70.857943607871093, 22.769670596140251 ], [ 70.857950942131055, 22.770212332308486 ], [ 70.857658853143022, 22.770215732798388 ], [ 70.857662519780945, 22.770486600912768 ], [ 70.857370430161453, 22.77049000091359 ], [ 70.857377762453126, 22.771031737202886 ], [ 70.857085671626407, 22.771035136759487 ], [ 70.857093002989629, 22.771576873099566 ], [ 70.856800910955656, 22.771580272211924 ], [ 70.856804576145137, 22.77185114041221 ], [ 70.856512483479676, 22.771854539035424 ], [ 70.856519812874311, 22.772396275496504 ], [ 70.856227719001552, 22.772399673675416 ], [ 70.856231383206676, 22.77267054193619 ], [ 70.855939288702402, 22.772673939625928 ], [ 70.85594661612825, 22.773215676207951 ], [ 70.85565452041665, 22.773219073453348 ], [ 70.855658183637331, 22.773489941774578 ], [ 70.855073990895406, 22.773496734752889 ], [ 70.855077653020146, 22.773767603154045 ], [ 70.854785555989807, 22.773770998886931 ], [ 70.854800202742311, 22.774854472573413 ], [ 70.854508103352899, 22.774857867951511 ], [ 70.85451908727434, 22.775670473248489 ], [ 70.854226986101622, 22.775673868226928 ], [ 70.854234307842503, 22.776215605132471 ], [ 70.853942205462317, 22.776218999666401 ], [ 70.853949526274036, 22.776760736622574 ], [ 70.853657422686354, 22.776764130711967 ], [ 70.853672062673994, 22.777847604686546 ], [ 70.853379956726869, 22.777850998420963 ], [ 70.853390935574055, 22.778663603933932 ], [ 70.853098827843354, 22.77866699726853 ], [ 70.853109805463376, 22.779479602828136 ], [ 70.852817695949014, 22.779482995762869 ], [ 70.852839649235136, 22.781108206887602 ], [ 70.852547536208888, 22.781111599556755 ], [ 70.852584123708894, 22.783820284432572 ], [ 70.852292004865873, 22.783823677015143 ], [ 70.85230298047216, 22.784636282422106 ], [ 70.852010859844995, 22.784639674604627 ], [ 70.852032809102212, 22.786264885423929 ], [ 70.851740684962166, 22.786268277340621 ], [ 70.851755316607651, 22.787351751204199 ], [ 70.851463190106969, 22.787355142765495 ], [ 70.851477820337095, 22.788438616652098 ], [ 70.851185691475649, 22.788442007857931 ], [ 70.851203977632778, 22.789796350220541 ], [ 70.850911845834077, 22.789799741115601 ], [ 70.850930130499307, 22.791154083458167 ], [ 70.850637995763137, 22.791157474042393 ], [ 70.850656278936086, 22.792511816364861 ], [ 70.850364141262247, 22.792515206638182 ], [ 70.850375110103698, 22.793327812048844 ], [ 70.850082970644891, 22.793331201921756 ], [ 70.850097594238989, 22.794414675845005 ], [ 70.849805452418678, 22.794418065362176 ], [ 70.84981276339613, 22.794959802354718 ], [ 70.84952062036723, 22.794963191426689 ], [ 70.849527930413871, 22.79550492846964 ], [ 70.849235786176365, 22.795508317096385 ], [ 70.849243095292138, 22.796050054189735 ], [ 70.848950949845985, 22.796053442371214 ], [ 70.848958258030834, 22.796595179514949 ], [ 70.848666111375977, 22.796598567251149 ], [ 70.848673418629829, 22.797140304445236 ], [ 70.848381270766268, 22.797143691736125 ], [ 70.848384923899914, 22.797414560363229 ], [ 70.84809277540424, 22.797417947164103 ], [ 70.848096428016774, 22.797688815826124 ], [ 70.847804278888987, 22.797692202136972 ], [ 70.847807930980423, 22.797963070833905 ], [ 70.847515781220508, 22.797966456654713 ], [ 70.84752308441665, 22.798508194108649 ], [ 70.847230933447975, 22.798511579484053 ], [ 70.847227282398791, 22.798240710717312 ], [ 70.846642981448241, 22.798247479774687 ], [ 70.846646631344157, 22.798518348630708 ], [ 70.846354480209015, 22.798521732401955 ], [ 70.846358129583777, 22.798792601292856 ], [ 70.845481674115675, 22.798802749532122 ], [ 70.845496265249309, 22.799886225533609 ], [ 70.845204111009039, 22.799889607388977 ], [ 70.845207758354363, 22.800160476409577 ], [ 70.844915603481965, 22.800163857774791 ], [ 70.844922897185498, 22.800705595875918 ], [ 70.844630741104282, 22.800708976795541 ], [ 70.844634387462477, 22.800979845876086 ], [ 70.844342230749106, 22.800983226305505 ], [ 70.84434587658599, 22.80125409542087 ], [ 70.844053719240478, 22.801257475360078 ], [ 70.844057364556022, 22.801528344510267 ], [ 70.843765206578396, 22.801531723959258 ], [ 70.843768851372587, 22.801802593144259 ], [ 70.843184534097659, 22.801809350526941 ], [ 70.843188177793735, 22.802080219791318 ], [ 70.842896018496447, 22.802083597724987 ], [ 70.84289966167114, 22.802354467024159 ], [ 70.842607501741725, 22.802357844467554 ], [ 70.842611144395008, 22.802628713801521 ], [ 70.842318983833451, 22.802632090754628 ], [ 70.842322625965309, 22.802902960123376 ], [ 70.842030464771611, 22.802906336586172 ], [ 70.842034106382044, 22.803177205989687 ], [ 70.841741944556219, 22.80318058196217 ], [ 70.841745585645171, 22.803451451400466 ], [ 70.841453423187204, 22.803454826882614 ], [ 70.841457063754689, 22.80372569635567 ], [ 70.84116490066458, 22.803729071347469 ], [ 70.841168540710569, 22.803999940855281 ], [ 70.840876376988334, 22.80400331535672 ], [ 70.840880016512813, 22.804274184899288 ], [ 70.840587852158436, 22.804277558910339 ], [ 70.840591491161391, 22.804548428487649 ], [ 70.840299326174858, 22.804551802008312 ], [ 70.84030296465626, 22.804822671620357 ], [ 70.8400107990376, 22.804826044650614 ], [ 70.840018075012551, 22.805367783934418 ], [ 70.839725908184874, 22.805371156518721 ], [ 70.839733183227224, 22.805912895852479 ], [ 70.839441015190502, 22.805916267990813 ], [ 70.839444652217708, 22.80618713768753 ], [ 70.83915248354883, 22.806190509335394 ], [ 70.839174303411113, 22.807815727577754 ], [ 70.839466475541528, 22.807812355663145 ], [ 70.839481025529523, 22.808895834118577 ], [ 70.839773199912557, 22.80889246149113 ], [ 70.839784114714931, 22.80970507009695 ], [ 70.840076290773666, 22.809701696801085 ], [ 70.840094486101819, 22.811056044060088 ], [ 70.840386664990433, 22.811052670006799 ], [ 70.840404864586347, 22.812407016799643 ], [ 70.840697046305038, 22.812403641988858 ], [ 70.840707968457608, 22.813216249814083 ], [ 70.841000151852313, 22.81321287433472 ], [ 70.841003793257599, 22.813483743545799 ], [ 70.841295977174099, 22.813480367486815 ], [ 70.841306903453344, 22.81429297492803 ], [ 70.841599089045957, 22.814289598200403 ], [ 70.841610017554743, 22.815102205420313 ], [ 70.841902204823526, 22.815098828023988 ], [ 70.841931354566668, 22.817265779825149 ], [ 70.842223546397832, 22.817262401537448 ], [ 70.842227190942097, 22.817533270424182 ], [ 70.841934998533674, 22.817536648756402 ], [ 70.841949574955294, 22.818620124383894 ], [ 70.841657380182397, 22.818623502358989 ], [ 70.8416610238489, 22.818894371285992 ], [ 70.840200046267739, 22.818911253355196 ], [ 70.840203687103042, 22.819182122494965 ], [ 70.839619294528717, 22.819188871664792 ], [ 70.839622934264668, 22.819459740883744 ], [ 70.839330737317241, 22.819463114710235 ], [ 70.839338015800379, 22.820004853207827 ], [ 70.839045817642983, 22.820008226587948 ], [ 70.83905673405026, 22.820820834394581 ], [ 70.838764534105522, 22.82082420737278 ], [ 70.838775449278117, 22.821636815224988 ], [ 70.838483247545938, 22.821640187801211 ], [ 70.838494161483752, 22.822452795698986 ], [ 70.838201957964088, 22.822456167873195 ], [ 70.838205595476452, 22.822727037197385 ], [ 70.83849779957356, 22.822723664978735 ], [ 70.83850143771862, 22.822994534248739 ], [ 70.839085846901909, 22.822987788116457 ], [ 70.839089486257123, 22.823258657287806 ], [ 70.83821287066695, 22.823268775816512 ], [ 70.838238335574275, 22.825164860676225 ], [ 70.837946126224637, 22.825168232759413 ], [ 70.837957038852664, 22.825980840543437 ], [ 70.83824924993489, 22.825977468326943 ], [ 70.838252888165613, 22.826248337524341 ], [ 70.83796067650583, 22.826251709785268 ], [ 70.837967951977944, 22.82679344823967 ], [ 70.838260164792828, 22.826790075889875 ], [ 70.838267441641108, 22.827331814216397 ], [ 70.83797522767108, 22.827335186655059 ], [ 70.838004332653824, 22.829502139926429 ], [ 70.83829655124481, 22.829498767132275 ], [ 70.838311107373073, 22.830582243356094 ], [ 70.838018886471389, 22.830585616328001 ], [ 70.838029802414795, 22.83139822352674 ], [ 70.837737579724731, 22.831401596096377 ], [ 70.837748494432304, 22.832214203340619 ], [ 70.837456269953805, 22.832217575507933 ], [ 70.837459907722419, 22.832488444614256 ], [ 70.837167682610925, 22.832491816290389 ], [ 70.837178594514981, 22.833304423684073 ], [ 70.836886367614937, 22.833307794957825 ], [ 70.836890004448975, 22.833578664113951 ], [ 70.836597776915937, 22.833582034896466 ], [ 70.836605049594112, 22.834123773268274 ], [ 70.836312820850239, 22.834127143603936 ], [ 70.836316456694348, 22.834398012819602 ], [ 70.836024227317466, 22.834401382664002 ], [ 70.836027862638971, 22.834672251914295 ], [ 70.835735632629053, 22.834675621267408 ], [ 70.83573926742794, 22.83494649055234 ], [ 70.835154806086862, 22.834953227740289 ], [ 70.83515843978526, 22.835224097104206 ], [ 70.834866208454102, 22.835227464939027 ], [ 70.834873474860743, 22.835769203726322 ], [ 70.834581242318706, 22.835772571114166 ], [ 70.834588507790315, 22.836314309951153 ], [ 70.834296274037371, 22.836317676891987 ], [ 70.834303538573849, 22.836859415778655 ], [ 70.833719068590938, 22.836866148230524 ], [ 70.833722699786108, 22.837137017747899 ], [ 70.833430464134025, 22.837140383214567 ], [ 70.833434094806435, 22.837411252766522 ], [ 70.833141858521316, 22.837414617741768 ], [ 70.833149118875653, 22.837956356905053 ], [ 70.832856881379556, 22.837959721433183 ], [ 70.832864140798506, 22.838501460646071 ], [ 70.833448618047342, 22.838494730876782 ], [ 70.833452248995414, 22.838765600379961 ], [ 70.833744488115101, 22.838762234647323 ], [ 70.833748119696267, 22.839033104096412 ], [ 70.834332598926125, 22.839026370935109 ], [ 70.83432896618902, 22.838755501574699 ], [ 70.835205682886169, 22.838745397947406 ], [ 70.835216586464682, 22.839558005600143 ], [ 70.835801067454696, 22.839551266903452 ], [ 70.835797431717381, 22.839280397784385 ], [ 70.836089671551591, 22.839277027676722 ], [ 70.836086035291515, 22.839006158592284 ] ] ], [ [ [ 70.845357347246591, 22.811266097858944 ], [ 70.845353697628099, 22.810995229238138 ], [ 70.845061519680854, 22.810998612387277 ], [ 70.8450651687223, 22.811269481052673 ], [ 70.845357347246591, 22.811266097858944 ] ] ], [ [ [ 70.845083414761262, 22.812623824233395 ], [ 70.845068817819197, 22.811540349708324 ], [ 70.84477663866241, 22.8115437324116 ], [ 70.844783935868392, 22.812085469782829 ], [ 70.844491755502006, 22.812088852040219 ], [ 70.84450999660163, 22.813443195520559 ], [ 70.844802179853545, 22.813439813040233 ], [ 70.844798530945639, 22.813168944408257 ], [ 70.845382896128882, 22.813162177931464 ], [ 70.845375596170939, 22.812620440816655 ], [ 70.845083414761262, 22.812623824233395 ] ] ], [ [ [ 70.802632487289543, 22.873252709912485 ], [ 70.802636063280247, 22.873523582880768 ], [ 70.802928381727966, 22.873520268943835 ], [ 70.802931958352048, 22.873791141858764 ], [ 70.803808915107027, 22.873781196696804 ], [ 70.80380533674554, 22.873510323912701 ], [ 70.803513018460634, 22.873513639459802 ], [ 70.803509440732583, 22.873242766622329 ], [ 70.802632487289543, 22.873252709912485 ] ] ], [ [ [ 70.803808915107027, 22.873781196696804 ], [ 70.803812493522784, 22.874052069471151 ], [ 70.804104812911675, 22.874048753300087 ], [ 70.804101233916768, 22.87377788056936 ], [ 70.803808915107027, 22.873781196696804 ] ] ], [ [ [ 70.804397132246265, 22.874045436592283 ], [ 70.804104812911675, 22.874048753300087 ], [ 70.804111971064387, 22.874590498732292 ], [ 70.804404291557276, 22.874587181937226 ], [ 70.804407871294245, 22.874858054595069 ], [ 70.804700192311984, 22.874854737219614 ], [ 70.804693031734033, 22.874312991981451 ], [ 70.804400711874607, 22.874316309269631 ], [ 70.804397132246265, 22.874045436592283 ] ] ], [ [ [ 70.8061203952374, 22.89380250888259 ], [ 70.806116808798521, 22.893531637125854 ], [ 70.805239726284015, 22.893541603121918 ], [ 70.805243310983556, 22.893812475009668 ], [ 70.8061203952374, 22.89380250888259 ] ] ], [ [ [ 70.804950949456867, 22.893815795977527 ], [ 70.804954533631005, 22.894086667899188 ], [ 70.805246895737469, 22.894083346887665 ], [ 70.805243310983556, 22.893812475009668 ], [ 70.804950949456867, 22.893815795977527 ] ] ] ] } }
]
}
